{
    "epoch": 7,
    "train_metrics": "{\n    \"Angioectasia\": {\n        \"precision\": 0.913623034954071,\n        \"recall\": 0.9095010757446289,\n        \"f1-score\": 0.9115573763847351,\n        \"specificity\": 0.9904252290725708\n    },\n    \"Bleeding\": {\n        \"precision\": 0.9369034767150879,\n        \"recall\": 0.9492344856262207,\n        \"f1-score\": 0.9430286884307861,\n        \"specificity\": 0.9929760098457336\n    },\n    \"Erosion\": {\n        \"precision\": 0.7968202829360962,\n        \"recall\": 0.7946788668632507,\n        \"f1-score\": 0.7957481145858765,\n        \"specificity\": 0.9777489304542542\n    },\n    \"Erythema\": {\n        \"precision\": 0.875403642654419,\n        \"recall\": 0.8827679753303528,\n        \"f1-score\": 0.8790704011917114,\n        \"specificity\": 0.9863510131835938\n    },\n    \"Foreign Body\": {\n        \"precision\": 0.9611650705337524,\n        \"recall\": 0.9581480622291565,\n        \"f1-score\": 0.9596541523933411,\n        \"specificity\": 0.9956192374229431\n    },\n    \"Lymphangiectasia\": {\n        \"precision\": 0.9647887349128723,\n        \"recall\": 0.958290159702301,\n        \"f1-score\": 0.961528480052948,\n        \"specificity\": 0.9959996342658997\n    },\n    \"Normal\": {\n        \"precision\": 0.913713812828064,\n        \"recall\": 0.8955461382865906,\n        \"f1-score\": 0.9045387506484985,\n        \"specificity\": 0.990571916103363\n    },\n    \"Polyp\": {\n        \"precision\": 0.8865734338760376,\n        \"recall\": 0.9020397067070007,\n        \"f1-score\": 0.8942397236824036,\n        \"specificity\": 0.9873085021972656\n    },\n    \"Ulcer\": {\n        \"precision\": 0.9879968166351318,\n        \"recall\": 0.986943781375885,\n        \"f1-score\": 0.9874700307846069,\n        \"specificity\": 0.998670756816864\n    },\n    \"Worms\": {\n        \"precision\": 0.9970861077308655,\n        \"recall\": 0.9968220591545105,\n        \"f1-score\": 0.9969540238380432,\n        \"specificity\": 0.9996748566627502\n    },\n    \"macro avg\": {\n        \"precision\": 0.9234074950218201,\n        \"recall\": 0.9233972430229187,\n        \"f1-score\": 0.9233789443969727,\n        \"specificity\": 0.9915346503257751\n    },\n    \"accuracy\": 0.923764169216156,\n    \"auc_roc_scores\": {\n        \"Angioectasia\": 0.9956791400909424,\n        \"Bleeding\": 0.9984124302864075,\n        \"Erosion\": 0.981208086013794,\n        \"Erythema\": 0.9943027496337891,\n        \"Foreign Body\": 0.9988397359848022,\n        \"Lymphangiectasia\": 0.9987742304801941,\n        \"Normal\": 0.9923243522644043,\n        \"Polyp\": 0.9950119256973267,\n        \"Ulcer\": 0.9998738765716553,\n        \"Worms\": 0.999994695186615\n    },\n    \"mean_auc\": 0.9954420924186707,\n    \"average_precision_scores\": {\n        \"Angioectasia\": 0.9719768762588501,\n        \"Bleeding\": 0.9867001175880432,\n        \"Erosion\": 0.8791584372520447,\n        \"Erythema\": 0.9514765739440918,\n        \"Foreign Body\": 0.992341160774231,\n        \"Lymphangiectasia\": 0.9919900894165039,\n        \"Normal\": 0.960952877998352,\n        \"Polyp\": 0.9608617424964905,\n        \"Ulcer\": 0.9988656044006348,\n        \"Worms\": 0.9999546408653259\n    },\n    \"mean_average_precision\": 0.9694278836250305,\n    \"mean_f1_score\": 0.9233789443969727,\n    \"mean_specificity\": 0.9915346503257751,\n    \"mean_sensitivity\": 0.9233972430229187,\n    \"balanced_accuracy\": 0.9233972430229187\n}",
    "test_metrics": "{\n    \"Angioectasia\": {\n        \"precision\": 0.47441861033439636,\n        \"recall\": 0.8209255337715149,\n        \"f1-score\": 0.6013264656066895,\n        \"specificity\": 0.9710904955863953\n    },\n    \"Bleeding\": {\n        \"precision\": 0.6652977466583252,\n        \"recall\": 0.902506947517395,\n        \"f1-score\": 0.7659574747085571,\n        \"specificity\": 0.9896658658981323\n    },\n    \"Erosion\": {\n        \"precision\": 0.5536764860153198,\n        \"recall\": 0.6519480347633362,\n        \"f1-score\": 0.598807156085968,\n        \"specificity\": 0.9594711661338806\n    },\n    \"Erythema\": {\n        \"precision\": 0.3474426865577698,\n        \"recall\": 0.6632996797561646,\n        \"f1-score\": 0.45601850748062134,\n        \"specificity\": 0.9766340255737305\n    },\n    \"Foreign Body\": {\n        \"precision\": 0.6951501369476318,\n        \"recall\": 0.8852941393852234,\n        \"f1-score\": 0.7787839770317078,\n        \"specificity\": 0.9916413426399231\n    },\n    \"Lymphangiectasia\": {\n        \"precision\": 0.5909980535507202,\n        \"recall\": 0.8804664611816406,\n        \"f1-score\": 0.7072599530220032,\n        \"specificity\": 0.9867629408836365\n    },\n    \"Normal\": {\n        \"precision\": 0.9925945997238159,\n        \"recall\": 0.8836168050765991,\n        \"f1-score\": 0.9349408149719238,\n        \"specificity\": 0.9789336919784546\n    },\n    \"Polyp\": {\n        \"precision\": 0.554649293422699,\n        \"recall\": 0.6800000071525574,\n        \"f1-score\": 0.610961377620697,\n        \"specificity\": 0.9825358390808105\n    },\n    \"Ulcer\": {\n        \"precision\": 0.9347078800201416,\n        \"recall\": 0.9510489702224731,\n        \"f1-score\": 0.9428076148033142,\n        \"specificity\": 0.9988009333610535\n    },\n    \"Worms\": {\n        \"precision\": 0.9166666865348816,\n        \"recall\": 0.970588207244873,\n        \"f1-score\": 0.9428571462631226,\n        \"specificity\": 0.9996265172958374\n    },\n    \"macro avg\": {\n        \"precision\": 0.6725602149963379,\n        \"recall\": 0.8289694786071777,\n        \"f1-score\": 0.7339720726013184,\n        \"specificity\": 0.9835163354873657\n    },\n    \"accuracy\": 0.8566823601722717,\n    \"auc_roc_scores\": {\n        \"Angioectasia\": 0.9689929485321045,\n        \"Bleeding\": 0.9896588921546936,\n        \"Erosion\": 0.9495924115180969,\n        \"Erythema\": 0.9544262886047363,\n        \"Foreign Body\": 0.9876026511192322,\n        \"Lymphangiectasia\": 0.986873984336853,\n        \"Normal\": 0.9848567247390747,\n        \"Polyp\": 0.9687349796295166,\n        \"Ulcer\": 0.9996074438095093,\n        \"Worms\": 0.9999569654464722\n    },\n    \"mean_auc\": 0.9790303111076355,\n    \"average_precision_scores\": {\n        \"Angioectasia\": 0.7690650224685669,\n        \"Bleeding\": 0.8724607825279236,\n        \"Erosion\": 0.6791694164276123,\n        \"Erythema\": 0.47571372985839844,\n        \"Foreign Body\": 0.9161912202835083,\n        \"Lymphangiectasia\": 0.8657957315444946,\n        \"Normal\": 0.9953370094299316,\n        \"Polyp\": 0.665935218334198,\n        \"Ulcer\": 0.9841631650924683,\n        \"Worms\": 0.9923504590988159\n    },\n    \"mean_average_precision\": 0.8216181993484497,\n    \"mean_f1_score\": 0.7339720726013184,\n    \"mean_specificity\": 0.9835163354873657,\n    \"mean_sensitivity\": 0.8289694786071777,\n    \"balanced_accuracy\": 0.8289694786071777\n}"
}