{
    "epoch": 13,
    "train_metrics": "{\n    \"Angioectasia\": {\n        \"precision\": 0.9602487683296204,\n        \"recall\": 0.954313337802887,\n        \"f1-score\": 0.9572718739509583,\n        \"specificity\": 0.9956619143486023\n    },\n    \"Bleeding\": {\n        \"precision\": 0.9563597440719604,\n        \"recall\": 0.9645732641220093,\n        \"f1-score\": 0.9604489803314209,\n        \"specificity\": 0.9951595067977905\n    },\n    \"Erosion\": {\n        \"precision\": 0.8889787197113037,\n        \"recall\": 0.8790301084518433,\n        \"f1-score\": 0.883976399898529,\n        \"specificity\": 0.9878301024436951\n    },\n    \"Erythema\": {\n        \"precision\": 0.9293035268783569,\n        \"recall\": 0.9394261240959167,\n        \"f1-score\": 0.9343374371528625,\n        \"specificity\": 0.9920515418052673\n    },\n    \"Foreign Body\": {\n        \"precision\": 0.9707853198051453,\n        \"recall\": 0.9757543206214905,\n        \"f1-score\": 0.9732634425163269,\n        \"specificity\": 0.9967842102050781\n    },\n    \"Lymphangiectasia\": {\n        \"precision\": 0.9773074984550476,\n        \"recall\": 0.9768093824386597,\n        \"f1-score\": 0.9770583510398865,\n        \"specificity\": 0.9973577260971069\n    },\n    \"Normal\": {\n        \"precision\": 0.9570518136024475,\n        \"recall\": 0.937313437461853,\n        \"f1-score\": 0.9470797777175903,\n        \"specificity\": 0.9954307079315186\n    },\n    \"Polyp\": {\n        \"precision\": 0.9426784515380859,\n        \"recall\": 0.9541139006614685,\n        \"f1-score\": 0.9483617544174194,\n        \"specificity\": 0.9934940338134766\n    },\n    \"Ulcer\": {\n        \"precision\": 0.9948280453681946,\n        \"recall\": 0.9961159825325012,\n        \"f1-score\": 0.9954715967178345,\n        \"specificity\": 0.9994072914123535\n    },\n    \"Worms\": {\n        \"precision\": 0.9986368417739868,\n        \"recall\": 0.9986368417739868,\n        \"f1-score\": 0.9986368417739868,\n        \"specificity\": 0.9998526573181152\n    },\n    \"macro avg\": {\n        \"precision\": 0.9576178789138794,\n        \"recall\": 0.957608699798584,\n        \"f1-score\": 0.9575906991958618,\n        \"specificity\": 0.9953029751777649\n    },\n    \"accuracy\": 0.9577206373214722,\n    \"auc_roc_scores\": {\n        \"Angioectasia\": 0.999097466468811,\n        \"Bleeding\": 0.9994320273399353,\n        \"Erosion\": 0.9934512376785278,\n        \"Erythema\": 0.9983281493186951,\n        \"Foreign Body\": 0.9996961355209351,\n        \"Lymphangiectasia\": 0.999687671661377,\n        \"Normal\": 0.9974284172058105,\n        \"Polyp\": 0.9988822937011719,\n        \"Ulcer\": 0.999984622001648,\n        \"Worms\": 0.9999992847442627\n    },\n    \"mean_auc\": 0.9985986948013306,\n    \"average_precision_scores\": {\n        \"Angioectasia\": 0.9926957488059998,\n        \"Bleeding\": 0.9948160648345947,\n        \"Erosion\": 0.9547685384750366,\n        \"Erythema\": 0.9848551750183105,\n        \"Foreign Body\": 0.9974149465560913,\n        \"Lymphangiectasia\": 0.9978583455085754,\n        \"Normal\": 0.9851151704788208,\n        \"Polyp\": 0.9906846880912781,\n        \"Ulcer\": 0.9998708963394165,\n        \"Worms\": 0.9999936819076538\n    },\n    \"mean_average_precision\": 0.9898073077201843,\n    \"mean_f1_score\": 0.9575906991958618,\n    \"mean_specificity\": 0.9953029751777649,\n    \"mean_sensitivity\": 0.957608699798584,\n    \"balanced_accuracy\": 0.957608699798584\n}",
    "test_metrics": "{\n    \"Angioectasia\": {\n        \"precision\": 0.6297468543052673,\n        \"recall\": 0.800804853439331,\n        \"f1-score\": 0.7050487399101257,\n        \"specificity\": 0.9850335717201233\n    },\n    \"Bleeding\": {\n        \"precision\": 0.7334905862808228,\n        \"recall\": 0.8662952780723572,\n        \"f1-score\": 0.7943806052207947,\n        \"specificity\": 0.9928358793258667\n    },\n    \"Erosion\": {\n        \"precision\": 0.6271312236785889,\n        \"recall\": 0.732467532157898,\n        \"f1-score\": 0.6757188439369202,\n        \"specificity\": 0.9664151668548584\n    },\n    \"Erythema\": {\n        \"precision\": 0.533923327922821,\n        \"recall\": 0.6094276309013367,\n        \"f1-score\": 0.5691823959350586,\n        \"specificity\": 0.9900221228599548\n    },\n    \"Foreign Body\": {\n        \"precision\": 0.7942708134651184,\n        \"recall\": 0.8970588445663452,\n        \"f1-score\": 0.8425414562225342,\n        \"specificity\": 0.9949974417686462\n    },\n    \"Lymphangiectasia\": {\n        \"precision\": 0.746835470199585,\n        \"recall\": 0.8600583076477051,\n        \"f1-score\": 0.7994579672813416,\n        \"specificity\": 0.9936664700508118\n    },\n    \"Normal\": {\n        \"precision\": 0.9882059097290039,\n        \"recall\": 0.9342394471168518,\n        \"f1-score\": 0.9604651927947998,\n        \"specificity\": 0.9643692970275879\n    },\n    \"Polyp\": {\n        \"precision\": 0.585173487663269,\n        \"recall\": 0.7419999837875366,\n        \"f1-score\": 0.654321014881134,\n        \"specificity\": 0.98317551612854\n    },\n    \"Ulcer\": {\n        \"precision\": 0.9518900513648987,\n        \"recall\": 0.9685314893722534,\n        \"f1-score\": 0.9601386189460754,\n        \"specificity\": 0.9991164803504944\n    },\n    \"Worms\": {\n        \"precision\": 0.970588207244873,\n        \"recall\": 0.970588207244873,\n        \"f1-score\": 0.970588207244873,\n        \"specificity\": 0.9998754858970642\n    },\n    \"macro avg\": {\n        \"precision\": 0.7561256289482117,\n        \"recall\": 0.8381471633911133,\n        \"f1-score\": 0.7931842803955078,\n        \"specificity\": 0.9869508147239685\n    },\n    \"accuracy\": 0.9006322622299194,\n    \"auc_roc_scores\": {\n        \"Angioectasia\": 0.9732164740562439,\n        \"Bleeding\": 0.9926667213439941,\n        \"Erosion\": 0.9611053466796875,\n        \"Erythema\": 0.9663618803024292,\n        \"Foreign Body\": 0.9842002391815186,\n        \"Lymphangiectasia\": 0.9887675046920776,\n        \"Normal\": 0.9896771311759949,\n        \"Polyp\": 0.9744260311126709,\n        \"Ulcer\": 0.9993058443069458,\n        \"Worms\": 0.9999231100082397\n    },\n    \"mean_auc\": 0.9829651117324829,\n    \"average_precision_scores\": {\n        \"Angioectasia\": 0.8137903213500977,\n        \"Bleeding\": 0.8867136836051941,\n        \"Erosion\": 0.7590004205703735,\n        \"Erythema\": 0.5908563137054443,\n        \"Foreign Body\": 0.9217218160629272,\n        \"Lymphangiectasia\": 0.887602686882019,\n        \"Normal\": 0.9967880845069885,\n        \"Polyp\": 0.7226623892784119,\n        \"Ulcer\": 0.9881356358528137,\n        \"Worms\": 0.9903351664543152\n    },\n    \"mean_average_precision\": 0.8557606935501099,\n    \"mean_f1_score\": 0.7931842803955078,\n    \"mean_specificity\": 0.9869508147239685,\n    \"mean_sensitivity\": 0.8381471633911133,\n    \"balanced_accuracy\": 0.8381471633911133\n}"
}