{
    "epoch": 3,
    "train_metrics": "{\n    \"Angioectasia\": {\n        \"precision\": 0.8518518805503845,\n        \"recall\": 0.8288288116455078,\n        \"f1-score\": 0.8401826620101929,\n        \"specificity\": 0.9839210510253906\n    },\n    \"Bleeding\": {\n        \"precision\": 0.8906934857368469,\n        \"recall\": 0.8997395634651184,\n        \"f1-score\": 0.8951936960220337,\n        \"specificity\": 0.9874433875083923\n    },\n    \"Erosion\": {\n        \"precision\": 0.6603822708129883,\n        \"recall\": 0.667725682258606,\n        \"f1-score\": 0.6640337109565735,\n        \"specificity\": 0.9616612195968628\n    },\n    \"Erythema\": {\n        \"precision\": 0.7587742209434509,\n        \"recall\": 0.7694554924964905,\n        \"f1-score\": 0.7640775442123413,\n        \"specificity\": 0.9727852940559387\n    },\n    \"Foreign Body\": {\n        \"precision\": 0.926006555557251,\n        \"recall\": 0.9219934940338135,\n        \"f1-score\": 0.9239956736564636,\n        \"specificity\": 0.9919799566268921\n    },\n    \"Lymphangiectasia\": {\n        \"precision\": 0.9337676167488098,\n        \"recall\": 0.9178228378295898,\n        \"f1-score\": 0.925726592540741,\n        \"specificity\": 0.992793619632721\n    },\n    \"Normal\": {\n        \"precision\": 0.8670473098754883,\n        \"recall\": 0.8452160358428955,\n        \"f1-score\": 0.8559924960136414,\n        \"specificity\": 0.9855470657348633\n    },\n    \"Polyp\": {\n        \"precision\": 0.7891520261764526,\n        \"recall\": 0.8194077014923096,\n        \"f1-score\": 0.8039953112602234,\n        \"specificity\": 0.9755210876464844\n    },\n    \"Ulcer\": {\n        \"precision\": 0.9779874086380005,\n        \"recall\": 0.977475106716156,\n        \"f1-score\": 0.9777312278747559,\n        \"specificity\": 0.997514009475708\n    },\n    \"Worms\": {\n        \"precision\": 0.9887300729751587,\n        \"recall\": 0.9887300729751587,\n        \"f1-score\": 0.9887300729751587,\n        \"specificity\": 0.9987930059432983\n    },\n    \"macro avg\": {\n        \"precision\": 0.8644393086433411,\n        \"recall\": 0.8636395335197449,\n        \"f1-score\": 0.8639659285545349,\n        \"specificity\": 0.9847959876060486\n    },\n    \"accuracy\": 0.8632169365882874,\n    \"auc_roc_scores\": {\n        \"Angioectasia\": 0.9852133393287659,\n        \"Bleeding\": 0.9944461584091187,\n        \"Erosion\": 0.9522435665130615,\n        \"Erythema\": 0.9782182574272156,\n        \"Foreign Body\": 0.9962801337242126,\n        \"Lymphangiectasia\": 0.9954830408096313,\n        \"Normal\": 0.9844042658805847,\n        \"Polyp\": 0.983908474445343,\n        \"Ulcer\": 0.9997186660766602,\n        \"Worms\": 0.9999358057975769\n    },\n    \"mean_auc\": 0.9869852066040039,\n    \"average_precision_scores\": {\n        \"Angioectasia\": 0.9233253002166748,\n        \"Bleeding\": 0.9603405594825745,\n        \"Erosion\": 0.7414453625679016,\n        \"Erythema\": 0.8473555445671082,\n        \"Foreign Body\": 0.9785194396972656,\n        \"Lymphangiectasia\": 0.9745275974273682,\n        \"Normal\": 0.9238129258155823,\n        \"Polyp\": 0.885299801826477,\n        \"Ulcer\": 0.9976080656051636,\n        \"Worms\": 0.9993826150894165\n    },\n    \"mean_average_precision\": 0.9231616854667664,\n    \"mean_f1_score\": 0.8639659285545349,\n    \"mean_specificity\": 0.9847959876060486,\n    \"mean_sensitivity\": 0.8636395335197449,\n    \"balanced_accuracy\": 0.8636395335197449\n}",
    "test_metrics": "{\n    \"Angioectasia\": {\n        \"precision\": 0.47654321789741516,\n        \"recall\": 0.7766599655151367,\n        \"f1-score\": 0.5906656384468079,\n        \"specificity\": 0.9728813767433167\n    },\n    \"Bleeding\": {\n        \"precision\": 0.6410788297653198,\n        \"recall\": 0.8607242107391357,\n        \"f1-score\": 0.7348394989967346,\n        \"specificity\": 0.9890319108963013\n    },\n    \"Erosion\": {\n        \"precision\": 0.4569266736507416,\n        \"recall\": 0.6796537041664124,\n        \"f1-score\": 0.546467125415802,\n        \"specificity\": 0.9377045035362244\n    },\n    \"Erythema\": {\n        \"precision\": 0.3484252095222473,\n        \"recall\": 0.5959596037864685,\n        \"f1-score\": 0.4397515654563904,\n        \"specificity\": 0.9790969491004944\n    },\n    \"Foreign Body\": {\n        \"precision\": 0.6289308071136475,\n        \"recall\": 0.8823529481887817,\n        \"f1-score\": 0.7343941330909729,\n        \"specificity\": 0.9887917637825012\n    },\n    \"Lymphangiectasia\": {\n        \"precision\": 0.6585366129875183,\n        \"recall\": 0.8658891916275024,\n        \"f1-score\": 0.748110830783844,\n        \"specificity\": 0.9902463555335999\n    },\n    \"Normal\": {\n        \"precision\": 0.9945553541183472,\n        \"recall\": 0.8473997116088867,\n        \"f1-score\": 0.9150993227958679,\n        \"specificity\": 0.9851755499839783\n    },\n    \"Polyp\": {\n        \"precision\": 0.5088235139846802,\n        \"recall\": 0.6919999718666077,\n        \"f1-score\": 0.5864406824111938,\n        \"specificity\": 0.9786335825920105\n    },\n    \"Ulcer\": {\n        \"precision\": 0.6821516156196594,\n        \"recall\": 0.9755244851112366,\n        \"f1-score\": 0.8028777241706848,\n        \"specificity\": 0.9917960166931152\n    },\n    \"Worms\": {\n        \"precision\": 0.53125,\n        \"recall\": 1.0,\n        \"f1-score\": 0.6938775777816772,\n        \"specificity\": 0.9962649345397949\n    },\n    \"macro avg\": {\n        \"precision\": 0.5927221775054932,\n        \"recall\": 0.8176164031028748,\n        \"f1-score\": 0.6792524456977844,\n        \"specificity\": 0.9809622764587402\n    },\n    \"accuracy\": 0.828105628490448,\n    \"auc_roc_scores\": {\n        \"Angioectasia\": 0.9652658700942993,\n        \"Bleeding\": 0.9874769449234009,\n        \"Erosion\": 0.935256838798523,\n        \"Erythema\": 0.9597339630126953,\n        \"Foreign Body\": 0.9841557741165161,\n        \"Lymphangiectasia\": 0.9803764224052429,\n        \"Normal\": 0.9810448884963989,\n        \"Polyp\": 0.9721978902816772,\n        \"Ulcer\": 0.9972952008247375,\n        \"Worms\": 0.9999075531959534\n    },\n    \"mean_auc\": 0.9762711524963379,\n    \"average_precision_scores\": {\n        \"Angioectasia\": 0.7586461305618286,\n        \"Bleeding\": 0.8712126612663269,\n        \"Erosion\": 0.6013280749320984,\n        \"Erythema\": 0.5034735202789307,\n        \"Foreign Body\": 0.8769444823265076,\n        \"Lymphangiectasia\": 0.8590654134750366,\n        \"Normal\": 0.9941351413726807,\n        \"Polyp\": 0.6459373831748962,\n        \"Ulcer\": 0.9498873949050903,\n        \"Worms\": 0.9759443402290344\n    },\n    \"mean_average_precision\": 0.8036574721336365,\n    \"mean_f1_score\": 0.6792524456977844,\n    \"mean_specificity\": 0.9809622764587402,\n    \"mean_sensitivity\": 0.8176164031028748,\n    \"balanced_accuracy\": 0.8176164031028748\n}"
}