{
    "epoch": 8,
    "train_metrics": "{\n    \"Angioectasia\": {\n        \"precision\": 0.9301355481147766,\n        \"recall\": 0.9253112077713013,\n        \"f1-score\": 0.9277170896530151,\n        \"specificity\": 0.9920594692230225\n    },\n    \"Bleeding\": {\n        \"precision\": 0.9429241418838501,\n        \"recall\": 0.951604425907135,\n        \"f1-score\": 0.94724440574646,\n        \"specificity\": 0.9935216903686523\n    },\n    \"Erosion\": {\n        \"precision\": 0.8280288577079773,\n        \"recall\": 0.8207847476005554,\n        \"f1-score\": 0.8243908882141113,\n        \"specificity\": 0.9809960126876831\n    },\n    \"Erythema\": {\n        \"precision\": 0.8918067216873169,\n        \"recall\": 0.9027113318443298,\n        \"f1-score\": 0.8972259163856506,\n        \"specificity\": 0.9878268837928772\n    },\n    \"Foreign Body\": {\n        \"precision\": 0.9599241614341736,\n        \"recall\": 0.9664667248725891,\n        \"f1-score\": 0.9631843566894531,\n        \"specificity\": 0.9956392645835876\n    },\n    \"Lymphangiectasia\": {\n        \"precision\": 0.9701370000839233,\n        \"recall\": 0.9653761982917786,\n        \"f1-score\": 0.9677507281303406,\n        \"specificity\": 0.9967883825302124\n    },\n    \"Normal\": {\n        \"precision\": 0.9233477711677551,\n        \"recall\": 0.9059261083602905,\n        \"f1-score\": 0.9145539999008179,\n        \"specificity\": 0.9916381239891052\n    },\n    \"Polyp\": {\n        \"precision\": 0.9039473533630371,\n        \"recall\": 0.9138068556785583,\n        \"f1-score\": 0.908850371837616,\n        \"specificity\": 0.9892165064811707\n    },\n    \"Ulcer\": {\n        \"precision\": 0.9900698065757751,\n        \"recall\": 0.9892732501029968,\n        \"f1-score\": 0.9896713495254517,\n        \"specificity\": 0.9989078640937805\n    },\n    \"Worms\": {\n        \"precision\": 0.996340811252594,\n        \"recall\": 0.9958202838897705,\n        \"f1-score\": 0.9960804581642151,\n        \"specificity\": 0.9995855689048767\n    },\n    \"macro avg\": {\n        \"precision\": 0.9336662292480469,\n        \"recall\": 0.933708131313324,\n        \"f1-score\": 0.9336668848991394,\n        \"specificity\": 0.9926180243492126\n    },\n    \"accuracy\": 0.9335761666297913,\n    \"auc_roc_scores\": {\n        \"Angioectasia\": 0.9968641996383667,\n        \"Bleeding\": 0.9987623691558838,\n        \"Erosion\": 0.9857144355773926,\n        \"Erythema\": 0.9952120780944824,\n        \"Foreign Body\": 0.9992738962173462,\n        \"Lymphangiectasia\": 0.9991649389266968,\n        \"Normal\": 0.9944583773612976,\n        \"Polyp\": 0.9961917400360107,\n        \"Ulcer\": 0.9999451637268066,\n        \"Worms\": 0.9999881386756897\n    },\n    \"mean_auc\": 0.9965575337409973,\n    \"average_precision_scores\": {\n        \"Angioectasia\": 0.9797675609588623,\n        \"Bleeding\": 0.9900797605514526,\n        \"Erosion\": 0.9102580547332764,\n        \"Erythema\": 0.9596912264823914,\n        \"Foreign Body\": 0.9941602349281311,\n        \"Lymphangiectasia\": 0.9938440322875977,\n        \"Normal\": 0.9688015580177307,\n        \"Polyp\": 0.9705740213394165,\n        \"Ulcer\": 0.9995145797729492,\n        \"Worms\": 0.9998932480812073\n    },\n    \"mean_average_precision\": 0.9766584634780884,\n    \"mean_f1_score\": 0.9336668848991394,\n    \"mean_specificity\": 0.9926180243492126,\n    \"mean_sensitivity\": 0.933708131313324,\n    \"balanced_accuracy\": 0.933708131313324\n}",
    "test_metrics": "{\n    \"Angioectasia\": {\n        \"precision\": 0.6786355376243591,\n        \"recall\": 0.7605633735656738,\n        \"f1-score\": 0.7172675728797913,\n        \"specificity\": 0.9885513186454773\n    },\n    \"Bleeding\": {\n        \"precision\": 0.765333354473114,\n        \"recall\": 0.7994428873062134,\n        \"f1-score\": 0.7820163369178772,\n        \"specificity\": 0.9944208264350891\n    },\n    \"Erosion\": {\n        \"precision\": 0.6079938411712646,\n        \"recall\": 0.6848484873771667,\n        \"f1-score\": 0.6441367864608765,\n        \"specificity\": 0.9659478068351746\n    },\n    \"Erythema\": {\n        \"precision\": 0.447761207818985,\n        \"recall\": 0.6060606241226196,\n        \"f1-score\": 0.5150214433670044,\n        \"specificity\": 0.9859804511070251\n    },\n    \"Foreign Body\": {\n        \"precision\": 0.7475247383117676,\n        \"recall\": 0.8882352709770203,\n        \"f1-score\": 0.8118279576301575,\n        \"specificity\": 0.9935410618782043\n    },\n    \"Lymphangiectasia\": {\n        \"precision\": 0.5083612203598022,\n        \"recall\": 0.8862974047660828,\n        \"f1-score\": 0.6461211442947388,\n        \"specificity\": 0.9813794493675232\n    },\n    \"Normal\": {\n        \"precision\": 0.9855976104736328,\n        \"recall\": 0.9134044051170349,\n        \"f1-score\": 0.9481287598609924,\n        \"specificity\": 0.9573472142219543\n    },\n    \"Polyp\": {\n        \"precision\": 0.5294924378395081,\n        \"recall\": 0.7720000147819519,\n        \"f1-score\": 0.6281529664993286,\n        \"specificity\": 0.9780578017234802\n    },\n    \"Ulcer\": {\n        \"precision\": 0.9245901703834534,\n        \"recall\": 0.9860140085220337,\n        \"f1-score\": 0.9543147087097168,\n        \"specificity\": 0.9985485076904297\n    },\n    \"Worms\": {\n        \"precision\": 0.9189189076423645,\n        \"recall\": 1.0,\n        \"f1-score\": 0.9577465057373047,\n        \"specificity\": 0.9996265172958374\n    },\n    \"macro avg\": {\n        \"precision\": 0.7114209532737732,\n        \"recall\": 0.8296866416931152,\n        \"f1-score\": 0.7604734301567078,\n        \"specificity\": 0.9843401312828064\n    },\n    \"accuracy\": 0.8803000450134277,\n    \"auc_roc_scores\": {\n        \"Angioectasia\": 0.9718090295791626,\n        \"Bleeding\": 0.9861835241317749,\n        \"Erosion\": 0.9556657075881958,\n        \"Erythema\": 0.9666416645050049,\n        \"Foreign Body\": 0.9876621961593628,\n        \"Lymphangiectasia\": 0.981208086013794,\n        \"Normal\": 0.9846407175064087,\n        \"Polyp\": 0.9743391275405884,\n        \"Ulcer\": 0.9982806444168091,\n        \"Worms\": 0.9999954104423523\n    },\n    \"mean_auc\": 0.9806426167488098,\n    \"average_precision_scores\": {\n        \"Angioectasia\": 0.7964189052581787,\n        \"Bleeding\": 0.8518611192703247,\n        \"Erosion\": 0.7231718301773071,\n        \"Erythema\": 0.5464316606521606,\n        \"Foreign Body\": 0.911734938621521,\n        \"Lymphangiectasia\": 0.8464647531509399,\n        \"Normal\": 0.9951217174530029,\n        \"Polyp\": 0.690243124961853,\n        \"Ulcer\": 0.987409770488739,\n        \"Worms\": 0.9989340901374817\n    },\n    \"mean_average_precision\": 0.8347792029380798,\n    \"mean_f1_score\": 0.7604734301567078,\n    \"mean_specificity\": 0.9843401312828064,\n    \"mean_sensitivity\": 0.8296866416931152,\n    \"balanced_accuracy\": 0.8296866416931152\n}"
}