{
    "epoch": 9,
    "train_metrics": "{\n    \"Angioectasia\": {\n        \"precision\": 0.9350886344909668,\n        \"recall\": 0.9307213425636292,\n        \"f1-score\": 0.9328998923301697,\n        \"specificity\": 0.9926228523254395\n    },\n    \"Bleeding\": {\n        \"precision\": 0.9466351270675659,\n        \"recall\": 0.9572036266326904,\n        \"f1-score\": 0.9518900513648987,\n        \"specificity\": 0.9940020442008972\n    },\n    \"Erosion\": {\n        \"precision\": 0.8327930569648743,\n        \"recall\": 0.8219141364097595,\n        \"f1-score\": 0.8273178339004517,\n        \"specificity\": 0.9817166924476624\n    },\n    \"Erythema\": {\n        \"precision\": 0.9010266065597534,\n        \"recall\": 0.9179404377937317,\n        \"f1-score\": 0.9094048738479614,\n        \"specificity\": 0.9889013767242432\n    },\n    \"Foreign Body\": {\n        \"precision\": 0.9666218161582947,\n        \"recall\": 0.9663617014884949,\n        \"f1-score\": 0.96649169921875,\n        \"specificity\": 0.9963412284851074\n    },\n    \"Lymphangiectasia\": {\n        \"precision\": 0.9679537415504456,\n        \"recall\": 0.9651650190353394,\n        \"f1-score\": 0.9665573835372925,\n        \"specificity\": 0.9963893294334412\n    },\n    \"Normal\": {\n        \"precision\": 0.9319690465927124,\n        \"recall\": 0.911796510219574,\n        \"f1-score\": 0.9217724204063416,\n        \"specificity\": 0.9927456974983215\n    },\n    \"Polyp\": {\n        \"precision\": 0.9161171317100525,\n        \"recall\": 0.9278653264045715,\n        \"f1-score\": 0.9219537973403931,\n        \"specificity\": 0.9906094670295715\n    },\n    \"Ulcer\": {\n        \"precision\": 0.9911075234413147,\n        \"recall\": 0.9900403618812561,\n        \"f1-score\": 0.9905736446380615,\n        \"specificity\": 0.9990262985229492\n    },\n    \"Worms\": {\n        \"precision\": 0.9955567121505737,\n        \"recall\": 0.9963379502296448,\n        \"f1-score\": 0.9959471821784973,\n        \"specificity\": 0.9994968175888062\n    },\n    \"macro avg\": {\n        \"precision\": 0.9384869933128357,\n        \"recall\": 0.938534677028656,\n        \"f1-score\": 0.9384808540344238,\n        \"specificity\": 0.9931851625442505\n    },\n    \"accuracy\": 0.9386550188064575,\n    \"auc_roc_scores\": {\n        \"Angioectasia\": 0.9973291754722595,\n        \"Bleeding\": 0.9987545013427734,\n        \"Erosion\": 0.9870625138282776,\n        \"Erythema\": 0.9963672161102295,\n        \"Foreign Body\": 0.9993767738342285,\n        \"Lymphangiectasia\": 0.9990561008453369,\n        \"Normal\": 0.9947021007537842,\n        \"Polyp\": 0.9967653155326843,\n        \"Ulcer\": 0.9999547004699707,\n        \"Worms\": 0.9999662637710571\n    },\n    \"mean_auc\": 0.9969334602355957,\n    \"average_precision_scores\": {\n        \"Angioectasia\": 0.9833086133003235,\n        \"Bleeding\": 0.9896845817565918,\n        \"Erosion\": 0.9153313636779785,\n        \"Erythema\": 0.9684121608734131,\n        \"Foreign Body\": 0.9950536489486694,\n        \"Lymphangiectasia\": 0.9935107231140137,\n        \"Normal\": 0.9721340537071228,\n        \"Polyp\": 0.9744505882263184,\n        \"Ulcer\": 0.9995944499969482,\n        \"Worms\": 0.9998161196708679\n    },\n    \"mean_average_precision\": 0.9791296124458313,\n    \"mean_f1_score\": 0.9384808540344238,\n    \"mean_specificity\": 0.9931851625442505,\n    \"mean_sensitivity\": 0.938534677028656,\n    \"balanced_accuracy\": 0.938534677028656\n}",
    "test_metrics": "{\n    \"Angioectasia\": {\n        \"precision\": 0.5883211493492126,\n        \"recall\": 0.8108651638031006,\n        \"f1-score\": 0.6818950772285461,\n        \"specificity\": 0.9819635152816772\n    },\n    \"Bleeding\": {\n        \"precision\": 0.7393364906311035,\n        \"recall\": 0.8690807819366455,\n        \"f1-score\": 0.7989756464958191,\n        \"specificity\": 0.993026077747345\n    },\n    \"Erosion\": {\n        \"precision\": 0.5910112261772156,\n        \"recall\": 0.6831169128417969,\n        \"f1-score\": 0.633734941482544,\n        \"specificity\": 0.9635441303253174\n    },\n    \"Erythema\": {\n        \"precision\": 0.5064599514007568,\n        \"recall\": 0.6599326729774475,\n        \"f1-score\": 0.5730994343757629,\n        \"specificity\": 0.9879381060600281\n    },\n    \"Foreign Body\": {\n        \"precision\": 0.766749382019043,\n        \"recall\": 0.908823549747467,\n        \"f1-score\": 0.8317631483078003,\n        \"specificity\": 0.9940476417541504\n    },\n    \"Lymphangiectasia\": {\n        \"precision\": 0.7890625,\n        \"recall\": 0.8833819031715393,\n        \"f1-score\": 0.8335626125335693,\n        \"specificity\": 0.9948698282241821\n    },\n    \"Normal\": {\n        \"precision\": 0.9905118346214294,\n        \"recall\": 0.9261007308959961,\n        \"f1-score\": 0.9572239518165588,\n        \"specificity\": 0.9716514945030212\n    },\n    \"Polyp\": {\n        \"precision\": 0.5620214343070984,\n        \"recall\": 0.734000027179718,\n        \"f1-score\": 0.6366001963615417,\n        \"specificity\": 0.9817041754722595\n    },\n    \"Ulcer\": {\n        \"precision\": 0.9205297827720642,\n        \"recall\": 0.9720279574394226,\n        \"f1-score\": 0.9455782175064087,\n        \"specificity\": 0.9984854459762573\n    },\n    \"Worms\": {\n        \"precision\": 0.9041095972061157,\n        \"recall\": 0.970588207244873,\n        \"f1-score\": 0.936170220375061,\n        \"specificity\": 0.9995642304420471\n    },\n    \"macro avg\": {\n        \"precision\": 0.7358113527297974,\n        \"recall\": 0.8417917490005493,\n        \"f1-score\": 0.7828603386878967,\n        \"specificity\": 0.9866794943809509\n    },\n    \"accuracy\": 0.8927597403526306,\n    \"auc_roc_scores\": {\n        \"Angioectasia\": 0.9745209813117981,\n        \"Bleeding\": 0.9922407865524292,\n        \"Erosion\": 0.9564393758773804,\n        \"Erythema\": 0.9686052799224854,\n        \"Foreign Body\": 0.9903786182403564,\n        \"Lymphangiectasia\": 0.9892188310623169,\n        \"Normal\": 0.9892147779464722,\n        \"Polyp\": 0.974179744720459,\n        \"Ulcer\": 0.9984601140022278,\n        \"Worms\": 0.9999423623085022\n    },\n    \"mean_auc\": 0.9833200573921204,\n    \"average_precision_scores\": {\n        \"Angioectasia\": 0.8158541917800903,\n        \"Bleeding\": 0.8888887166976929,\n        \"Erosion\": 0.7218910455703735,\n        \"Erythema\": 0.5542237162590027,\n        \"Foreign Body\": 0.9309242367744446,\n        \"Lymphangiectasia\": 0.9118509292602539,\n        \"Normal\": 0.9966980814933777,\n        \"Polyp\": 0.7033630609512329,\n        \"Ulcer\": 0.9861131906509399,\n        \"Worms\": 0.989729642868042\n    },\n    \"mean_average_precision\": 0.8499536514282227,\n    \"mean_f1_score\": 0.7828603386878967,\n    \"mean_specificity\": 0.9866794943809509,\n    \"mean_sensitivity\": 0.8417917490005493,\n    \"balanced_accuracy\": 0.8417917490005493\n}"
}