{
    "epoch": 1,
    "train_metrics": "{\n    \"Angioectasia\": {\n        \"precision\": 0.7098976373672485,\n        \"recall\": 0.5711147785186768,\n        \"f1-score\": 0.632988452911377,\n        \"specificity\": 0.9749742150306702\n    },\n    \"Bleeding\": {\n        \"precision\": 0.7629879117012024,\n        \"recall\": 0.7335312962532043,\n        \"f1-score\": 0.7479697465896606,\n        \"specificity\": 0.9751054644584656\n    },\n    \"Erosion\": {\n        \"precision\": 0.4148862957954407,\n        \"recall\": 0.4642673432826996,\n        \"f1-score\": 0.4381899833679199,\n        \"specificity\": 0.9244594573974609\n    },\n    \"Erythema\": {\n        \"precision\": 0.5339174866676331,\n        \"recall\": 0.5073865056037903,\n        \"f1-score\": 0.5203139781951904,\n        \"specificity\": 0.9513339400291443\n    },\n    \"Foreign Body\": {\n        \"precision\": 0.8117154836654663,\n        \"recall\": 0.7651853561401367,\n        \"f1-score\": 0.7877639532089233,\n        \"specificity\": 0.9800319671630859\n    },\n    \"Lymphangiectasia\": {\n        \"precision\": 0.8135691285133362,\n        \"recall\": 0.7372569441795349,\n        \"f1-score\": 0.7735354900360107,\n        \"specificity\": 0.9809768795967102\n    },\n    \"Normal\": {\n        \"precision\": 0.6607746481895447,\n        \"recall\": 0.679497480392456,\n        \"f1-score\": 0.6700052618980408,\n        \"specificity\": 0.9614657759666443\n    },\n    \"Polyp\": {\n        \"precision\": 0.5283560752868652,\n        \"recall\": 0.5922746658325195,\n        \"f1-score\": 0.5584924817085266,\n        \"specificity\": 0.941822350025177\n    },\n    \"Ulcer\": {\n        \"precision\": 0.8118162155151367,\n        \"recall\": 0.8740837574005127,\n        \"f1-score\": 0.8418000936508179,\n        \"specificity\": 0.9770917892456055\n    },\n    \"Worms\": {\n        \"precision\": 0.8746297955513,\n        \"recall\": 0.9450666904449463,\n        \"f1-score\": 0.9084849953651428,\n        \"specificity\": 0.9849957227706909\n    },\n    \"macro avg\": {\n        \"precision\": 0.6922550797462463,\n        \"recall\": 0.6869665384292603,\n        \"f1-score\": 0.6879544854164124,\n        \"specificity\": 0.9652258157730103\n    },\n    \"accuracy\": 0.687132716178894,\n    \"auc_roc_scores\": {\n        \"Angioectasia\": 0.9237366914749146,\n        \"Bleeding\": 0.9638699889183044,\n        \"Erosion\": 0.8635890483856201,\n        \"Erythema\": 0.9112095832824707,\n        \"Foreign Body\": 0.969852864742279,\n        \"Lymphangiectasia\": 0.9642808437347412,\n        \"Normal\": 0.933504581451416,\n        \"Polyp\": 0.9250874519348145,\n        \"Ulcer\": 0.9865256547927856,\n        \"Worms\": 0.996843695640564\n    },\n    \"mean_auc\": 0.943850040435791,\n    \"average_precision_scores\": {\n        \"Angioectasia\": 0.7149521708488464,\n        \"Bleeding\": 0.8301051259040833,\n        \"Erosion\": 0.4428677558898926,\n        \"Erythema\": 0.5638494491577148,\n        \"Foreign Body\": 0.8696080446243286,\n        \"Lymphangiectasia\": 0.8537864685058594,\n        \"Normal\": 0.7383425235748291,\n        \"Polyp\": 0.6154606342315674,\n        \"Ulcer\": 0.9327478408813477,\n        \"Worms\": 0.9784342050552368\n    },\n    \"mean_average_precision\": 0.7540153861045837,\n    \"mean_f1_score\": 0.6879544854164124,\n    \"mean_specificity\": 0.9652258157730103,\n    \"mean_sensitivity\": 0.6869665384292603,\n    \"balanced_accuracy\": 0.6869665384292603\n}",
    "test_metrics": "{\n    \"Angioectasia\": {\n        \"precision\": 0.4244946539402008,\n        \"recall\": 0.7183098793029785,\n        \"f1-score\": 0.5336322784423828,\n        \"specificity\": 0.9690437912940979\n    },\n    \"Bleeding\": {\n        \"precision\": 0.6169772148132324,\n        \"recall\": 0.8300835490226746,\n        \"f1-score\": 0.7078384757041931,\n        \"specificity\": 0.9882711172103882\n    },\n    \"Erosion\": {\n        \"precision\": 0.44748455286026,\n        \"recall\": 0.4389610290527344,\n        \"f1-score\": 0.4431818127632141,\n        \"specificity\": 0.958202600479126\n    },\n    \"Erythema\": {\n        \"precision\": 0.1469898372888565,\n        \"recall\": 0.6329966187477112,\n        \"f1-score\": 0.2385786771774292,\n        \"specificity\": 0.9311019778251648\n    },\n    \"Foreign Body\": {\n        \"precision\": 0.3908839821815491,\n        \"recall\": 0.8323529362678528,\n        \"f1-score\": 0.5319548845291138,\n        \"specificity\": 0.9720744490623474\n    },\n    \"Lymphangiectasia\": {\n        \"precision\": 0.4958949089050293,\n        \"recall\": 0.8804664611816406,\n        \"f1-score\": 0.6344537734985352,\n        \"specificity\": 0.980556070804596\n    },\n    \"Normal\": {\n        \"precision\": 0.9888397455215454,\n        \"recall\": 0.7643851041793823,\n        \"f1-score\": 0.8622446656227112,\n        \"specificity\": 0.9724317193031311\n    },\n    \"Polyp\": {\n        \"precision\": 0.32310643792152405,\n        \"recall\": 0.6740000247955322,\n        \"f1-score\": 0.4368114173412323,\n        \"specificity\": 0.9548362493515015\n    },\n    \"Ulcer\": {\n        \"precision\": 0.6247139573097229,\n        \"recall\": 0.9545454382896423,\n        \"f1-score\": 0.7551867365837097,\n        \"specificity\": 0.9896503686904907\n    },\n    \"Worms\": {\n        \"precision\": 0.7764706015586853,\n        \"recall\": 0.970588207244873,\n        \"f1-score\": 0.8627451062202454,\n        \"specificity\": 0.9988172054290771\n    },\n    \"macro avg\": {\n        \"precision\": 0.5235856175422668,\n        \"recall\": 0.7696689367294312,\n        \"f1-score\": 0.6006628274917603,\n        \"specificity\": 0.9714986085891724\n    },\n    \"accuracy\": 0.744049072265625,\n    \"auc_roc_scores\": {\n        \"Angioectasia\": 0.9530512094497681,\n        \"Bleeding\": 0.9841260313987732,\n        \"Erosion\": 0.8882638812065125,\n        \"Erythema\": 0.9254560470581055,\n        \"Foreign Body\": 0.9705291986465454,\n        \"Lymphangiectasia\": 0.9838714599609375,\n        \"Normal\": 0.9644985198974609,\n        \"Polyp\": 0.9600213170051575,\n        \"Ulcer\": 0.9973273277282715,\n        \"Worms\": 0.9998892545700073\n    },\n    \"mean_auc\": 0.9627034068107605,\n    \"average_precision_scores\": {\n        \"Angioectasia\": 0.6956840753555298,\n        \"Bleeding\": 0.8371254205703735,\n        \"Erosion\": 0.4444162845611572,\n        \"Erythema\": 0.22611451148986816,\n        \"Foreign Body\": 0.7273210287094116,\n        \"Lymphangiectasia\": 0.826999306678772,\n        \"Normal\": 0.988376796245575,\n        \"Polyp\": 0.5324621200561523,\n        \"Ulcer\": 0.9418790340423584,\n        \"Worms\": 0.9763342142105103\n    },\n    \"mean_average_precision\": 0.7196712493896484,\n    \"mean_f1_score\": 0.6006628274917603,\n    \"mean_specificity\": 0.9714986085891724,\n    \"mean_sensitivity\": 0.7696689367294312,\n    \"balanced_accuracy\": 0.7696689367294312\n}"
}