{
    "epoch": 11,
    "train_metrics": "{\n    \"Angioectasia\": {\n        \"precision\": 0.953976035118103,\n        \"recall\": 0.9454790949821472,\n        \"f1-score\": 0.9497085809707642,\n        \"specificity\": 0.995015025138855\n    },\n    \"Bleeding\": {\n        \"precision\": 0.9511682987213135,\n        \"recall\": 0.9594809412956238,\n        \"f1-score\": 0.9553065299987793,\n        \"specificity\": 0.994502067565918\n    },\n    \"Erosion\": {\n        \"precision\": 0.868563711643219,\n        \"recall\": 0.8608648777008057,\n        \"f1-score\": 0.8646971583366394,\n        \"specificity\": 0.9856864809989929\n    },\n    \"Erythema\": {\n        \"precision\": 0.9159212708473206,\n        \"recall\": 0.9369934797286987,\n        \"f1-score\": 0.9263375401496887,\n        \"specificity\": 0.9902610778808594\n    },\n    \"Foreign Body\": {\n        \"precision\": 0.9687663912773132,\n        \"recall\": 0.9690207242965698,\n        \"f1-score\": 0.9688935279846191,\n        \"specificity\": 0.9964790940284729\n    },\n    \"Lymphangiectasia\": {\n        \"precision\": 0.9684210419654846,\n        \"recall\": 0.9689310193061829,\n        \"f1-score\": 0.968675971031189,\n        \"specificity\": 0.996450662612915\n    },\n    \"Normal\": {\n        \"precision\": 0.9446128606796265,\n        \"recall\": 0.9272382855415344,\n        \"f1-score\": 0.9358449578285217,\n        \"specificity\": 0.9940725564956665\n    },\n    \"Polyp\": {\n        \"precision\": 0.9295812249183655,\n        \"recall\": 0.9323167204856873,\n        \"f1-score\": 0.930946946144104,\n        \"specificity\": 0.9922052621841431\n    },\n    \"Ulcer\": {\n        \"precision\": 0.9928267598152161,\n        \"recall\": 0.9928267598152161,\n        \"f1-score\": 0.9928267598152161,\n        \"specificity\": 0.9992021918296814\n    },\n    \"Worms\": {\n        \"precision\": 0.9976133704185486,\n        \"recall\": 0.9973489046096802,\n        \"f1-score\": 0.997481107711792,\n        \"specificity\": 0.9997339844703674\n    },\n    \"macro avg\": {\n        \"precision\": 0.9491451382637024,\n        \"recall\": 0.9490501284599304,\n        \"f1-score\": 0.9490718841552734,\n        \"specificity\": 0.9943608641624451\n    },\n    \"accuracy\": 0.9492381811141968,\n    \"auc_roc_scores\": {\n        \"Angioectasia\": 0.9985334873199463,\n        \"Bleeding\": 0.9991458654403687,\n        \"Erosion\": 0.9917076826095581,\n        \"Erythema\": 0.9976681470870972,\n        \"Foreign Body\": 0.9994600415229797,\n        \"Lymphangiectasia\": 0.9993880391120911,\n        \"Normal\": 0.9965239763259888,\n        \"Polyp\": 0.997779130935669,\n        \"Ulcer\": 0.9999629855155945,\n        \"Worms\": 0.9999939203262329\n    },\n    \"mean_auc\": 0.998016357421875,\n    \"average_precision_scores\": {\n        \"Angioectasia\": 0.9898419380187988,\n        \"Bleeding\": 0.9929947257041931,\n        \"Erosion\": 0.9451394081115723,\n        \"Erythema\": 0.979216456413269,\n        \"Foreign Body\": 0.9958293437957764,\n        \"Lymphangiectasia\": 0.995974063873291,\n        \"Normal\": 0.9800370931625366,\n        \"Polyp\": 0.9819462299346924,\n        \"Ulcer\": 0.9996583461761475,\n        \"Worms\": 0.9999451637268066\n    },\n    \"mean_average_precision\": 0.986058235168457,\n    \"mean_f1_score\": 0.9490718841552734,\n    \"mean_specificity\": 0.9943608641624451,\n    \"mean_sensitivity\": 0.9490501284599304,\n    \"balanced_accuracy\": 0.9490501284599304\n}",
    "test_metrics": "{\n    \"Angioectasia\": {\n        \"precision\": 0.5912519097328186,\n        \"recall\": 0.7887324094772339,\n        \"f1-score\": 0.6758620738983154,\n        \"specificity\": 0.982667088508606\n    },\n    \"Bleeding\": {\n        \"precision\": 0.7578692436218262,\n        \"recall\": 0.8718662858009338,\n        \"f1-score\": 0.8108808398246765,\n        \"specificity\": 0.993660032749176\n    },\n    \"Erosion\": {\n        \"precision\": 0.6095166206359863,\n        \"recall\": 0.6987013220787048,\n        \"f1-score\": 0.6510689854621887,\n        \"specificity\": 0.965480387210846\n    },\n    \"Erythema\": {\n        \"precision\": 0.4822485148906708,\n        \"recall\": 0.5488215684890747,\n        \"f1-score\": 0.5133858323097229,\n        \"specificity\": 0.9889485239982605\n    },\n    \"Foreign Body\": {\n        \"precision\": 0.7077625393867493,\n        \"recall\": 0.9117646813392639,\n        \"f1-score\": 0.7969151735305786,\n        \"specificity\": 0.9918946027755737\n    },\n    \"Lymphangiectasia\": {\n        \"precision\": 0.7313084006309509,\n        \"recall\": 0.9125364422798157,\n        \"f1-score\": 0.8119325637817383,\n        \"specificity\": 0.9927164316177368\n    },\n    \"Normal\": {\n        \"precision\": 0.9883316159248352,\n        \"recall\": 0.923740565776825,\n        \"f1-score\": 0.9549450874328613,\n        \"specificity\": 0.9651495218276978\n    },\n    \"Polyp\": {\n        \"precision\": 0.5641791224479675,\n        \"recall\": 0.7559999823570251,\n        \"f1-score\": 0.6461538672447205,\n        \"specificity\": 0.9813203811645508\n    },\n    \"Ulcer\": {\n        \"precision\": 0.9364548325538635,\n        \"recall\": 0.9790209531784058,\n        \"f1-score\": 0.9572649598121643,\n        \"specificity\": 0.9988009333610535\n    },\n    \"Worms\": {\n        \"precision\": 0.8799999952316284,\n        \"recall\": 0.970588207244873,\n        \"f1-score\": 0.9230769276618958,\n        \"specificity\": 0.9994397163391113\n    },\n    \"macro avg\": {\n        \"precision\": 0.7248923182487488,\n        \"recall\": 0.8361772894859314,\n        \"f1-score\": 0.7741486430168152,\n        \"specificity\": 0.9860076904296875\n    },\n    \"accuracy\": 0.8909000754356384,\n    \"auc_roc_scores\": {\n        \"Angioectasia\": 0.9732377529144287,\n        \"Bleeding\": 0.9889914989471436,\n        \"Erosion\": 0.9600965976715088,\n        \"Erythema\": 0.9565200805664062,\n        \"Foreign Body\": 0.9891631603240967,\n        \"Lymphangiectasia\": 0.9922908544540405,\n        \"Normal\": 0.9891663789749146,\n        \"Polyp\": 0.9732599854469299,\n        \"Ulcer\": 0.9993762969970703,\n        \"Worms\": 0.999918520450592\n    },\n    \"mean_auc\": 0.9822021722793579,\n    \"average_precision_scores\": {\n        \"Angioectasia\": 0.8020270466804504,\n        \"Bleeding\": 0.894241213798523,\n        \"Erosion\": 0.7331962585449219,\n        \"Erythema\": 0.5565083026885986,\n        \"Foreign Body\": 0.9240005016326904,\n        \"Lymphangiectasia\": 0.9182858467102051,\n        \"Normal\": 0.9965932965278625,\n        \"Polyp\": 0.7179329991340637,\n        \"Ulcer\": 0.9894297122955322,\n        \"Worms\": 0.9863817095756531\n    },\n    \"mean_average_precision\": 0.8518596887588501,\n    \"mean_f1_score\": 0.7741486430168152,\n    \"mean_specificity\": 0.9860076904296875,\n    \"mean_sensitivity\": 0.8361772894859314,\n    \"balanced_accuracy\": 0.8361772894859314\n}"
}