{
    "epoch": 4,
    "train_metrics": "{\n    \"Angioectasia\": {\n        \"precision\": 0.8796445727348328,\n        \"recall\": 0.8617779016494751,\n        \"f1-score\": 0.8706195950508118,\n        \"specificity\": 0.9867814183235168\n    },\n    \"Bleeding\": {\n        \"precision\": 0.9103068709373474,\n        \"recall\": 0.9241213798522949,\n        \"f1-score\": 0.9171621203422546,\n        \"specificity\": 0.9898968935012817\n    },\n    \"Erosion\": {\n        \"precision\": 0.7122666835784912,\n        \"recall\": 0.71075040102005,\n        \"f1-score\": 0.7115077376365662,\n        \"specificity\": 0.9681231379508972\n    },\n    \"Erythema\": {\n        \"precision\": 0.7976653575897217,\n        \"recall\": 0.8139227032661438,\n        \"f1-score\": 0.8057120442390442,\n        \"specificity\": 0.9769428372383118\n    },\n    \"Foreign Body\": {\n        \"precision\": 0.9405726790428162,\n        \"recall\": 0.9382915496826172,\n        \"f1-score\": 0.9394307136535645,\n        \"specificity\": 0.9935095310211182\n    },\n    \"Lymphangiectasia\": {\n        \"precision\": 0.9403883218765259,\n        \"recall\": 0.9357823133468628,\n        \"f1-score\": 0.9380796551704407,\n        \"specificity\": 0.993575394153595\n    },\n    \"Normal\": {\n        \"precision\": 0.8905129432678223,\n        \"recall\": 0.8619861006736755,\n        \"f1-score\": 0.8760173916816711,\n        \"specificity\": 0.9882755875587463\n    },\n    \"Polyp\": {\n        \"precision\": 0.8326917886734009,\n        \"recall\": 0.8541721701622009,\n        \"f1-score\": 0.8432952165603638,\n        \"specificity\": 0.9807146191596985\n    },\n    \"Ulcer\": {\n        \"precision\": 0.98040771484375,\n        \"recall\": 0.9791115522384644,\n        \"f1-score\": 0.9797592163085938,\n        \"specificity\": 0.9978122711181641\n    },\n    \"Worms\": {\n        \"precision\": 0.9903039932250977,\n        \"recall\": 0.9916032552719116,\n        \"f1-score\": 0.9909532070159912,\n        \"specificity\": 0.9989051818847656\n    },\n    \"macro avg\": {\n        \"precision\": 0.8874761462211609,\n        \"recall\": 0.8871518969535828,\n        \"f1-score\": 0.8872537016868591,\n        \"specificity\": 0.9874536395072937\n    },\n    \"accuracy\": 0.8870955109596252,\n    \"auc_roc_scores\": {\n        \"Angioectasia\": 0.9911311864852905,\n        \"Bleeding\": 0.9964614510536194,\n        \"Erosion\": 0.9641659259796143,\n        \"Erythema\": 0.9850620031356812,\n        \"Foreign Body\": 0.9977613687515259,\n        \"Lymphangiectasia\": 0.9972570538520813,\n        \"Normal\": 0.9879857301712036,\n        \"Polyp\": 0.9894527196884155,\n        \"Ulcer\": 0.999570369720459,\n        \"Worms\": 0.9999632239341736\n    },\n    \"mean_auc\": 0.9908811450004578,\n    \"average_precision_scores\": {\n        \"Angioectasia\": 0.9478797316551208,\n        \"Bleeding\": 0.9735195636749268,\n        \"Erosion\": 0.7984296679496765,\n        \"Erythema\": 0.8897780179977417,\n        \"Foreign Body\": 0.9850452542304993,\n        \"Lymphangiectasia\": 0.982151985168457,\n        \"Normal\": 0.9410043358802795,\n        \"Polyp\": 0.9233630299568176,\n        \"Ulcer\": 0.9976086020469666,\n        \"Worms\": 0.9996740818023682\n    },\n    \"mean_average_precision\": 0.9438453912734985,\n    \"mean_f1_score\": 0.8872537016868591,\n    \"mean_specificity\": 0.9874536395072937,\n    \"mean_sensitivity\": 0.8871518969535828,\n    \"balanced_accuracy\": 0.8871518969535828\n}",
    "test_metrics": "{\n    \"Angioectasia\": {\n        \"precision\": 0.446153849363327,\n        \"recall\": 0.758551299571991,\n        \"f1-score\": 0.561847984790802,\n        \"specificity\": 0.9700671434402466\n    },\n    \"Bleeding\": {\n        \"precision\": 0.6767241358757019,\n        \"recall\": 0.8746517896652222,\n        \"f1-score\": 0.7630619406700134,\n        \"specificity\": 0.9904900789260864\n    },\n    \"Erosion\": {\n        \"precision\": 0.5952606797218323,\n        \"recall\": 0.543722927570343,\n        \"f1-score\": 0.5683258175849915,\n        \"specificity\": 0.9714896082878113\n    },\n    \"Erythema\": {\n        \"precision\": 0.30831098556518555,\n        \"recall\": 0.7744107842445374,\n        \"f1-score\": 0.4410354793071747,\n        \"specificity\": 0.9674139618873596\n    },\n    \"Foreign Body\": {\n        \"precision\": 0.6506550312042236,\n        \"recall\": 0.8764705657958984,\n        \"f1-score\": 0.7468671798706055,\n        \"specificity\": 0.9898682832717896\n    },\n    \"Lymphangiectasia\": {\n        \"precision\": 0.6255319118499756,\n        \"recall\": 0.8571428656578064,\n        \"f1-score\": 0.723247230052948,\n        \"specificity\": 0.9888529777526855\n    },\n    \"Normal\": {\n        \"precision\": 0.9867585897445679,\n        \"recall\": 0.885488748550415,\n        \"f1-score\": 0.9333848357200623,\n        \"specificity\": 0.9620286226272583\n    },\n    \"Polyp\": {\n        \"precision\": 0.48449039459228516,\n        \"recall\": 0.656000018119812,\n        \"f1-score\": 0.5573492050170898,\n        \"specificity\": 0.9776740074157715\n    },\n    \"Ulcer\": {\n        \"precision\": 0.9111841917037964,\n        \"recall\": 0.9685314893722534,\n        \"f1-score\": 0.9389830231666565,\n        \"specificity\": 0.9982960820198059\n    },\n    \"Worms\": {\n        \"precision\": 0.7816091775894165,\n        \"recall\": 1.0,\n        \"f1-score\": 0.8774193525314331,\n        \"specificity\": 0.9988172054290771\n    },\n    \"macro avg\": {\n        \"precision\": 0.6466678977012634,\n        \"recall\": 0.8194971084594727,\n        \"f1-score\": 0.711152195930481,\n        \"specificity\": 0.9814997911453247\n    },\n    \"accuracy\": 0.8488718271255493,\n    \"auc_roc_scores\": {\n        \"Angioectasia\": 0.9585456848144531,\n        \"Bleeding\": 0.990117609500885,\n        \"Erosion\": 0.9402915835380554,\n        \"Erythema\": 0.9725370407104492,\n        \"Foreign Body\": 0.9823275804519653,\n        \"Lymphangiectasia\": 0.9868501424789429,\n        \"Normal\": 0.979712963104248,\n        \"Polyp\": 0.9687866568565369,\n        \"Ulcer\": 0.9995531439781189,\n        \"Worms\": 0.999989926815033\n    },\n    \"mean_auc\": 0.9778713583946228,\n    \"average_precision_scores\": {\n        \"Angioectasia\": 0.6982042789459229,\n        \"Bleeding\": 0.8753151893615723,\n        \"Erosion\": 0.6409222483634949,\n        \"Erythema\": 0.5270464420318604,\n        \"Foreign Body\": 0.8735347390174866,\n        \"Lymphangiectasia\": 0.866086483001709,\n        \"Normal\": 0.9936222434043884,\n        \"Polyp\": 0.6335628032684326,\n        \"Ulcer\": 0.9823416471481323,\n        \"Worms\": 0.9976352453231812\n    },\n    \"mean_average_precision\": 0.8088271021842957,\n    \"mean_f1_score\": 0.711152195930481,\n    \"mean_specificity\": 0.9814997911453247,\n    \"mean_sensitivity\": 0.8194971084594727,\n    \"balanced_accuracy\": 0.8194971084594727\n}"
}