{
    "epoch": 12,
    "train_metrics": "{\n    \"Angioectasia\": {\n        \"precision\": 0.9577121138572693,\n        \"recall\": 0.9569339156150818,\n        \"f1-score\": 0.9573228359222412,\n        \"specificity\": 0.9954002499580383\n    },\n    \"Bleeding\": {\n        \"precision\": 0.9540436267852783,\n        \"recall\": 0.9641930460929871,\n        \"f1-score\": 0.9590914845466614,\n        \"specificity\": 0.9946967959403992\n    },\n    \"Erosion\": {\n        \"precision\": 0.8863576054573059,\n        \"recall\": 0.8681889176368713,\n        \"f1-score\": 0.8771792054176331,\n        \"specificity\": 0.9872900247573853\n    },\n    \"Erythema\": {\n        \"precision\": 0.9215788245201111,\n        \"recall\": 0.9359177350997925,\n        \"f1-score\": 0.9286929368972778,\n        \"specificity\": 0.9910690784454346\n    },\n    \"Foreign Body\": {\n        \"precision\": 0.9677080512046814,\n        \"recall\": 0.971534013748169,\n        \"f1-score\": 0.9696172475814819,\n        \"specificity\": 0.9963623285293579\n    },\n    \"Lymphangiectasia\": {\n        \"precision\": 0.9738615155220032,\n        \"recall\": 0.9751753807067871,\n        \"f1-score\": 0.9745180010795593,\n        \"specificity\": 0.9971387386322021\n    },\n    \"Normal\": {\n        \"precision\": 0.9508333206176758,\n        \"recall\": 0.927642285823822,\n        \"f1-score\": 0.9390946626663208,\n        \"specificity\": 0.9947813749313354\n    },\n    \"Polyp\": {\n        \"precision\": 0.9332050681114197,\n        \"recall\": 0.947265625,\n        \"f1-score\": 0.9401827454566956,\n        \"specificity\": 0.9928577542304993\n    },\n    \"Ulcer\": {\n        \"precision\": 0.9963021874427795,\n        \"recall\": 0.9965654015541077,\n        \"f1-score\": 0.9964337348937988,\n        \"specificity\": 0.9995860457420349\n    },\n    \"Worms\": {\n        \"precision\": 0.9981832504272461,\n        \"recall\": 0.9974066615104675,\n        \"f1-score\": 0.9977948069572449,\n        \"specificity\": 0.9997925758361816\n    },\n    \"macro avg\": {\n        \"precision\": 0.9539785385131836,\n        \"recall\": 0.9540823101997375,\n        \"f1-score\": 0.9539927840232849,\n        \"specificity\": 0.9948974847793579\n    },\n    \"accuracy\": 0.9540777206420898,\n    \"auc_roc_scores\": {\n        \"Angioectasia\": 0.9989556074142456,\n        \"Bleeding\": 0.9992727041244507,\n        \"Erosion\": 0.9928888082504272,\n        \"Erythema\": 0.9978817701339722,\n        \"Foreign Body\": 0.9994341135025024,\n        \"Lymphangiectasia\": 0.9995540976524353,\n        \"Normal\": 0.9966151714324951,\n        \"Polyp\": 0.9983464479446411,\n        \"Ulcer\": 0.9999886751174927,\n        \"Worms\": 0.9999964237213135\n    },\n    \"mean_auc\": 0.998293399810791,\n    \"average_precision_scores\": {\n        \"Angioectasia\": 0.991773247718811,\n        \"Bleeding\": 0.9938033819198608,\n        \"Erosion\": 0.9524791240692139,\n        \"Erythema\": 0.9811090230941772,\n        \"Foreign Body\": 0.9962156414985657,\n        \"Lymphangiectasia\": 0.9970477819442749,\n        \"Normal\": 0.9820014238357544,\n        \"Polyp\": 0.9848870038986206,\n        \"Ulcer\": 0.9999011754989624,\n        \"Worms\": 0.999969482421875\n    },\n    \"mean_average_precision\": 0.9879187941551208,\n    \"mean_f1_score\": 0.9539927840232849,\n    \"mean_specificity\": 0.9948974847793579,\n    \"mean_sensitivity\": 0.9540823101997375,\n    \"balanced_accuracy\": 0.9540823101997375\n}",
    "test_metrics": "{\n    \"Angioectasia\": {\n        \"precision\": 0.6968085169792175,\n        \"recall\": 0.7907444834709167,\n        \"f1-score\": 0.7408105731010437,\n        \"specificity\": 0.989063024520874\n    },\n    \"Bleeding\": {\n        \"precision\": 0.7615571618080139,\n        \"recall\": 0.8718662858009338,\n        \"f1-score\": 0.8129870295524597,\n        \"specificity\": 0.9937868714332581\n    },\n    \"Erosion\": {\n        \"precision\": 0.6504460573196411,\n        \"recall\": 0.694372296333313,\n        \"f1-score\": 0.6716917753219604,\n        \"specificity\": 0.9712225198745728\n    },\n    \"Erythema\": {\n        \"precision\": 0.4319809079170227,\n        \"recall\": 0.6094276309013367,\n        \"f1-score\": 0.505586564540863,\n        \"specificity\": 0.984969973564148\n    },\n    \"Foreign Body\": {\n        \"precision\": 0.8208556175231934,\n        \"recall\": 0.9029411673545837,\n        \"f1-score\": 0.8599439859390259,\n        \"specificity\": 0.9957573413848877\n    },\n    \"Lymphangiectasia\": {\n        \"precision\": 0.7751322984695435,\n        \"recall\": 0.8542274236679077,\n        \"f1-score\": 0.812760055065155,\n        \"specificity\": 0.9946165084838867\n    },\n    \"Normal\": {\n        \"precision\": 0.9863753318786621,\n        \"recall\": 0.9368438124656677,\n        \"f1-score\": 0.9609717130661011,\n        \"specificity\": 0.958647608757019\n    },\n    \"Polyp\": {\n        \"precision\": 0.5396384000778198,\n        \"recall\": 0.7760000228881836,\n        \"f1-score\": 0.636587381362915,\n        \"specificity\": 0.9788255095481873\n    },\n    \"Ulcer\": {\n        \"precision\": 0.9489796161651611,\n        \"recall\": 0.9755244851112366,\n        \"f1-score\": 0.9620689749717712,\n        \"specificity\": 0.999053418636322\n    },\n    \"Worms\": {\n        \"precision\": 0.9428571462631226,\n        \"recall\": 0.970588207244873,\n        \"f1-score\": 0.95652174949646,\n        \"specificity\": 0.9997509717941284\n    },\n    \"macro avg\": {\n        \"precision\": 0.7554631233215332,\n        \"recall\": 0.8382536172866821,\n        \"f1-score\": 0.7919930219650269,\n        \"specificity\": 0.9865694046020508\n    },\n    \"accuracy\": 0.9008802175521851,\n    \"auc_roc_scores\": {\n        \"Angioectasia\": 0.978334903717041,\n        \"Bleeding\": 0.9911625385284424,\n        \"Erosion\": 0.9617387056350708,\n        \"Erythema\": 0.9630582332611084,\n        \"Foreign Body\": 0.9915540218353271,\n        \"Lymphangiectasia\": 0.9894636869430542,\n        \"Normal\": 0.9898276329040527,\n        \"Polyp\": 0.9772766828536987,\n        \"Ulcer\": 0.9991820454597473,\n        \"Worms\": 0.9999706745147705\n    },\n    \"mean_auc\": 0.9841569066047668,\n    \"average_precision_scores\": {\n        \"Angioectasia\": 0.8336910009384155,\n        \"Bleeding\": 0.8947268724441528,\n        \"Erosion\": 0.7515191435813904,\n        \"Erythema\": 0.5388550162315369,\n        \"Foreign Body\": 0.9369580149650574,\n        \"Lymphangiectasia\": 0.8995727896690369,\n        \"Normal\": 0.9968481063842773,\n        \"Polyp\": 0.7253519296646118,\n        \"Ulcer\": 0.987209677696228,\n        \"Worms\": 0.9933075308799744\n    },\n    \"mean_average_precision\": 0.8558039665222168,\n    \"mean_f1_score\": 0.7919930219650269,\n    \"mean_specificity\": 0.9865694046020508,\n    \"mean_sensitivity\": 0.8382536172866821,\n    \"balanced_accuracy\": 0.8382536172866821\n}"
}