{
    "epoch": 2,
    "train_metrics": "{\n    \"Angioectasia\": {\n        \"precision\": 0.8185092806816101,\n        \"recall\": 0.7831389307975769,\n        \"f1-score\": 0.8004335165023804,\n        \"specificity\": 0.9806413650512695\n    },\n    \"Bleeding\": {\n        \"precision\": 0.868044912815094,\n        \"recall\": 0.8845253586769104,\n        \"f1-score\": 0.8762076497077942,\n        \"specificity\": 0.9846869111061096\n    },\n    \"Erosion\": {\n        \"precision\": 0.6027289628982544,\n        \"recall\": 0.6060686111450195,\n        \"f1-score\": 0.6043941378593445,\n        \"specificity\": 0.955229640007019\n    },\n    \"Erythema\": {\n        \"precision\": 0.6823775768280029,\n        \"recall\": 0.6980980634689331,\n        \"f1-score\": 0.6901482939720154,\n        \"specificity\": 0.9641908407211304\n    },\n    \"Foreign Body\": {\n        \"precision\": 0.9175734519958496,\n        \"recall\": 0.9042895436286926,\n        \"f1-score\": 0.9108830690383911,\n        \"specificity\": 0.9910559058189392\n    },\n    \"Lymphangiectasia\": {\n        \"precision\": 0.9139199256896973,\n        \"recall\": 0.8968190550804138,\n        \"f1-score\": 0.9052886962890625,\n        \"specificity\": 0.9906691312789917\n    },\n    \"Normal\": {\n        \"precision\": 0.8398585915565491,\n        \"recall\": 0.8154699206352234,\n        \"f1-score\": 0.8274846076965332,\n        \"specificity\": 0.98258376121521\n    },\n    \"Polyp\": {\n        \"precision\": 0.719908595085144,\n        \"recall\": 0.7614826560020447,\n        \"f1-score\": 0.7401122450828552,\n        \"specificity\": 0.9674477577209473\n    },\n    \"Ulcer\": {\n        \"precision\": 0.9628020524978638,\n        \"recall\": 0.9609755873680115,\n        \"f1-score\": 0.9618879556655884,\n        \"specificity\": 0.9959607124328613\n    },\n    \"Worms\": {\n        \"precision\": 0.9823869466781616,\n        \"recall\": 0.9847167134284973,\n        \"f1-score\": 0.983550488948822,\n        \"specificity\": 0.9980184435844421\n    },\n    \"macro avg\": {\n        \"precision\": 0.8308110237121582,\n        \"recall\": 0.8295584917068481,\n        \"f1-score\": 0.8300390243530273,\n        \"specificity\": 0.9810484051704407\n    },\n    \"accuracy\": 0.8294466733932495,\n    \"auc_roc_scores\": {\n        \"Angioectasia\": 0.9779099225997925,\n        \"Bleeding\": 0.9917058944702148,\n        \"Erosion\": 0.9338743090629578,\n        \"Erythema\": 0.9635590314865112,\n        \"Foreign Body\": 0.9946075081825256,\n        \"Lymphangiectasia\": 0.9915677905082703,\n        \"Normal\": 0.9779564142227173,\n        \"Polyp\": 0.9729874134063721,\n        \"Ulcer\": 0.9982635974884033,\n        \"Worms\": 0.9996979236602783\n    },\n    \"mean_auc\": 0.9802129864692688,\n    \"average_precision_scores\": {\n        \"Angioectasia\": 0.891806960105896,\n        \"Bleeding\": 0.9472442269325256,\n        \"Erosion\": 0.6664003133773804,\n        \"Erythema\": 0.7614667415618896,\n        \"Foreign Body\": 0.9686331152915955,\n        \"Lymphangiectasia\": 0.9579026699066162,\n        \"Normal\": 0.8974310159683228,\n        \"Polyp\": 0.8256843090057373,\n        \"Ulcer\": 0.9910304546356201,\n        \"Worms\": 0.9979648590087891\n    },\n    \"mean_average_precision\": 0.8905564546585083,\n    \"mean_f1_score\": 0.8300390243530273,\n    \"mean_specificity\": 0.9810484051704407,\n    \"mean_sensitivity\": 0.8295584917068481,\n    \"balanced_accuracy\": 0.8295584917068481\n}",
    "test_metrics": "{\n    \"Angioectasia\": {\n        \"precision\": 0.45618557929992676,\n        \"recall\": 0.7122736573219299,\n        \"f1-score\": 0.5561665296554565,\n        \"specificity\": 0.9730092883110046\n    },\n    \"Bleeding\": {\n        \"precision\": 0.5711711645126343,\n        \"recall\": 0.8830083608627319,\n        \"f1-score\": 0.6936542391777039,\n        \"specificity\": 0.9849109053611755\n    },\n    \"Erosion\": {\n        \"precision\": 0.4915773272514343,\n        \"recall\": 0.5558441281318665,\n        \"f1-score\": 0.52173912525177,\n        \"specificity\": 0.9556653499603271\n    },\n    \"Erythema\": {\n        \"precision\": 0.20891720056533813,\n        \"recall\": 0.5521885752677917,\n        \"f1-score\": 0.30314233899116516,\n        \"specificity\": 0.960783064365387\n    },\n    \"Foreign Body\": {\n        \"precision\": 0.5519713163375854,\n        \"recall\": 0.9058823585510254,\n        \"f1-score\": 0.685968816280365,\n        \"specificity\": 0.9841691851615906\n    },\n    \"Lymphangiectasia\": {\n        \"precision\": 0.7035176157951355,\n        \"recall\": 0.8163265585899353,\n        \"f1-score\": 0.7557355165481567,\n        \"specificity\": 0.9925264716148376\n    },\n    \"Normal\": {\n        \"precision\": 0.9888651967048645,\n        \"recall\": 0.8312036991119385,\n        \"f1-score\": 0.9032058119773865,\n        \"specificity\": 0.9700910449028015\n    },\n    \"Polyp\": {\n        \"precision\": 0.36310678720474243,\n        \"recall\": 0.7480000257492065,\n        \"f1-score\": 0.4888888895511627,\n        \"specificity\": 0.9580348134040833\n    },\n    \"Ulcer\": {\n        \"precision\": 0.8765822649002075,\n        \"recall\": 0.9685314893722534,\n        \"f1-score\": 0.920265793800354,\n        \"specificity\": 0.9975388050079346\n    },\n    \"Worms\": {\n        \"precision\": 0.8374999761581421,\n        \"recall\": 0.9852941036224365,\n        \"f1-score\": 0.9054054021835327,\n        \"specificity\": 0.9991907477378845\n    },\n    \"macro avg\": {\n        \"precision\": 0.6049394607543945,\n        \"recall\": 0.7958552837371826,\n        \"f1-score\": 0.6734172701835632,\n        \"specificity\": 0.9775919914245605\n    },\n    \"accuracy\": 0.8056037425994873,\n    \"auc_roc_scores\": {\n        \"Angioectasia\": 0.9468636512756348,\n        \"Bleeding\": 0.9875975251197815,\n        \"Erosion\": 0.9240052700042725,\n        \"Erythema\": 0.9404299259185791,\n        \"Foreign Body\": 0.9868850111961365,\n        \"Lymphangiectasia\": 0.98126220703125,\n        \"Normal\": 0.9753066301345825,\n        \"Polyp\": 0.9719223380088806,\n        \"Ulcer\": 0.999428927898407,\n        \"Worms\": 0.9999761581420898\n    },\n    \"mean_auc\": 0.9713678359985352,\n    \"average_precision_scores\": {\n        \"Angioectasia\": 0.6502256393432617,\n        \"Bleeding\": 0.8515949249267578,\n        \"Erosion\": 0.557346761226654,\n        \"Erythema\": 0.3043016195297241,\n        \"Foreign Body\": 0.8860172033309937,\n        \"Lymphangiectasia\": 0.8557151556015015,\n        \"Normal\": 0.9921137094497681,\n        \"Polyp\": 0.6208196878433228,\n        \"Ulcer\": 0.9780616760253906,\n        \"Worms\": 0.9951403737068176\n    },\n    \"mean_average_precision\": 0.7691336870193481,\n    \"mean_f1_score\": 0.6734172701835632,\n    \"mean_specificity\": 0.9775919914245605,\n    \"mean_sensitivity\": 0.7958552837371826,\n    \"balanced_accuracy\": 0.7958552837371826\n}"
}