{
    "epoch": 6,
    "train_metrics": "{\n    \"Angioectasia\": {\n        \"precision\": 0.9049893617630005,\n        \"recall\": 0.8952481150627136,\n        \"f1-score\": 0.900092363357544,\n        \"specificity\": 0.9894076585769653\n    },\n    \"Bleeding\": {\n        \"precision\": 0.9308510422706604,\n        \"recall\": 0.9383378028869629,\n        \"f1-score\": 0.9345794320106506,\n        \"specificity\": 0.9923251867294312\n    },\n    \"Erosion\": {\n        \"precision\": 0.7670288681983948,\n        \"recall\": 0.7678429484367371,\n        \"f1-score\": 0.7674356698989868,\n        \"specificity\": 0.9740232825279236\n    },\n    \"Erythema\": {\n        \"precision\": 0.8579989671707153,\n        \"recall\": 0.8674920797348022,\n        \"f1-score\": 0.8627194166183472,\n        \"specificity\": 0.9838809967041016\n    },\n    \"Foreign Body\": {\n        \"precision\": 0.9511547684669495,\n        \"recall\": 0.9539403915405273,\n        \"f1-score\": 0.9525455236434937,\n        \"specificity\": 0.994564414024353\n    },\n    \"Lymphangiectasia\": {\n        \"precision\": 0.9586414694786072,\n        \"recall\": 0.9549795389175415,\n        \"f1-score\": 0.956807017326355,\n        \"specificity\": 0.9955512285232544\n    },\n    \"Normal\": {\n        \"precision\": 0.9064157009124756,\n        \"recall\": 0.8820949196815491,\n        \"f1-score\": 0.894089937210083,\n        \"specificity\": 0.989534854888916\n    },\n    \"Polyp\": {\n        \"precision\": 0.8678116202354431,\n        \"recall\": 0.8872040510177612,\n        \"f1-score\": 0.8774006962776184,\n        \"specificity\": 0.984991729259491\n    },\n    \"Ulcer\": {\n        \"precision\": 0.9887970089912415,\n        \"recall\": 0.98564213514328,\n        \"f1-score\": 0.9872170686721802,\n        \"specificity\": 0.9987590909004211\n    },\n    \"Worms\": {\n        \"precision\": 0.9915897846221924,\n        \"recall\": 0.9915897846221924,\n        \"f1-score\": 0.9915897846221924,\n        \"specificity\": 0.9990861415863037\n    },\n    \"macro avg\": {\n        \"precision\": 0.912527859210968,\n        \"recall\": 0.9124371409416199,\n        \"f1-score\": 0.9124476313591003,\n        \"specificity\": 0.9902124404907227\n    },\n    \"accuracy\": 0.911957859992981,\n    \"auc_roc_scores\": {\n        \"Angioectasia\": 0.9947565793991089,\n        \"Bleeding\": 0.9979584813117981,\n        \"Erosion\": 0.9775007367134094,\n        \"Erythema\": 0.9916282892227173,\n        \"Foreign Body\": 0.9983501434326172,\n        \"Lymphangiectasia\": 0.9987876415252686,\n        \"Normal\": 0.9904052019119263,\n        \"Polyp\": 0.9930881261825562,\n        \"Ulcer\": 0.9997520446777344,\n        \"Worms\": 0.9999622106552124\n    },\n    \"mean_auc\": 0.9942189455032349,\n    \"average_precision_scores\": {\n        \"Angioectasia\": 0.966314435005188,\n        \"Bleeding\": 0.9832544326782227,\n        \"Erosion\": 0.8618582487106323,\n        \"Erythema\": 0.9367172122001648,\n        \"Foreign Body\": 0.9902568459510803,\n        \"Lymphangiectasia\": 0.990739643573761,\n        \"Normal\": 0.9555382132530212,\n        \"Polyp\": 0.9472672939300537,\n        \"Ulcer\": 0.9987170100212097,\n        \"Worms\": 0.9996782541275024\n    },\n    \"mean_average_precision\": 0.9630341529846191,\n    \"mean_f1_score\": 0.9124476313591003,\n    \"mean_specificity\": 0.9902124404907227,\n    \"mean_sensitivity\": 0.9124371409416199,\n    \"balanced_accuracy\": 0.9124371409416199\n}",
    "test_metrics": "{\n    \"Angioectasia\": {\n        \"precision\": 0.661347508430481,\n        \"recall\": 0.7505030035972595,\n        \"f1-score\": 0.7031102776527405,\n        \"specificity\": 0.9877837896347046\n    },\n    \"Bleeding\": {\n        \"precision\": 0.5848375558853149,\n        \"recall\": 0.902506947517395,\n        \"f1-score\": 0.7097480893135071,\n        \"specificity\": 0.9854181408882141\n    },\n    \"Erosion\": {\n        \"precision\": 0.5681275129318237,\n        \"recall\": 0.6173160076141357,\n        \"f1-score\": 0.5917012691497803,\n        \"specificity\": 0.9638111591339111\n    },\n    \"Erythema\": {\n        \"precision\": 0.40232107043266296,\n        \"recall\": 0.7003366947174072,\n        \"f1-score\": 0.5110564827919006,\n        \"specificity\": 0.980486273765564\n    },\n    \"Foreign Body\": {\n        \"precision\": 0.7707808613777161,\n        \"recall\": 0.8999999761581421,\n        \"f1-score\": 0.8303934931755066,\n        \"specificity\": 0.9942376017570496\n    },\n    \"Lymphangiectasia\": {\n        \"precision\": 0.6602150797843933,\n        \"recall\": 0.8950437307357788,\n        \"f1-score\": 0.7599009871482849,\n        \"specificity\": 0.9899930357933044\n    },\n    \"Normal\": {\n        \"precision\": 0.9873630404472351,\n        \"recall\": 0.9093350768089294,\n        \"f1-score\": 0.9467440843582153,\n        \"specificity\": 0.9628088474273682\n    },\n    \"Polyp\": {\n        \"precision\": 0.5021644830703735,\n        \"recall\": 0.6959999799728394,\n        \"f1-score\": 0.5834031701087952,\n        \"specificity\": 0.9779298901557922\n    },\n    \"Ulcer\": {\n        \"precision\": 0.932659924030304,\n        \"recall\": 0.9685314893722534,\n        \"f1-score\": 0.9502573013305664,\n        \"specificity\": 0.9987378716468811\n    },\n    \"Worms\": {\n        \"precision\": 0.9054054021835327,\n        \"recall\": 0.9852941036224365,\n        \"f1-score\": 0.9436619877815247,\n        \"specificity\": 0.9995642304420471\n    },\n    \"macro avg\": {\n        \"precision\": 0.6975222826004028,\n        \"recall\": 0.8324867486953735,\n        \"f1-score\": 0.7529977560043335,\n        \"specificity\": 0.9840770959854126\n    },\n    \"accuracy\": 0.8737912178039551,\n    \"auc_roc_scores\": {\n        \"Angioectasia\": 0.9718208312988281,\n        \"Bleeding\": 0.9906613826751709,\n        \"Erosion\": 0.9347689151763916,\n        \"Erythema\": 0.9759726524353027,\n        \"Foreign Body\": 0.9867033958435059,\n        \"Lymphangiectasia\": 0.985851526260376,\n        \"Normal\": 0.9847284555435181,\n        \"Polyp\": 0.9724306464195251,\n        \"Ulcer\": 0.9997299313545227,\n        \"Worms\": 0.9990543127059937\n    },\n    \"mean_auc\": 0.9801722764968872,\n    \"average_precision_scores\": {\n        \"Angioectasia\": 0.7972780466079712,\n        \"Bleeding\": 0.875662088394165,\n        \"Erosion\": 0.6384230852127075,\n        \"Erythema\": 0.5963136553764343,\n        \"Foreign Body\": 0.921487033367157,\n        \"Lymphangiectasia\": 0.8900030851364136,\n        \"Normal\": 0.9951399564743042,\n        \"Polyp\": 0.6755712628364563,\n        \"Ulcer\": 0.9880365133285522,\n        \"Worms\": 0.9842095375061035\n    },\n    \"mean_average_precision\": 0.8362124562263489,\n    \"mean_f1_score\": 0.7529977560043335,\n    \"mean_specificity\": 0.9840770959854126,\n    \"mean_sensitivity\": 0.8324867486953735,\n    \"balanced_accuracy\": 0.8324867486953735\n}"
}