{
    "epoch": 5,
    "train_metrics": "{\n    \"Angioectasia\": {\n        \"precision\": 0.8930107355117798,\n        \"recall\": 0.8837456703186035,\n        \"f1-score\": 0.8883540630340576,\n        \"specificity\": 0.9882415533065796\n    },\n    \"Bleeding\": {\n        \"precision\": 0.9209098219871521,\n        \"recall\": 0.9354161024093628,\n        \"f1-score\": 0.9281062483787537,\n        \"specificity\": 0.9909462332725525\n    },\n    \"Erosion\": {\n        \"precision\": 0.748970091342926,\n        \"recall\": 0.7362310886383057,\n        \"f1-score\": 0.7425459623336792,\n        \"specificity\": 0.973040759563446\n    },\n    \"Erythema\": {\n        \"precision\": 0.8381152749061584,\n        \"recall\": 0.8529332876205444,\n        \"f1-score\": 0.8454594016075134,\n        \"specificity\": 0.9818444848060608\n    },\n    \"Foreign Body\": {\n        \"precision\": 0.9427645802497864,\n        \"recall\": 0.9473684430122375,\n        \"f1-score\": 0.9450609087944031,\n        \"specificity\": 0.9937501549720764\n    },\n    \"Lymphangiectasia\": {\n        \"precision\": 0.9494040012359619,\n        \"recall\": 0.9461457133293152,\n        \"f1-score\": 0.9477720260620117,\n        \"specificity\": 0.9943522810935974\n    },\n    \"Normal\": {\n        \"precision\": 0.8936805129051208,\n        \"recall\": 0.8691638112068176,\n        \"f1-score\": 0.8812516927719116,\n        \"specificity\": 0.9884078502655029\n    },\n    \"Polyp\": {\n        \"precision\": 0.8588863611221313,\n        \"recall\": 0.8758102059364319,\n        \"f1-score\": 0.8672657012939453,\n        \"specificity\": 0.9835555553436279\n    },\n    \"Ulcer\": {\n        \"precision\": 0.9828876852989197,\n        \"recall\": 0.984467089176178,\n        \"f1-score\": 0.9836767315864563,\n        \"specificity\": 0.9981105923652649\n    },\n    \"Worms\": {\n        \"precision\": 0.9949184060096741,\n        \"recall\": 0.9930592775344849,\n        \"f1-score\": 0.9939879775047302,\n        \"specificity\": 0.9994388818740845\n    },\n    \"macro avg\": {\n        \"precision\": 0.9023547172546387,\n        \"recall\": 0.9024340510368347,\n        \"f1-score\": 0.9023481607437134,\n        \"specificity\": 0.9891688227653503\n    },\n    \"accuracy\": 0.9025181531906128,\n    \"auc_roc_scores\": {\n        \"Angioectasia\": 0.9938286542892456,\n        \"Bleeding\": 0.9973782300949097,\n        \"Erosion\": 0.9703125357627869,\n        \"Erythema\": 0.9894520044326782,\n        \"Foreign Body\": 0.9983527660369873,\n        \"Lymphangiectasia\": 0.998141884803772,\n        \"Normal\": 0.9892896413803101,\n        \"Polyp\": 0.9915475249290466,\n        \"Ulcer\": 0.9998375773429871,\n        \"Worms\": 0.9999783635139465\n    },\n    \"mean_auc\": 0.9928119778633118,\n    \"average_precision_scores\": {\n        \"Angioectasia\": 0.9597766399383545,\n        \"Bleeding\": 0.9790962934494019,\n        \"Erosion\": 0.8235805034637451,\n        \"Erythema\": 0.9149035215377808,\n        \"Foreign Body\": 0.9874609708786011,\n        \"Lymphangiectasia\": 0.9870169162750244,\n        \"Normal\": 0.9456630945205688,\n        \"Polyp\": 0.9379450082778931,\n        \"Ulcer\": 0.998765766620636,\n        \"Worms\": 0.9998070597648621\n    },\n    \"mean_average_precision\": 0.9534015655517578,\n    \"mean_f1_score\": 0.9023481607437134,\n    \"mean_specificity\": 0.9891688227653503,\n    \"mean_sensitivity\": 0.9024340510368347,\n    \"balanced_accuracy\": 0.9024340510368347\n}",
    "test_metrics": "{\n    \"Angioectasia\": {\n        \"precision\": 0.5393103361129761,\n        \"recall\": 0.786720335483551,\n        \"f1-score\": 0.6399345397949219,\n        \"specificity\": 0.9786376953125\n    },\n    \"Bleeding\": {\n        \"precision\": 0.6744681000709534,\n        \"recall\": 0.8830083608627319,\n        \"f1-score\": 0.7647768259048462,\n        \"specificity\": 0.9902998805046082\n    },\n    \"Erosion\": {\n        \"precision\": 0.5111402273178101,\n        \"recall\": 0.6753246784210205,\n        \"f1-score\": 0.5818724632263184,\n        \"specificity\": 0.9501903057098389\n    },\n    \"Erythema\": {\n        \"precision\": 0.36000001430511475,\n        \"recall\": 0.6363636255264282,\n        \"f1-score\": 0.45985400676727295,\n        \"specificity\": 0.9787811636924744\n    },\n    \"Foreign Body\": {\n        \"precision\": 0.7111111283302307,\n        \"recall\": 0.8470588326454163,\n        \"f1-score\": 0.7731543779373169,\n        \"specificity\": 0.9925912022590637\n    },\n    \"Lymphangiectasia\": {\n        \"precision\": 0.6917647123336792,\n        \"recall\": 0.8571428656578064,\n        \"f1-score\": 0.765625,\n        \"specificity\": 0.9917030930519104\n    },\n    \"Normal\": {\n        \"precision\": 0.99308180809021,\n        \"recall\": 0.876210629940033,\n        \"f1-score\": 0.9309927225112915,\n        \"specificity\": 0.9804941415786743\n    },\n    \"Polyp\": {\n        \"precision\": 0.45173266530036926,\n        \"recall\": 0.7300000190734863,\n        \"f1-score\": 0.5581039786338806,\n        \"specificity\": 0.9716606736183167\n    },\n    \"Ulcer\": {\n        \"precision\": 0.8017492890357971,\n        \"recall\": 0.9615384340286255,\n        \"f1-score\": 0.8744038343429565,\n        \"specificity\": 0.995708703994751\n    },\n    \"Worms\": {\n        \"precision\": 0.96875,\n        \"recall\": 0.9117646813392639,\n        \"f1-score\": 0.939393937587738,\n        \"specificity\": 0.9998754858970642\n    },\n    \"macro avg\": {\n        \"precision\": 0.6703108549118042,\n        \"recall\": 0.8165132403373718,\n        \"f1-score\": 0.7288112044334412,\n        \"specificity\": 0.9829942584037781\n    },\n    \"accuracy\": 0.8509174585342407,\n    \"auc_roc_scores\": {\n        \"Angioectasia\": 0.9719613790512085,\n        \"Bleeding\": 0.9883321523666382,\n        \"Erosion\": 0.9454956650733948,\n        \"Erythema\": 0.9629004597663879,\n        \"Foreign Body\": 0.9878769516944885,\n        \"Lymphangiectasia\": 0.9863605499267578,\n        \"Normal\": 0.9831112623214722,\n        \"Polyp\": 0.9722216129302979,\n        \"Ulcer\": 0.9988574385643005,\n        \"Worms\": 0.999916672706604\n    },\n    \"mean_auc\": 0.9797033667564392,\n    \"average_precision_scores\": {\n        \"Angioectasia\": 0.788765549659729,\n        \"Bleeding\": 0.8801028728485107,\n        \"Erosion\": 0.6613257527351379,\n        \"Erythema\": 0.5122252702713013,\n        \"Foreign Body\": 0.8938290476799011,\n        \"Lymphangiectasia\": 0.8567459583282471,\n        \"Normal\": 0.9947373867034912,\n        \"Polyp\": 0.6061438322067261,\n        \"Ulcer\": 0.9704753756523132,\n        \"Worms\": 0.9874152541160583\n    },\n    \"mean_average_precision\": 0.8151766061782837,\n    \"mean_f1_score\": 0.7288112044334412,\n    \"mean_specificity\": 0.9829942584037781,\n    \"mean_sensitivity\": 0.8165132403373718,\n    \"balanced_accuracy\": 0.8165132403373718\n}"
}