{
    "Angioectasia": {
        "precision": 0.9795060157775879,
        "recall": 0.976427435874939,
        "f1-score": 0.9779643416404724,
        "specificity": 0.9976915717124939
    },
    "Bleeding": {
        "precision": 0.9687983393669128,
        "recall": 0.9804279804229736,
        "f1-score": 0.9745784401893616,
        "specificity": 0.9964174628257751
    },
    "Erosion": {
        "precision": 0.9554756879806519,
        "recall": 0.9285138249397278,
        "f1-score": 0.9418018460273743,
        "specificity": 0.9952487945556641
    },
    "Erythema": {
        "precision": 0.9537060856819153,
        "recall": 0.9713907241821289,
        "f1-score": 0.9624671936035156,
        "specificity": 0.9947386980056763
    },
    "Foreign Body": {
        "precision": 0.9741746783256531,
        "recall": 0.986785352230072,
        "f1-score": 0.9804394245147705,
        "specificity": 0.9971385598182678
    },
    "Lymphangiectasia": {
        "precision": 0.9827491641044617,
        "recall": 0.9827491641044617,
        "f1-score": 0.9827491641044617,
        "specificity": 0.9981446266174316
    },
    "Normal": {
        "precision": 0.9886842370033264,
        "recall": 0.975844144821167,
        "f1-score": 0.9822221994400024,
        "specificity": 0.9987261891365051
    },
    "Polyp": {
        "precision": 0.9702267050743103,
        "recall": 0.9710224270820618,
        "f1-score": 0.9706243872642517,
        "specificity": 0.996789276599884
    },
    "Ulcer": {
        "precision": 0.9997369647026062,
        "recall": 0.9997369647026062,
        "f1-score": 0.9997369647026062,
        "specificity": 0.9999704360961914
    },
    "Worms": {
        "precision": 0.9992086291313171,
        "recall": 0.9992086291313171,
        "f1-score": 0.9992086291313171,
        "specificity": 0.9999113082885742
    },
    "accuracy": 0.977291464805603,
    "macro avg": {
        "precision": 0.9772266745567322,
        "recall": 0.9772106409072876,
        "f1-score": 0.9771793484687805,
        "specificity": 0.9974777102470398
    },
    "auc_roc_scores": {
        "Angioectasia": 0.9997667670249939,
        "Bleeding": 0.9997697472572327,
        "Erosion": 0.9984080791473389,
        "Erythema": 0.9995278120040894,
        "Foreign Body": 0.9998602867126465,
        "Lymphangiectasia": 0.9999040961265564,
        "Normal": 0.9993706345558167,
        "Polyp": 0.9996588826179504,
        "Ulcer": 1.0,
        "Worms": 0.9999992847442627
    },
    "average_precision_scores": {
        "Angioectasia": 0.9981067180633545,
        "Bleeding": 0.9979915618896484,
        "Erosion": 0.9874845743179321,
        "Erythema": 0.9957761764526367,
        "Foreign Body": 0.9987277984619141,
        "Lymphangiectasia": 0.9991395473480225,
        "Normal": 0.9965989589691162,
        "Polyp": 0.9969716668128967,
        "Ulcer": 0.9999998211860657,
        "Worms": 0.9999933242797852
    },
    "mean_auc": 0.9996265769004822,
    "mean_average_precision": 0.9970790147781372
}