{
    "epoch": 8,
    "train_metrics": "{\n    \"Angioectasia\": {\n        \"precision\": 0.9060728549957275,\n        \"recall\": 0.8892714977264404,\n        \"f1-score\": 0.8975935578346252,\n        \"specificity\": 0.9897139072418213\n    },\n    \"Bleeding\": {\n        \"precision\": 0.9363758563995361,\n        \"recall\": 0.9427027106285095,\n        \"f1-score\": 0.9395286440849304,\n        \"specificity\": 0.9930102825164795\n    },\n    \"Erosion\": {\n        \"precision\": 0.7794845104217529,\n        \"recall\": 0.7827451229095459,\n        \"f1-score\": 0.7811114192008972,\n        \"specificity\": 0.9749274849891663\n    },\n    \"Erythema\": {\n        \"precision\": 0.859757661819458,\n        \"recall\": 0.8804118037223816,\n        \"f1-score\": 0.8699621558189392,\n        \"specificity\": 0.9839143753051758\n    },\n    \"Foreign Body\": {\n        \"precision\": 0.9483036994934082,\n        \"recall\": 0.9495820999145508,\n        \"f1-score\": 0.9489424824714661,\n        \"specificity\": 0.994335949420929\n    },\n    \"Lymphangiectasia\": {\n        \"precision\": 0.9526191353797913,\n        \"recall\": 0.9526191353797913,\n        \"f1-score\": 0.9526191353797913,\n        \"specificity\": 0.9946758151054382\n    },\n    \"Normal\": {\n        \"precision\": 0.9163203239440918,\n        \"recall\": 0.8877852559089661,\n        \"f1-score\": 0.9018270969390869,\n        \"specificity\": 0.9910867214202881\n    },\n    \"Polyp\": {\n        \"precision\": 0.8719431757926941,\n        \"recall\": 0.8845025300979614,\n        \"f1-score\": 0.8781779408454895,\n        \"specificity\": 0.9856163859367371\n    },\n    \"Ulcer\": {\n        \"precision\": 0.9895694255828857,\n        \"recall\": 0.9893048405647278,\n        \"f1-score\": 0.9894371032714844,\n        \"specificity\": 0.9988484382629395\n    },\n    \"Worms\": {\n        \"precision\": 0.995254397392273,\n        \"recall\": 0.9942059516906738,\n        \"f1-score\": 0.9947299361228943,\n        \"specificity\": 0.9994676113128662\n    },\n    \"macro avg\": {\n        \"precision\": 0.915570080280304,\n        \"recall\": 0.915313184261322,\n        \"f1-score\": 0.9153928756713867,\n        \"specificity\": 0.9905597567558289\n    },\n    \"accuracy\": 0.9150689840316772,\n    \"auc_roc_scores\": {\n        \"Angioectasia\": 0.9943569898605347,\n        \"Bleeding\": 0.9980032444000244,\n        \"Erosion\": 0.9785573482513428,\n        \"Erythema\": 0.9930460453033447,\n        \"Foreign Body\": 0.998581051826477,\n        \"Lymphangiectasia\": 0.9984705448150635,\n        \"Normal\": 0.9928269982337952,\n        \"Polyp\": 0.9931249022483826,\n        \"Ulcer\": 0.9998881220817566,\n        \"Worms\": 0.9999724626541138\n    },\n    \"mean_auc\": 0.994682788848877,\n    \"average_precision_scores\": {\n        \"Angioectasia\": 0.9651458263397217,\n        \"Bleeding\": 0.9847302436828613,\n        \"Erosion\": 0.869292676448822,\n        \"Erythema\": 0.9412793517112732,\n        \"Foreign Body\": 0.9900704622268677,\n        \"Lymphangiectasia\": 0.9901436567306519,\n        \"Normal\": 0.9616307020187378,\n        \"Polyp\": 0.9469119310379028,\n        \"Ulcer\": 0.9992108345031738,\n        \"Worms\": 0.9997758269309998\n    },\n    \"mean_average_precision\": 0.9648191332817078,\n    \"mean_f1_score\": 0.9153928756713867,\n    \"mean_specificity\": 0.9905597567558289,\n    \"mean_sensitivity\": 0.915313184261322,\n    \"balanced_accuracy\": 0.915313184261322\n}",
    "test_metrics": "{\n    \"Angioectasia\": {\n        \"precision\": 0.6106623411178589,\n        \"recall\": 0.7605633735656738,\n        \"f1-score\": 0.6774193644523621,\n        \"specificity\": 0.9845858812332153\n    },\n    \"Bleeding\": {\n        \"precision\": 0.6674107313156128,\n        \"recall\": 0.8328690528869629,\n        \"f1-score\": 0.7410160899162292,\n        \"specificity\": 0.9905534982681274\n    },\n    \"Erosion\": {\n        \"precision\": 0.6349960565567017,\n        \"recall\": 0.694372296333313,\n        \"f1-score\": 0.6633581519126892,\n        \"specificity\": 0.969219446182251\n    },\n    \"Erythema\": {\n        \"precision\": 0.4071730077266693,\n        \"recall\": 0.6498316526412964,\n        \"f1-score\": 0.5006484985351562,\n        \"specificity\": 0.9822545051574707\n    },\n    \"Foreign Body\": {\n        \"precision\": 0.746835470199585,\n        \"recall\": 0.8676470518112183,\n        \"f1-score\": 0.8027210831642151,\n        \"specificity\": 0.9936676621437073\n    },\n    \"Lymphangiectasia\": {\n        \"precision\": 0.5868725776672363,\n        \"recall\": 0.8862974047660828,\n        \"f1-score\": 0.7061556577682495,\n        \"specificity\": 0.9864462614059448\n    },\n    \"Normal\": {\n        \"precision\": 0.9892929792404175,\n        \"recall\": 0.9099047780036926,\n        \"f1-score\": 0.9479396343231201,\n        \"specificity\": 0.968530535697937\n    },\n    \"Polyp\": {\n        \"precision\": 0.531734824180603,\n        \"recall\": 0.7540000081062317,\n        \"f1-score\": 0.6236559152603149,\n        \"specificity\": 0.9787614941596985\n    },\n    \"Ulcer\": {\n        \"precision\": 0.845678985118866,\n        \"recall\": 0.9580419659614563,\n        \"f1-score\": 0.8983606696128845,\n        \"specificity\": 0.9968446493148804\n    },\n    \"Worms\": {\n        \"precision\": 0.8395061492919922,\n        \"recall\": 1.0,\n        \"f1-score\": 0.9127516746520996,\n        \"specificity\": 0.9991907477378845\n    },\n    \"macro avg\": {\n        \"precision\": 0.686016321182251,\n        \"recall\": 0.8313528299331665,\n        \"f1-score\": 0.7474027276039124,\n        \"specificity\": 0.9850054979324341\n    },\n    \"accuracy\": 0.8783783912658691,\n    \"auc_roc_scores\": {\n        \"Angioectasia\": 0.972759485244751,\n        \"Bleeding\": 0.9883671402931213,\n        \"Erosion\": 0.9637463092803955,\n        \"Erythema\": 0.9707675576210022,\n        \"Foreign Body\": 0.9884390234947205,\n        \"Lymphangiectasia\": 0.9892481565475464,\n        \"Normal\": 0.9877607822418213,\n        \"Polyp\": 0.9773995876312256,\n        \"Ulcer\": 0.998713493347168,\n        \"Worms\": 0.9999752640724182\n    },\n    \"mean_auc\": 0.9837176203727722,\n    \"average_precision_scores\": {\n        \"Angioectasia\": 0.7878331542015076,\n        \"Bleeding\": 0.8614682555198669,\n        \"Erosion\": 0.7343185544013977,\n        \"Erythema\": 0.5431686043739319,\n        \"Foreign Body\": 0.9086524248123169,\n        \"Lymphangiectasia\": 0.8875377774238586,\n        \"Normal\": 0.9961454272270203,\n        \"Polyp\": 0.7028633952140808,\n        \"Ulcer\": 0.9732099771499634,\n        \"Worms\": 0.9940536618232727\n    },\n    \"mean_average_precision\": 0.8389251828193665,\n    \"mean_f1_score\": 0.7474027276039124,\n    \"mean_specificity\": 0.9850054979324341,\n    \"mean_sensitivity\": 0.8313528299331665,\n    \"balanced_accuracy\": 0.8313528299331665\n}"
}