{
    "epoch": 6,
    "train_metrics": "{\n    \"Angioectasia\": {\n        \"precision\": 0.8840503692626953,\n        \"recall\": 0.8692287802696228,\n        \"f1-score\": 0.8765769004821777,\n        \"specificity\": 0.9868959188461304\n    },\n    \"Bleeding\": {\n        \"precision\": 0.9258878231048584,\n        \"recall\": 0.936247706413269,\n        \"f1-score\": 0.9310389161109924,\n        \"specificity\": 0.991470217704773\n    },\n    \"Erosion\": {\n        \"precision\": 0.7252536416053772,\n        \"recall\": 0.7228751182556152,\n        \"f1-score\": 0.724062442779541,\n        \"specificity\": 0.9704842567443848\n    },\n    \"Erythema\": {\n        \"precision\": 0.8199163675308228,\n        \"recall\": 0.8363103270530701,\n        \"f1-score\": 0.8280321955680847,\n        \"specificity\": 0.9796491265296936\n    },\n    \"Foreign Body\": {\n        \"precision\": 0.9461847543716431,\n        \"recall\": 0.9413958191871643,\n        \"f1-score\": 0.943784236907959,\n        \"specificity\": 0.9940625429153442\n    },\n    \"Lymphangiectasia\": {\n        \"precision\": 0.9479847550392151,\n        \"recall\": 0.9375168085098267,\n        \"f1-score\": 0.9427217245101929,\n        \"specificity\": 0.9943647980690002\n    },\n    \"Normal\": {\n        \"precision\": 0.9010571837425232,\n        \"recall\": 0.8747368454933167,\n        \"f1-score\": 0.8877019882202148,\n        \"specificity\": 0.9892033934593201\n    },\n    \"Polyp\": {\n        \"precision\": 0.8364596962928772,\n        \"recall\": 0.8617311120033264,\n        \"f1-score\": 0.8489073514938354,\n        \"specificity\": 0.981758177280426\n    },\n    \"Ulcer\": {\n        \"precision\": 0.9800838828086853,\n        \"recall\": 0.9834341406822205,\n        \"f1-score\": 0.9817561507225037,\n        \"specificity\": 0.997751772403717\n    },\n    \"Worms\": {\n        \"precision\": 0.9903717637062073,\n        \"recall\": 0.9919635653495789,\n        \"f1-score\": 0.9911670088768005,\n        \"specificity\": 0.9989372491836548\n    },\n    \"macro avg\": {\n        \"precision\": 0.8957250714302063,\n        \"recall\": 0.8955440521240234,\n        \"f1-score\": 0.8955749869346619,\n        \"specificity\": 0.9884577989578247\n    },\n    \"accuracy\": 0.896056592464447,\n    \"auc_roc_scores\": {\n        \"Angioectasia\": 0.9915355443954468,\n        \"Bleeding\": 0.997347354888916,\n        \"Erosion\": 0.969285786151886,\n        \"Erythema\": 0.9879474639892578,\n        \"Foreign Body\": 0.9980155229568481,\n        \"Lymphangiectasia\": 0.9974782466888428,\n        \"Normal\": 0.9900635480880737,\n        \"Polyp\": 0.9902098178863525,\n        \"Ulcer\": 0.9998054504394531,\n        \"Worms\": 0.9999529123306274\n    },\n    \"mean_auc\": 0.992164134979248,\n    \"average_precision_scores\": {\n        \"Angioectasia\": 0.9510186910629272,\n        \"Bleeding\": 0.9798733592033386,\n        \"Erosion\": 0.8157399296760559,\n        \"Erythema\": 0.903714656829834,\n        \"Foreign Body\": 0.9868218898773193,\n        \"Lymphangiectasia\": 0.985102117061615,\n        \"Normal\": 0.9511802792549133,\n        \"Polyp\": 0.9254462718963623,\n        \"Ulcer\": 0.9983622431755066,\n        \"Worms\": 0.9995633959770203\n    },\n    \"mean_average_precision\": 0.949682354927063,\n    \"mean_f1_score\": 0.8955749869346619,\n    \"mean_specificity\": 0.9884577989578247,\n    \"mean_sensitivity\": 0.8955440521240234,\n    \"balanced_accuracy\": 0.8955440521240234\n}",
    "test_metrics": "{\n    \"Angioectasia\": {\n        \"precision\": 0.6070853471755981,\n        \"recall\": 0.758551299571991,\n        \"f1-score\": 0.6744186282157898,\n        \"specificity\": 0.9843940138816833\n    },\n    \"Bleeding\": {\n        \"precision\": 0.6401673555374146,\n        \"recall\": 0.8523676991462708,\n        \"f1-score\": 0.7311828136444092,\n        \"specificity\": 0.9890952706336975\n    },\n    \"Erosion\": {\n        \"precision\": 0.5464481115341187,\n        \"recall\": 0.6926407217979431,\n        \"f1-score\": 0.6109201908111572,\n        \"specificity\": 0.9556653499603271\n    },\n    \"Erythema\": {\n        \"precision\": 0.3685151934623718,\n        \"recall\": 0.6936026811599731,\n        \"f1-score\": 0.4813084006309509,\n        \"specificity\": 0.9777076244354248\n    },\n    \"Foreign Body\": {\n        \"precision\": 0.661605179309845,\n        \"recall\": 0.8970588445663452,\n        \"f1-score\": 0.7615480422973633,\n        \"specificity\": 0.990121603012085\n    },\n    \"Lymphangiectasia\": {\n        \"precision\": 0.6712018251419067,\n        \"recall\": 0.8629737496376038,\n        \"f1-score\": 0.7551020383834839,\n        \"specificity\": 0.9908164143562317\n    },\n    \"Normal\": {\n        \"precision\": 0.9889646768569946,\n        \"recall\": 0.8971270322799683,\n        \"f1-score\": 0.940809965133667,\n        \"specificity\": 0.968010425567627\n    },\n    \"Polyp\": {\n        \"precision\": 0.5427135825157166,\n        \"recall\": 0.6480000019073486,\n        \"f1-score\": 0.5907019376754761,\n        \"specificity\": 0.9825358390808105\n    },\n    \"Ulcer\": {\n        \"precision\": 0.9479166865348816,\n        \"recall\": 0.9545454382896423,\n        \"f1-score\": 0.9512194991111755,\n        \"specificity\": 0.999053418636322\n    },\n    \"Worms\": {\n        \"precision\": 0.8701298832893372,\n        \"recall\": 0.9852941036224365,\n        \"f1-score\": 0.9241379499435425,\n        \"specificity\": 0.9993774890899658\n    },\n    \"macro avg\": {\n        \"precision\": 0.684474766254425,\n        \"recall\": 0.8242160677909851,\n        \"f1-score\": 0.7421349883079529,\n        \"specificity\": 0.9836776852607727\n    },\n    \"accuracy\": 0.8664146065711975,\n    \"auc_roc_scores\": {\n        \"Angioectasia\": 0.9698448181152344,\n        \"Bleeding\": 0.9914379715919495,\n        \"Erosion\": 0.9466260671615601,\n        \"Erythema\": 0.9641761779785156,\n        \"Foreign Body\": 0.9829789400100708,\n        \"Lymphangiectasia\": 0.9904749393463135,\n        \"Normal\": 0.9862505197525024,\n        \"Polyp\": 0.9743632078170776,\n        \"Ulcer\": 0.9998315572738647,\n        \"Worms\": 0.9999533295631409\n    },\n    \"mean_auc\": 0.9805938005447388,\n    \"average_precision_scores\": {\n        \"Angioectasia\": 0.7778748273849487,\n        \"Bleeding\": 0.8505716919898987,\n        \"Erosion\": 0.6773132085800171,\n        \"Erythema\": 0.5499855279922485,\n        \"Foreign Body\": 0.8937667608261108,\n        \"Lymphangiectasia\": 0.8839617967605591,\n        \"Normal\": 0.9957162141799927,\n        \"Polyp\": 0.6596177816390991,\n        \"Ulcer\": 0.9916589260101318,\n        \"Worms\": 0.9918925762176514\n    },\n    \"mean_average_precision\": 0.827235996723175,\n    \"mean_f1_score\": 0.7421349883079529,\n    \"mean_specificity\": 0.9836776852607727,\n    \"mean_sensitivity\": 0.8242160677909851,\n    \"balanced_accuracy\": 0.8242160677909851\n}"
}