{
    "epoch": 18,
    "train_metrics": "{\n    \"Angioectasia\": {\n        \"precision\": 0.9475226402282715,\n        \"recall\": 0.9462623000144958,\n        \"f1-score\": 0.9468920826911926,\n        \"specificity\": 0.9941798448562622\n    },\n    \"Bleeding\": {\n        \"precision\": 0.9547499418258667,\n        \"recall\": 0.9634178876876831,\n        \"f1-score\": 0.9590643048286438,\n        \"specificity\": 0.9949501156806946\n    },\n    \"Erosion\": {\n        \"precision\": 0.878830075263977,\n        \"recall\": 0.8742033839225769,\n        \"f1-score\": 0.8765106201171875,\n        \"specificity\": 0.9872051477432251\n    },\n    \"Erythema\": {\n        \"precision\": 0.9277169704437256,\n        \"recall\": 0.9428349733352661,\n        \"f1-score\": 0.9352148771286011,\n        \"specificity\": 0.9915829300880432\n    },\n    \"Foreign Body\": {\n        \"precision\": 0.9698890447616577,\n        \"recall\": 0.9737470149993896,\n        \"f1-score\": 0.9718142151832581,\n        \"specificity\": 0.9966307878494263\n    },\n    \"Lymphangiectasia\": {\n        \"precision\": 0.970392107963562,\n        \"recall\": 0.9729874134063721,\n        \"f1-score\": 0.9716880321502686,\n        \"specificity\": 0.9967225790023804\n    },\n    \"Normal\": {\n        \"precision\": 0.9597039222717285,\n        \"recall\": 0.9301275014877319,\n        \"f1-score\": 0.9446842670440674,\n        \"specificity\": 0.995656430721283\n    },\n    \"Polyp\": {\n        \"precision\": 0.9334708452224731,\n        \"recall\": 0.9378238320350647,\n        \"f1-score\": 0.9356423020362854,\n        \"specificity\": 0.9923548698425293\n    },\n    \"Ulcer\": {\n        \"precision\": 0.9956733584403992,\n        \"recall\": 0.9948662519454956,\n        \"f1-score\": 0.9952696561813354,\n        \"specificity\": 0.9995281100273132\n    },\n    \"Worms\": {\n        \"precision\": 0.9978924989700317,\n        \"recall\": 0.9986817836761475,\n        \"f1-score\": 0.9982870221138,\n        \"specificity\": 0.9997634291648865\n    },\n    \"macro avg\": {\n        \"precision\": 0.9535841345787048,\n        \"recall\": 0.9534952044487,\n        \"f1-score\": 0.9535067677497864,\n        \"specificity\": 0.9948574304580688\n    },\n    \"accuracy\": 0.9537054300308228,\n    \"auc_roc_scores\": {\n        \"Angioectasia\": 0.9986603260040283,\n        \"Bleeding\": 0.9993242621421814,\n        \"Erosion\": 0.9925593137741089,\n        \"Erythema\": 0.997938334941864,\n        \"Foreign Body\": 0.9994018077850342,\n        \"Lymphangiectasia\": 0.9994813203811646,\n        \"Normal\": 0.9964353442192078,\n        \"Polyp\": 0.9980155229568481,\n        \"Ulcer\": 0.9999793767929077,\n        \"Worms\": 0.9999945163726807\n    },\n    \"mean_auc\": 0.9981790781021118,\n    \"average_precision_scores\": {\n        \"Angioectasia\": 0.9896431565284729,\n        \"Bleeding\": 0.9945083856582642,\n        \"Erosion\": 0.9476152658462524,\n        \"Erythema\": 0.9824696779251099,\n        \"Foreign Body\": 0.9960731863975525,\n        \"Lymphangiectasia\": 0.996015727519989,\n        \"Normal\": 0.9830521941184998,\n        \"Polyp\": 0.9839087128639221,\n        \"Ulcer\": 0.9998112916946411,\n        \"Worms\": 0.9999493360519409\n    },\n    \"mean_average_precision\": 0.9873046875,\n    \"mean_f1_score\": 0.9535067677497864,\n    \"mean_specificity\": 0.9948574304580688,\n    \"mean_sensitivity\": 0.9534952044487,\n    \"balanced_accuracy\": 0.9534952044487\n}",
    "test_metrics": "{\n    \"Angioectasia\": {\n        \"precision\": 0.6994535326957703,\n        \"recall\": 0.772635817527771,\n        \"f1-score\": 0.7342256307601929,\n        \"specificity\": 0.989446759223938\n    },\n    \"Bleeding\": {\n        \"precision\": 0.7598039507865906,\n        \"recall\": 0.8635097742080688,\n        \"f1-score\": 0.8083441853523254,\n        \"specificity\": 0.9937868714332581\n    },\n    \"Erosion\": {\n        \"precision\": 0.644510805606842,\n        \"recall\": 0.7471861243247986,\n        \"f1-score\": 0.6920609474182129,\n        \"specificity\": 0.9682179093360901\n    },\n    \"Erythema\": {\n        \"precision\": 0.49253731966018677,\n        \"recall\": 0.6666666865348816,\n        \"f1-score\": 0.5665236115455627,\n        \"specificity\": 0.9871171712875366\n    },\n    \"Foreign Body\": {\n        \"precision\": 0.75,\n        \"recall\": 0.8999999761581421,\n        \"f1-score\": 0.8181818127632141,\n        \"specificity\": 0.9935410618782043\n    },\n    \"Lymphangiectasia\": {\n        \"precision\": 0.7050691246986389,\n        \"recall\": 0.8921282887458801,\n        \"f1-score\": 0.7876448035240173,\n        \"specificity\": 0.9918931126594543\n    },\n    \"Normal\": {\n        \"precision\": 0.9902752637863159,\n        \"recall\": 0.928216814994812,\n        \"f1-score\": 0.9582422971725464,\n        \"specificity\": 0.9708712697029114\n    },\n    \"Polyp\": {\n        \"precision\": 0.5389049053192139,\n        \"recall\": 0.7480000257492065,\n        \"f1-score\": 0.6264656782150269,\n        \"specificity\": 0.9795291423797607\n    },\n    \"Ulcer\": {\n        \"precision\": 0.9155844449996948,\n        \"recall\": 0.9860140085220337,\n        \"f1-score\": 0.9494949579238892,\n        \"specificity\": 0.998359203338623\n    },\n    \"Worms\": {\n        \"precision\": 0.931506872177124,\n        \"recall\": 1.0,\n        \"f1-score\": 0.9645389914512634,\n        \"specificity\": 0.9996887445449829\n    },\n    \"macro avg\": {\n        \"precision\": 0.7427646517753601,\n        \"recall\": 0.850435733795166,\n        \"f1-score\": 0.7905722856521606,\n        \"specificity\": 0.9872452020645142\n    },\n    \"accuracy\": 0.898586630821228,\n    \"auc_roc_scores\": {\n        \"Angioectasia\": 0.9772011041641235,\n        \"Bleeding\": 0.9904997944831848,\n        \"Erosion\": 0.9653077125549316,\n        \"Erythema\": 0.9695426225662231,\n        \"Foreign Body\": 0.9898850321769714,\n        \"Lymphangiectasia\": 0.9899230599403381,\n        \"Normal\": 0.9909570217132568,\n        \"Polyp\": 0.9775549173355103,\n        \"Ulcer\": 0.999933123588562,\n        \"Worms\": 1.0\n    },\n    \"mean_auc\": 0.9850804209709167,\n    \"average_precision_scores\": {\n        \"Angioectasia\": 0.8117225170135498,\n        \"Bleeding\": 0.8899721503257751,\n        \"Erosion\": 0.7692633271217346,\n        \"Erythema\": 0.5958490967750549,\n        \"Foreign Body\": 0.9255452156066895,\n        \"Lymphangiectasia\": 0.8947762846946716,\n        \"Normal\": 0.9971861243247986,\n        \"Polyp\": 0.7036533355712891,\n        \"Ulcer\": 0.9965173602104187,\n        \"Worms\": 1.0\n    },\n    \"mean_average_precision\": 0.8584486246109009,\n    \"mean_f1_score\": 0.7905722856521606,\n    \"mean_specificity\": 0.9872452020645142,\n    \"mean_sensitivity\": 0.850435733795166,\n    \"balanced_accuracy\": 0.850435733795166\n}"
}