{
    "epoch": 19,
    "train_metrics": "{\n    \"Angioectasia\": {\n        \"precision\": 0.9492089748382568,\n        \"recall\": 0.9492089748382568,\n        \"f1-score\": 0.9492089748382568,\n        \"specificity\": 0.99461829662323\n    },\n    \"Bleeding\": {\n        \"precision\": 0.9587709903717041,\n        \"recall\": 0.9679215550422668,\n        \"f1-score\": 0.9633245468139648,\n        \"specificity\": 0.9953598380088806\n    },\n    \"Erosion\": {\n        \"precision\": 0.8838992118835449,\n        \"recall\": 0.8752711415290833,\n        \"f1-score\": 0.8795640468597412,\n        \"specificity\": 0.9874996542930603\n    },\n    \"Erythema\": {\n        \"precision\": 0.9266389012336731,\n        \"recall\": 0.9438261985778809,\n        \"f1-score\": 0.935153603553772,\n        \"specificity\": 0.9916649460792542\n    },\n    \"Foreign Body\": {\n        \"precision\": 0.971823513507843,\n        \"recall\": 0.9689902067184448,\n        \"f1-score\": 0.9704048037528992,\n        \"specificity\": 0.9968670606613159\n    },\n    \"Lymphangiectasia\": {\n        \"precision\": 0.9748313426971436,\n        \"recall\": 0.9750843644142151,\n        \"f1-score\": 0.9749578237533569,\n        \"specificity\": 0.9971262812614441\n    },\n    \"Normal\": {\n        \"precision\": 0.9595687389373779,\n        \"recall\": 0.9324253797531128,\n        \"f1-score\": 0.9458023309707642,\n        \"specificity\": 0.9955607056617737\n    },\n    \"Polyp\": {\n        \"precision\": 0.9354155659675598,\n        \"recall\": 0.9482157230377197,\n        \"f1-score\": 0.9417721629142761,\n        \"specificity\": 0.9927980899810791\n    },\n    \"Ulcer\": {\n        \"precision\": 0.9950209856033325,\n        \"recall\": 0.994760274887085,\n        \"f1-score\": 0.9948906302452087,\n        \"specificity\": 0.999437689781189\n    },\n    \"Worms\": {\n        \"precision\": 0.9981481432914734,\n        \"recall\": 0.9976202845573425,\n        \"f1-score\": 0.9978841543197632,\n        \"specificity\": 0.9997930526733398\n    },\n    \"macro avg\": {\n        \"precision\": 0.9553325772285461,\n        \"recall\": 0.9553323984146118,\n        \"f1-score\": 0.9552963376045227,\n        \"specificity\": 0.9950725436210632\n    },\n    \"accuracy\": 0.9556199908256531,\n    \"auc_roc_scores\": {\n        \"Angioectasia\": 0.9986112117767334,\n        \"Bleeding\": 0.9993972778320312,\n        \"Erosion\": 0.9927946329116821,\n        \"Erythema\": 0.9979767203330994,\n        \"Foreign Body\": 0.999265193939209,\n        \"Lymphangiectasia\": 0.9994847178459167,\n        \"Normal\": 0.9970667362213135,\n        \"Polyp\": 0.9982584714889526,\n        \"Ulcer\": 0.9999836683273315,\n        \"Worms\": 0.9999972581863403\n    },\n    \"mean_auc\": 0.9982835650444031,\n    \"average_precision_scores\": {\n        \"Angioectasia\": 0.9899178147315979,\n        \"Bleeding\": 0.9950896501541138,\n        \"Erosion\": 0.9515581727027893,\n        \"Erythema\": 0.9816756248474121,\n        \"Foreign Body\": 0.995080828666687,\n        \"Lymphangiectasia\": 0.9964039921760559,\n        \"Normal\": 0.9839825630187988,\n        \"Polyp\": 0.9855048656463623,\n        \"Ulcer\": 0.9998576641082764,\n        \"Worms\": 0.9999754428863525\n    },\n    \"mean_average_precision\": 0.9879046678543091,\n    \"mean_f1_score\": 0.9552963376045227,\n    \"mean_specificity\": 0.9950725436210632,\n    \"mean_sensitivity\": 0.9553323984146118,\n    \"balanced_accuracy\": 0.9553323984146118\n}",
    "test_metrics": "{\n    \"Angioectasia\": {\n        \"precision\": 0.7388059496879578,\n        \"recall\": 0.7967807054519653,\n        \"f1-score\": 0.766698956489563,\n        \"specificity\": 0.9910457134246826\n    },\n    \"Bleeding\": {\n        \"precision\": 0.7623762488365173,\n        \"recall\": 0.8579387068748474,\n        \"f1-score\": 0.8073394298553467,\n        \"specificity\": 0.9939136505126953\n    },\n    \"Erosion\": {\n        \"precision\": 0.6302158236503601,\n        \"recall\": 0.7584415674209595,\n        \"f1-score\": 0.6884086728096008,\n        \"specificity\": 0.965680718421936\n    },\n    \"Erythema\": {\n        \"precision\": 0.48974359035491943,\n        \"recall\": 0.6430976390838623,\n        \"f1-score\": 0.5560407638549805,\n        \"specificity\": 0.9874328970909119\n    },\n    \"Foreign Body\": {\n        \"precision\": 0.7774999737739563,\n        \"recall\": 0.9147058725357056,\n        \"f1-score\": 0.8405405282974243,\n        \"specificity\": 0.9943642616271973\n    },\n    \"Lymphangiectasia\": {\n        \"precision\": 0.7132701277732849,\n        \"recall\": 0.8775510191917419,\n        \"f1-score\": 0.786928117275238,\n        \"specificity\": 0.9923364520072937\n    },\n    \"Normal\": {\n        \"precision\": 0.9890771508216858,\n        \"recall\": 0.9359485507011414,\n        \"f1-score\": 0.9617797136306763,\n        \"specificity\": 0.9669700860977173\n    },\n    \"Polyp\": {\n        \"precision\": 0.6020066738128662,\n        \"recall\": 0.7200000286102295,\n        \"f1-score\": 0.6557376980781555,\n        \"specificity\": 0.9847748279571533\n    },\n    \"Ulcer\": {\n        \"precision\": 0.9489796161651611,\n        \"recall\": 0.9755244851112366,\n        \"f1-score\": 0.9620689749717712,\n        \"specificity\": 0.999053418636322\n    },\n    \"Worms\": {\n        \"precision\": 0.9436619877815247,\n        \"recall\": 0.9852941036224365,\n        \"f1-score\": 0.9640287756919861,\n        \"specificity\": 0.9997509717941284\n    },\n    \"macro avg\": {\n        \"precision\": 0.7595637440681458,\n        \"recall\": 0.8465282320976257,\n        \"f1-score\": 0.7989571690559387,\n        \"specificity\": 0.9875322580337524\n    },\n    \"accuracy\": 0.9043515920639038,\n    \"auc_roc_scores\": {\n        \"Angioectasia\": 0.9767711162567139,\n        \"Bleeding\": 0.9907691478729248,\n        \"Erosion\": 0.9649297595024109,\n        \"Erythema\": 0.9703726768493652,\n        \"Foreign Body\": 0.9920778870582581,\n        \"Lymphangiectasia\": 0.9888646602630615,\n        \"Normal\": 0.9909319281578064,\n        \"Polyp\": 0.9774731397628784,\n        \"Ulcer\": 0.9998927712440491,\n        \"Worms\": 0.9999871253967285\n    },\n    \"mean_auc\": 0.9852070212364197,\n    \"average_precision_scores\": {\n        \"Angioectasia\": 0.8226985335350037,\n        \"Bleeding\": 0.8909341096878052,\n        \"Erosion\": 0.763582706451416,\n        \"Erythema\": 0.5994051694869995,\n        \"Foreign Body\": 0.9336985349655151,\n        \"Lymphangiectasia\": 0.8967387676239014,\n        \"Normal\": 0.9971545934677124,\n        \"Polyp\": 0.714738130569458,\n        \"Ulcer\": 0.9945420026779175,\n        \"Worms\": 0.9971823692321777\n    },\n    \"mean_average_precision\": 0.8610674738883972,\n    \"mean_f1_score\": 0.7989571690559387,\n    \"mean_specificity\": 0.9875322580337524,\n    \"mean_sensitivity\": 0.8465282320976257,\n    \"balanced_accuracy\": 0.8465282320976257\n}"
}