{
    "epoch": 14,
    "train_metrics": "{\n    \"Angioectasia\": {\n        \"precision\": 0.9477955102920532,\n        \"recall\": 0.9363976716995239,\n        \"f1-score\": 0.9420620799064636,\n        \"specificity\": 0.994300901889801\n    },\n    \"Bleeding\": {\n        \"precision\": 0.9500401020050049,\n        \"recall\": 0.9642082452774048,\n        \"f1-score\": 0.9570717215538025,\n        \"specificity\": 0.9944868683815002\n    },\n    \"Erosion\": {\n        \"precision\": 0.8655017018318176,\n        \"recall\": 0.8562074303627014,\n        \"f1-score\": 0.8608294725418091,\n        \"specificity\": 0.9849655032157898\n    },\n    \"Erythema\": {\n        \"precision\": 0.9129405617713928,\n        \"recall\": 0.9270833134651184,\n        \"f1-score\": 0.9199575781822205,\n        \"specificity\": 0.9902253150939941\n    },\n    \"Foreign Body\": {\n        \"precision\": 0.9668222069740295,\n        \"recall\": 0.9693347215652466,\n        \"f1-score\": 0.9680768251419067,\n        \"specificity\": 0.9962084293365479\n    },\n    \"Lymphangiectasia\": {\n        \"precision\": 0.9732844233512878,\n        \"recall\": 0.9717572927474976,\n        \"f1-score\": 0.9725202918052673,\n        \"specificity\": 0.9969807267189026\n    },\n    \"Normal\": {\n        \"precision\": 0.9484649300575256,\n        \"recall\": 0.9331175684928894,\n        \"f1-score\": 0.9407286643981934,\n        \"specificity\": 0.9944540858268738\n    },\n    \"Polyp\": {\n        \"precision\": 0.9228088855743408,\n        \"recall\": 0.9287833571434021,\n        \"f1-score\": 0.9257864952087402,\n        \"specificity\": 0.991504430770874\n    },\n    \"Ulcer\": {\n        \"precision\": 0.9938172101974487,\n        \"recall\": 0.9948869943618774,\n        \"f1-score\": 0.9943518042564392,\n        \"specificity\": 0.9993213415145874\n    },\n    \"Worms\": {\n        \"precision\": 0.9976396560668945,\n        \"recall\": 0.9979013800621033,\n        \"f1-score\": 0.9977704882621765,\n        \"specificity\": 0.9997336864471436\n    },\n    \"macro avg\": {\n        \"precision\": 0.9479114413261414,\n        \"recall\": 0.9479677081108093,\n        \"f1-score\": 0.9479154944419861,\n        \"specificity\": 0.9942181706428528\n    },\n    \"accuracy\": 0.9479618072509766,\n    \"auc_roc_scores\": {\n        \"Angioectasia\": 0.9978489875793457,\n        \"Bleeding\": 0.9992641806602478,\n        \"Erosion\": 0.9913920164108276,\n        \"Erythema\": 0.9972118735313416,\n        \"Foreign Body\": 0.9994544982910156,\n        \"Lymphangiectasia\": 0.9993844032287598,\n        \"Normal\": 0.996322751045227,\n        \"Polyp\": 0.9975179433822632,\n        \"Ulcer\": 0.9999768137931824,\n        \"Worms\": 0.9999978542327881\n    },\n    \"mean_auc\": 0.9978371858596802,\n    \"average_precision_scores\": {\n        \"Angioectasia\": 0.9855008125305176,\n        \"Bleeding\": 0.993423342704773,\n        \"Erosion\": 0.9425375461578369,\n        \"Erythema\": 0.9761750102043152,\n        \"Foreign Body\": 0.9956631064414978,\n        \"Lymphangiectasia\": 0.9957859516143799,\n        \"Normal\": 0.9807950854301453,\n        \"Polyp\": 0.9805642366409302,\n        \"Ulcer\": 0.999810516834259,\n        \"Worms\": 0.9999811053276062\n    },\n    \"mean_average_precision\": 0.9850236773490906,\n    \"mean_f1_score\": 0.9479154944419861,\n    \"mean_specificity\": 0.9942181706428528,\n    \"mean_sensitivity\": 0.9479677081108093,\n    \"balanced_accuracy\": 0.9479677081108093\n}",
    "test_metrics": "{\n    \"Angioectasia\": {\n        \"precision\": 0.6549999713897705,\n        \"recall\": 0.7907444834709167,\n        \"f1-score\": 0.7164995670318604,\n        \"specificity\": 0.9867604970932007\n    },\n    \"Bleeding\": {\n        \"precision\": 0.7645569443702698,\n        \"recall\": 0.8412256240844727,\n        \"f1-score\": 0.8010610342025757,\n        \"specificity\": 0.9941038489341736\n    },\n    \"Erosion\": {\n        \"precision\": 0.5517456531524658,\n        \"recall\": 0.7662337422370911,\n        \"f1-score\": 0.6415367722511292,\n        \"specificity\": 0.9519930481910706\n    },\n    \"Erythema\": {\n        \"precision\": 0.45476189255714417,\n        \"recall\": 0.6430976390838623,\n        \"f1-score\": 0.5327754616737366,\n        \"specificity\": 0.9855383634567261\n    },\n    \"Foreign Body\": {\n        \"precision\": 0.7587939500808716,\n        \"recall\": 0.8882352709770203,\n        \"f1-score\": 0.8184281587600708,\n        \"specificity\": 0.9939209818840027\n    },\n    \"Lymphangiectasia\": {\n        \"precision\": 0.6637930870056152,\n        \"recall\": 0.8979591727256775,\n        \"f1-score\": 0.7633209228515625,\n        \"specificity\": 0.9901196956634521\n    },\n    \"Normal\": {\n        \"precision\": 0.9923480749130249,\n        \"recall\": 0.9077073335647583,\n        \"f1-score\": 0.9481424689292908,\n        \"specificity\": 0.9776332974433899\n    },\n    \"Polyp\": {\n        \"precision\": 0.5594294667243958,\n        \"recall\": 0.7059999704360962,\n        \"f1-score\": 0.6242263317108154,\n        \"specificity\": 0.982215940952301\n    },\n    \"Ulcer\": {\n        \"precision\": 0.9123376607894897,\n        \"recall\": 0.9825174808502197,\n        \"f1-score\": 0.9461279511451721,\n        \"specificity\": 0.9982960820198059\n    },\n    \"Worms\": {\n        \"precision\": 0.9178082346916199,\n        \"recall\": 0.9852941036224365,\n        \"f1-score\": 0.9503546357154846,\n        \"specificity\": 0.9996265172958374\n    },\n    \"macro avg\": {\n        \"precision\": 0.7230575084686279,\n        \"recall\": 0.8409015536308289,\n        \"f1-score\": 0.7742473483085632,\n        \"specificity\": 0.9860208630561829\n    },\n    \"accuracy\": 0.8824076652526855,\n    \"auc_roc_scores\": {\n        \"Angioectasia\": 0.9748800992965698,\n        \"Bleeding\": 0.9881728887557983,\n        \"Erosion\": 0.9575876593589783,\n        \"Erythema\": 0.9675494432449341,\n        \"Foreign Body\": 0.98447185754776,\n        \"Lymphangiectasia\": 0.9839852452278137,\n        \"Normal\": 0.9899929761886597,\n        \"Polyp\": 0.9771040678024292,\n        \"Ulcer\": 0.9997643828392029,\n        \"Worms\": 0.9999788999557495\n    },\n    \"mean_auc\": 0.9823487401008606,\n    \"average_precision_scores\": {\n        \"Angioectasia\": 0.8158957362174988,\n        \"Bleeding\": 0.8884196877479553,\n        \"Erosion\": 0.7190517783164978,\n        \"Erythema\": 0.5796282291412354,\n        \"Foreign Body\": 0.9145877361297607,\n        \"Lymphangiectasia\": 0.8872604370117188,\n        \"Normal\": 0.9969072341918945,\n        \"Polyp\": 0.7161574959754944,\n        \"Ulcer\": 0.9859668016433716,\n        \"Worms\": 0.9954079985618591\n    },\n    \"mean_average_precision\": 0.8499283194541931,\n    \"mean_f1_score\": 0.7742473483085632,\n    \"mean_specificity\": 0.9860208630561829,\n    \"mean_sensitivity\": 0.8409015536308289,\n    \"balanced_accuracy\": 0.8409015536308289\n}"
}