{
    "epoch": 10,
    "train_metrics": "{\n    \"Angioectasia\": {\n        \"precision\": 0.921643853187561,\n        \"recall\": 0.9074723720550537,\n        \"f1-score\": 0.9145032167434692,\n        \"specificity\": 0.9915634393692017\n    },\n    \"Bleeding\": {\n        \"precision\": 0.9449906945228577,\n        \"recall\": 0.9541186094284058,\n        \"f1-score\": 0.949532687664032,\n        \"specificity\": 0.9938902258872986\n    },\n    \"Erosion\": {\n        \"precision\": 0.8157826066017151,\n        \"recall\": 0.8130208253860474,\n        \"f1-score\": 0.8143993616104126,\n        \"specificity\": 0.9791216254234314\n    },\n    \"Erythema\": {\n        \"precision\": 0.8829814791679382,\n        \"recall\": 0.8981972336769104,\n        \"f1-score\": 0.8905243873596191,\n        \"specificity\": 0.9867297410964966\n    },\n    \"Foreign Body\": {\n        \"precision\": 0.9613007307052612,\n        \"recall\": 0.9569288492202759,\n        \"f1-score\": 0.9591097831726074,\n        \"specificity\": 0.9957483410835266\n    },\n    \"Lymphangiectasia\": {\n        \"precision\": 0.9628323316574097,\n        \"recall\": 0.9620493650436401,\n        \"f1-score\": 0.9624406695365906,\n        \"specificity\": 0.9959608316421509\n    },\n    \"Normal\": {\n        \"precision\": 0.926598072052002,\n        \"recall\": 0.9100824594497681,\n        \"f1-score\": 0.9182659983634949,\n        \"specificity\": 0.9919936060905457\n    },\n    \"Polyp\": {\n        \"precision\": 0.8974621891975403,\n        \"recall\": 0.9114813804626465,\n        \"f1-score\": 0.9044174551963806,\n        \"specificity\": 0.9881537556648254\n    },\n    \"Ulcer\": {\n        \"precision\": 0.9910314083099365,\n        \"recall\": 0.9905088543891907,\n        \"f1-score\": 0.9907700419425964,\n        \"specificity\": 0.9989944696426392\n    },\n    \"Worms\": {\n        \"precision\": 0.9965231418609619,\n        \"recall\": 0.9959903955459595,\n        \"f1-score\": 0.9962567090988159,\n        \"specificity\": 0.9996161460876465\n    },\n    \"macro avg\": {\n        \"precision\": 0.9301145672798157,\n        \"recall\": 0.9299850463867188,\n        \"f1-score\": 0.9300220608711243,\n        \"specificity\": 0.9921771883964539\n    },\n    \"accuracy\": 0.9296407699584961,\n    \"auc_roc_scores\": {\n        \"Angioectasia\": 0.9963312149047852,\n        \"Bleeding\": 0.9986732006072998,\n        \"Erosion\": 0.9834125638008118,\n        \"Erythema\": 0.9950127601623535,\n        \"Foreign Body\": 0.9988464117050171,\n        \"Lymphangiectasia\": 0.9989099502563477,\n        \"Normal\": 0.9940170645713806,\n        \"Polyp\": 0.9956105351448059,\n        \"Ulcer\": 0.9999510645866394,\n        \"Worms\": 0.9999916553497314\n    },\n    \"mean_auc\": 0.9960756301879883,\n    \"average_precision_scores\": {\n        \"Angioectasia\": 0.9753468036651611,\n        \"Bleeding\": 0.9890232086181641,\n        \"Erosion\": 0.8981964588165283,\n        \"Erythema\": 0.9550569653511047,\n        \"Foreign Body\": 0.9925104379653931,\n        \"Lymphangiectasia\": 0.9925451278686523,\n        \"Normal\": 0.9693500995635986,\n        \"Polyp\": 0.9669621586799622,\n        \"Ulcer\": 0.9995706081390381,\n        \"Worms\": 0.9999240636825562\n    },\n    \"mean_average_precision\": 0.9738485217094421,\n    \"mean_f1_score\": 0.9300220608711243,\n    \"mean_specificity\": 0.9921771883964539,\n    \"mean_sensitivity\": 0.9299850463867188,\n    \"balanced_accuracy\": 0.9299850463867188\n}",
    "test_metrics": "{\n    \"Angioectasia\": {\n        \"precision\": 0.6181229948997498,\n        \"recall\": 0.7686116695404053,\n        \"f1-score\": 0.6852017641067505,\n        \"specificity\": 0.9849056601524353\n    },\n    \"Bleeding\": {\n        \"precision\": 0.738035261631012,\n        \"recall\": 0.8161559700965881,\n        \"f1-score\": 0.7751322984695435,\n        \"specificity\": 0.9934064745903015\n    },\n    \"Erosion\": {\n        \"precision\": 0.5345678925514221,\n        \"recall\": 0.7497835755348206,\n        \"f1-score\": 0.6241441369056702,\n        \"specificity\": 0.9496561288833618\n    },\n    \"Erythema\": {\n        \"precision\": 0.46188339591026306,\n        \"recall\": 0.6936026811599731,\n        \"f1-score\": 0.5545087456703186,\n        \"specificity\": 0.9848436713218689\n    },\n    \"Foreign Body\": {\n        \"precision\": 0.6949541568756104,\n        \"recall\": 0.8911764621734619,\n        \"f1-score\": 0.780927836894989,\n        \"specificity\": 0.9915780425071716\n    },\n    \"Lymphangiectasia\": {\n        \"precision\": 0.7191283106803894,\n        \"recall\": 0.8658891916275024,\n        \"f1-score\": 0.7857142686843872,\n        \"specificity\": 0.9926531314849854\n    },\n    \"Normal\": {\n        \"precision\": 0.9922112822532654,\n        \"recall\": 0.9020102620124817,\n        \"f1-score\": 0.9449630975723267,\n        \"specificity\": 0.9773731827735901\n    },\n    \"Polyp\": {\n        \"precision\": 0.5536547303199768,\n        \"recall\": 0.7120000123977661,\n        \"f1-score\": 0.6229221224784851,\n        \"specificity\": 0.9816402196884155\n    },\n    \"Ulcer\": {\n        \"precision\": 0.8920634984970093,\n        \"recall\": 0.9825174808502197,\n        \"f1-score\": 0.9351081252098083,\n        \"specificity\": 0.9978543519973755\n    },\n    \"Worms\": {\n        \"precision\": 0.9189189076423645,\n        \"recall\": 1.0,\n        \"f1-score\": 0.9577465057373047,\n        \"specificity\": 0.9996265172958374\n    },\n    \"macro avg\": {\n        \"precision\": 0.7123540639877319,\n        \"recall\": 0.8381748199462891,\n        \"f1-score\": 0.766636848449707,\n        \"specificity\": 0.9853537678718567\n    },\n    \"accuracy\": 0.8762087821960449,\n    \"auc_roc_scores\": {\n        \"Angioectasia\": 0.9747119545936584,\n        \"Bleeding\": 0.9858530163764954,\n        \"Erosion\": 0.9511547088623047,\n        \"Erythema\": 0.9736014604568481,\n        \"Foreign Body\": 0.9900434613227844,\n        \"Lymphangiectasia\": 0.9852182865142822,\n        \"Normal\": 0.9894809126853943,\n        \"Polyp\": 0.9766166806221008,\n        \"Ulcer\": 0.9998250007629395,\n        \"Worms\": 0.9999982118606567\n    },\n    \"mean_auc\": 0.9826503992080688,\n    \"average_precision_scores\": {\n        \"Angioectasia\": 0.8024567365646362,\n        \"Bleeding\": 0.8726220726966858,\n        \"Erosion\": 0.685021162033081,\n        \"Erythema\": 0.5682656764984131,\n        \"Foreign Body\": 0.9081559181213379,\n        \"Lymphangiectasia\": 0.8851419687271118,\n        \"Normal\": 0.9967159032821655,\n        \"Polyp\": 0.7038125991821289,\n        \"Ulcer\": 0.9916813373565674,\n        \"Worms\": 0.9995706081390381\n    },\n    \"mean_average_precision\": 0.8413444757461548,\n    \"mean_f1_score\": 0.766636848449707,\n    \"mean_specificity\": 0.9853537678718567,\n    \"mean_sensitivity\": 0.8381748199462891,\n    \"balanced_accuracy\": 0.8381748199462891\n}"
}