{
    "epoch": 15,
    "train_metrics": "{\n    \"Angioectasia\": {\n        \"precision\": 0.9421553015708923,\n        \"recall\": 0.9367122054100037,\n        \"f1-score\": 0.9394258856773376,\n        \"specificity\": 0.9935204982757568\n    },\n    \"Bleeding\": {\n        \"precision\": 0.9532734751701355,\n        \"recall\": 0.9631901979446411,\n        \"f1-score\": 0.9582061767578125,\n        \"specificity\": 0.9947722554206848\n    },\n    \"Erosion\": {\n        \"precision\": 0.8610885739326477,\n        \"recall\": 0.8589951395988464,\n        \"f1-score\": 0.860040545463562,\n        \"specificity\": 0.9848694801330566\n    },\n    \"Erythema\": {\n        \"precision\": 0.9206978678703308,\n        \"recall\": 0.9330297112464905,\n        \"f1-score\": 0.9268227815628052,\n        \"specificity\": 0.9911436438560486\n    },\n    \"Foreign Body\": {\n        \"precision\": 0.969193696975708,\n        \"recall\": 0.9678972959518433,\n        \"f1-score\": 0.9685450196266174,\n        \"specificity\": 0.9966045618057251\n    },\n    \"Lymphangiectasia\": {\n        \"precision\": 0.9727033972740173,\n        \"recall\": 0.9656071066856384,\n        \"f1-score\": 0.9691422581672668,\n        \"specificity\": 0.9969202280044556\n    },\n    \"Normal\": {\n        \"precision\": 0.9485154151916504,\n        \"recall\": 0.9332618713378906,\n        \"f1-score\": 0.9408268332481384,\n        \"specificity\": 0.9944208264350891\n    },\n    \"Polyp\": {\n        \"precision\": 0.9300518035888672,\n        \"recall\": 0.938071608543396,\n        \"f1-score\": 0.9340444803237915,\n        \"specificity\": 0.9920070767402649\n    },\n    \"Ulcer\": {\n        \"precision\": 0.9921409487724304,\n        \"recall\": 0.9929481744766235,\n        \"f1-score\": 0.992544412612915,\n        \"specificity\": 0.9991450309753418\n    },\n    \"Worms\": {\n        \"precision\": 0.997890830039978,\n        \"recall\": 0.997627854347229,\n        \"f1-score\": 0.9977593421936035,\n        \"specificity\": 0.9997634291648865\n    },\n    \"macro avg\": {\n        \"precision\": 0.9487711191177368,\n        \"recall\": 0.9487341046333313,\n        \"f1-score\": 0.9487358331680298,\n        \"specificity\": 0.9943166971206665\n    },\n    \"accuracy\": 0.9488393068313599,\n    \"auc_roc_scores\": {\n        \"Angioectasia\": 0.9981875419616699,\n        \"Bleeding\": 0.9992231726646423,\n        \"Erosion\": 0.990804135799408,\n        \"Erythema\": 0.9972350597381592,\n        \"Foreign Body\": 0.9995633363723755,\n        \"Lymphangiectasia\": 0.9993465542793274,\n        \"Normal\": 0.99655681848526,\n        \"Polyp\": 0.9979014992713928,\n        \"Ulcer\": 0.9999618530273438,\n        \"Worms\": 0.9999963641166687\n    },\n    \"mean_auc\": 0.9978775978088379,\n    \"average_precision_scores\": {\n        \"Angioectasia\": 0.9869069457054138,\n        \"Bleeding\": 0.9930536150932312,\n        \"Erosion\": 0.939087450504303,\n        \"Erythema\": 0.9747288823127747,\n        \"Foreign Body\": 0.996284008026123,\n        \"Lymphangiectasia\": 0.9954686164855957,\n        \"Normal\": 0.9816047549247742,\n        \"Polyp\": 0.9828797578811646,\n        \"Ulcer\": 0.999679446220398,\n        \"Worms\": 0.9999681711196899\n    },\n    \"mean_average_precision\": 0.9849662184715271,\n    \"mean_f1_score\": 0.9487358331680298,\n    \"mean_specificity\": 0.9943166971206665,\n    \"mean_sensitivity\": 0.9487341046333313,\n    \"balanced_accuracy\": 0.9487341046333313\n}",
    "test_metrics": "{\n    \"Angioectasia\": {\n        \"precision\": 0.6764199733734131,\n        \"recall\": 0.7907444834709167,\n        \"f1-score\": 0.7291280031204224,\n        \"specificity\": 0.9879757165908813\n    },\n    \"Bleeding\": {\n        \"precision\": 0.7512437701225281,\n        \"recall\": 0.8412256240844727,\n        \"f1-score\": 0.7936925292015076,\n        \"specificity\": 0.993660032749176\n    },\n    \"Erosion\": {\n        \"precision\": 0.6069686412811279,\n        \"recall\": 0.7541125416755676,\n        \"f1-score\": 0.6725868582725525,\n        \"specificity\": 0.9623422622680664\n    },\n    \"Erythema\": {\n        \"precision\": 0.47630923986434937,\n        \"recall\": 0.6430976390838623,\n        \"f1-score\": 0.5472779273986816,\n        \"specificity\": 0.9867382645606995\n    },\n    \"Foreign Body\": {\n        \"precision\": 0.7183098793029785,\n        \"recall\": 0.8999999761581421,\n        \"f1-score\": 0.7989556193351746,\n        \"specificity\": 0.9924012422561646\n    },\n    \"Lymphangiectasia\": {\n        \"precision\": 0.6689342260360718,\n        \"recall\": 0.8600583076477051,\n        \"f1-score\": 0.7525510191917419,\n        \"specificity\": 0.9907530546188354\n    },\n    \"Normal\": {\n        \"precision\": 0.9921038746833801,\n        \"recall\": 0.9203222990036011,\n        \"f1-score\": 0.9548659324645996,\n        \"specificity\": 0.9765929579734802\n    },\n    \"Polyp\": {\n        \"precision\": 0.544360876083374,\n        \"recall\": 0.7239999771118164,\n        \"f1-score\": 0.6214592456817627,\n        \"specificity\": 0.9806166887283325\n    },\n    \"Ulcer\": {\n        \"precision\": 0.9096774458885193,\n        \"recall\": 0.9860140085220337,\n        \"f1-score\": 0.9463087320327759,\n        \"specificity\": 0.9982330203056335\n    },\n    \"Worms\": {\n        \"precision\": 0.931506872177124,\n        \"recall\": 1.0,\n        \"f1-score\": 0.9645389914512634,\n        \"specificity\": 0.9996887445449829\n    },\n    \"macro avg\": {\n        \"precision\": 0.7275835275650024,\n        \"recall\": 0.8419575095176697,\n        \"f1-score\": 0.7781364917755127,\n        \"specificity\": 0.9869001507759094\n    },\n    \"accuracy\": 0.8912720084190369,\n    \"auc_roc_scores\": {\n        \"Angioectasia\": 0.9772597551345825,\n        \"Bleeding\": 0.9906819462776184,\n        \"Erosion\": 0.9602699279785156,\n        \"Erythema\": 0.9694182276725769,\n        \"Foreign Body\": 0.9885948896408081,\n        \"Lymphangiectasia\": 0.9889540076255798,\n        \"Normal\": 0.9904419183731079,\n        \"Polyp\": 0.9772953391075134,\n        \"Ulcer\": 0.9997867941856384,\n        \"Worms\": 0.9999963045120239\n    },\n    \"mean_auc\": 0.984269917011261,\n    \"average_precision_scores\": {\n        \"Angioectasia\": 0.8204818964004517,\n        \"Bleeding\": 0.8842692375183105,\n        \"Erosion\": 0.7458897829055786,\n        \"Erythema\": 0.5749562978744507,\n        \"Foreign Body\": 0.9174012541770935,\n        \"Lymphangiectasia\": 0.8785029053688049,\n        \"Normal\": 0.9970070123672485,\n        \"Polyp\": 0.6974551677703857,\n        \"Ulcer\": 0.9906692504882812,\n        \"Worms\": 0.9991536140441895\n    },\n    \"mean_average_precision\": 0.8505787253379822,\n    \"mean_f1_score\": 0.7781364917755127,\n    \"mean_specificity\": 0.9869001507759094,\n    \"mean_sensitivity\": 0.8419575095176697,\n    \"balanced_accuracy\": 0.8419575095176697\n}"
}