{
    "epoch": 20,
    "train_metrics": "{\n    \"Angioectasia\": {\n        \"precision\": 0.9510433673858643,\n        \"recall\": 0.9543623924255371,\n        \"f1-score\": 0.9526999592781067,\n        \"specificity\": 0.994598925113678\n    },\n    \"Bleeding\": {\n        \"precision\": 0.9519854784011841,\n        \"recall\": 0.9647554159164429,\n        \"f1-score\": 0.9583278894424438,\n        \"specificity\": 0.9945274591445923\n    },\n    \"Erosion\": {\n        \"precision\": 0.8860244154930115,\n        \"recall\": 0.867889404296875,\n        \"f1-score\": 0.8768631815910339,\n        \"specificity\": 0.987590491771698\n    },\n    \"Erythema\": {\n        \"precision\": 0.9260581135749817,\n        \"recall\": 0.9404453635215759,\n        \"f1-score\": 0.9331963062286377,\n        \"specificity\": 0.9914061427116394\n    },\n    \"Foreign Body\": {\n        \"precision\": 0.9705567359924316,\n        \"recall\": 0.9653887152671814,\n        \"f1-score\": 0.967965841293335,\n        \"specificity\": 0.9967504739761353\n    },\n    \"Lymphangiectasia\": {\n        \"precision\": 0.9710533618927002,\n        \"recall\": 0.972878634929657,\n        \"f1-score\": 0.9719651341438293,\n        \"specificity\": 0.9968125820159912\n    },\n    \"Normal\": {\n        \"precision\": 0.9546072483062744,\n        \"recall\": 0.9387864470481873,\n        \"f1-score\": 0.9466307163238525,\n        \"specificity\": 0.9950687885284424\n    },\n    \"Polyp\": {\n        \"precision\": 0.9341618418693542,\n        \"recall\": 0.9406283497810364,\n        \"f1-score\": 0.9373839497566223,\n        \"specificity\": 0.9926442503929138\n    },\n    \"Ulcer\": {\n        \"precision\": 0.9962385892868042,\n        \"recall\": 0.9973104000091553,\n        \"f1-score\": 0.9967741966247559,\n        \"specificity\": 0.9995868802070618\n    },\n    \"Worms\": {\n        \"precision\": 0.9984038472175598,\n        \"recall\": 0.9978728890419006,\n        \"f1-score\": 0.9981383085250854,\n        \"specificity\": 0.999822735786438\n    },\n    \"macro avg\": {\n        \"precision\": 0.9540133476257324,\n        \"recall\": 0.9540318846702576,\n        \"f1-score\": 0.9539945721626282,\n        \"specificity\": 0.9948808550834656\n    },\n    \"accuracy\": 0.953944742679596,\n    \"auc_roc_scores\": {\n        \"Angioectasia\": 0.9987026453018188,\n        \"Bleeding\": 0.9991090297698975,\n        \"Erosion\": 0.9922294616699219,\n        \"Erythema\": 0.9979852437973022,\n        \"Foreign Body\": 0.9994698762893677,\n        \"Lymphangiectasia\": 0.9995260238647461,\n        \"Normal\": 0.9970686435699463,\n        \"Polyp\": 0.9981589913368225,\n        \"Ulcer\": 0.9999866485595703,\n        \"Worms\": 0.9999974966049194\n    },\n    \"mean_auc\": 0.9982234239578247,\n    \"average_precision_scores\": {\n        \"Angioectasia\": 0.9908904433250427,\n        \"Bleeding\": 0.9933837652206421,\n        \"Erosion\": 0.9488422870635986,\n        \"Erythema\": 0.980951189994812,\n        \"Foreign Body\": 0.9962509870529175,\n        \"Lymphangiectasia\": 0.9963933825492859,\n        \"Normal\": 0.9853466749191284,\n        \"Polyp\": 0.9856740236282349,\n        \"Ulcer\": 0.9998840689659119,\n        \"Worms\": 0.999977171421051\n    },\n    \"mean_average_precision\": 0.9877594113349915,\n    \"mean_f1_score\": 0.9539945721626282,\n    \"mean_specificity\": 0.9948808550834656,\n    \"mean_sensitivity\": 0.9540318846702576,\n    \"balanced_accuracy\": 0.9540318846702576\n}",
    "test_metrics": "{\n    \"Angioectasia\": {\n        \"precision\": 0.6620209217071533,\n        \"recall\": 0.7645875215530396,\n        \"f1-score\": 0.7096171975135803,\n        \"specificity\": 0.9875919222831726\n    },\n    \"Bleeding\": {\n        \"precision\": 0.7676767706871033,\n        \"recall\": 0.8467966318130493,\n        \"f1-score\": 0.8052980303764343,\n        \"specificity\": 0.9941672682762146\n    },\n    \"Erosion\": {\n        \"precision\": 0.6341642141342163,\n        \"recall\": 0.7489177584648132,\n        \"f1-score\": 0.6867804527282715,\n        \"specificity\": 0.9666822552680969\n    },\n    \"Erythema\": {\n        \"precision\": 0.49275362491607666,\n        \"recall\": 0.6868686676025391,\n        \"f1-score\": 0.5738396644592285,\n        \"specificity\": 0.9867382645606995\n    },\n    \"Foreign Body\": {\n        \"precision\": 0.7680798172950745,\n        \"recall\": 0.9058823585510254,\n        \"f1-score\": 0.8313090205192566,\n        \"specificity\": 0.9941109418869019\n    },\n    \"Lymphangiectasia\": {\n        \"precision\": 0.7129411697387695,\n        \"recall\": 0.8833819031715393,\n        \"f1-score\": 0.7890625,\n        \"specificity\": 0.9922730922698975\n    },\n    \"Normal\": {\n        \"precision\": 0.9892306327819824,\n        \"recall\": 0.9344835877418518,\n        \"f1-score\": 0.9610781073570251,\n        \"specificity\": 0.9674902558326721\n    },\n    \"Polyp\": {\n        \"precision\": 0.6054888367652893,\n        \"recall\": 0.7059999704360962,\n        \"f1-score\": 0.651892900466919,\n        \"specificity\": 0.9852865934371948\n    },\n    \"Ulcer\": {\n        \"precision\": 0.9488054513931274,\n        \"recall\": 0.9720279574394226,\n        \"f1-score\": 0.9602763652801514,\n        \"specificity\": 0.999053418636322\n    },\n    \"Worms\": {\n        \"precision\": 0.9066666960716248,\n        \"recall\": 1.0,\n        \"f1-score\": 0.9510489702224731,\n        \"specificity\": 0.9995642304420471\n    },\n    \"macro avg\": {\n        \"precision\": 0.7487828135490417,\n        \"recall\": 0.8448945879936218,\n        \"f1-score\": 0.792020320892334,\n        \"specificity\": 0.9872958064079285\n    },\n    \"accuracy\": 0.9016240835189819,\n    \"auc_roc_scores\": {\n        \"Angioectasia\": 0.9779729843139648,\n        \"Bleeding\": 0.9908517599105835,\n        \"Erosion\": 0.9635018110275269,\n        \"Erythema\": 0.9721560478210449,\n        \"Foreign Body\": 0.9885826706886292,\n        \"Lymphangiectasia\": 0.9882733821868896,\n        \"Normal\": 0.9915157556533813,\n        \"Polyp\": 0.9784131050109863,\n        \"Ulcer\": 0.9993523955345154,\n        \"Worms\": 0.9999890327453613\n    },\n    \"mean_auc\": 0.9850608706474304,\n    \"average_precision_scores\": {\n        \"Angioectasia\": 0.8115519285202026,\n        \"Bleeding\": 0.8869035243988037,\n        \"Erosion\": 0.7608788013458252,\n        \"Erythema\": 0.5956355333328247,\n        \"Foreign Body\": 0.9196672439575195,\n        \"Lymphangiectasia\": 0.8959729671478271,\n        \"Normal\": 0.9973727464675903,\n        \"Polyp\": 0.7149728536605835,\n        \"Ulcer\": 0.9901701807975769,\n        \"Worms\": 0.9974642992019653\n    },\n    \"mean_average_precision\": 0.8570590019226074,\n    \"mean_f1_score\": 0.792020320892334,\n    \"mean_specificity\": 0.9872958064079285,\n    \"mean_sensitivity\": 0.8448945879936218,\n    \"balanced_accuracy\": 0.8448945879936218\n}"
}