{
    "epoch": 11,
    "train_metrics": "{\n    \"Angioectasia\": {\n        \"precision\": 0.9303267598152161,\n        \"recall\": 0.9250805377960205,\n        \"f1-score\": 0.9276962280273438,\n        \"specificity\": 0.9923855662345886\n    },\n    \"Bleeding\": {\n        \"precision\": 0.9450349807739258,\n        \"recall\": 0.9526920914649963,\n        \"f1-score\": 0.9488481283187866,\n        \"specificity\": 0.9937242865562439\n    },\n    \"Erosion\": {\n        \"precision\": 0.8270077109336853,\n        \"recall\": 0.8251920938491821,\n        \"f1-score\": 0.8260989189147949,\n        \"specificity\": 0.981479823589325\n    },\n    \"Erythema\": {\n        \"precision\": 0.8961277008056641,\n        \"recall\": 0.9130898714065552,\n        \"f1-score\": 0.9045292735099792,\n        \"specificity\": 0.9882738590240479\n    },\n    \"Foreign Body\": {\n        \"precision\": 0.9635617136955261,\n        \"recall\": 0.9635617136955261,\n        \"f1-score\": 0.9635617136955261,\n        \"specificity\": 0.9957876205444336\n    },\n    \"Lymphangiectasia\": {\n        \"precision\": 0.9690774083137512,\n        \"recall\": 0.9653767943382263,\n        \"f1-score\": 0.967223584651947,\n        \"specificity\": 0.9964072704315186\n    },\n    \"Normal\": {\n        \"precision\": 0.9331094026565552,\n        \"recall\": 0.9129244089126587,\n        \"f1-score\": 0.9229065775871277,\n        \"specificity\": 0.9929612874984741\n    },\n    \"Polyp\": {\n        \"precision\": 0.9079947471618652,\n        \"recall\": 0.9122991561889648,\n        \"f1-score\": 0.9101418852806091,\n        \"specificity\": 0.9896184802055359\n    },\n    \"Ulcer\": {\n        \"precision\": 0.994153618812561,\n        \"recall\": 0.9920445680618286,\n        \"f1-score\": 0.9930979609489441,\n        \"specificity\": 0.99934983253479\n    },\n    \"Worms\": {\n        \"precision\": 0.9947629570960999,\n        \"recall\": 0.9977882504463196,\n        \"f1-score\": 0.9962732791900635,\n        \"specificity\": 0.9994410276412964\n    },\n    \"macro avg\": {\n        \"precision\": 0.9361156821250916,\n        \"recall\": 0.9360049366950989,\n        \"f1-score\": 0.9360378384590149,\n        \"specificity\": 0.9929429292678833\n    },\n    \"accuracy\": 0.9364479780197144,\n    \"auc_roc_scores\": {\n        \"Angioectasia\": 0.9972430467605591,\n        \"Bleeding\": 0.9988272190093994,\n        \"Erosion\": 0.9859973192214966,\n        \"Erythema\": 0.9959080219268799,\n        \"Foreign Body\": 0.9990845918655396,\n        \"Lymphangiectasia\": 0.9990982413291931,\n        \"Normal\": 0.9950464963912964,\n        \"Polyp\": 0.9964247941970825,\n        \"Ulcer\": 0.9999366402626038,\n        \"Worms\": 0.9999895691871643\n    },\n    \"mean_auc\": 0.9967555999755859,\n    \"average_precision_scores\": {\n        \"Angioectasia\": 0.9806571006774902,\n        \"Bleeding\": 0.9901864528656006,\n        \"Erosion\": 0.9091066718101501,\n        \"Erythema\": 0.9639638662338257,\n        \"Foreign Body\": 0.9941723346710205,\n        \"Lymphangiectasia\": 0.9935365319252014,\n        \"Normal\": 0.97203528881073,\n        \"Polyp\": 0.9715909957885742,\n        \"Ulcer\": 0.9994552731513977,\n        \"Worms\": 0.9999045133590698\n    },\n    \"mean_average_precision\": 0.9774608612060547,\n    \"mean_f1_score\": 0.9360378384590149,\n    \"mean_specificity\": 0.9929429292678833,\n    \"mean_sensitivity\": 0.9360049366950989,\n    \"balanced_accuracy\": 0.9360049366950989\n}",
    "test_metrics": "{\n    \"Angioectasia\": {\n        \"precision\": 0.6132686138153076,\n        \"recall\": 0.7625754475593567,\n        \"f1-score\": 0.6798206567764282,\n        \"specificity\": 0.9847137928009033\n    },\n    \"Bleeding\": {\n        \"precision\": 0.7859007716178894,\n        \"recall\": 0.8384401202201843,\n        \"f1-score\": 0.8113207817077637,\n        \"specificity\": 0.9948012232780457\n    },\n    \"Erosion\": {\n        \"precision\": 0.6297151446342468,\n        \"recall\": 0.7082251310348511,\n        \"f1-score\": 0.6666666865348816,\n        \"specificity\": 0.9678840637207031\n    },\n    \"Erythema\": {\n        \"precision\": 0.4406047463417053,\n        \"recall\": 0.6868686676025391,\n        \"f1-score\": 0.5368421077728271,\n        \"specificity\": 0.9836438298225403\n    },\n    \"Foreign Body\": {\n        \"precision\": 0.695852518081665,\n        \"recall\": 0.8882352709770203,\n        \"f1-score\": 0.7803617715835571,\n        \"specificity\": 0.9916413426399231\n    },\n    \"Lymphangiectasia\": {\n        \"precision\": 0.6585366129875183,\n        \"recall\": 0.8658891916275024,\n        \"f1-score\": 0.748110830783844,\n        \"specificity\": 0.9902463555335999\n    },\n    \"Normal\": {\n        \"precision\": 0.988858699798584,\n        \"recall\": 0.917392373085022,\n        \"f1-score\": 0.9517858624458313,\n        \"specificity\": 0.9669700860977173\n    },\n    \"Polyp\": {\n        \"precision\": 0.5143678188323975,\n        \"recall\": 0.7160000205039978,\n        \"f1-score\": 0.5986621975898743,\n        \"specificity\": 0.9783776998519897\n    },\n    \"Ulcer\": {\n        \"precision\": 0.8920634984970093,\n        \"recall\": 0.9825174808502197,\n        \"f1-score\": 0.9351081252098083,\n        \"specificity\": 0.9978543519973755\n    },\n    \"Worms\": {\n        \"precision\": 0.9189189076423645,\n        \"recall\": 1.0,\n        \"f1-score\": 0.9577465057373047,\n        \"specificity\": 0.9996265172958374\n    },\n    \"macro avg\": {\n        \"precision\": 0.7138087153434753,\n        \"recall\": 0.8366143107414246,\n        \"f1-score\": 0.7666425704956055,\n        \"specificity\": 0.9855759739875793\n    },\n    \"accuracy\": 0.885197103023529,\n    \"auc_roc_scores\": {\n        \"Angioectasia\": 0.9714429378509521,\n        \"Bleeding\": 0.9902657866477966,\n        \"Erosion\": 0.9578648805618286,\n        \"Erythema\": 0.9757756590843201,\n        \"Foreign Body\": 0.9887063503265381,\n        \"Lymphangiectasia\": 0.9877013564109802,\n        \"Normal\": 0.9886226654052734,\n        \"Polyp\": 0.9761726260185242,\n        \"Ulcer\": 0.9997676014900208,\n        \"Worms\": 0.9999871850013733\n    },\n    \"mean_auc\": 0.9836307764053345,\n    \"average_precision_scores\": {\n        \"Angioectasia\": 0.792689323425293,\n        \"Bleeding\": 0.888548731803894,\n        \"Erosion\": 0.7314918041229248,\n        \"Erythema\": 0.5827416181564331,\n        \"Foreign Body\": 0.9109784960746765,\n        \"Lymphangiectasia\": 0.8748602271080017,\n        \"Normal\": 0.996346652507782,\n        \"Polyp\": 0.6708599328994751,\n        \"Ulcer\": 0.984947681427002,\n        \"Worms\": 0.9970693588256836\n    },\n    \"mean_average_precision\": 0.8430534601211548,\n    \"mean_f1_score\": 0.7666425704956055,\n    \"mean_specificity\": 0.9855759739875793,\n    \"mean_sensitivity\": 0.8366143107414246,\n    \"balanced_accuracy\": 0.8366143107414246\n}"
}