{
    "epoch": 9,
    "train_metrics": "{\n    \"Angioectasia\": {\n        \"precision\": 0.9158729910850525,\n        \"recall\": 0.9043887257575989,\n        \"f1-score\": 0.9100946187973022,\n        \"specificity\": 0.9905858635902405\n    },\n    \"Bleeding\": {\n        \"precision\": 0.9329801201820374,\n        \"recall\": 0.9490703344345093,\n        \"f1-score\": 0.9409564733505249,\n        \"specificity\": 0.9925360083580017\n    },\n    \"Erosion\": {\n        \"precision\": 0.7905073761940002,\n        \"recall\": 0.7868585586547852,\n        \"f1-score\": 0.7886787056922913,\n        \"specificity\": 0.9773611426353455\n    },\n    \"Erythema\": {\n        \"precision\": 0.8783714771270752,\n        \"recall\": 0.8936060070991516,\n        \"f1-score\": 0.8859232664108276,\n        \"specificity\": 0.985834538936615\n    },\n    \"Foreign Body\": {\n        \"precision\": 0.9560166001319885,\n        \"recall\": 0.9486686587333679,\n        \"f1-score\": 0.9523284435272217,\n        \"specificity\": 0.995318591594696\n    },\n    \"Lymphangiectasia\": {\n        \"precision\": 0.9608879685401917,\n        \"recall\": 0.9588607549667358,\n        \"f1-score\": 0.9598732590675354,\n        \"specificity\": 0.9956232309341431\n    },\n    \"Normal\": {\n        \"precision\": 0.9230343103408813,\n        \"recall\": 0.8976844549179077,\n        \"f1-score\": 0.9101828932762146,\n        \"specificity\": 0.9917977452278137\n    },\n    \"Polyp\": {\n        \"precision\": 0.8814419507980347,\n        \"recall\": 0.8992100358009338,\n        \"f1-score\": 0.8902373313903809,\n        \"specificity\": 0.9869165420532227\n    },\n    \"Ulcer\": {\n        \"precision\": 0.9890539646148682,\n        \"recall\": 0.9880239367485046,\n        \"f1-score\": 0.9885386824607849,\n        \"specificity\": 0.9987561702728271\n    },\n    \"Worms\": {\n        \"precision\": 0.9940460920333862,\n        \"recall\": 0.9945610165596008,\n        \"f1-score\": 0.9943034648895264,\n        \"specificity\": 0.9993184208869934\n    },\n    \"macro avg\": {\n        \"precision\": 0.922221302986145,\n        \"recall\": 0.9220932126045227,\n        \"f1-score\": 0.9221116900444031,\n        \"specificity\": 0.9914048314094543\n    },\n    \"accuracy\": 0.9225941896438599,\n    \"auc_roc_scores\": {\n        \"Angioectasia\": 0.995854377746582,\n        \"Bleeding\": 0.9982638359069824,\n        \"Erosion\": 0.9812139868736267,\n        \"Erythema\": 0.9941364526748657,\n        \"Foreign Body\": 0.9989218711853027,\n        \"Lymphangiectasia\": 0.9987186789512634,\n        \"Normal\": 0.9937052726745605,\n        \"Polyp\": 0.9943445324897766,\n        \"Ulcer\": 0.9998831748962402,\n        \"Worms\": 0.9999818801879883\n    },\n    \"mean_auc\": 0.9955024123191833,\n    \"average_precision_scores\": {\n        \"Angioectasia\": 0.9725841283798218,\n        \"Bleeding\": 0.986632764339447,\n        \"Erosion\": 0.8802763223648071,\n        \"Erythema\": 0.9514940977096558,\n        \"Foreign Body\": 0.9916052222251892,\n        \"Lymphangiectasia\": 0.9914394617080688,\n        \"Normal\": 0.9673178195953369,\n        \"Polyp\": 0.9554545879364014,\n        \"Ulcer\": 0.9992432594299316,\n        \"Worms\": 0.9998427033424377\n    },\n    \"mean_average_precision\": 0.9695890545845032,\n    \"mean_f1_score\": 0.9221116900444031,\n    \"mean_specificity\": 0.9914048314094543,\n    \"mean_sensitivity\": 0.9220932126045227,\n    \"balanced_accuracy\": 0.9220932126045227\n}",
    "test_metrics": "{\n    \"Angioectasia\": {\n        \"precision\": 0.7299413084983826,\n        \"recall\": 0.7505030035972595,\n        \"f1-score\": 0.7400793433189392,\n        \"specificity\": 0.9911736249923706\n    },\n    \"Bleeding\": {\n        \"precision\": 0.7218225598335266,\n        \"recall\": 0.8384401202201843,\n        \"f1-score\": 0.7757731676101685,\n        \"specificity\": 0.9926456809043884\n    },\n    \"Erosion\": {\n        \"precision\": 0.5502544641494751,\n        \"recall\": 0.7489177584648132,\n        \"f1-score\": 0.6343967914581299,\n        \"specificity\": 0.9527943134307861\n    },\n    \"Erythema\": {\n        \"precision\": 0.4842105209827423,\n        \"recall\": 0.619528591632843,\n        \"f1-score\": 0.5435745716094971,\n        \"specificity\": 0.9876223802566528\n    },\n    \"Foreign Body\": {\n        \"precision\": 0.6844444274902344,\n        \"recall\": 0.9058823585510254,\n        \"f1-score\": 0.7797468304634094,\n        \"specificity\": 0.9910081028938293\n    },\n    \"Lymphangiectasia\": {\n        \"precision\": 0.7027649879455566,\n        \"recall\": 0.8892128467559814,\n        \"f1-score\": 0.7850707769393921,\n        \"specificity\": 0.9918297529220581\n    },\n    \"Normal\": {\n        \"precision\": 0.9890139102935791,\n        \"recall\": 0.9158459901809692,\n        \"f1-score\": 0.9510247111320496,\n        \"specificity\": 0.9674902558326721\n    },\n    \"Polyp\": {\n        \"precision\": 0.556291401386261,\n        \"recall\": 0.671999990940094,\n        \"f1-score\": 0.6086956262588501,\n        \"specificity\": 0.9828556776046753\n    },\n    \"Ulcer\": {\n        \"precision\": 0.9064516425132751,\n        \"recall\": 0.9825174808502197,\n        \"f1-score\": 0.9429529905319214,\n        \"specificity\": 0.9981698989868164\n    },\n    \"Worms\": {\n        \"precision\": 0.8947368264198303,\n        \"recall\": 1.0,\n        \"f1-score\": 0.9444444179534912,\n        \"specificity\": 0.9995020031929016\n    },\n    \"macro avg\": {\n        \"precision\": 0.7219932079315186,\n        \"recall\": 0.8322848677635193,\n        \"f1-score\": 0.7705759406089783,\n        \"specificity\": 0.9855092167854309\n    },\n    \"accuracy\": 0.8848251700401306,\n    \"auc_roc_scores\": {\n        \"Angioectasia\": 0.977410078048706,\n        \"Bleeding\": 0.9884101152420044,\n        \"Erosion\": 0.9524250030517578,\n        \"Erythema\": 0.9747968912124634,\n        \"Foreign Body\": 0.9896954298019409,\n        \"Lymphangiectasia\": 0.9904764890670776,\n        \"Normal\": 0.9885191917419434,\n        \"Polyp\": 0.9702447652816772,\n        \"Ulcer\": 0.9998201727867126,\n        \"Worms\": 0.9999963641166687\n    },\n    \"mean_auc\": 0.98317950963974,\n    \"average_precision_scores\": {\n        \"Angioectasia\": 0.8229275941848755,\n        \"Bleeding\": 0.8764129877090454,\n        \"Erosion\": 0.6981444358825684,\n        \"Erythema\": 0.5813484191894531,\n        \"Foreign Body\": 0.9061222076416016,\n        \"Lymphangiectasia\": 0.8972597718238831,\n        \"Normal\": 0.9963874220848083,\n        \"Polyp\": 0.6621010303497314,\n        \"Ulcer\": 0.9895558953285217,\n        \"Worms\": 0.9991536140441895\n    },\n    \"mean_average_precision\": 0.842941403388977,\n    \"mean_f1_score\": 0.7705759406089783,\n    \"mean_specificity\": 0.9855092167854309,\n    \"mean_sensitivity\": 0.8322848677635193,\n    \"balanced_accuracy\": 0.8322848677635193\n}"
}