{
    "epoch": 2,
    "train_metrics": "{\n    \"Angioectasia\": {\n        \"precision\": 0.7766685485839844,\n        \"recall\": 0.7211334705352783,\n        \"f1-score\": 0.747871458530426,\n        \"specificity\": 0.9768555760383606\n    },\n    \"Bleeding\": {\n        \"precision\": 0.8299605846405029,\n        \"recall\": 0.8405642509460449,\n        \"f1-score\": 0.8352288007736206,\n        \"specificity\": 0.9808862805366516\n    },\n    \"Erosion\": {\n        \"precision\": 0.49628451466560364,\n        \"recall\": 0.5022830963134766,\n        \"f1-score\": 0.49926578998565674,\n        \"specificity\": 0.9439853429794312\n    },\n    \"Erythema\": {\n        \"precision\": 0.6154672503471375,\n        \"recall\": 0.621643602848053,\n        \"f1-score\": 0.6185399889945984,\n        \"specificity\": 0.957783043384552\n    },\n    \"Foreign Body\": {\n        \"precision\": 0.8730769157409668,\n        \"recall\": 0.8529253602027893,\n        \"f1-score\": 0.8628835082054138,\n        \"specificity\": 0.9863640666007996\n    },\n    \"Lymphangiectasia\": {\n        \"precision\": 0.8898094296455383,\n        \"recall\": 0.8539623618125916,\n        \"f1-score\": 0.8715174198150635,\n        \"specificity\": 0.9882071018218994\n    },\n    \"Normal\": {\n        \"precision\": 0.7888316512107849,\n        \"recall\": 0.7712695598602295,\n        \"f1-score\": 0.7799517512321472,\n        \"specificity\": 0.9769757986068726\n    },\n    \"Polyp\": {\n        \"precision\": 0.6524856686592102,\n        \"recall\": 0.7165354490280151,\n        \"f1-score\": 0.6830122470855713,\n        \"specificity\": 0.956978440284729\n    },\n    \"Ulcer\": {\n        \"precision\": 0.9389596581459045,\n        \"recall\": 0.9459893107414246,\n        \"f1-score\": 0.942461371421814,\n        \"specificity\": 0.9932087063789368\n    },\n    \"Worms\": {\n        \"precision\": 0.9669400453567505,\n        \"recall\": 0.9820405840873718,\n        \"f1-score\": 0.9744318127632141,\n        \"specificity\": 0.996179461479187\n    },\n    \"macro avg\": {\n        \"precision\": 0.7828484773635864,\n        \"recall\": 0.7808346748352051,\n        \"f1-score\": 0.7815164923667908,\n        \"specificity\": 0.9757424592971802\n    },\n    \"accuracy\": 0.781609833240509,\n    \"auc_roc_scores\": {\n        \"Angioectasia\": 0.9645001888275146,\n        \"Bleeding\": 0.986361563205719,\n        \"Erosion\": 0.9066348075866699,\n        \"Erythema\": 0.9472088813781738,\n        \"Foreign Body\": 0.9878970980644226,\n        \"Lymphangiectasia\": 0.9865072965621948,\n        \"Normal\": 0.9674758911132812,\n        \"Polyp\": 0.9613847732543945,\n        \"Ulcer\": 0.997517466545105,\n        \"Worms\": 0.999505341053009\n    },\n    \"mean_auc\": 0.9704993367195129,\n    \"average_precision_scores\": {\n        \"Angioectasia\": 0.843583345413208,\n        \"Bleeding\": 0.9181116223335266,\n        \"Erosion\": 0.5381885766983032,\n        \"Erythema\": 0.6809548139572144,\n        \"Foreign Body\": 0.9397424459457397,\n        \"Lymphangiectasia\": 0.9361870288848877,\n        \"Normal\": 0.8458717465400696,\n        \"Polyp\": 0.7644281387329102,\n        \"Ulcer\": 0.9850665926933289,\n        \"Worms\": 0.9962767362594604\n    },\n    \"mean_average_precision\": 0.8448411822319031,\n    \"mean_f1_score\": 0.7815164923667908,\n    \"mean_specificity\": 0.9757424592971802,\n    \"mean_sensitivity\": 0.7808346748352051,\n    \"balanced_accuracy\": 0.7808346748352051\n}",
    "test_metrics": "{\n    \"Angioectasia\": {\n        \"precision\": 0.3859296441078186,\n        \"recall\": 0.772635817527771,\n        \"f1-score\": 0.51474529504776,\n        \"specificity\": 0.9609209895133972\n    },\n    \"Bleeding\": {\n        \"precision\": 0.6080808043479919,\n        \"recall\": 0.8384401202201843,\n        \"f1-score\": 0.7049180269241333,\n        \"specificity\": 0.9877005219459534\n    },\n    \"Erosion\": {\n        \"precision\": 0.5879396796226501,\n        \"recall\": 0.40519481897354126,\n        \"f1-score\": 0.4797539710998535,\n        \"specificity\": 0.9780997633934021\n    },\n    \"Erythema\": {\n        \"precision\": 0.19716885685920715,\n        \"recall\": 0.6565656661987305,\n        \"f1-score\": 0.30326592922210693,\n        \"specificity\": 0.9498578906059265\n    },\n    \"Foreign Body\": {\n        \"precision\": 0.379134863615036,\n        \"recall\": 0.8764705657958984,\n        \"f1-score\": 0.5293073058128357,\n        \"specificity\": 0.9690982699394226\n    },\n    \"Lymphangiectasia\": {\n        \"precision\": 0.37247923016548157,\n        \"recall\": 0.9154518842697144,\n        \"f1-score\": 0.5295109748840332,\n        \"specificity\": 0.9664956331253052\n    },\n    \"Normal\": {\n        \"precision\": 0.9898403286933899,\n        \"recall\": 0.7770814895629883,\n        \"f1-score\": 0.8706515431404114,\n        \"specificity\": 0.9745123386383057\n    },\n    \"Polyp\": {\n        \"precision\": 0.31037649512290955,\n        \"recall\": 0.6759999990463257,\n        \"f1-score\": 0.4254247844219208,\n        \"specificity\": 0.9519575238227844\n    },\n    \"Ulcer\": {\n        \"precision\": 0.6784810423851013,\n        \"recall\": 0.9370629191398621,\n        \"f1-score\": 0.7870778441429138,\n        \"specificity\": 0.9919853806495667\n    },\n    \"Worms\": {\n        \"precision\": 0.6734693646430969,\n        \"recall\": 0.970588207244873,\n        \"f1-score\": 0.7951807379722595,\n        \"specificity\": 0.9980079531669617\n    },\n    \"macro avg\": {\n        \"precision\": 0.5182900428771973,\n        \"recall\": 0.7825490832328796,\n        \"f1-score\": 0.5939836502075195,\n        \"specificity\": 0.9728636145591736\n    },\n    \"accuracy\": 0.7550210952758789,\n    \"auc_roc_scores\": {\n        \"Angioectasia\": 0.9581818580627441,\n        \"Bleeding\": 0.985661506652832,\n        \"Erosion\": 0.9201635122299194,\n        \"Erythema\": 0.9408000707626343,\n        \"Foreign Body\": 0.9792899489402771,\n        \"Lymphangiectasia\": 0.9864313006401062,\n        \"Normal\": 0.9674798250198364,\n        \"Polyp\": 0.9607840180397034,\n        \"Ulcer\": 0.9984064102172852,\n        \"Worms\": 0.9997958540916443\n    },\n    \"mean_auc\": 0.969699501991272,\n    \"average_precision_scores\": {\n        \"Angioectasia\": 0.6896677613258362,\n        \"Bleeding\": 0.8245453238487244,\n        \"Erosion\": 0.5535334944725037,\n        \"Erythema\": 0.3833572566509247,\n        \"Foreign Body\": 0.8068358302116394,\n        \"Lymphangiectasia\": 0.8084443807601929,\n        \"Normal\": 0.989174485206604,\n        \"Polyp\": 0.5255511999130249,\n        \"Ulcer\": 0.9345952868461609,\n        \"Worms\": 0.9701623320579529\n    },\n    \"mean_average_precision\": 0.7485867142677307,\n    \"mean_f1_score\": 0.5939836502075195,\n    \"mean_specificity\": 0.9728636145591736,\n    \"mean_sensitivity\": 0.7825490832328796,\n    \"balanced_accuracy\": 0.7825490832328796\n}"
}