{
    "epoch": 17,
    "train_metrics": "{\n    \"Angioectasia\": {\n        \"precision\": 0.9503676295280457,\n        \"recall\": 0.9493703842163086,\n        \"f1-score\": 0.9498687386512756,\n        \"specificity\": 0.9944074749946594\n    },\n    \"Bleeding\": {\n        \"precision\": 0.9550038576126099,\n        \"recall\": 0.9642297625541687,\n        \"f1-score\": 0.9595946669578552,\n        \"specificity\": 0.9948485493659973\n    },\n    \"Erosion\": {\n        \"precision\": 0.879829466342926,\n        \"recall\": 0.8751656413078308,\n        \"f1-score\": 0.8774913549423218,\n        \"specificity\": 0.986670196056366\n    },\n    \"Erythema\": {\n        \"precision\": 0.9215948581695557,\n        \"recall\": 0.9310624599456787,\n        \"f1-score\": 0.9263044595718384,\n        \"specificity\": 0.9913589954376221\n    },\n    \"Foreign Body\": {\n        \"precision\": 0.9705803394317627,\n        \"recall\": 0.9669597744941711,\n        \"f1-score\": 0.9687666893005371,\n        \"specificity\": 0.9967507719993591\n    },\n    \"Lymphangiectasia\": {\n        \"precision\": 0.9720372557640076,\n        \"recall\": 0.9684266448020935,\n        \"f1-score\": 0.9702286124229431,\n        \"specificity\": 0.9968969821929932\n    },\n    \"Normal\": {\n        \"precision\": 0.9534754753112793,\n        \"recall\": 0.9353436827659607,\n        \"f1-score\": 0.9443225264549255,\n        \"specificity\": 0.9950480461120605\n    },\n    \"Polyp\": {\n        \"precision\": 0.9303746819496155,\n        \"recall\": 0.9421420693397522,\n        \"f1-score\": 0.9362214207649231,\n        \"specificity\": 0.9922693371772766\n    },\n    \"Ulcer\": {\n        \"precision\": 0.9950339794158936,\n        \"recall\": 0.9952940940856934,\n        \"f1-score\": 0.9951640367507935,\n        \"specificity\": 0.9994375705718994\n    },\n    \"Worms\": {\n        \"precision\": 0.9978655576705933,\n        \"recall\": 0.9975993633270264,\n        \"f1-score\": 0.997732400894165,\n        \"specificity\": 0.9997637271881104\n    },\n    \"macro avg\": {\n        \"precision\": 0.9526163339614868,\n        \"recall\": 0.9525594115257263,\n        \"f1-score\": 0.9525694847106934,\n        \"specificity\": 0.9947451949119568\n    },\n    \"accuracy\": 0.9526949524879456,\n    \"auc_roc_scores\": {\n        \"Angioectasia\": 0.9985772371292114,\n        \"Bleeding\": 0.9993046522140503,\n        \"Erosion\": 0.9924915432929993,\n        \"Erythema\": 0.9976595044136047,\n        \"Foreign Body\": 0.9995306730270386,\n        \"Lymphangiectasia\": 0.999275803565979,\n        \"Normal\": 0.9971349239349365,\n        \"Polyp\": 0.9980640411376953,\n        \"Ulcer\": 0.9999836087226868,\n        \"Worms\": 0.9999977350234985\n    },\n    \"mean_auc\": 0.9982019662857056,\n    \"average_precision_scores\": {\n        \"Angioectasia\": 0.9894227981567383,\n        \"Bleeding\": 0.9938116669654846,\n        \"Erosion\": 0.9504101872444153,\n        \"Erythema\": 0.9780696630477905,\n        \"Foreign Body\": 0.9960401058197021,\n        \"Lymphangiectasia\": 0.9954488277435303,\n        \"Normal\": 0.9834437966346741,\n        \"Polyp\": 0.9838911294937134,\n        \"Ulcer\": 0.9998612403869629,\n        \"Worms\": 0.9999798536300659\n    },\n    \"mean_average_precision\": 0.9870379567146301,\n    \"mean_f1_score\": 0.9525694847106934,\n    \"mean_specificity\": 0.9947451949119568,\n    \"mean_sensitivity\": 0.9525594115257263,\n    \"balanced_accuracy\": 0.9525594115257263\n}",
    "test_metrics": "{\n    \"Angioectasia\": {\n        \"precision\": 0.6550580263137817,\n        \"recall\": 0.7947686314582825,\n        \"f1-score\": 0.7181817889213562,\n        \"specificity\": 0.9866965413093567\n    },\n    \"Bleeding\": {\n        \"precision\": 0.7554479241371155,\n        \"recall\": 0.8690807819366455,\n        \"f1-score\": 0.8082901835441589,\n        \"specificity\": 0.9935966730117798\n    },\n    \"Erosion\": {\n        \"precision\": 0.6440548896789551,\n        \"recall\": 0.7316017150878906,\n        \"f1-score\": 0.6850425601005554,\n        \"specificity\": 0.9688188433647156\n    },\n    \"Erythema\": {\n        \"precision\": 0.5104712247848511,\n        \"recall\": 0.6565656661987305,\n        \"f1-score\": 0.5743740797042847,\n        \"specificity\": 0.9881907105445862\n    },\n    \"Foreign Body\": {\n        \"precision\": 0.7132701277732849,\n        \"recall\": 0.8852941393852234,\n        \"f1-score\": 0.7900262475013733,\n        \"specificity\": 0.9923378825187683\n    },\n    \"Lymphangiectasia\": {\n        \"precision\": 0.6522678136825562,\n        \"recall\": 0.8804664611816406,\n        \"f1-score\": 0.7493796348571777,\n        \"specificity\": 0.9898030161857605\n    },\n    \"Normal\": {\n        \"precision\": 0.9902929663658142,\n        \"recall\": 0.9299259185791016,\n        \"f1-score\": 0.959160566329956,\n        \"specificity\": 0.9708712697029114\n    },\n    \"Polyp\": {\n        \"precision\": 0.5760517716407776,\n        \"recall\": 0.7120000123977661,\n        \"f1-score\": 0.6368515491485596,\n        \"specificity\": 0.9832395315170288\n    },\n    \"Ulcer\": {\n        \"precision\": 0.9090909361839294,\n        \"recall\": 0.9790209531784058,\n        \"f1-score\": 0.9427609443664551,\n        \"specificity\": 0.9982330203056335\n    },\n    \"Worms\": {\n        \"precision\": 0.931506872177124,\n        \"recall\": 1.0,\n        \"f1-score\": 0.9645389914512634,\n        \"specificity\": 0.9996887445449829\n    },\n    \"macro avg\": {\n        \"precision\": 0.7337512373924255,\n        \"recall\": 0.8438724875450134,\n        \"f1-score\": 0.7828606963157654,\n        \"specificity\": 0.9871476292610168\n    },\n    \"accuracy\": 0.8975948691368103,\n    \"auc_roc_scores\": {\n        \"Angioectasia\": 0.9785407185554504,\n        \"Bleeding\": 0.990828812122345,\n        \"Erosion\": 0.9648196697235107,\n        \"Erythema\": 0.9723166227340698,\n        \"Foreign Body\": 0.9887757897377014,\n        \"Lymphangiectasia\": 0.9827829599380493,\n        \"Normal\": 0.9907498955726624,\n        \"Polyp\": 0.97750324010849,\n        \"Ulcer\": 0.999745786190033,\n        \"Worms\": 0.9999889731407166\n    },\n    \"mean_auc\": 0.9846052527427673,\n    \"average_precision_scores\": {\n        \"Angioectasia\": 0.8184524178504944,\n        \"Bleeding\": 0.8969094157218933,\n        \"Erosion\": 0.7573294639587402,\n        \"Erythema\": 0.6072092056274414,\n        \"Foreign Body\": 0.9165453910827637,\n        \"Lymphangiectasia\": 0.8795154690742493,\n        \"Normal\": 0.9971438646316528,\n        \"Polyp\": 0.6899346709251404,\n        \"Ulcer\": 0.9902562499046326,\n        \"Worms\": 0.9973794221878052\n    },\n    \"mean_average_precision\": 0.8550675511360168,\n    \"mean_f1_score\": 0.7828606963157654,\n    \"mean_specificity\": 0.9871476292610168,\n    \"mean_sensitivity\": 0.8438724875450134,\n    \"balanced_accuracy\": 0.8438724875450134\n}"
}