{
    "epoch": 5,
    "train_metrics": "{\n    \"Angioectasia\": {\n        \"precision\": 0.8650881052017212,\n        \"recall\": 0.8405564427375793,\n        \"f1-score\": 0.8526458740234375,\n        \"specificity\": 0.9855325222015381\n    },\n    \"Bleeding\": {\n        \"precision\": 0.9082887768745422,\n        \"recall\": 0.9268758296966553,\n        \"f1-score\": 0.917488157749176,\n        \"specificity\": 0.9898945093154907\n    },\n    \"Erosion\": {\n        \"precision\": 0.688696563243866,\n        \"recall\": 0.6928759813308716,\n        \"f1-score\": 0.690779983997345,\n        \"specificity\": 0.9648993015289307\n    },\n    \"Erythema\": {\n        \"precision\": 0.7931034564971924,\n        \"recall\": 0.806485652923584,\n        \"f1-score\": 0.7997385859489441,\n        \"specificity\": 0.9764003157615662\n    },\n    \"Foreign Body\": {\n        \"precision\": 0.9389892816543579,\n        \"recall\": 0.9319126605987549,\n        \"f1-score\": 0.9354375600814819,\n        \"specificity\": 0.9930981397628784\n    },\n    \"Lymphangiectasia\": {\n        \"precision\": 0.9392017126083374,\n        \"recall\": 0.927676260471344,\n        \"f1-score\": 0.9334033727645874,\n        \"specificity\": 0.9931906461715698\n    },\n    \"Normal\": {\n        \"precision\": 0.88810795545578,\n        \"recall\": 0.8626433610916138,\n        \"f1-score\": 0.8751904964447021,\n        \"specificity\": 0.9882751703262329\n    },\n    \"Polyp\": {\n        \"precision\": 0.8061594367027283,\n        \"recall\": 0.8311099410057068,\n        \"f1-score\": 0.818444550037384,\n        \"specificity\": 0.9778788685798645\n    },\n    \"Ulcer\": {\n        \"precision\": 0.9794591665267944,\n        \"recall\": 0.9784415364265442,\n        \"f1-score\": 0.9789500832557678,\n        \"specificity\": 0.9976597428321838\n    },\n    \"Worms\": {\n        \"precision\": 0.989989161491394,\n        \"recall\": 0.9934835433959961,\n        \"f1-score\": 0.9917333126068115,\n        \"specificity\": 0.9989093542098999\n    },\n    \"macro avg\": {\n        \"precision\": 0.8797084093093872,\n        \"recall\": 0.879206120967865,\n        \"f1-score\": 0.8793811798095703,\n        \"specificity\": 0.9865738749504089\n    },\n    \"accuracy\": 0.8791714310646057,\n    \"auc_roc_scores\": {\n        \"Angioectasia\": 0.9882345199584961,\n        \"Bleeding\": 0.9965106248855591,\n        \"Erosion\": 0.9598643183708191,\n        \"Erythema\": 0.9833261370658875,\n        \"Foreign Body\": 0.9974305629730225,\n        \"Lymphangiectasia\": 0.9963749647140503,\n        \"Normal\": 0.9871867299079895,\n        \"Polyp\": 0.9863862991333008,\n        \"Ulcer\": 0.9996150135993958,\n        \"Worms\": 0.999963104724884\n    },\n    \"mean_auc\": 0.9894891977310181,\n    \"average_precision_scores\": {\n        \"Angioectasia\": 0.9344208836555481,\n        \"Bleeding\": 0.9730913639068604,\n        \"Erosion\": 0.7700807452201843,\n        \"Erythema\": 0.874453604221344,\n        \"Foreign Body\": 0.9826880097389221,\n        \"Lymphangiectasia\": 0.9784882664680481,\n        \"Normal\": 0.9389263391494751,\n        \"Polyp\": 0.9035317897796631,\n        \"Ulcer\": 0.9975875616073608,\n        \"Worms\": 0.999663233757019\n    },\n    \"mean_average_precision\": 0.9352931976318359,\n    \"mean_f1_score\": 0.8793811798095703,\n    \"mean_specificity\": 0.9865738749504089,\n    \"mean_sensitivity\": 0.879206120967865,\n    \"balanced_accuracy\": 0.879206120967865\n}",
    "test_metrics": "{\n    \"Angioectasia\": {\n        \"precision\": 0.40726202726364136,\n        \"recall\": 0.8350100517272949,\n        \"f1-score\": 0.5474933981895447,\n        \"specificity\": 0.96136873960495\n    },\n    \"Bleeding\": {\n        \"precision\": 0.7461928725242615,\n        \"recall\": 0.8189415335655212,\n        \"f1-score\": 0.7808765172958374,\n        \"specificity\": 0.993660032749176\n    },\n    \"Erosion\": {\n        \"precision\": 0.4414469599723816,\n        \"recall\": 0.6233766078948975,\n        \"f1-score\": 0.5168700814247131,\n        \"specificity\": 0.9391734004020691\n    },\n    \"Erythema\": {\n        \"precision\": 0.30998510122299194,\n        \"recall\": 0.7003366947174072,\n        \"f1-score\": 0.42975205183029175,\n        \"specificity\": 0.9707610011100769\n    },\n    \"Foreign Body\": {\n        \"precision\": 0.7255370020866394,\n        \"recall\": 0.8941176533699036,\n        \"f1-score\": 0.8010540008544922,\n        \"specificity\": 0.9927178025245667\n    },\n    \"Lymphangiectasia\": {\n        \"precision\": 0.6000000238418579,\n        \"recall\": 0.8921282887458801,\n        \"f1-score\": 0.7174677848815918,\n        \"specificity\": 0.9870796203613281\n    },\n    \"Normal\": {\n        \"precision\": 0.9946860074996948,\n        \"recall\": 0.8378774523735046,\n        \"f1-score\": 0.9095728397369385,\n        \"specificity\": 0.9856957197189331\n    },\n    \"Polyp\": {\n        \"precision\": 0.4722222089767456,\n        \"recall\": 0.6800000071525574,\n        \"f1-score\": 0.5573770403862,\n        \"specificity\": 0.9756909012794495\n    },\n    \"Ulcer\": {\n        \"precision\": 0.8181818127632141,\n        \"recall\": 0.9755244851112366,\n        \"f1-score\": 0.8899521827697754,\n        \"specificity\": 0.9960873126983643\n    },\n    \"Worms\": {\n        \"precision\": 0.8701298832893372,\n        \"recall\": 0.9852941036224365,\n        \"f1-score\": 0.9241379499435425,\n        \"specificity\": 0.9993774890899658\n    },\n    \"macro avg\": {\n        \"precision\": 0.63856440782547,\n        \"recall\": 0.8242607116699219,\n        \"f1-score\": 0.7074553966522217,\n        \"specificity\": 0.980161190032959\n    },\n    \"accuracy\": 0.8199851512908936,\n    \"auc_roc_scores\": {\n        \"Angioectasia\": 0.9723233580589294,\n        \"Bleeding\": 0.9833407402038574,\n        \"Erosion\": 0.9253308176994324,\n        \"Erythema\": 0.9635908603668213,\n        \"Foreign Body\": 0.9877972602844238,\n        \"Lymphangiectasia\": 0.9884980916976929,\n        \"Normal\": 0.9840006232261658,\n        \"Polyp\": 0.9737629294395447,\n        \"Ulcer\": 0.9996719360351562,\n        \"Worms\": 0.9999387264251709\n    },\n    \"mean_auc\": 0.9778255820274353,\n    \"average_precision_scores\": {\n        \"Angioectasia\": 0.7885785102844238,\n        \"Bleeding\": 0.8627071380615234,\n        \"Erosion\": 0.518329381942749,\n        \"Erythema\": 0.5135163068771362,\n        \"Foreign Body\": 0.9039578437805176,\n        \"Lymphangiectasia\": 0.8704203367233276,\n        \"Normal\": 0.9950377941131592,\n        \"Polyp\": 0.6440041065216064,\n        \"Ulcer\": 0.9859921336174011,\n        \"Worms\": 0.9918718338012695\n    },\n    \"mean_average_precision\": 0.8074415326118469,\n    \"mean_f1_score\": 0.7074553966522217,\n    \"mean_specificity\": 0.980161190032959,\n    \"mean_sensitivity\": 0.8242607116699219,\n    \"balanced_accuracy\": 0.8242607116699219\n}"
}