{
    "epoch": 12,
    "train_metrics": "{\n    \"Angioectasia\": {\n        \"precision\": 0.9343966841697693,\n        \"recall\": 0.9286627173423767,\n        \"f1-score\": 0.9315208792686462,\n        \"specificity\": 0.9924323558807373\n    },\n    \"Bleeding\": {\n        \"precision\": 0.952479898929596,\n        \"recall\": 0.9579524397850037,\n        \"f1-score\": 0.9552083611488342,\n        \"specificity\": 0.9945822954177856\n    },\n    \"Erosion\": {\n        \"precision\": 0.8382777571678162,\n        \"recall\": 0.8424801826477051,\n        \"f1-score\": 0.8403737545013428,\n        \"specificity\": 0.9817842841148376\n    },\n    \"Erythema\": {\n        \"precision\": 0.9029734134674072,\n        \"recall\": 0.9134564399719238,\n        \"f1-score\": 0.9081847071647644,\n        \"specificity\": 0.988999605178833\n    },\n    \"Foreign Body\": {\n        \"precision\": 0.9635869860649109,\n        \"recall\": 0.9614967703819275,\n        \"f1-score\": 0.9625407457351685,\n        \"specificity\": 0.9960494041442871\n    },\n    \"Lymphangiectasia\": {\n        \"precision\": 0.9686337113380432,\n        \"recall\": 0.9665782451629639,\n        \"f1-score\": 0.9676048755645752,\n        \"specificity\": 0.9965127110481262\n    },\n    \"Normal\": {\n        \"precision\": 0.946370542049408,\n        \"recall\": 0.9267904758453369,\n        \"f1-score\": 0.9364781379699707,\n        \"specificity\": 0.9941484332084656\n    },\n    \"Polyp\": {\n        \"precision\": 0.9158952832221985,\n        \"recall\": 0.9261834621429443,\n        \"f1-score\": 0.9210106134414673,\n        \"specificity\": 0.9906105995178223\n    },\n    \"Ulcer\": {\n        \"precision\": 0.9950873255729675,\n        \"recall\": 0.9931898713111877,\n        \"f1-score\": 0.994137704372406,\n        \"specificity\": 0.9994695782661438\n    },\n    \"Worms\": {\n        \"precision\": 0.9972580075263977,\n        \"recall\": 0.9967114329338074,\n        \"f1-score\": 0.9969846606254578,\n        \"specificity\": 0.9997054934501648\n    },\n    \"macro avg\": {\n        \"precision\": 0.9414958953857422,\n        \"recall\": 0.9413501620292664,\n        \"f1-score\": 0.9414044618606567,\n        \"specificity\": 0.9934294819831848\n    },\n    \"accuracy\": 0.9409152269363403,\n    \"auc_roc_scores\": {\n        \"Angioectasia\": 0.997639000415802,\n        \"Bleeding\": 0.9989195466041565,\n        \"Erosion\": 0.9875456094741821,\n        \"Erythema\": 0.9960768818855286,\n        \"Foreign Body\": 0.9990993738174438,\n        \"Lymphangiectasia\": 0.9992034435272217,\n        \"Normal\": 0.9960194826126099,\n        \"Polyp\": 0.9969049692153931,\n        \"Ulcer\": 0.9998780488967896,\n        \"Worms\": 0.9999894499778748\n    },\n    \"mean_auc\": 0.9971275329589844,\n    \"average_precision_scores\": {\n        \"Angioectasia\": 0.9830734133720398,\n        \"Bleeding\": 0.9918237328529358,\n        \"Erosion\": 0.9205920696258545,\n        \"Erythema\": 0.9651989936828613,\n        \"Foreign Body\": 0.9937816858291626,\n        \"Lymphangiectasia\": 0.9942495822906494,\n        \"Normal\": 0.9790632128715515,\n        \"Polyp\": 0.9748244285583496,\n        \"Ulcer\": 0.9994988441467285,\n        \"Worms\": 0.9999014139175415\n    },\n    \"mean_average_precision\": 0.9802007675170898,\n    \"mean_f1_score\": 0.9414044618606567,\n    \"mean_specificity\": 0.9934294819831848,\n    \"mean_sensitivity\": 0.9413501620292664,\n    \"balanced_accuracy\": 0.9413501620292664\n}",
    "test_metrics": "{\n    \"Angioectasia\": {\n        \"precision\": 0.5938416719436646,\n        \"recall\": 0.8148893117904663,\n        \"f1-score\": 0.6870229244232178,\n        \"specificity\": 0.982283353805542\n    },\n    \"Bleeding\": {\n        \"precision\": 0.7013274431228638,\n        \"recall\": 0.8830083608627319,\n        \"f1-score\": 0.7817509174346924,\n        \"specificity\": 0.9914410710334778\n    },\n    \"Erosion\": {\n        \"precision\": 0.5581241846084595,\n        \"recall\": 0.7316017150878906,\n        \"f1-score\": 0.6331959366798401,\n        \"specificity\": 0.9553315043449402\n    },\n    \"Erythema\": {\n        \"precision\": 0.45642203092575073,\n        \"recall\": 0.6700336933135986,\n        \"f1-score\": 0.542974054813385,\n        \"specificity\": 0.9850331544876099\n    },\n    \"Foreign Body\": {\n        \"precision\": 0.7512437701225281,\n        \"recall\": 0.8882352709770203,\n        \"f1-score\": 0.8140161633491516,\n        \"specificity\": 0.9936676621437073\n    },\n    \"Lymphangiectasia\": {\n        \"precision\": 0.726190447807312,\n        \"recall\": 0.8892128467559814,\n        \"f1-score\": 0.7994757294654846,\n        \"specificity\": 0.9927164316177368\n    },\n    \"Normal\": {\n        \"precision\": 0.9928223490715027,\n        \"recall\": 0.911858081817627,\n        \"f1-score\": 0.9506193995475769,\n        \"specificity\": 0.9789336919784546\n    },\n    \"Polyp\": {\n        \"precision\": 0.6063829660415649,\n        \"recall\": 0.6840000152587891,\n        \"f1-score\": 0.6428571343421936,\n        \"specificity\": 0.9857983589172363\n    },\n    \"Ulcer\": {\n        \"precision\": 0.9147540926933289,\n        \"recall\": 0.9755244851112366,\n        \"f1-score\": 0.9441624283790588,\n        \"specificity\": 0.998359203338623\n    },\n    \"Worms\": {\n        \"precision\": 0.9444444179534912,\n        \"recall\": 1.0,\n        \"f1-score\": 0.9714285731315613,\n        \"specificity\": 0.9997509717941284\n    },\n    \"macro avg\": {\n        \"precision\": 0.7245553135871887,\n        \"recall\": 0.844836413860321,\n        \"f1-score\": 0.7767503261566162,\n        \"specificity\": 0.986331582069397\n    },\n    \"accuracy\": 0.8843292593955994,\n    \"auc_roc_scores\": {\n        \"Angioectasia\": 0.9741503000259399,\n        \"Bleeding\": 0.9908632040023804,\n        \"Erosion\": 0.9557886123657227,\n        \"Erythema\": 0.973574697971344,\n        \"Foreign Body\": 0.9882795810699463,\n        \"Lymphangiectasia\": 0.9928375482559204,\n        \"Normal\": 0.990199625492096,\n        \"Polyp\": 0.9777741432189941,\n        \"Ulcer\": 0.9996936917304993,\n        \"Worms\": 0.9999999403953552\n    },\n    \"mean_auc\": 0.9843161702156067,\n    \"average_precision_scores\": {\n        \"Angioectasia\": 0.8112663626670837,\n        \"Bleeding\": 0.8870586156845093,\n        \"Erosion\": 0.722685694694519,\n        \"Erythema\": 0.6129084229469299,\n        \"Foreign Body\": 0.9169318675994873,\n        \"Lymphangiectasia\": 0.9049196243286133,\n        \"Normal\": 0.9969348907470703,\n        \"Polyp\": 0.6986237168312073,\n        \"Ulcer\": 0.9868646860122681,\n        \"Worms\": 1.0\n    },\n    \"mean_average_precision\": 0.8538193702697754,\n    \"mean_f1_score\": 0.7767503261566162,\n    \"mean_specificity\": 0.986331582069397,\n    \"mean_sensitivity\": 0.844836413860321,\n    \"balanced_accuracy\": 0.844836413860321\n}"
}