{
    "epoch": 1,
    "train_metrics": "{\n    \"Angioectasia\": {\n        \"precision\": 0.5972906351089478,\n        \"recall\": 0.5033731460571289,\n        \"f1-score\": 0.5463249683380127,\n        \"specificity\": 0.9612478613853455\n    },\n    \"Bleeding\": {\n        \"precision\": 0.6773648858070374,\n        \"recall\": 0.6388741135597229,\n        \"f1-score\": 0.6575567126274109,\n        \"specificity\": 0.9661357402801514\n    },\n    \"Erosion\": {\n        \"precision\": 0.338035523891449,\n        \"recall\": 0.3514394462108612,\n        \"f1-score\": 0.3446072041988373,\n        \"specificity\": 0.9253058433532715\n    },\n    \"Erythema\": {\n        \"precision\": 0.4496050477027893,\n        \"recall\": 0.39341995120048523,\n        \"f1-score\": 0.4196402132511139,\n        \"specificity\": 0.9487496614456177\n    },\n    \"Foreign Body\": {\n        \"precision\": 0.7399821877479553,\n        \"recall\": 0.6539874076843262,\n        \"f1-score\": 0.6943322420120239,\n        \"specificity\": 0.9740790128707886\n    },\n    \"Lymphangiectasia\": {\n        \"precision\": 0.7604202032089233,\n        \"recall\": 0.5968084931373596,\n        \"f1-score\": 0.6687527894973755,\n        \"specificity\": 0.979111909866333\n    },\n    \"Normal\": {\n        \"precision\": 0.5640333890914917,\n        \"recall\": 0.5913065671920776,\n        \"f1-score\": 0.5773480534553528,\n        \"specificity\": 0.9472997188568115\n    },\n    \"Polyp\": {\n        \"precision\": 0.4376755356788635,\n        \"recall\": 0.5331578850746155,\n        \"f1-score\": 0.4807213246822357,\n        \"specificity\": 0.9230040907859802\n    },\n    \"Ulcer\": {\n        \"precision\": 0.719492495059967,\n        \"recall\": 0.8411542773246765,\n        \"f1-score\": 0.7755812406539917,\n        \"specificity\": 0.9641287326812744\n    },\n    \"Worms\": {\n        \"precision\": 0.7388864159584045,\n        \"recall\": 0.8846774101257324,\n        \"f1-score\": 0.8052361011505127,\n        \"specificity\": 0.9656800627708435\n    },\n    \"macro avg\": {\n        \"precision\": 0.6022786498069763,\n        \"recall\": 0.59881991147995,\n        \"f1-score\": 0.59701007604599,\n        \"specificity\": 0.955474317073822\n    },\n    \"accuracy\": 0.5992235541343689,\n    \"auc_roc_scores\": {\n        \"Angioectasia\": 0.8815264105796814,\n        \"Bleeding\": 0.9343754649162292,\n        \"Erosion\": 0.819344162940979,\n        \"Erythema\": 0.8703836798667908,\n        \"Foreign Body\": 0.9346882700920105,\n        \"Lymphangiectasia\": 0.922286868095398,\n        \"Normal\": 0.8972828388214111,\n        \"Polyp\": 0.8896828293800354,\n        \"Ulcer\": 0.9760729074478149,\n        \"Worms\": 0.9860437512397766\n    },\n    \"mean_auc\": 0.9111686944961548,\n    \"average_precision_scores\": {\n        \"Angioectasia\": 0.6239212155342102,\n        \"Bleeding\": 0.7462789416313171,\n        \"Erosion\": 0.3136904239654541,\n        \"Erythema\": 0.44805896282196045,\n        \"Foreign Body\": 0.769848644733429,\n        \"Lymphangiectasia\": 0.7369058132171631,\n        \"Normal\": 0.6259293556213379,\n        \"Polyp\": 0.5052850246429443,\n        \"Ulcer\": 0.8798530101776123,\n        \"Worms\": 0.9236396551132202\n    },\n    \"mean_average_precision\": 0.6573411226272583,\n    \"mean_f1_score\": 0.59701007604599,\n    \"mean_specificity\": 0.955474317073822,\n    \"mean_sensitivity\": 0.59881991147995,\n    \"balanced_accuracy\": 0.59881991147995\n}",
    "test_metrics": "{\n    \"Angioectasia\": {\n        \"precision\": 0.36966291069984436,\n        \"recall\": 0.6619718074798584,\n        \"f1-score\": 0.4744051992893219,\n        \"specificity\": 0.9641189575195312\n    },\n    \"Bleeding\": {\n        \"precision\": 0.4571865499019623,\n        \"recall\": 0.8328690528869629,\n        \"f1-score\": 0.5903257727622986,\n        \"specificity\": 0.977493166923523\n    },\n    \"Erosion\": {\n        \"precision\": 0.39979755878448486,\n        \"recall\": 0.3419913351535797,\n        \"f1-score\": 0.36864209175109863,\n        \"specificity\": 0.9604059457778931\n    },\n    \"Erythema\": {\n        \"precision\": 0.16491897404193878,\n        \"recall\": 0.5824915766716003,\n        \"f1-score\": 0.25705793499946594,\n        \"specificity\": 0.9446794986724854\n    },\n    \"Foreign Body\": {\n        \"precision\": 0.3374578058719635,\n        \"recall\": 0.8823529481887817,\n        \"f1-score\": 0.4882017970085144,\n        \"specificity\": 0.9627026319503784\n    },\n    \"Lymphangiectasia\": {\n        \"precision\": 0.47804054617881775,\n        \"recall\": 0.8250728845596313,\n        \"f1-score\": 0.6053475737571716,\n        \"specificity\": 0.9804294109344482\n    },\n    \"Normal\": {\n        \"precision\": 0.9833699464797974,\n        \"recall\": 0.7651990056037903,\n        \"f1-score\": 0.860673725605011,\n        \"specificity\": 0.958647608757019\n    },\n    \"Polyp\": {\n        \"precision\": 0.3055848181247711,\n        \"recall\": 0.5799999833106995,\n        \"f1-score\": 0.4002760648727417,\n        \"specificity\": 0.9578428864479065\n    },\n    \"Ulcer\": {\n        \"precision\": 0.5869074463844299,\n        \"recall\": 0.9090909361839294,\n        \"f1-score\": 0.7133058905601501,\n        \"specificity\": 0.988451361656189\n    },\n    \"Worms\": {\n        \"precision\": 0.5726495981216431,\n        \"recall\": 0.9852941036224365,\n        \"f1-score\": 0.7243243455886841,\n        \"specificity\": 0.9968874454498291\n    },\n    \"macro avg\": {\n        \"precision\": 0.46555763483047485,\n        \"recall\": 0.7366333603858948,\n        \"f1-score\": 0.5482560992240906,\n        \"specificity\": 0.9691659212112427\n    },\n    \"accuracy\": 0.7313414216041565,\n    \"auc_roc_scores\": {\n        \"Angioectasia\": 0.9285152554512024,\n        \"Bleeding\": 0.9833024144172668,\n        \"Erosion\": 0.8653695583343506,\n        \"Erythema\": 0.9313860535621643,\n        \"Foreign Body\": 0.976660430431366,\n        \"Lymphangiectasia\": 0.978065550327301,\n        \"Normal\": 0.946365475654602,\n        \"Polyp\": 0.9479212164878845,\n        \"Ulcer\": 0.9951021671295166,\n        \"Worms\": 0.9998022317886353\n    },\n    \"mean_auc\": 0.955249011516571,\n    \"average_precision_scores\": {\n        \"Angioectasia\": 0.6018499135971069,\n        \"Bleeding\": 0.740086555480957,\n        \"Erosion\": 0.4077335000038147,\n        \"Erythema\": 0.27225953340530396,\n        \"Foreign Body\": 0.7814834117889404,\n        \"Lymphangiectasia\": 0.7807652950286865,\n        \"Normal\": 0.9814174175262451,\n        \"Polyp\": 0.44872695207595825,\n        \"Ulcer\": 0.8750532865524292,\n        \"Worms\": 0.9580109119415283\n    },\n    \"mean_average_precision\": 0.6847386956214905,\n    \"mean_f1_score\": 0.5482560992240906,\n    \"mean_specificity\": 0.9691659212112427,\n    \"mean_sensitivity\": 0.7366333603858948,\n    \"balanced_accuracy\": 0.7366333603858948\n}"
}