{
    "epoch": 16,
    "train_metrics": "{\n    \"Angioectasia\": {\n        \"precision\": 0.9429608583450317,\n        \"recall\": 0.9454119801521301,\n        \"f1-score\": 0.9441848397254944,\n        \"specificity\": 0.9934834241867065\n    },\n    \"Bleeding\": {\n        \"precision\": 0.9601162075996399,\n        \"recall\": 0.9647027850151062,\n        \"f1-score\": 0.9624040126800537,\n        \"specificity\": 0.9955376982688904\n    },\n    \"Erosion\": {\n        \"precision\": 0.8766828179359436,\n        \"recall\": 0.8708210587501526,\n        \"f1-score\": 0.8737421035766602,\n        \"specificity\": 0.9864768981933594\n    },\n    \"Erythema\": {\n        \"precision\": 0.9207894206047058,\n        \"recall\": 0.9326396584510803,\n        \"f1-score\": 0.9266766309738159,\n        \"specificity\": 0.9913709163665771\n    },\n    \"Foreign Body\": {\n        \"precision\": 0.9654703736305237,\n        \"recall\": 0.967047929763794,\n        \"f1-score\": 0.9662585258483887,\n        \"specificity\": 0.9962575435638428\n    },\n    \"Lymphangiectasia\": {\n        \"precision\": 0.9727296829223633,\n        \"recall\": 0.9714436531066895,\n        \"f1-score\": 0.9720862507820129,\n        \"specificity\": 0.9969549179077148\n    },\n    \"Normal\": {\n        \"precision\": 0.9528250098228455,\n        \"recall\": 0.9323671460151672,\n        \"f1-score\": 0.9424850940704346,\n        \"specificity\": 0.9949234127998352\n    },\n    \"Polyp\": {\n        \"precision\": 0.9341732859611511,\n        \"recall\": 0.9424124360084534,\n        \"f1-score\": 0.9382748007774353,\n        \"specificity\": 0.9924152493476868\n    },\n    \"Ulcer\": {\n        \"precision\": 0.9949933886528015,\n        \"recall\": 0.9926393032073975,\n        \"f1-score\": 0.993815004825592,\n        \"specificity\": 0.9994379281997681\n    },\n    \"Worms\": {\n        \"precision\": 0.9976102113723755,\n        \"recall\": 0.9986709356307983,\n        \"f1-score\": 0.998140275478363,\n        \"specificity\": 0.999734103679657\n    },\n    \"macro avg\": {\n        \"precision\": 0.9518350958824158,\n        \"recall\": 0.9518156051635742,\n        \"f1-score\": 0.9518068432807922,\n        \"specificity\": 0.9946592450141907\n    },\n    \"accuracy\": 0.9519238471984863,\n    \"auc_roc_scores\": {\n        \"Angioectasia\": 0.9983700513839722,\n        \"Bleeding\": 0.9992369413375854,\n        \"Erosion\": 0.992074728012085,\n        \"Erythema\": 0.9976513385772705,\n        \"Foreign Body\": 0.9991979002952576,\n        \"Lymphangiectasia\": 0.9995764493942261,\n        \"Normal\": 0.9965344667434692,\n        \"Polyp\": 0.9980528354644775,\n        \"Ulcer\": 0.9998805522918701,\n        \"Worms\": 0.999997615814209\n    },\n    \"mean_auc\": 0.9980573058128357,\n    \"average_precision_scores\": {\n        \"Angioectasia\": 0.9882214069366455,\n        \"Bleeding\": 0.9933438897132874,\n        \"Erosion\": 0.9478223919868469,\n        \"Erythema\": 0.9787226915359497,\n        \"Foreign Body\": 0.9948741793632507,\n        \"Lymphangiectasia\": 0.9966393113136292,\n        \"Normal\": 0.9831445813179016,\n        \"Polyp\": 0.9847806692123413,\n        \"Ulcer\": 0.9991730451583862,\n        \"Worms\": 0.9999785423278809\n    },\n    \"mean_average_precision\": 0.9866701364517212,\n    \"mean_f1_score\": 0.9518068432807922,\n    \"mean_specificity\": 0.9946592450141907,\n    \"mean_sensitivity\": 0.9518156051635742,\n    \"balanced_accuracy\": 0.9518156051635742\n}",
    "test_metrics": "{\n    \"Angioectasia\": {\n        \"precision\": 0.6616915464401245,\n        \"recall\": 0.8028169274330139,\n        \"f1-score\": 0.725454568862915,\n        \"specificity\": 0.9869523644447327\n    },\n    \"Bleeding\": {\n        \"precision\": 0.7908163070678711,\n        \"recall\": 0.8635097742080688,\n        \"f1-score\": 0.8255659341812134,\n        \"specificity\": 0.9948012232780457\n    },\n    \"Erosion\": {\n        \"precision\": 0.5983662605285645,\n        \"recall\": 0.7610389590263367,\n        \"f1-score\": 0.6699694991111755,\n        \"specificity\": 0.9606062769889832\n    },\n    \"Erythema\": {\n        \"precision\": 0.5145888328552246,\n        \"recall\": 0.6531986594200134,\n        \"f1-score\": 0.575667679309845,\n        \"specificity\": 0.9884433150291443\n    },\n    \"Foreign Body\": {\n        \"precision\": 0.7741116881370544,\n        \"recall\": 0.8970588445663452,\n        \"f1-score\": 0.8310626745223999,\n        \"specificity\": 0.9943642616271973\n    },\n    \"Lymphangiectasia\": {\n        \"precision\": 0.6900452375411987,\n        \"recall\": 0.8892128467559814,\n        \"f1-score\": 0.7770700454711914,\n        \"specificity\": 0.9913230538368225\n    },\n    \"Normal\": {\n        \"precision\": 0.9920614361763,\n        \"recall\": 0.9255310297012329,\n        \"f1-score\": 0.9576420783996582,\n        \"specificity\": 0.9763329029083252\n    },\n    \"Polyp\": {\n        \"precision\": 0.5629032254219055,\n        \"recall\": 0.6980000138282776,\n        \"f1-score\": 0.6232143044471741,\n        \"specificity\": 0.9826637506484985\n    },\n    \"Ulcer\": {\n        \"precision\": 0.9399999976158142,\n        \"recall\": 0.9860140085220337,\n        \"f1-score\": 0.9624573588371277,\n        \"specificity\": 0.9988640546798706\n    },\n    \"Worms\": {\n        \"precision\": 0.9305555820465088,\n        \"recall\": 0.9852941036224365,\n        \"f1-score\": 0.9571428298950195,\n        \"specificity\": 0.9996887445449829\n    },\n    \"macro avg\": {\n        \"precision\": 0.7455140352249146,\n        \"recall\": 0.8461675643920898,\n        \"f1-score\": 0.7905247211456299,\n        \"specificity\": 0.9874040484428406\n    },\n    \"accuracy\": 0.896479070186615,\n    \"auc_roc_scores\": {\n        \"Angioectasia\": 0.9800601005554199,\n        \"Bleeding\": 0.9875013828277588,\n        \"Erosion\": 0.9623573422431946,\n        \"Erythema\": 0.9682611227035522,\n        \"Foreign Body\": 0.990511417388916,\n        \"Lymphangiectasia\": 0.9899097681045532,\n        \"Normal\": 0.9913417100906372,\n        \"Polyp\": 0.9771395921707153,\n        \"Ulcer\": 0.9999125599861145,\n        \"Worms\": 0.9999963045120239\n    },\n    \"mean_auc\": 0.9846990704536438,\n    \"average_precision_scores\": {\n        \"Angioectasia\": 0.8264639377593994,\n        \"Bleeding\": 0.8899478316307068,\n        \"Erosion\": 0.7535511255264282,\n        \"Erythema\": 0.6080899834632874,\n        \"Foreign Body\": 0.9299674034118652,\n        \"Lymphangiectasia\": 0.8854138255119324,\n        \"Normal\": 0.9973275065422058,\n        \"Polyp\": 0.6937330961227417,\n        \"Ulcer\": 0.995729386806488,\n        \"Worms\": 0.9991829991340637\n    },\n    \"mean_average_precision\": 0.8579407930374146,\n    \"mean_f1_score\": 0.7905247211456299,\n    \"mean_specificity\": 0.9874040484428406,\n    \"mean_sensitivity\": 0.8461675643920898,\n    \"balanced_accuracy\": 0.8461675643920898\n}"
}