{
    "epoch": 4,
    "train_metrics": "{\n    \"Angioectasia\": {\n        \"precision\": 0.8513103723526001,\n        \"recall\": 0.8159703612327576,\n        \"f1-score\": 0.8332658410072327,\n        \"specificity\": 0.984065055847168\n    },\n    \"Bleeding\": {\n        \"precision\": 0.8865764737129211,\n        \"recall\": 0.8996832370758057,\n        \"f1-score\": 0.893081784248352,\n        \"specificity\": 0.9871078133583069\n    },\n    \"Erosion\": {\n        \"precision\": 0.653836190700531,\n        \"recall\": 0.6548512578010559,\n        \"f1-score\": 0.65434330701828,\n        \"specificity\": 0.9602868556976318\n    },\n    \"Erythema\": {\n        \"precision\": 0.7386723160743713,\n        \"recall\": 0.7568151354789734,\n        \"f1-score\": 0.7476336359977722,\n        \"specificity\": 0.9707391858100891\n    },\n    \"Foreign Body\": {\n        \"precision\": 0.927173912525177,\n        \"recall\": 0.9224114418029785,\n        \"f1-score\": 0.9247865676879883,\n        \"specificity\": 0.9920962452888489\n    },\n    \"Lymphangiectasia\": {\n        \"precision\": 0.9259158968925476,\n        \"recall\": 0.9140101671218872,\n        \"f1-score\": 0.9199244976043701,\n        \"specificity\": 0.9919407367706299\n    },\n    \"Normal\": {\n        \"precision\": 0.872156023979187,\n        \"recall\": 0.8493801355361938,\n        \"f1-score\": 0.8606173992156982,\n        \"specificity\": 0.9860420823097229\n    },\n    \"Polyp\": {\n        \"precision\": 0.7694287300109863,\n        \"recall\": 0.8001070618629456,\n        \"f1-score\": 0.7844680547714233,\n        \"specificity\": 0.9735459089279175\n    },\n    \"Ulcer\": {\n        \"precision\": 0.9704952836036682,\n        \"recall\": 0.9740877747535706,\n        \"f1-score\": 0.972288191318512,\n        \"specificity\": 0.9966888427734375\n    },\n    \"Worms\": {\n        \"precision\": 0.9874061942100525,\n        \"recall\": 0.9892617464065552,\n        \"f1-score\": 0.9883331060409546,\n        \"specificity\": 0.9986128211021423\n    },\n    \"macro avg\": {\n        \"precision\": 0.8582971692085266,\n        \"recall\": 0.8576578497886658,\n        \"f1-score\": 0.85787433385849,\n        \"specificity\": 0.984112560749054\n    },\n    \"accuracy\": 0.857074499130249,\n    \"auc_roc_scores\": {\n        \"Angioectasia\": 0.9849731922149658,\n        \"Bleeding\": 0.9948121905326843,\n        \"Erosion\": 0.9507699608802795,\n        \"Erythema\": 0.9766098260879517,\n        \"Foreign Body\": 0.9967691898345947,\n        \"Lymphangiectasia\": 0.994532585144043,\n        \"Normal\": 0.9851288199424744,\n        \"Polyp\": 0.9813693761825562,\n        \"Ulcer\": 0.9993065595626831,\n        \"Worms\": 0.999901533126831\n    },\n    \"mean_auc\": 0.986417293548584,\n    \"average_precision_scores\": {\n        \"Angioectasia\": 0.9200031757354736,\n        \"Bleeding\": 0.9629809260368347,\n        \"Erosion\": 0.7289239168167114,\n        \"Erythema\": 0.8293801546096802,\n        \"Foreign Body\": 0.9789500832557678,\n        \"Lymphangiectasia\": 0.9703863859176636,\n        \"Normal\": 0.9289156198501587,\n        \"Polyp\": 0.8739755749702454,\n        \"Ulcer\": 0.9954794645309448,\n        \"Worms\": 0.9991036653518677\n    },\n    \"mean_average_precision\": 0.9188098907470703,\n    \"mean_f1_score\": 0.85787433385849,\n    \"mean_specificity\": 0.984112560749054,\n    \"mean_sensitivity\": 0.8576578497886658,\n    \"balanced_accuracy\": 0.8576578497886658\n}",
    "test_metrics": "{\n    \"Angioectasia\": {\n        \"precision\": 0.5140562057495117,\n        \"recall\": 0.772635817527771,\n        \"f1-score\": 0.6173633337020874,\n        \"specificity\": 0.9767828583717346\n    },\n    \"Bleeding\": {\n        \"precision\": 0.6146044731140137,\n        \"recall\": 0.844011127948761,\n        \"f1-score\": 0.7112675905227661,\n        \"specificity\": 0.9879540801048279\n    },\n    \"Erosion\": {\n        \"precision\": 0.5337690711021423,\n        \"recall\": 0.6363636255264282,\n        \"f1-score\": 0.5805687308311462,\n        \"specificity\": 0.9571342468261719\n    },\n    \"Erythema\": {\n        \"precision\": 0.30283913016319275,\n        \"recall\": 0.6464646458625793,\n        \"f1-score\": 0.41245973110198975,\n        \"specificity\": 0.9720871448516846\n    },\n    \"Foreign Body\": {\n        \"precision\": 0.4096858501434326,\n        \"recall\": 0.9205882549285889,\n        \"f1-score\": 0.5670289993286133,\n        \"specificity\": 0.9714412093162537\n    },\n    \"Lymphangiectasia\": {\n        \"precision\": 0.5577617287635803,\n        \"recall\": 0.9008746147155762,\n        \"f1-score\": 0.6889632344245911,\n        \"specificity\": 0.9844828844070435\n    },\n    \"Normal\": {\n        \"precision\": 0.9915342926979065,\n        \"recall\": 0.8483763337135315,\n        \"f1-score\": 0.914385974407196,\n        \"specificity\": 0.97685307264328\n    },\n    \"Polyp\": {\n        \"precision\": 0.49473685026168823,\n        \"recall\": 0.6579999923706055,\n        \"f1-score\": 0.5648068785667419,\n        \"specificity\": 0.9785056114196777\n    },\n    \"Ulcer\": {\n        \"precision\": 0.9030100107192993,\n        \"recall\": 0.9440559148788452,\n        \"f1-score\": 0.9230769276618958,\n        \"specificity\": 0.9981698989868164\n    },\n    \"Worms\": {\n        \"precision\": 0.7906976938247681,\n        \"recall\": 1.0,\n        \"f1-score\": 0.8831169009208679,\n        \"specificity\": 0.9988794922828674\n    },\n    \"macro avg\": {\n        \"precision\": 0.6112695336341858,\n        \"recall\": 0.8171370625495911,\n        \"f1-score\": 0.6863038539886475,\n        \"specificity\": 0.9802290201187134\n    },\n    \"accuracy\": 0.826121985912323,\n    \"auc_roc_scores\": {\n        \"Angioectasia\": 0.9672130346298218,\n        \"Bleeding\": 0.98679518699646,\n        \"Erosion\": 0.9398325681686401,\n        \"Erythema\": 0.9609425067901611,\n        \"Foreign Body\": 0.983741044998169,\n        \"Lymphangiectasia\": 0.9903914928436279,\n        \"Normal\": 0.9806498289108276,\n        \"Polyp\": 0.9683105945587158,\n        \"Ulcer\": 0.9996209144592285,\n        \"Worms\": 0.9999697804450989\n    },\n    \"mean_auc\": 0.9777466654777527,\n    \"average_precision_scores\": {\n        \"Angioectasia\": 0.7685299515724182,\n        \"Bleeding\": 0.8350456357002258,\n        \"Erosion\": 0.6417547464370728,\n        \"Erythema\": 0.4856537878513336,\n        \"Foreign Body\": 0.8684862852096558,\n        \"Lymphangiectasia\": 0.841611385345459,\n        \"Normal\": 0.9936769604682922,\n        \"Polyp\": 0.6152117252349854,\n        \"Ulcer\": 0.9802154302597046,\n        \"Worms\": 0.9937434196472168\n    },\n    \"mean_average_precision\": 0.8023929595947266,\n    \"mean_f1_score\": 0.6863038539886475,\n    \"mean_specificity\": 0.9802290201187134,\n    \"mean_sensitivity\": 0.8171370625495911,\n    \"balanced_accuracy\": 0.8171370625495911\n}"
}