{
    "epoch": 13,
    "train_metrics": "{\n    \"Angioectasia\": {\n        \"precision\": 0.9409835934638977,\n        \"recall\": 0.9368879199028015,\n        \"f1-score\": 0.9389312863349915,\n        \"specificity\": 0.9936341643333435\n    },\n    \"Bleeding\": {\n        \"precision\": 0.9547149538993835,\n        \"recall\": 0.9608579277992249,\n        \"f1-score\": 0.9577766060829163,\n        \"specificity\": 0.9949818253517151\n    },\n    \"Erosion\": {\n        \"precision\": 0.8599085807800293,\n        \"recall\": 0.8521183133125305,\n        \"f1-score\": 0.8559957146644592,\n        \"specificity\": 0.984610378742218\n    },\n    \"Erythema\": {\n        \"precision\": 0.9127621054649353,\n        \"recall\": 0.9269190430641174,\n        \"f1-score\": 0.9197860956192017,\n        \"specificity\": 0.9900304675102234\n    },\n    \"Foreign Body\": {\n        \"precision\": 0.9668642282485962,\n        \"recall\": 0.9658234715461731,\n        \"f1-score\": 0.9663435816764832,\n        \"specificity\": 0.9963707327842712\n    },\n    \"Lymphangiectasia\": {\n        \"precision\": 0.9694636464118958,\n        \"recall\": 0.9704943895339966,\n        \"f1-score\": 0.9699787497520447,\n        \"specificity\": 0.9966021776199341\n    },\n    \"Normal\": {\n        \"precision\": 0.9411154389381409,\n        \"recall\": 0.9252741932868958,\n        \"f1-score\": 0.9331275820732117,\n        \"specificity\": 0.9932612776756287\n    },\n    \"Polyp\": {\n        \"precision\": 0.9216055870056152,\n        \"recall\": 0.9313912391662598,\n        \"f1-score\": 0.9264726042747498,\n        \"specificity\": 0.9914245009422302\n    },\n    \"Ulcer\": {\n        \"precision\": 0.9947875738143921,\n        \"recall\": 0.991428554058075,\n        \"f1-score\": 0.9931052327156067,\n        \"specificity\": 0.9994075298309326\n    },\n    \"Worms\": {\n        \"precision\": 0.9965137839317322,\n        \"recall\": 0.9983879923820496,\n        \"f1-score\": 0.9974499940872192,\n        \"specificity\": 0.9996163249015808\n    },\n    \"macro avg\": {\n        \"precision\": 0.9458719491958618,\n        \"recall\": 0.9459583163261414,\n        \"f1-score\": 0.9458967447280884,\n        \"specificity\": 0.9939939379692078\n    },\n    \"accuracy\": 0.9459409117698669,\n    \"auc_roc_scores\": {\n        \"Angioectasia\": 0.9975483417510986,\n        \"Bleeding\": 0.998823344707489,\n        \"Erosion\": 0.9891914129257202,\n        \"Erythema\": 0.9971087574958801,\n        \"Foreign Body\": 0.9993779063224792,\n        \"Lymphangiectasia\": 0.9992413520812988,\n        \"Normal\": 0.9959392547607422,\n        \"Polyp\": 0.9973413348197937,\n        \"Ulcer\": 0.9999696016311646,\n        \"Worms\": 0.999993085861206\n    },\n    \"mean_auc\": 0.997453510761261,\n    \"average_precision_scores\": {\n        \"Angioectasia\": 0.9840681552886963,\n        \"Bleeding\": 0.991193950176239,\n        \"Erosion\": 0.9293285608291626,\n        \"Erythema\": 0.9744895100593567,\n        \"Foreign Body\": 0.9947581887245178,\n        \"Lymphangiectasia\": 0.9952023029327393,\n        \"Normal\": 0.9780704975128174,\n        \"Polyp\": 0.977372407913208,\n        \"Ulcer\": 0.9997350573539734,\n        \"Worms\": 0.9999361038208008\n    },\n    \"mean_average_precision\": 0.982415497303009,\n    \"mean_f1_score\": 0.9458967447280884,\n    \"mean_specificity\": 0.9939939379692078,\n    \"mean_sensitivity\": 0.9459583163261414,\n    \"balanced_accuracy\": 0.9459583163261414\n}",
    "test_metrics": "{\n    \"Angioectasia\": {\n        \"precision\": 0.6284329295158386,\n        \"recall\": 0.7826961874961853,\n        \"f1-score\": 0.6971325874328613,\n        \"specificity\": 0.9852893948554993\n    },\n    \"Bleeding\": {\n        \"precision\": 0.7423167824745178,\n        \"recall\": 0.8746517896652222,\n        \"f1-score\": 0.8030690550804138,\n        \"specificity\": 0.9930894374847412\n    },\n    \"Erosion\": {\n        \"precision\": 0.5956580638885498,\n        \"recall\": 0.7601731419563293,\n        \"f1-score\": 0.6679345965385437,\n        \"specificity\": 0.9602056741714478\n    },\n    \"Erythema\": {\n        \"precision\": 0.45413869619369507,\n        \"recall\": 0.683501660823822,\n        \"f1-score\": 0.5456989407539368,\n        \"specificity\": 0.9845910668373108\n    },\n    \"Foreign Body\": {\n        \"precision\": 0.7926509380340576,\n        \"recall\": 0.8882352709770203,\n        \"f1-score\": 0.8377254009246826,\n        \"specificity\": 0.9949974417686462\n    },\n    \"Lymphangiectasia\": {\n        \"precision\": 0.6928406357765198,\n        \"recall\": 0.8746355772018433,\n        \"f1-score\": 0.7731958627700806,\n        \"specificity\": 0.9915764331817627\n    },\n    \"Normal\": {\n        \"precision\": 0.9910854697227478,\n        \"recall\": 0.922926664352417,\n        \"f1-score\": 0.9557924866676331,\n        \"specificity\": 0.9734720587730408\n    },\n    \"Polyp\": {\n        \"precision\": 0.5878003835678101,\n        \"recall\": 0.6359999775886536,\n        \"f1-score\": 0.6109510064125061,\n        \"specificity\": 0.9857344031333923\n    },\n    \"Ulcer\": {\n        \"precision\": 0.9297658801078796,\n        \"recall\": 0.9720279574394226,\n        \"f1-score\": 0.9504273533821106,\n        \"specificity\": 0.998674750328064\n    },\n    \"Worms\": {\n        \"precision\": 0.9178082346916199,\n        \"recall\": 0.9852941036224365,\n        \"f1-score\": 0.9503546357154846,\n        \"specificity\": 0.9996265172958374\n    },\n    \"macro avg\": {\n        \"precision\": 0.733249843120575,\n        \"recall\": 0.8380142450332642,\n        \"f1-score\": 0.7792282104492188,\n        \"specificity\": 0.9867258071899414\n    },\n    \"accuracy\": 0.8919538855552673,\n    \"auc_roc_scores\": {\n        \"Angioectasia\": 0.9751911163330078,\n        \"Bleeding\": 0.9909838438034058,\n        \"Erosion\": 0.9620110988616943,\n        \"Erythema\": 0.9718723893165588,\n        \"Foreign Body\": 0.9881885051727295,\n        \"Lymphangiectasia\": 0.986933708190918,\n        \"Normal\": 0.9905970692634583,\n        \"Polyp\": 0.97157883644104,\n        \"Ulcer\": 0.9997085332870483,\n        \"Worms\": 0.9999843835830688\n    },\n    \"mean_auc\": 0.9837049841880798,\n    \"average_precision_scores\": {\n        \"Angioectasia\": 0.8070334792137146,\n        \"Bleeding\": 0.8885618448257446,\n        \"Erosion\": 0.7439449429512024,\n        \"Erythema\": 0.6110949516296387,\n        \"Foreign Body\": 0.9180455803871155,\n        \"Lymphangiectasia\": 0.8869723081588745,\n        \"Normal\": 0.9970716834068298,\n        \"Polyp\": 0.6887577772140503,\n        \"Ulcer\": 0.9906624555587769,\n        \"Worms\": 0.9967728853225708\n    },\n    \"mean_average_precision\": 0.8528918623924255,\n    \"mean_f1_score\": 0.7792282104492188,\n    \"mean_specificity\": 0.9867258071899414,\n    \"mean_sensitivity\": 0.8380142450332642,\n    \"balanced_accuracy\": 0.8380142450332642\n}"
}