{
    "epoch": 1,
    "train_metrics": "{\n    \"Angioectasia\": {\n        \"precision\": 0.6614564657211304,\n        \"recall\": 0.4994635283946991,\n        \"f1-score\": 0.5691578984260559,\n        \"specificity\": 0.971870481967926\n    },\n    \"Bleeding\": {\n        \"precision\": 0.6501674056053162,\n        \"recall\": 0.7191219329833984,\n        \"f1-score\": 0.6829084753990173,\n        \"specificity\": 0.9567492604255676\n    },\n    \"Erosion\": {\n        \"precision\": 0.3555223047733307,\n        \"recall\": 0.3856138586997986,\n        \"f1-score\": 0.36995717883110046,\n        \"specificity\": 0.923766553401947\n    },\n    \"Erythema\": {\n        \"precision\": 0.4787844121456146,\n        \"recall\": 0.4341045022010803,\n        \"f1-score\": 0.4553510546684265,\n        \"specificity\": 0.9461492896080017\n    },\n    \"Foreign Body\": {\n        \"precision\": 0.7402524352073669,\n        \"recall\": 0.6966736912727356,\n        \"f1-score\": 0.7178022861480713,\n        \"specificity\": 0.9726189374923706\n    },\n    \"Lymphangiectasia\": {\n        \"precision\": 0.7585892081260681,\n        \"recall\": 0.6488946676254272,\n        \"f1-score\": 0.6994673609733582,\n        \"specificity\": 0.9764824509620667\n    },\n    \"Normal\": {\n        \"precision\": 0.6138288974761963,\n        \"recall\": 0.5957559943199158,\n        \"f1-score\": 0.6046574115753174,\n        \"specificity\": 0.9582409858703613\n    },\n    \"Polyp\": {\n        \"precision\": 0.4445631206035614,\n        \"recall\": 0.5511122941970825,\n        \"f1-score\": 0.492136687040329,\n        \"specificity\": 0.9231473803520203\n    },\n    \"Ulcer\": {\n        \"precision\": 0.7751371264457703,\n        \"recall\": 0.8162816166877747,\n        \"f1-score\": 0.7951775193214417,\n        \"specificity\": 0.9746548533439636\n    },\n    \"Worms\": {\n        \"precision\": 0.8361057043075562,\n        \"recall\": 0.9143927097320557,\n        \"f1-score\": 0.8734986186027527,\n        \"specificity\": 0.9802178740501404\n    },\n    \"macro avg\": {\n        \"precision\": 0.6314407587051392,\n        \"recall\": 0.6261414885520935,\n        \"f1-score\": 0.6260114908218384,\n        \"specificity\": 0.9583898782730103\n    },\n    \"accuracy\": 0.6255218386650085,\n    \"auc_roc_scores\": {\n        \"Angioectasia\": 0.8846710920333862,\n        \"Bleeding\": 0.95032799243927,\n        \"Erosion\": 0.829684317111969,\n        \"Erythema\": 0.8822532296180725,\n        \"Foreign Body\": 0.9469728469848633,\n        \"Lymphangiectasia\": 0.9350584745407104,\n        \"Normal\": 0.9000550508499146,\n        \"Polyp\": 0.8941885232925415,\n        \"Ulcer\": 0.9718557596206665,\n        \"Worms\": 0.9917210936546326\n    },\n    \"mean_auc\": 0.918678879737854,\n    \"average_precision_scores\": {\n        \"Angioectasia\": 0.6371055841445923,\n        \"Bleeding\": 0.7956585884094238,\n        \"Erosion\": 0.35458070039749146,\n        \"Erythema\": 0.4916306436061859,\n        \"Foreign Body\": 0.8023056387901306,\n        \"Lymphangiectasia\": 0.7694739103317261,\n        \"Normal\": 0.6495891809463501,\n        \"Polyp\": 0.5039591789245605,\n        \"Ulcer\": 0.8767004013061523,\n        \"Worms\": 0.9495186805725098\n    },\n    \"mean_average_precision\": 0.6830522418022156,\n    \"mean_f1_score\": 0.6260114908218384,\n    \"mean_specificity\": 0.9583898782730103,\n    \"mean_sensitivity\": 0.6261414885520935,\n    \"balanced_accuracy\": 0.6261414885520935\n}",
    "test_metrics": "{\n    \"Angioectasia\": {\n        \"precision\": 0.5206738114356995,\n        \"recall\": 0.6841046214103699,\n        \"f1-score\": 0.591304361820221,\n        \"specificity\": 0.9799808263778687\n    },\n    \"Bleeding\": {\n        \"precision\": 0.4719626307487488,\n        \"recall\": 0.844011127948761,\n        \"f1-score\": 0.6053946018218994,\n        \"specificity\": 0.9785075783729553\n    },\n    \"Erosion\": {\n        \"precision\": 0.40509915351867676,\n        \"recall\": 0.4952380955219269,\n        \"f1-score\": 0.445656418800354,\n        \"specificity\": 0.943913996219635\n    },\n    \"Erythema\": {\n        \"precision\": 0.16351118683815002,\n        \"recall\": 0.6397306323051453,\n        \"f1-score\": 0.26045235991477966,\n        \"specificity\": 0.9386169910430908\n    },\n    \"Foreign Body\": {\n        \"precision\": 0.33826878666877747,\n        \"recall\": 0.8735294342041016,\n        \"f1-score\": 0.4876847267150879,\n        \"specificity\": 0.9632092118263245\n    },\n    \"Lymphangiectasia\": {\n        \"precision\": 0.5008944272994995,\n        \"recall\": 0.8163265585899353,\n        \"f1-score\": 0.6208425760269165,\n        \"specificity\": 0.9823294878005981\n    },\n    \"Normal\": {\n        \"precision\": 0.9878934621810913,\n        \"recall\": 0.7637340426445007,\n        \"f1-score\": 0.861470639705658,\n        \"specificity\": 0.9700910449028015\n    },\n    \"Polyp\": {\n        \"precision\": 0.31835687160491943,\n        \"recall\": 0.4959999918937683,\n        \"f1-score\": 0.38780295848846436,\n        \"specificity\": 0.9660311937332153\n    },\n    \"Ulcer\": {\n        \"precision\": 0.5738757848739624,\n        \"recall\": 0.9370629191398621,\n        \"f1-score\": 0.7118194103240967,\n        \"specificity\": 0.9874415993690491\n    },\n    \"Worms\": {\n        \"precision\": 0.8024691343307495,\n        \"recall\": 0.9558823704719543,\n        \"f1-score\": 0.8724831938743591,\n        \"specificity\": 0.9990040063858032\n    },\n    \"macro avg\": {\n        \"precision\": 0.5083004832267761,\n        \"recall\": 0.7505620121955872,\n        \"f1-score\": 0.5844911932945251,\n        \"specificity\": 0.9709125757217407\n    },\n    \"accuracy\": 0.740577757358551,\n    \"auc_roc_scores\": {\n        \"Angioectasia\": 0.9415103197097778,\n        \"Bleeding\": 0.9852221012115479,\n        \"Erosion\": 0.9109015464782715,\n        \"Erythema\": 0.9402868747711182,\n        \"Foreign Body\": 0.974867582321167,\n        \"Lymphangiectasia\": 0.9772070646286011,\n        \"Normal\": 0.9533085227012634,\n        \"Polyp\": 0.950454592704773,\n        \"Ulcer\": 0.9959104061126709,\n        \"Worms\": 0.9998672604560852\n    },\n    \"mean_auc\": 0.9629536867141724,\n    \"average_precision_scores\": {\n        \"Angioectasia\": 0.6872429847717285,\n        \"Bleeding\": 0.7840161919593811,\n        \"Erosion\": 0.472135066986084,\n        \"Erythema\": 0.32051411271095276,\n        \"Foreign Body\": 0.7943176031112671,\n        \"Lymphangiectasia\": 0.7576334476470947,\n        \"Normal\": 0.9847376346588135,\n        \"Polyp\": 0.4396229386329651,\n        \"Ulcer\": 0.9039222002029419,\n        \"Worms\": 0.9778766632080078\n    },\n    \"mean_average_precision\": 0.7122018933296204,\n    \"mean_f1_score\": 0.5844911932945251,\n    \"mean_specificity\": 0.9709125757217407,\n    \"mean_sensitivity\": 0.7505620121955872,\n    \"balanced_accuracy\": 0.7505620121955872\n}"
}