{
    "epoch": 5,
    "train_metrics": "{\n    \"Angioectasia\": {\n        \"precision\": 0.9001935124397278,\n        \"recall\": 0.8764468431472778,\n        \"f1-score\": 0.8881614804267883,\n        \"specificity\": 0.9893485307693481\n    },\n    \"Bleeding\": {\n        \"precision\": 0.9179859757423401,\n        \"recall\": 0.9357143044471741,\n        \"f1-score\": 0.9267653822898865,\n        \"specificity\": 0.9906583428382874\n    },\n    \"Erosion\": {\n        \"precision\": 0.7430078983306885,\n        \"recall\": 0.7430078983306885,\n        \"f1-score\": 0.7430078983306885,\n        \"specificity\": 0.9711979031562805\n    },\n    \"Erythema\": {\n        \"precision\": 0.8368244171142578,\n        \"recall\": 0.8471204042434692,\n        \"f1-score\": 0.8419409394264221,\n        \"specificity\": 0.9813241958618164\n    },\n    \"Foreign Body\": {\n        \"precision\": 0.9378713965415955,\n        \"recall\": 0.9401570558547974,\n        \"f1-score\": 0.9390128254890442,\n        \"specificity\": 0.9932181239128113\n    },\n    \"Lymphangiectasia\": {\n        \"precision\": 0.9453083276748657,\n        \"recall\": 0.9437901377677917,\n        \"f1-score\": 0.9445486068725586,\n        \"specificity\": 0.9939771294593811\n    },\n    \"Normal\": {\n        \"precision\": 0.903418779373169,\n        \"recall\": 0.8706754446029663,\n        \"f1-score\": 0.8867449760437012,\n        \"specificity\": 0.9900191426277161\n    },\n    \"Polyp\": {\n        \"precision\": 0.8416666388511658,\n        \"recall\": 0.8616856336593628,\n        \"f1-score\": 0.8515585064888,\n        \"specificity\": 0.9814161658287048\n    },\n    \"Ulcer\": {\n        \"precision\": 0.9806889295578003,\n        \"recall\": 0.9829976558685303,\n        \"f1-score\": 0.9818419218063354,\n        \"specificity\": 0.9978095889091492\n    },\n    \"Worms\": {\n        \"precision\": 0.9911906123161316,\n        \"recall\": 0.9927807450294495,\n        \"f1-score\": 0.991985023021698,\n        \"specificity\": 0.9990255832672119\n    },\n    \"macro avg\": {\n        \"precision\": 0.8998156785964966,\n        \"recall\": 0.8994376063346863,\n        \"f1-score\": 0.8995567560195923,\n        \"specificity\": 0.988799512386322\n    },\n    \"accuracy\": 0.8992474675178528,\n    \"auc_roc_scores\": {\n        \"Angioectasia\": 0.9925829172134399,\n        \"Bleeding\": 0.9972404837608337,\n        \"Erosion\": 0.9693539142608643,\n        \"Erythema\": 0.9890633821487427,\n        \"Foreign Body\": 0.9983606934547424,\n        \"Lymphangiectasia\": 0.9978981018066406,\n        \"Normal\": 0.9884812831878662,\n        \"Polyp\": 0.989554762840271,\n        \"Ulcer\": 0.999727725982666,\n        \"Worms\": 0.9998528361320496\n    },\n    \"mean_auc\": 0.9922115206718445,\n    \"average_precision_scores\": {\n        \"Angioectasia\": 0.9560437202453613,\n        \"Bleeding\": 0.9797086715698242,\n        \"Erosion\": 0.8272930383682251,\n        \"Erythema\": 0.9143966436386108,\n        \"Foreign Body\": 0.986626148223877,\n        \"Lymphangiectasia\": 0.9852386713027954,\n        \"Normal\": 0.9453301429748535,\n        \"Polyp\": 0.9286012053489685,\n        \"Ulcer\": 0.9979790449142456,\n        \"Worms\": 0.9993325471878052\n    },\n    \"mean_average_precision\": 0.9520549774169922,\n    \"mean_f1_score\": 0.8995567560195923,\n    \"mean_specificity\": 0.988799512386322,\n    \"mean_sensitivity\": 0.8994376063346863,\n    \"balanced_accuracy\": 0.8994376063346863\n}",
    "test_metrics": "{\n    \"Angioectasia\": {\n        \"precision\": 0.6466774940490723,\n        \"recall\": 0.8028169274330139,\n        \"f1-score\": 0.7163375020027161,\n        \"specificity\": 0.986056923866272\n    },\n    \"Bleeding\": {\n        \"precision\": 0.7186761498451233,\n        \"recall\": 0.8467966318130493,\n        \"f1-score\": 0.7774935960769653,\n        \"specificity\": 0.9924554824829102\n    },\n    \"Erosion\": {\n        \"precision\": 0.5835275650024414,\n        \"recall\": 0.6502164602279663,\n        \"f1-score\": 0.6150696277618408,\n        \"specificity\": 0.9642117619514465\n    },\n    \"Erythema\": {\n        \"precision\": 0.2678331136703491,\n        \"recall\": 0.6700336933135986,\n        \"f1-score\": 0.3826923072338104,\n        \"specificity\": 0.9656457304954529\n    },\n    \"Foreign Body\": {\n        \"precision\": 0.6286919713020325,\n        \"recall\": 0.8764705657958984,\n        \"f1-score\": 0.7321867346763611,\n        \"specificity\": 0.9888551235198975\n    },\n    \"Lymphangiectasia\": {\n        \"precision\": 0.7061611413955688,\n        \"recall\": 0.8688046932220459,\n        \"f1-score\": 0.7790849804878235,\n        \"specificity\": 0.9921464323997498\n    },\n    \"Normal\": {\n        \"precision\": 0.98856520652771,\n        \"recall\": 0.8865467309951782,\n        \"f1-score\": 0.9347807168960571,\n        \"specificity\": 0.9672301411628723\n    },\n    \"Polyp\": {\n        \"precision\": 0.463087260723114,\n        \"recall\": 0.6899999976158142,\n        \"f1-score\": 0.5542168617248535,\n        \"specificity\": 0.9744114875793457\n    },\n    \"Ulcer\": {\n        \"precision\": 0.8535031676292419,\n        \"recall\": 0.9370629191398621,\n        \"f1-score\": 0.8933333158493042,\n        \"specificity\": 0.9970970749855042\n    },\n    \"Worms\": {\n        \"precision\": 0.7727272510528564,\n        \"recall\": 1.0,\n        \"f1-score\": 0.8717948794364929,\n        \"specificity\": 0.9987549781799316\n    },\n    \"macro avg\": {\n        \"precision\": 0.662945032119751,\n        \"recall\": 0.8228748440742493,\n        \"f1-score\": 0.7256991267204285,\n        \"specificity\": 0.9826865196228027\n    },\n    \"accuracy\": 0.856868326663971,\n    \"auc_roc_scores\": {\n        \"Angioectasia\": 0.9772789478302002,\n        \"Bleeding\": 0.9902788400650024,\n        \"Erosion\": 0.9506651163101196,\n        \"Erythema\": 0.9614145755767822,\n        \"Foreign Body\": 0.9802222847938538,\n        \"Lymphangiectasia\": 0.985363245010376,\n        \"Normal\": 0.9840231537818909,\n        \"Polyp\": 0.9729608297348022,\n        \"Ulcer\": 0.9991286993026733,\n        \"Worms\": 0.9999890327453613\n    },\n    \"mean_auc\": 0.980132520198822,\n    \"average_precision_scores\": {\n        \"Angioectasia\": 0.8200292587280273,\n        \"Bleeding\": 0.8786181211471558,\n        \"Erosion\": 0.6968865394592285,\n        \"Erythema\": 0.44719669222831726,\n        \"Foreign Body\": 0.8813724517822266,\n        \"Lymphangiectasia\": 0.8786779642105103,\n        \"Normal\": 0.9950185418128967,\n        \"Polyp\": 0.6403745412826538,\n        \"Ulcer\": 0.9727434515953064,\n        \"Worms\": 0.997622549533844\n    },\n    \"mean_average_precision\": 0.8208540081977844,\n    \"mean_f1_score\": 0.7256991267204285,\n    \"mean_specificity\": 0.9826865196228027,\n    \"mean_sensitivity\": 0.8228748440742493,\n    \"balanced_accuracy\": 0.8228748440742493\n}"
}