{
    "epoch": 7,
    "train_metrics": "{\n    \"Angioectasia\": {\n        \"precision\": 0.9273169636726379,\n        \"recall\": 0.9086576700210571,\n        \"f1-score\": 0.9178924560546875,\n        \"specificity\": 0.9920485019683838\n    },\n    \"Bleeding\": {\n        \"precision\": 0.9391171932220459,\n        \"recall\": 0.9485011696815491,\n        \"f1-score\": 0.9437858462333679,\n        \"specificity\": 0.9928792119026184\n    },\n    \"Erosion\": {\n        \"precision\": 0.799945592880249,\n        \"recall\": 0.7887815237045288,\n        \"f1-score\": 0.7943243384361267,\n        \"specificity\": 0.9783064126968384\n    },\n    \"Erythema\": {\n        \"precision\": 0.8678310513496399,\n        \"recall\": 0.8884440660476685,\n        \"f1-score\": 0.8780165910720825,\n        \"specificity\": 0.9850265979766846\n    },\n    \"Foreign Body\": {\n        \"precision\": 0.9560792446136475,\n        \"recall\": 0.9563353657722473,\n        \"f1-score\": 0.9562073349952698,\n        \"specificity\": 0.9951585531234741\n    },\n    \"Lymphangiectasia\": {\n        \"precision\": 0.9560737609863281,\n        \"recall\": 0.9545208215713501,\n        \"f1-score\": 0.9552966952323914,\n        \"specificity\": 0.9952230453491211\n    },\n    \"Normal\": {\n        \"precision\": 0.9141780734062195,\n        \"recall\": 0.9003709554672241,\n        \"f1-score\": 0.9072219729423523,\n        \"specificity\": 0.9905713200569153\n    },\n    \"Polyp\": {\n        \"precision\": 0.8842714428901672,\n        \"recall\": 0.9008574485778809,\n        \"f1-score\": 0.8924874067306519,\n        \"specificity\": 0.9870110750198364\n    },\n    \"Ulcer\": {\n        \"precision\": 0.9876210689544678,\n        \"recall\": 0.9854994416236877,\n        \"f1-score\": 0.9865591526031494,\n        \"specificity\": 0.9986423850059509\n    },\n    \"Worms\": {\n        \"precision\": 0.9942059516906738,\n        \"recall\": 0.9942059516906738,\n        \"f1-score\": 0.9942059516906738,\n        \"specificity\": 0.9993492960929871\n    },\n    \"macro avg\": {\n        \"precision\": 0.9226641058921814,\n        \"recall\": 0.9226174354553223,\n        \"f1-score\": 0.9225997924804688,\n        \"specificity\": 0.9914216995239258\n    },\n    \"accuracy\": 0.9227803349494934,\n    \"auc_roc_scores\": {\n        \"Angioectasia\": 0.9963268041610718,\n        \"Bleeding\": 0.9982017874717712,\n        \"Erosion\": 0.9813700914382935,\n        \"Erythema\": 0.9938334822654724,\n        \"Foreign Body\": 0.9989264011383057,\n        \"Lymphangiectasia\": 0.9987946152687073,\n        \"Normal\": 0.9920491576194763,\n        \"Polyp\": 0.9949666261672974,\n        \"Ulcer\": 0.9998952746391296,\n        \"Worms\": 0.9999825954437256\n    },\n    \"mean_auc\": 0.9954347014427185,\n    \"average_precision_scores\": {\n        \"Angioectasia\": 0.9751379489898682,\n        \"Bleeding\": 0.9873642921447754,\n        \"Erosion\": 0.8847827911376953,\n        \"Erythema\": 0.9466670155525208,\n        \"Foreign Body\": 0.9922306537628174,\n        \"Lymphangiectasia\": 0.9910240769386292,\n        \"Normal\": 0.9626232981681824,\n        \"Polyp\": 0.9607887268066406,\n        \"Ulcer\": 0.9990615248680115,\n        \"Worms\": 0.9998483657836914\n    },\n    \"mean_average_precision\": 0.9699528813362122,\n    \"mean_f1_score\": 0.9225997924804688,\n    \"mean_specificity\": 0.9914216995239258,\n    \"mean_sensitivity\": 0.9226174354553223,\n    \"balanced_accuracy\": 0.9226174354553223\n}",
    "test_metrics": "{\n    \"Angioectasia\": {\n        \"precision\": 0.6631944179534912,\n        \"recall\": 0.7686116695404053,\n        \"f1-score\": 0.7120223641395569,\n        \"specificity\": 0.9875919222831726\n    },\n    \"Bleeding\": {\n        \"precision\": 0.6484848260879517,\n        \"recall\": 0.89415043592453,\n        \"f1-score\": 0.7517564296722412,\n        \"specificity\": 0.9889684915542603\n    },\n    \"Erosion\": {\n        \"precision\": 0.5718175768852234,\n        \"recall\": 0.7272727489471436,\n        \"f1-score\": 0.6402438879013062,\n        \"specificity\": 0.9580022692680359\n    },\n    \"Erythema\": {\n        \"precision\": 0.40715882182121277,\n        \"recall\": 0.6127946376800537,\n        \"f1-score\": 0.48924732208251953,\n        \"specificity\": 0.9832649230957031\n    },\n    \"Foreign Body\": {\n        \"precision\": 0.750617265701294,\n        \"recall\": 0.8941176533699036,\n        \"f1-score\": 0.8161073923110962,\n        \"specificity\": 0.9936043620109558\n    },\n    \"Lymphangiectasia\": {\n        \"precision\": 0.6967592835426331,\n        \"recall\": 0.8775510191917419,\n        \"f1-score\": 0.7767741680145264,\n        \"specificity\": 0.9917030930519104\n    },\n    \"Normal\": {\n        \"precision\": 0.9923021793365479,\n        \"recall\": 0.9022544026374817,\n        \"f1-score\": 0.9451383352279663,\n        \"specificity\": 0.9776332974433899\n    },\n    \"Polyp\": {\n        \"precision\": 0.4887118339538574,\n        \"recall\": 0.7360000014305115,\n        \"f1-score\": 0.5873902440071106,\n        \"specificity\": 0.9753710627555847\n    },\n    \"Ulcer\": {\n        \"precision\": 0.899350643157959,\n        \"recall\": 0.9685314893722534,\n        \"f1-score\": 0.932659924030304,\n        \"specificity\": 0.9980436563491821\n    },\n    \"Worms\": {\n        \"precision\": 0.8666666746139526,\n        \"recall\": 0.9558823704719543,\n        \"f1-score\": 0.9090909361839294,\n        \"specificity\": 0.9993774890899658\n    },\n    \"macro avg\": {\n        \"precision\": 0.6985063552856445,\n        \"recall\": 0.8337165713310242,\n        \"f1-score\": 0.7560431361198425,\n        \"specificity\": 0.9853560328483582\n    },\n    \"accuracy\": 0.8756508827209473,\n    \"auc_roc_scores\": {\n        \"Angioectasia\": 0.9799083471298218,\n        \"Bleeding\": 0.9886883497238159,\n        \"Erosion\": 0.9529905319213867,\n        \"Erythema\": 0.9595664739608765,\n        \"Foreign Body\": 0.9896127581596375,\n        \"Lymphangiectasia\": 0.9880372285842896,\n        \"Normal\": 0.9879301190376282,\n        \"Polyp\": 0.9736511707305908,\n        \"Ulcer\": 0.9993053674697876,\n        \"Worms\": 0.9998013973236084\n    },\n    \"mean_auc\": 0.9819491505622864,\n    \"average_precision_scores\": {\n        \"Angioectasia\": 0.8220825791358948,\n        \"Bleeding\": 0.8555908799171448,\n        \"Erosion\": 0.7220293283462524,\n        \"Erythema\": 0.5061092376708984,\n        \"Foreign Body\": 0.9182957410812378,\n        \"Lymphangiectasia\": 0.8923700451850891,\n        \"Normal\": 0.9962472915649414,\n        \"Polyp\": 0.6757059097290039,\n        \"Ulcer\": 0.98117995262146,\n        \"Worms\": 0.9761548638343811\n    },\n    \"mean_average_precision\": 0.8345766067504883,\n    \"mean_f1_score\": 0.7560431361198425,\n    \"mean_specificity\": 0.9853560328483582,\n    \"mean_sensitivity\": 0.8337165713310242,\n    \"balanced_accuracy\": 0.8337165713310242\n}"
}