{
    "epoch": 9,
    "train_metrics": "{\n    \"Angioectasia\": {\n        \"precision\": 0.9410492181777954,\n        \"recall\": 0.9342281818389893,\n        \"f1-score\": 0.937626302242279,\n        \"specificity\": 0.9935659170150757\n    },\n    \"Bleeding\": {\n        \"precision\": 0.9457672238349915,\n        \"recall\": 0.9502924084663391,\n        \"f1-score\": 0.9480243921279907,\n        \"specificity\": 0.9939429759979248\n    },\n    \"Erosion\": {\n        \"precision\": 0.8407678008079529,\n        \"recall\": 0.8302189111709595,\n        \"f1-score\": 0.8354600667953491,\n        \"specificity\": 0.9826053380966187\n    },\n    \"Erythema\": {\n        \"precision\": 0.8905433416366577,\n        \"recall\": 0.9102803468704224,\n        \"f1-score\": 0.9003037214279175,\n        \"specificity\": 0.9876262545585632\n    },\n    \"Foreign Body\": {\n        \"precision\": 0.9607692360877991,\n        \"recall\": 0.9652240872383118,\n        \"f1-score\": 0.9629915356636047,\n        \"specificity\": 0.9954633116722107\n    },\n    \"Lymphangiectasia\": {\n        \"precision\": 0.9666313529014587,\n        \"recall\": 0.9658640027046204,\n        \"f1-score\": 0.9662474989891052,\n        \"specificity\": 0.9962752461433411\n    },\n    \"Normal\": {\n        \"precision\": 0.9401803016662598,\n        \"recall\": 0.9139670729637146,\n        \"f1-score\": 0.9268884062767029,\n        \"specificity\": 0.9935285449028015\n    },\n    \"Polyp\": {\n        \"precision\": 0.902917742729187,\n        \"recall\": 0.9155460000038147,\n        \"f1-score\": 0.9091880321502686,\n        \"specificity\": 0.9892000555992126\n    },\n    \"Ulcer\": {\n        \"precision\": 0.9914666414260864,\n        \"recall\": 0.9930555820465088,\n        \"f1-score\": 0.9922604560852051,\n        \"specificity\": 0.999055027961731\n    },\n    \"Worms\": {\n        \"precision\": 0.9954606294631958,\n        \"recall\": 0.996791422367096,\n        \"f1-score\": 0.9961255788803101,\n        \"specificity\": 0.9994980096817017\n    },\n    \"macro avg\": {\n        \"precision\": 0.9375553131103516,\n        \"recall\": 0.9375468492507935,\n        \"f1-score\": 0.9375116229057312,\n        \"specificity\": 0.9930761456489563\n    },\n    \"accuracy\": 0.9376711845397949,\n    \"auc_roc_scores\": {\n        \"Angioectasia\": 0.9976435899734497,\n        \"Bleeding\": 0.9988012313842773,\n        \"Erosion\": 0.9876805543899536,\n        \"Erythema\": 0.9960377216339111,\n        \"Foreign Body\": 0.9992119073867798,\n        \"Lymphangiectasia\": 0.9993858337402344,\n        \"Normal\": 0.9947325587272644,\n        \"Polyp\": 0.9963626861572266,\n        \"Ulcer\": 0.9999229311943054,\n        \"Worms\": 0.9999924302101135\n    },\n    \"mean_auc\": 0.9969771504402161,\n    \"average_precision_scores\": {\n        \"Angioectasia\": 0.9840378165245056,\n        \"Bleeding\": 0.9900634288787842,\n        \"Erosion\": 0.9216234683990479,\n        \"Erythema\": 0.9660760164260864,\n        \"Foreign Body\": 0.9940377473831177,\n        \"Lymphangiectasia\": 0.9949866533279419,\n        \"Normal\": 0.9738743305206299,\n        \"Polyp\": 0.9711800217628479,\n        \"Ulcer\": 0.9985745549201965,\n        \"Worms\": 0.9999321699142456\n    },\n    \"mean_average_precision\": 0.9794386029243469,\n    \"mean_f1_score\": 0.9375116229057312,\n    \"mean_specificity\": 0.9930761456489563,\n    \"mean_sensitivity\": 0.9375468492507935,\n    \"balanced_accuracy\": 0.9375468492507935\n}",
    "test_metrics": "{\n    \"Angioectasia\": {\n        \"precision\": 0.6393700838088989,\n        \"recall\": 0.8169013857841492,\n        \"f1-score\": 0.7173144817352295,\n        \"specificity\": 0.9853533506393433\n    },\n    \"Bleeding\": {\n        \"precision\": 0.6736842393875122,\n        \"recall\": 0.8913649320602417,\n        \"f1-score\": 0.7673860788345337,\n        \"specificity\": 0.9901731014251709\n    },\n    \"Erosion\": {\n        \"precision\": 0.6749335527420044,\n        \"recall\": 0.6597402691841125,\n        \"f1-score\": 0.6672504544258118,\n        \"specificity\": 0.9754957556724548\n    },\n    \"Erythema\": {\n        \"precision\": 0.4552238881587982,\n        \"recall\": 0.6161616444587708,\n        \"f1-score\": 0.5236051678657532,\n        \"specificity\": 0.9861698746681213\n    },\n    \"Foreign Body\": {\n        \"precision\": 0.7605984807014465,\n        \"recall\": 0.8970588445663452,\n        \"f1-score\": 0.8232118487358093,\n        \"specificity\": 0.9939209818840027\n    },\n    \"Lymphangiectasia\": {\n        \"precision\": 0.7355769276618958,\n        \"recall\": 0.8921282887458801,\n        \"f1-score\": 0.8063241243362427,\n        \"specificity\": 0.9930331110954285\n    },\n    \"Normal\": {\n        \"precision\": 0.9854464530944824,\n        \"recall\": 0.9368438124656677,\n        \"f1-score\": 0.960530698299408,\n        \"specificity\": 0.9557867646217346\n    },\n    \"Polyp\": {\n        \"precision\": 0.5585284233093262,\n        \"recall\": 0.6679999828338623,\n        \"f1-score\": 0.6083788871765137,\n        \"specificity\": 0.983111560344696\n    },\n    \"Ulcer\": {\n        \"precision\": 0.8920634984970093,\n        \"recall\": 0.9825174808502197,\n        \"f1-score\": 0.9351081252098083,\n        \"specificity\": 0.9978543519973755\n    },\n    \"Worms\": {\n        \"precision\": 0.8500000238418579,\n        \"recall\": 1.0,\n        \"f1-score\": 0.9189189076423645,\n        \"specificity\": 0.99925297498703\n    },\n    \"macro avg\": {\n        \"precision\": 0.7225425243377686,\n        \"recall\": 0.8360716700553894,\n        \"f1-score\": 0.7728029489517212,\n        \"specificity\": 0.9860151410102844\n    },\n    \"accuracy\": 0.8973469138145447,\n    \"auc_roc_scores\": {\n        \"Angioectasia\": 0.9811365604400635,\n        \"Bleeding\": 0.9928128719329834,\n        \"Erosion\": 0.966903805732727,\n        \"Erythema\": 0.9674253463745117,\n        \"Foreign Body\": 0.9915095567703247,\n        \"Lymphangiectasia\": 0.9891589879989624,\n        \"Normal\": 0.9895433783531189,\n        \"Polyp\": 0.9775175452232361,\n        \"Ulcer\": 0.9996486902236938,\n        \"Worms\": 0.9999780058860779\n    },\n    \"mean_auc\": 0.9855634570121765,\n    \"average_precision_scores\": {\n        \"Angioectasia\": 0.8459575176239014,\n        \"Bleeding\": 0.8911929130554199,\n        \"Erosion\": 0.7536405920982361,\n        \"Erythema\": 0.5550705194473267,\n        \"Foreign Body\": 0.9199446439743042,\n        \"Lymphangiectasia\": 0.9126708507537842,\n        \"Normal\": 0.996742844581604,\n        \"Polyp\": 0.6909375190734863,\n        \"Ulcer\": 0.9899479150772095,\n        \"Worms\": 0.9953269958496094\n    },\n    \"mean_average_precision\": 0.8551432490348816,\n    \"mean_f1_score\": 0.7728029489517212,\n    \"mean_specificity\": 0.9860151410102844,\n    \"mean_sensitivity\": 0.8360716700553894,\n    \"balanced_accuracy\": 0.8360716700553894\n}"
}