{
    "epoch": 6,
    "train_metrics": "{\n    \"Angioectasia\": {\n        \"precision\": 0.916223406791687,\n        \"recall\": 0.8999477624893188,\n        \"f1-score\": 0.9080126285552979,\n        \"specificity\": 0.9906746745109558\n    },\n    \"Bleeding\": {\n        \"precision\": 0.9284989833831787,\n        \"recall\": 0.945520281791687,\n        \"f1-score\": 0.9369323253631592,\n        \"specificity\": 0.9916405081748962\n    },\n    \"Erosion\": {\n        \"precision\": 0.7819221615791321,\n        \"recall\": 0.7718355059623718,\n        \"f1-score\": 0.7768461108207703,\n        \"specificity\": 0.9763619303703308\n    },\n    \"Erythema\": {\n        \"precision\": 0.8536899089813232,\n        \"recall\": 0.8746048212051392,\n        \"f1-score\": 0.864020824432373,\n        \"specificity\": 0.9831711649894714\n    },\n    \"Foreign Body\": {\n        \"precision\": 0.9536476135253906,\n        \"recall\": 0.9561658501625061,\n        \"f1-score\": 0.954905092716217,\n        \"specificity\": 0.9947959780693054\n    },\n    \"Lymphangiectasia\": {\n        \"precision\": 0.9530075192451477,\n        \"recall\": 0.9496922492980957,\n        \"f1-score\": 0.9513469934463501,\n        \"specificity\": 0.9948331713676453\n    },\n    \"Normal\": {\n        \"precision\": 0.91847825050354,\n        \"recall\": 0.8845729827880859,\n        \"f1-score\": 0.9012068510055542,\n        \"specificity\": 0.9916119575500488\n    },\n    \"Polyp\": {\n        \"precision\": 0.8638375401496887,\n        \"recall\": 0.8836218118667603,\n        \"f1-score\": 0.8736177086830139,\n        \"specificity\": 0.984550416469574\n    },\n    \"Ulcer\": {\n        \"precision\": 0.9861676096916199,\n        \"recall\": 0.9859002232551575,\n        \"f1-score\": 0.9860339164733887,\n        \"specificity\": 0.998496413230896\n    },\n    \"Worms\": {\n        \"precision\": 0.99367755651474,\n        \"recall\": 0.99472576379776,\n        \"f1-score\": 0.9942013621330261,\n        \"specificity\": 0.9992902278900146\n    },\n    \"macro avg\": {\n        \"precision\": 0.9149150252342224,\n        \"recall\": 0.9146587252616882,\n        \"f1-score\": 0.9147124290466309,\n        \"specificity\": 0.9905425906181335\n    },\n    \"accuracy\": 0.9148828387260437,\n    \"auc_roc_scores\": {\n        \"Angioectasia\": 0.9946452379226685,\n        \"Bleeding\": 0.9977372884750366,\n        \"Erosion\": 0.9763264656066895,\n        \"Erythema\": 0.9919712543487549,\n        \"Foreign Body\": 0.9986748695373535,\n        \"Lymphangiectasia\": 0.9982621669769287,\n        \"Normal\": 0.9915831685066223,\n        \"Polyp\": 0.9925326108932495,\n        \"Ulcer\": 0.999877393245697,\n        \"Worms\": 0.9999739527702332\n    },\n    \"mean_auc\": 0.9941583871841431,\n    \"average_precision_scores\": {\n        \"Angioectasia\": 0.968367338180542,\n        \"Bleeding\": 0.9819650650024414,\n        \"Erosion\": 0.8637070655822754,\n        \"Erythema\": 0.9356364011764526,\n        \"Foreign Body\": 0.9907297492027283,\n        \"Lymphangiectasia\": 0.9891237020492554,\n        \"Normal\": 0.9580174684524536,\n        \"Polyp\": 0.9449173212051392,\n        \"Ulcer\": 0.9989333748817444,\n        \"Worms\": 0.9997460842132568\n    },\n    \"mean_average_precision\": 0.9631143808364868,\n    \"mean_f1_score\": 0.9147124290466309,\n    \"mean_specificity\": 0.9905425906181335,\n    \"mean_sensitivity\": 0.9146587252616882,\n    \"balanced_accuracy\": 0.9146587252616882\n}",
    "test_metrics": "{\n    \"Angioectasia\": {\n        \"precision\": 0.5909774303436279,\n        \"recall\": 0.7907444834709167,\n        \"f1-score\": 0.6764199733734131,\n        \"specificity\": 0.982603132724762\n    },\n    \"Bleeding\": {\n        \"precision\": 0.6626016497612,\n        \"recall\": 0.9080780148506165,\n        \"f1-score\": 0.7661574482917786,\n        \"specificity\": 0.989475667476654\n    },\n    \"Erosion\": {\n        \"precision\": 0.6549605131149292,\n        \"recall\": 0.6458874344825745,\n        \"f1-score\": 0.6503923535346985,\n        \"specificity\": 0.9737597703933716\n    },\n    \"Erythema\": {\n        \"precision\": 0.42265796661376953,\n        \"recall\": 0.6531986594200134,\n        \"f1-score\": 0.5132275223731995,\n        \"specificity\": 0.9832649230957031\n    },\n    \"Foreign Body\": {\n        \"precision\": 0.7524271607398987,\n        \"recall\": 0.9117646813392639,\n        \"f1-score\": 0.8244680762290955,\n        \"specificity\": 0.9935410618782043\n    },\n    \"Lymphangiectasia\": {\n        \"precision\": 0.6905829310417175,\n        \"recall\": 0.8979591727256775,\n        \"f1-score\": 0.7807351350784302,\n        \"specificity\": 0.991259753704071\n    },\n    \"Normal\": {\n        \"precision\": 0.9894282221794128,\n        \"recall\": 0.9140555262565613,\n        \"f1-score\": 0.9502496123313904,\n        \"specificity\": 0.9687906503677368\n    },\n    \"Polyp\": {\n        \"precision\": 0.48148149251937866,\n        \"recall\": 0.7540000081062317,\n        \"f1-score\": 0.5876851081848145,\n        \"specificity\": 0.9740276336669922\n    },\n    \"Ulcer\": {\n        \"precision\": 0.909385085105896,\n        \"recall\": 0.9825174808502197,\n        \"f1-score\": 0.9445378184318542,\n        \"specificity\": 0.9982330203056335\n    },\n    \"Worms\": {\n        \"precision\": 0.8815789222717285,\n        \"recall\": 0.9852941036224365,\n        \"f1-score\": 0.9305555820465088,\n        \"specificity\": 0.9994397163391113\n    },\n    \"macro avg\": {\n        \"precision\": 0.7036082148551941,\n        \"recall\": 0.8443499803543091,\n        \"f1-score\": 0.7624428868293762,\n        \"specificity\": 0.9854394793510437\n    },\n    \"accuracy\": 0.8822836875915527,\n    \"auc_roc_scores\": {\n        \"Angioectasia\": 0.9742188453674316,\n        \"Bleeding\": 0.9934678077697754,\n        \"Erosion\": 0.9548038244247437,\n        \"Erythema\": 0.9718201160430908,\n        \"Foreign Body\": 0.991258978843689,\n        \"Lymphangiectasia\": 0.9853892922401428,\n        \"Normal\": 0.9862866401672363,\n        \"Polyp\": 0.9771856069564819,\n        \"Ulcer\": 0.9986711740493774,\n        \"Worms\": 0.9999432563781738\n    },\n    \"mean_auc\": 0.9833046197891235,\n    \"average_precision_scores\": {\n        \"Angioectasia\": 0.808755099773407,\n        \"Bleeding\": 0.8833200931549072,\n        \"Erosion\": 0.7289137840270996,\n        \"Erythema\": 0.5994738936424255,\n        \"Foreign Body\": 0.92112135887146,\n        \"Lymphangiectasia\": 0.8753864765167236,\n        \"Normal\": 0.9956981539726257,\n        \"Polyp\": 0.6684485673904419,\n        \"Ulcer\": 0.9848429560661316,\n        \"Worms\": 0.9907712936401367\n    },\n    \"mean_average_precision\": 0.8456732034683228,\n    \"mean_f1_score\": 0.7624428868293762,\n    \"mean_specificity\": 0.9854394793510437,\n    \"mean_sensitivity\": 0.8443499803543091,\n    \"balanced_accuracy\": 0.8443499803543091\n}"
}