{
    "epoch": 10,
    "train_metrics": "{\n    \"Angioectasia\": {\n        \"precision\": 0.9428884983062744,\n        \"recall\": 0.9313805103302002,\n        \"f1-score\": 0.9370992183685303,\n        \"specificity\": 0.9938679337501526\n    },\n    \"Bleeding\": {\n        \"precision\": 0.9488757848739624,\n        \"recall\": 0.9586262702941895,\n        \"f1-score\": 0.9537261128425598,\n        \"specificity\": 0.9943673014640808\n    },\n    \"Erosion\": {\n        \"precision\": 0.8534253835678101,\n        \"recall\": 0.8466807007789612,\n        \"f1-score\": 0.8500396609306335,\n        \"specificity\": 0.9836739301681519\n    },\n    \"Erythema\": {\n        \"precision\": 0.9037721157073975,\n        \"recall\": 0.9248949289321899,\n        \"f1-score\": 0.9142115712165833,\n        \"specificity\": 0.9889050126075745\n    },\n    \"Foreign Body\": {\n        \"precision\": 0.9678985476493835,\n        \"recall\": 0.9668552875518799,\n        \"f1-score\": 0.9673766493797302,\n        \"specificity\": 0.9964892864227295\n    },\n    \"Lymphangiectasia\": {\n        \"precision\": 0.9744545221328735,\n        \"recall\": 0.9687830805778503,\n        \"f1-score\": 0.9716104865074158,\n        \"specificity\": 0.9971620440483093\n    },\n    \"Normal\": {\n        \"precision\": 0.9429405331611633,\n        \"recall\": 0.9247787594795227,\n        \"f1-score\": 0.9337713718414307,\n        \"specificity\": 0.993632435798645\n    },\n    \"Polyp\": {\n        \"precision\": 0.9194236993789673,\n        \"recall\": 0.9310997128486633,\n        \"f1-score\": 0.9252248406410217,\n        \"specificity\": 0.9910930395126343\n    },\n    \"Ulcer\": {\n        \"precision\": 0.9939758777618408,\n        \"recall\": 0.9931954741477966,\n        \"f1-score\": 0.9935855269432068,\n        \"specificity\": 0.9993192553520203\n    },\n    \"Worms\": {\n        \"precision\": 0.9954871535301208,\n        \"recall\": 0.9965453147888184,\n        \"f1-score\": 0.9960159659385681,\n        \"specificity\": 0.9994977116584778\n    },\n    \"macro avg\": {\n        \"precision\": 0.944314181804657,\n        \"recall\": 0.9442840814590454,\n        \"f1-score\": 0.944266140460968,\n        \"specificity\": 0.9938007593154907\n    },\n    \"accuracy\": 0.9442124962806702,\n    \"auc_roc_scores\": {\n        \"Angioectasia\": 0.9976003766059875,\n        \"Bleeding\": 0.9988369345664978,\n        \"Erosion\": 0.9891132116317749,\n        \"Erythema\": 0.9967446327209473,\n        \"Foreign Body\": 0.9994303584098816,\n        \"Lymphangiectasia\": 0.9993537664413452,\n        \"Normal\": 0.9951120615005493,\n        \"Polyp\": 0.9972296357154846,\n        \"Ulcer\": 0.9999474883079529,\n        \"Worms\": 0.9999896287918091\n    },\n    \"mean_auc\": 0.9973358511924744,\n    \"average_precision_scores\": {\n        \"Angioectasia\": 0.9832830429077148,\n        \"Bleeding\": 0.9919359087944031,\n        \"Erosion\": 0.9302215576171875,\n        \"Erythema\": 0.9713913202285767,\n        \"Foreign Body\": 0.9952167272567749,\n        \"Lymphangiectasia\": 0.9955884218215942,\n        \"Normal\": 0.9755929708480835,\n        \"Polyp\": 0.977668046951294,\n        \"Ulcer\": 0.9995607733726501,\n        \"Worms\": 0.9999066591262817\n    },\n    \"mean_average_precision\": 0.9820365905761719,\n    \"mean_f1_score\": 0.944266140460968,\n    \"mean_specificity\": 0.9938007593154907,\n    \"mean_sensitivity\": 0.9442840814590454,\n    \"balanced_accuracy\": 0.9442840814590454\n}",
    "test_metrics": "{\n    \"Angioectasia\": {\n        \"precision\": 0.5710306167602539,\n        \"recall\": 0.8249496817588806,\n        \"f1-score\": 0.6748971343040466,\n        \"specificity\": 0.9803006052970886\n    },\n    \"Bleeding\": {\n        \"precision\": 0.7574257254600525,\n        \"recall\": 0.8523676991462708,\n        \"f1-score\": 0.802096962928772,\n        \"specificity\": 0.9937868714332581\n    },\n    \"Erosion\": {\n        \"precision\": 0.6130267977714539,\n        \"recall\": 0.6926407217979431,\n        \"f1-score\": 0.6504064798355103,\n        \"specificity\": 0.9662816524505615\n    },\n    \"Erythema\": {\n        \"precision\": 0.44164758920669556,\n        \"recall\": 0.6498316526412964,\n        \"f1-score\": 0.5258855819702148,\n        \"specificity\": 0.9845910668373108\n    },\n    \"Foreign Body\": {\n        \"precision\": 0.7743589878082275,\n        \"recall\": 0.8882352709770203,\n        \"f1-score\": 0.8273972868919373,\n        \"specificity\": 0.9944275617599487\n    },\n    \"Lymphangiectasia\": {\n        \"precision\": 0.705747127532959,\n        \"recall\": 0.8950437307357788,\n        \"f1-score\": 0.7892031073570251,\n        \"specificity\": 0.9918931126594543\n    },\n    \"Normal\": {\n        \"precision\": 0.9915061593055725,\n        \"recall\": 0.9215431213378906,\n        \"f1-score\": 0.9552452564239502,\n        \"specificity\": 0.9747724533081055\n    },\n    \"Polyp\": {\n        \"precision\": 0.5523520708084106,\n        \"recall\": 0.7279999852180481,\n        \"f1-score\": 0.6281276941299438,\n        \"specificity\": 0.981128454208374\n    },\n    \"Ulcer\": {\n        \"precision\": 0.9525423645973206,\n        \"recall\": 0.9825174808502197,\n        \"f1-score\": 0.9672977328300476,\n        \"specificity\": 0.9991164803504944\n    },\n    \"Worms\": {\n        \"precision\": 0.9275362491607666,\n        \"recall\": 0.9411764740943909,\n        \"f1-score\": 0.9343065619468689,\n        \"specificity\": 0.9996887445449829\n    },\n    \"macro avg\": {\n        \"precision\": 0.7287173867225647,\n        \"recall\": 0.837630569934845,\n        \"f1-score\": 0.775486409664154,\n        \"specificity\": 0.9865986704826355\n    },\n    \"accuracy\": 0.8895363211631775,\n    \"auc_roc_scores\": {\n        \"Angioectasia\": 0.972648024559021,\n        \"Bleeding\": 0.9906315803527832,\n        \"Erosion\": 0.9524257183074951,\n        \"Erythema\": 0.9648492932319641,\n        \"Foreign Body\": 0.9858567714691162,\n        \"Lymphangiectasia\": 0.9895532131195068,\n        \"Normal\": 0.9899843335151672,\n        \"Polyp\": 0.9766238331794739,\n        \"Ulcer\": 0.9995244741439819,\n        \"Worms\": 0.9997885227203369\n    },\n    \"mean_auc\": 0.9821886420249939,\n    \"average_precision_scores\": {\n        \"Angioectasia\": 0.8210997581481934,\n        \"Bleeding\": 0.8907991647720337,\n        \"Erosion\": 0.7170405387878418,\n        \"Erythema\": 0.5802345275878906,\n        \"Foreign Body\": 0.9200451374053955,\n        \"Lymphangiectasia\": 0.9058985710144043,\n        \"Normal\": 0.9968674182891846,\n        \"Polyp\": 0.700893759727478,\n        \"Ulcer\": 0.9902358055114746,\n        \"Worms\": 0.979487419128418\n    },\n    \"mean_average_precision\": 0.8502601981163025,\n    \"mean_f1_score\": 0.775486409664154,\n    \"mean_specificity\": 0.9865986704826355,\n    \"mean_sensitivity\": 0.837630569934845,\n    \"balanced_accuracy\": 0.837630569934845\n}"
}