{
    "epoch": 4,
    "train_metrics": "{\n    \"Angioectasia\": {\n        \"precision\": 0.884915292263031,\n        \"recall\": 0.8581486344337463,\n        \"f1-score\": 0.8713264465332031,\n        \"specificity\": 0.9873268008232117\n    },\n    \"Bleeding\": {\n        \"precision\": 0.9050998687744141,\n        \"recall\": 0.9233038425445557,\n        \"f1-score\": 0.9141112565994263,\n        \"specificity\": 0.9893441200256348\n    },\n    \"Erosion\": {\n        \"precision\": 0.6897030472755432,\n        \"recall\": 0.677665650844574,\n        \"f1-score\": 0.6836313605308533,\n        \"specificity\": 0.9670594930648804\n    },\n    \"Erythema\": {\n        \"precision\": 0.8046609163284302,\n        \"recall\": 0.8168527483940125,\n        \"f1-score\": 0.8107109665870667,\n        \"specificity\": 0.9779583215713501\n    },\n    \"Foreign Body\": {\n        \"precision\": 0.9285898804664612,\n        \"recall\": 0.931965708732605,\n        \"f1-score\": 0.9302747249603271,\n        \"specificity\": 0.991823673248291\n    },\n    \"Lymphangiectasia\": {\n        \"precision\": 0.9310073256492615,\n        \"recall\": 0.9273582696914673,\n        \"f1-score\": 0.9291791915893555,\n        \"specificity\": 0.9922143220901489\n    },\n    \"Normal\": {\n        \"precision\": 0.8820367455482483,\n        \"recall\": 0.8556531071662903,\n        \"f1-score\": 0.868644654750824,\n        \"specificity\": 0.9877219200134277\n    },\n    \"Polyp\": {\n        \"precision\": 0.8047910332679749,\n        \"recall\": 0.835007905960083,\n        \"f1-score\": 0.8196210861206055,\n        \"specificity\": 0.9773540496826172\n    },\n    \"Ulcer\": {\n        \"precision\": 0.9756489396095276,\n        \"recall\": 0.9764328002929688,\n        \"f1-score\": 0.9760406613349915,\n        \"specificity\": 0.9973134994506836\n    },\n    \"Worms\": {\n        \"precision\": 0.9857482314109802,\n        \"recall\": 0.9891419410705566,\n        \"f1-score\": 0.9874421954154968,\n        \"specificity\": 0.9984038472175598\n    },\n    \"macro avg\": {\n        \"precision\": 0.8792201280593872,\n        \"recall\": 0.8791530728340149,\n        \"f1-score\": 0.8790982365608215,\n        \"specificity\": 0.9866520166397095\n    },\n    \"accuracy\": 0.8798096179962158,\n    \"auc_roc_scores\": {\n        \"Angioectasia\": 0.9897304177284241,\n        \"Bleeding\": 0.9964087009429932,\n        \"Erosion\": 0.9572529196739197,\n        \"Erythema\": 0.9852607250213623,\n        \"Foreign Body\": 0.9968181848526001,\n        \"Lymphangiectasia\": 0.9962236285209656,\n        \"Normal\": 0.9857532382011414,\n        \"Polyp\": 0.9858940243721008,\n        \"Ulcer\": 0.9994949102401733,\n        \"Worms\": 0.9999030828475952\n    },\n    \"mean_auc\": 0.9892740249633789,\n    \"average_precision_scores\": {\n        \"Angioectasia\": 0.9438687562942505,\n        \"Bleeding\": 0.9706577062606812,\n        \"Erosion\": 0.7647085189819336,\n        \"Erythema\": 0.8903316259384155,\n        \"Foreign Body\": 0.981933057308197,\n        \"Lymphangiectasia\": 0.9782230854034424,\n        \"Normal\": 0.9330520033836365,\n        \"Polyp\": 0.9011061191558838,\n        \"Ulcer\": 0.9967824220657349,\n        \"Worms\": 0.9991827607154846\n    },\n    \"mean_average_precision\": 0.9359846115112305,\n    \"mean_f1_score\": 0.8790982365608215,\n    \"mean_specificity\": 0.9866520166397095,\n    \"mean_sensitivity\": 0.8791530728340149,\n    \"balanced_accuracy\": 0.8791530728340149\n}",
    "test_metrics": "{\n    \"Angioectasia\": {\n        \"precision\": 0.5653409361839294,\n        \"recall\": 0.800804853439331,\n        \"f1-score\": 0.6627810001373291,\n        \"specificity\": 0.9804285168647766\n    },\n    \"Bleeding\": {\n        \"precision\": 0.7186761498451233,\n        \"recall\": 0.8467966318130493,\n        \"f1-score\": 0.7774935960769653,\n        \"specificity\": 0.9924554824829102\n    },\n    \"Erosion\": {\n        \"precision\": 0.5529880523681641,\n        \"recall\": 0.6008657813072205,\n        \"f1-score\": 0.5759336352348328,\n        \"specificity\": 0.9625425934791565\n    },\n    \"Erythema\": {\n        \"precision\": 0.3422291874885559,\n        \"recall\": 0.7340067625045776,\n        \"f1-score\": 0.4668094217777252,\n        \"specificity\": 0.9735396504402161\n    },\n    \"Foreign Body\": {\n        \"precision\": 0.6410256624221802,\n        \"recall\": 0.8823529481887817,\n        \"f1-score\": 0.7425742745399475,\n        \"specificity\": 0.9893617033958435\n    },\n    \"Lymphangiectasia\": {\n        \"precision\": 0.7609890103340149,\n        \"recall\": 0.8075801730155945,\n        \"f1-score\": 0.7835926413536072,\n        \"specificity\": 0.994489848613739\n    },\n    \"Normal\": {\n        \"precision\": 0.990191638469696,\n        \"recall\": 0.8955807089805603,\n        \"f1-score\": 0.9405128359794617,\n        \"specificity\": 0.9716514945030212\n    },\n    \"Polyp\": {\n        \"precision\": 0.4429530203342438,\n        \"recall\": 0.6600000262260437,\n        \"f1-score\": 0.5301204919815063,\n        \"specificity\": 0.9734519124031067\n    },\n    \"Ulcer\": {\n        \"precision\": 0.8308157324790955,\n        \"recall\": 0.9615384340286255,\n        \"f1-score\": 0.8914100527763367,\n        \"specificity\": 0.9964659810066223\n    },\n    \"Worms\": {\n        \"precision\": 0.739130437374115,\n        \"recall\": 1.0,\n        \"f1-score\": 0.8500000238418579,\n        \"specificity\": 0.9985059499740601\n    },\n    \"macro avg\": {\n        \"precision\": 0.6584340333938599,\n        \"recall\": 0.8189526796340942,\n        \"f1-score\": 0.7221227884292603,\n        \"specificity\": 0.983289361000061\n    },\n    \"accuracy\": 0.8596578240394592,\n    \"auc_roc_scores\": {\n        \"Angioectasia\": 0.9736201763153076,\n        \"Bleeding\": 0.9896595478057861,\n        \"Erosion\": 0.9497196674346924,\n        \"Erythema\": 0.9737660884857178,\n        \"Foreign Body\": 0.9866548180580139,\n        \"Lymphangiectasia\": 0.9833271503448486,\n        \"Normal\": 0.982366144657135,\n        \"Polyp\": 0.9710292816162109,\n        \"Ulcer\": 0.9993752241134644,\n        \"Worms\": 0.9999487400054932\n    },\n    \"mean_auc\": 0.9809466600418091,\n    \"average_precision_scores\": {\n        \"Angioectasia\": 0.7949517369270325,\n        \"Bleeding\": 0.8580641746520996,\n        \"Erosion\": 0.6681113839149475,\n        \"Erythema\": 0.5438929200172424,\n        \"Foreign Body\": 0.8929414749145508,\n        \"Lymphangiectasia\": 0.8607494235038757,\n        \"Normal\": 0.9945506453514099,\n        \"Polyp\": 0.5892074704170227,\n        \"Ulcer\": 0.9778382182121277,\n        \"Worms\": 0.9885348081588745\n    },\n    \"mean_average_precision\": 0.8168842196464539,\n    \"mean_f1_score\": 0.7221227884292603,\n    \"mean_specificity\": 0.983289361000061,\n    \"mean_sensitivity\": 0.8189526796340942,\n    \"balanced_accuracy\": 0.8189526796340942\n}"
}