{
    "epoch": 3,
    "train_metrics": "{\n    \"Angioectasia\": {\n        \"precision\": 0.854865312576294,\n        \"recall\": 0.8223162293434143,\n        \"f1-score\": 0.8382749557495117,\n        \"specificity\": 0.9843902587890625\n    },\n    \"Bleeding\": {\n        \"precision\": 0.8906452655792236,\n        \"recall\": 0.9054267406463623,\n        \"f1-score\": 0.8979752063751221,\n        \"specificity\": 0.987518846988678\n    },\n    \"Erosion\": {\n        \"precision\": 0.6396347880363464,\n        \"recall\": 0.6331738233566284,\n        \"f1-score\": 0.6363879442214966,\n        \"specificity\": 0.9603486657142639\n    },\n    \"Erythema\": {\n        \"precision\": 0.7393544912338257,\n        \"recall\": 0.7474636435508728,\n        \"f1-score\": 0.74338698387146,\n        \"specificity\": 0.971701979637146\n    },\n    \"Foreign Body\": {\n        \"precision\": 0.9178964495658875,\n        \"recall\": 0.9110519289970398,\n        \"f1-score\": 0.9144613742828369,\n        \"specificity\": 0.9909606575965881\n    },\n    \"Lymphangiectasia\": {\n        \"precision\": 0.9211422801017761,\n        \"recall\": 0.9149101972579956,\n        \"f1-score\": 0.9180156588554382,\n        \"specificity\": 0.9910851716995239\n    },\n    \"Normal\": {\n        \"precision\": 0.8545702695846558,\n        \"recall\": 0.8279143571853638,\n        \"f1-score\": 0.8410311341285706,\n        \"specificity\": 0.9842419624328613\n    },\n    \"Polyp\": {\n        \"precision\": 0.7466802597045898,\n        \"recall\": 0.7941336035728455,\n        \"f1-score\": 0.7696762084960938,\n        \"specificity\": 0.9707590341567993\n    },\n    \"Ulcer\": {\n        \"precision\": 0.967277467250824,\n        \"recall\": 0.9682914018630981,\n        \"f1-score\": 0.9677841663360596,\n        \"specificity\": 0.9963008165359497\n    },\n    \"Worms\": {\n        \"precision\": 0.9821523427963257,\n        \"recall\": 0.9855653643608093,\n        \"f1-score\": 0.9838559031486511,\n        \"specificity\": 0.9980216026306152\n    },\n    \"macro avg\": {\n        \"precision\": 0.8514219522476196,\n        \"recall\": 0.8510247468948364,\n        \"f1-score\": 0.8510848879814148,\n        \"specificity\": 0.9835329055786133\n    },\n    \"accuracy\": 0.8517031669616699,\n    \"auc_roc_scores\": {\n        \"Angioectasia\": 0.9830117225646973,\n        \"Bleeding\": 0.9945015907287598,\n        \"Erosion\": 0.9445043802261353,\n        \"Erythema\": 0.9757144451141357,\n        \"Foreign Body\": 0.9950321912765503,\n        \"Lymphangiectasia\": 0.9944024085998535,\n        \"Normal\": 0.980384349822998,\n        \"Polyp\": 0.9796649217605591,\n        \"Ulcer\": 0.9986699819564819,\n        \"Worms\": 0.9997878670692444\n    },\n    \"mean_auc\": 0.9845674633979797,\n    \"average_precision_scores\": {\n        \"Angioectasia\": 0.917803168296814,\n        \"Bleeding\": 0.9617639780044556,\n        \"Erosion\": 0.7120747566223145,\n        \"Erythema\": 0.8184398412704468,\n        \"Foreign Body\": 0.9717453718185425,\n        \"Lymphangiectasia\": 0.9711284637451172,\n        \"Normal\": 0.9112018942832947,\n        \"Polyp\": 0.8567529320716858,\n        \"Ulcer\": 0.9929180145263672,\n        \"Worms\": 0.9983611106872559\n    },\n    \"mean_average_precision\": 0.91121906042099,\n    \"mean_f1_score\": 0.8510848879814148,\n    \"mean_specificity\": 0.9835329055786133,\n    \"mean_sensitivity\": 0.8510247468948364,\n    \"balanced_accuracy\": 0.8510247468948364\n}",
    "test_metrics": "{\n    \"Angioectasia\": {\n        \"precision\": 0.5387811660766602,\n        \"recall\": 0.7826961874961853,\n        \"f1-score\": 0.6382280588150024,\n        \"specificity\": 0.978701651096344\n    },\n    \"Bleeding\": {\n        \"precision\": 0.7207637429237366,\n        \"recall\": 0.8412256240844727,\n        \"f1-score\": 0.7763496041297913,\n        \"specificity\": 0.9925822615623474\n    },\n    \"Erosion\": {\n        \"precision\": 0.49228790402412415,\n        \"recall\": 0.6632034778594971,\n        \"f1-score\": 0.565105140209198,\n        \"specificity\": 0.9472524523735046\n    },\n    \"Erythema\": {\n        \"precision\": 0.3254545331001282,\n        \"recall\": 0.6026936173439026,\n        \"f1-score\": 0.4226682484149933,\n        \"specificity\": 0.9765709042549133\n    },\n    \"Foreign Body\": {\n        \"precision\": 0.6585903167724609,\n        \"recall\": 0.8794117569923401,\n        \"f1-score\": 0.75314861536026,\n        \"specificity\": 0.9901849031448364\n    },\n    \"Lymphangiectasia\": {\n        \"precision\": 0.6742596626281738,\n        \"recall\": 0.8629737496376038,\n        \"f1-score\": 0.7570332288742065,\n        \"specificity\": 0.9909430742263794\n    },\n    \"Normal\": {\n        \"precision\": 0.9909573793411255,\n        \"recall\": 0.8651420474052429,\n        \"f1-score\": 0.9237855076789856,\n        \"specificity\": 0.9747724533081055\n    },\n    \"Polyp\": {\n        \"precision\": 0.45876288414001465,\n        \"recall\": 0.7120000123977661,\n        \"f1-score\": 0.5579937100410461,\n        \"specificity\": 0.9731320142745972\n    },\n    \"Ulcer\": {\n        \"precision\": 0.7378378510475159,\n        \"recall\": 0.9545454382896423,\n        \"f1-score\": 0.832317054271698,\n        \"specificity\": 0.9938786029815674\n    },\n    \"Worms\": {\n        \"precision\": 0.5630252361297607,\n        \"recall\": 0.9852941036224365,\n        \"f1-score\": 0.7165775299072266,\n        \"specificity\": 0.9967629313468933\n    },\n    \"macro avg\": {\n        \"precision\": 0.6160721182823181,\n        \"recall\": 0.8149186372756958,\n        \"f1-score\": 0.6943206787109375,\n        \"specificity\": 0.9814781546592712\n    },\n    \"accuracy\": 0.8403793573379517,\n    \"auc_roc_scores\": {\n        \"Angioectasia\": 0.970305323600769,\n        \"Bleeding\": 0.992536187171936,\n        \"Erosion\": 0.9368122816085815,\n        \"Erythema\": 0.959438681602478,\n        \"Foreign Body\": 0.9846944212913513,\n        \"Lymphangiectasia\": 0.9865692257881165,\n        \"Normal\": 0.9802662134170532,\n        \"Polyp\": 0.97491455078125,\n        \"Ulcer\": 0.9980078935623169,\n        \"Worms\": 0.9996887445449829\n    },\n    \"mean_auc\": 0.9783234000205994,\n    \"average_precision_scores\": {\n        \"Angioectasia\": 0.7805283069610596,\n        \"Bleeding\": 0.8743179440498352,\n        \"Erosion\": 0.6221982836723328,\n        \"Erythema\": 0.4768298864364624,\n        \"Foreign Body\": 0.8909986019134521,\n        \"Lymphangiectasia\": 0.8695070147514343,\n        \"Normal\": 0.9937995672225952,\n        \"Polyp\": 0.6445303559303284,\n        \"Ulcer\": 0.9576579332351685,\n        \"Worms\": 0.9639255404472351\n    },\n    \"mean_average_precision\": 0.807429313659668,\n    \"mean_f1_score\": 0.6943206787109375,\n    \"mean_specificity\": 0.9814781546592712,\n    \"mean_sensitivity\": 0.8149186372756958,\n    \"balanced_accuracy\": 0.8149186372756958\n}"
}