{
    "epoch": 2,
    "train_metrics": "{\n    \"Angioectasia\": {\n        \"precision\": 0.8208469152450562,\n        \"recall\": 0.746566116809845,\n        \"f1-score\": 0.7819464206695557,\n        \"specificity\": 0.9821502566337585\n    },\n    \"Bleeding\": {\n        \"precision\": 0.8427194356918335,\n        \"recall\": 0.8687238693237305,\n        \"f1-score\": 0.8555240631103516,\n        \"specificity\": 0.9816475510597229\n    },\n    \"Erosion\": {\n        \"precision\": 0.5491190552711487,\n        \"recall\": 0.5456233620643616,\n        \"f1-score\": 0.5473656058311462,\n        \"specificity\": 0.9500842094421387\n    },\n    \"Erythema\": {\n        \"precision\": 0.6578880548477173,\n        \"recall\": 0.6756827235221863,\n        \"f1-score\": 0.6666666865348816,\n        \"specificity\": 0.9599846005439758\n    },\n    \"Foreign Body\": {\n        \"precision\": 0.8927026987075806,\n        \"recall\": 0.8772908449172974,\n        \"f1-score\": 0.8849296569824219,\n        \"specificity\": 0.988269031047821\n    },\n    \"Lymphangiectasia\": {\n        \"precision\": 0.8919584155082703,\n        \"recall\": 0.8714591264724731,\n        \"f1-score\": 0.8815895915031433,\n        \"specificity\": 0.9883360266685486\n    },\n    \"Normal\": {\n        \"precision\": 0.8152934908866882,\n        \"recall\": 0.7897756695747375,\n        \"f1-score\": 0.8023317456245422,\n        \"specificity\": 0.9796879291534424\n    },\n    \"Polyp\": {\n        \"precision\": 0.6708074808120728,\n        \"recall\": 0.7373949289321899,\n        \"f1-score\": 0.702526867389679,\n        \"specificity\": 0.959229588508606\n    },\n    \"Ulcer\": {\n        \"precision\": 0.9523550271987915,\n        \"recall\": 0.9536532163619995,\n        \"f1-score\": 0.9530037045478821,\n        \"specificity\": 0.9948436617851257\n    },\n    \"Worms\": {\n        \"precision\": 0.972161591053009,\n        \"recall\": 0.9791094064712524,\n        \"f1-score\": 0.9756231307983398,\n        \"specificity\": 0.9969972372055054\n    },\n    \"macro avg\": {\n        \"precision\": 0.8065852522850037,\n        \"recall\": 0.8045279383659363,\n        \"f1-score\": 0.8051508069038391,\n        \"specificity\": 0.9781230092048645\n    },\n    \"accuracy\": 0.803281307220459,\n    \"auc_roc_scores\": {\n        \"Angioectasia\": 0.9705581665039062,\n        \"Bleeding\": 0.9884954690933228,\n        \"Erosion\": 0.9157409071922302,\n        \"Erythema\": 0.9561103582382202,\n        \"Foreign Body\": 0.9903247952461243,\n        \"Lymphangiectasia\": 0.9886361956596375,\n        \"Normal\": 0.9713858366012573,\n        \"Polyp\": 0.9645204544067383,\n        \"Ulcer\": 0.998403787612915,\n        \"Worms\": 0.9995927810668945\n    },\n    \"mean_auc\": 0.9743768572807312,\n    \"average_precision_scores\": {\n        \"Angioectasia\": 0.8696861863136292,\n        \"Bleeding\": 0.9308618903160095,\n        \"Erosion\": 0.5919034481048584,\n        \"Erythema\": 0.7317224740982056,\n        \"Foreign Body\": 0.9505348205566406,\n        \"Lymphangiectasia\": 0.9459187388420105,\n        \"Normal\": 0.8745993375778198,\n        \"Polyp\": 0.7684815526008606,\n        \"Ulcer\": 0.9902275204658508,\n        \"Worms\": 0.9971765279769897\n    },\n    \"mean_average_precision\": 0.8651112914085388,\n    \"mean_f1_score\": 0.8051508069038391,\n    \"mean_specificity\": 0.9781230092048645,\n    \"mean_sensitivity\": 0.8045279383659363,\n    \"balanced_accuracy\": 0.8045279383659363\n}",
    "test_metrics": "{\n    \"Angioectasia\": {\n        \"precision\": 0.5058670043945312,\n        \"recall\": 0.7806841135025024,\n        \"f1-score\": 0.6139240264892578,\n        \"specificity\": 0.9757595062255859\n    },\n    \"Bleeding\": {\n        \"precision\": 0.6566523313522339,\n        \"recall\": 0.8523676991462708,\n        \"f1-score\": 0.7418181896209717,\n        \"specificity\": 0.9898560643196106\n    },\n    \"Erosion\": {\n        \"precision\": 0.47593581676483154,\n        \"recall\": 0.539393961429596,\n        \"f1-score\": 0.5056818127632141,\n        \"specificity\": 0.9541964530944824\n    },\n    \"Erythema\": {\n        \"precision\": 0.2824631929397583,\n        \"recall\": 0.7104377150535583,\n        \"f1-score\": 0.4042145609855652,\n        \"specificity\": 0.9661509394645691\n    },\n    \"Foreign Body\": {\n        \"precision\": 0.5995762944221497,\n        \"recall\": 0.8323529362678528,\n        \"f1-score\": 0.697044312953949,\n        \"specificity\": 0.9880319237709045\n    },\n    \"Lymphangiectasia\": {\n        \"precision\": 0.5916334390640259,\n        \"recall\": 0.8658891916275024,\n        \"f1-score\": 0.7029585838317871,\n        \"specificity\": 0.9870162606239319\n    },\n    \"Normal\": {\n        \"precision\": 0.9915607571601868,\n        \"recall\": 0.8510621190071106,\n        \"f1-score\": 0.9159550070762634,\n        \"specificity\": 0.97685307264328\n    },\n    \"Polyp\": {\n        \"precision\": 0.3686131238937378,\n        \"recall\": 0.6060000061988831,\n        \"f1-score\": 0.45839637517929077,\n        \"specificity\": 0.9667989015579224\n    },\n    \"Ulcer\": {\n        \"precision\": 0.6731707453727722,\n        \"recall\": 0.9650349617004395,\n        \"f1-score\": 0.7931034564971924,\n        \"specificity\": 0.9915435910224915\n    },\n    \"Worms\": {\n        \"precision\": 0.7142857313156128,\n        \"recall\": 0.9558823704719543,\n        \"f1-score\": 0.8176100850105286,\n        \"specificity\": 0.998381495475769\n    },\n    \"macro avg\": {\n        \"precision\": 0.5859758257865906,\n        \"recall\": 0.7959105372428894,\n        \"f1-score\": 0.665070652961731,\n        \"specificity\": 0.9794588088989258\n    },\n    \"accuracy\": 0.8188073635101318,\n    \"auc_roc_scores\": {\n        \"Angioectasia\": 0.9608083963394165,\n        \"Bleeding\": 0.9860175251960754,\n        \"Erosion\": 0.929304838180542,\n        \"Erythema\": 0.9661049842834473,\n        \"Foreign Body\": 0.9754886627197266,\n        \"Lymphangiectasia\": 0.9844294786453247,\n        \"Normal\": 0.9748190641403198,\n        \"Polyp\": 0.964184045791626,\n        \"Ulcer\": 0.9980534315109253,\n        \"Worms\": 0.9998370409011841\n    },\n    \"mean_auc\": 0.9739047288894653,\n    \"average_precision_scores\": {\n        \"Angioectasia\": 0.7654983401298523,\n        \"Bleeding\": 0.8318392038345337,\n        \"Erosion\": 0.5792288780212402,\n        \"Erythema\": 0.46938085556030273,\n        \"Foreign Body\": 0.8400006890296936,\n        \"Lymphangiectasia\": 0.8379625678062439,\n        \"Normal\": 0.99202960729599,\n        \"Polyp\": 0.48633068799972534,\n        \"Ulcer\": 0.9487874507904053,\n        \"Worms\": 0.973658561706543\n    },\n    \"mean_average_precision\": 0.7724716663360596,\n    \"mean_f1_score\": 0.665070652961731,\n    \"mean_specificity\": 0.9794588088989258,\n    \"mean_sensitivity\": 0.7959105372428894,\n    \"balanced_accuracy\": 0.7959105372428894\n}"
}