{
    "epoch": 8,
    "train_metrics": "{\n    \"Angioectasia\": {\n        \"precision\": 0.9307546615600586,\n        \"recall\": 0.9247514009475708,\n        \"f1-score\": 0.9277433156967163,\n        \"specificity\": 0.9924452304840088\n    },\n    \"Bleeding\": {\n        \"precision\": 0.9347826242446899,\n        \"recall\": 0.9496363997459412,\n        \"f1-score\": 0.9421509504318237,\n        \"specificity\": 0.9927420616149902\n    },\n    \"Erosion\": {\n        \"precision\": 0.8222283720970154,\n        \"recall\": 0.8020496368408203,\n        \"f1-score\": 0.8120136260986328,\n        \"specificity\": 0.9810318946838379\n    },\n    \"Erythema\": {\n        \"precision\": 0.886108934879303,\n        \"recall\": 0.9071505069732666,\n        \"f1-score\": 0.8965062499046326,\n        \"specificity\": 0.9870935082435608\n    },\n    \"Foreign Body\": {\n        \"precision\": 0.956486701965332,\n        \"recall\": 0.9572580456733704,\n        \"f1-score\": 0.9568722248077393,\n        \"specificity\": 0.9952194094657898\n    },\n    \"Lymphangiectasia\": {\n        \"precision\": 0.9600634574890137,\n        \"recall\": 0.9593023061752319,\n        \"f1-score\": 0.9596827626228333,\n        \"specificity\": 0.9955355525016785\n    },\n    \"Normal\": {\n        \"precision\": 0.9292389750480652,\n        \"recall\": 0.9001551866531372,\n        \"f1-score\": 0.9144659042358398,\n        \"specificity\": 0.9921460747718811\n    },\n    \"Polyp\": {\n        \"precision\": 0.8883394002914429,\n        \"recall\": 0.9077127575874329,\n        \"f1-score\": 0.897921621799469,\n        \"specificity\": 0.9873253107070923\n    },\n    \"Ulcer\": {\n        \"precision\": 0.9880794882774353,\n        \"recall\": 0.9867724776268005,\n        \"f1-score\": 0.9874255657196045,\n        \"specificity\": 0.9986696839332581\n    },\n    \"Worms\": {\n        \"precision\": 0.9924044013023376,\n        \"recall\": 0.9952718615531921,\n        \"f1-score\": 0.9938360452651978,\n        \"specificity\": 0.9991419911384583\n    },\n    \"macro avg\": {\n        \"precision\": 0.9288486838340759,\n        \"recall\": 0.929006040096283,\n        \"f1-score\": 0.9288617968559265,\n        \"specificity\": 0.9921350479125977\n    },\n    \"accuracy\": 0.9291887283325195,\n    \"auc_roc_scores\": {\n        \"Angioectasia\": 0.9971304535865784,\n        \"Bleeding\": 0.9984555840492249,\n        \"Erosion\": 0.9837617874145508,\n        \"Erythema\": 0.9951187372207642,\n        \"Foreign Body\": 0.9990659952163696,\n        \"Lymphangiectasia\": 0.9989053010940552,\n        \"Normal\": 0.9939741492271423,\n        \"Polyp\": 0.995520293712616,\n        \"Ulcer\": 0.9999086856842041,\n        \"Worms\": 0.9999797344207764\n    },\n    \"mean_auc\": 0.9961820840835571,\n    \"average_precision_scores\": {\n        \"Angioectasia\": 0.980353593826294,\n        \"Bleeding\": 0.9872704744338989,\n        \"Erosion\": 0.9006954431533813,\n        \"Erythema\": 0.9563176035881042,\n        \"Foreign Body\": 0.9925325512886047,\n        \"Lymphangiectasia\": 0.9929191470146179,\n        \"Normal\": 0.9677920341491699,\n        \"Polyp\": 0.9667061567306519,\n        \"Ulcer\": 0.9992425441741943,\n        \"Worms\": 0.9998224973678589\n    },\n    \"mean_average_precision\": 0.974365234375,\n    \"mean_f1_score\": 0.9288617968559265,\n    \"mean_specificity\": 0.9921350479125977,\n    \"mean_sensitivity\": 0.929006040096283,\n    \"balanced_accuracy\": 0.929006040096283\n}",
    "test_metrics": "{\n    \"Angioectasia\": {\n        \"precision\": 0.5848527550697327,\n        \"recall\": 0.8390341997146606,\n        \"f1-score\": 0.6892561912536621,\n        \"specificity\": 0.9810681343078613\n    },\n    \"Bleeding\": {\n        \"precision\": 0.6659663915634155,\n        \"recall\": 0.8830083608627319,\n        \"f1-score\": 0.7592814564704895,\n        \"specificity\": 0.9899194836616516\n    },\n    \"Erosion\": {\n        \"precision\": 0.6095026135444641,\n        \"recall\": 0.7108225226402283,\n        \"f1-score\": 0.6562749743461609,\n        \"specificity\": 0.9648794531822205\n    },\n    \"Erythema\": {\n        \"precision\": 0.44197529554367065,\n        \"recall\": 0.6026936173439026,\n        \"f1-score\": 0.5099714994430542,\n        \"specificity\": 0.985727846622467\n    },\n    \"Foreign Body\": {\n        \"precision\": 0.7574257254600525,\n        \"recall\": 0.8999999761581421,\n        \"f1-score\": 0.8225806355476379,\n        \"specificity\": 0.993794322013855\n    },\n    \"Lymphangiectasia\": {\n        \"precision\": 0.7146226167678833,\n        \"recall\": 0.8833819031715393,\n        \"f1-score\": 0.7900912761688232,\n        \"specificity\": 0.9923364520072937\n    },\n    \"Normal\": {\n        \"precision\": 0.9916040897369385,\n        \"recall\": 0.9131602644920349,\n        \"f1-score\": 0.9507668614387512,\n        \"specificity\": 0.9752925634384155\n    },\n    \"Polyp\": {\n        \"precision\": 0.5370650291442871,\n        \"recall\": 0.7099999785423279,\n        \"f1-score\": 0.611541748046875,\n        \"specificity\": 0.9804247617721558\n    },\n    \"Ulcer\": {\n        \"precision\": 0.8881788849830627,\n        \"recall\": 0.9720279574394226,\n        \"f1-score\": 0.9282137155532837,\n        \"specificity\": 0.9977912306785583\n    },\n    \"Worms\": {\n        \"precision\": 0.9054054021835327,\n        \"recall\": 0.9852941036224365,\n        \"f1-score\": 0.9436619877815247,\n        \"specificity\": 0.9995642304420471\n    },\n    \"macro avg\": {\n        \"precision\": 0.7096598744392395,\n        \"recall\": 0.8399423956871033,\n        \"f1-score\": 0.7661640048027039,\n        \"specificity\": 0.9860798716545105\n    },\n    \"accuracy\": 0.8841432929039001,\n    \"auc_roc_scores\": {\n        \"Angioectasia\": 0.9805353879928589,\n        \"Bleeding\": 0.9897116422653198,\n        \"Erosion\": 0.9616650342941284,\n        \"Erythema\": 0.9648767709732056,\n        \"Foreign Body\": 0.990792453289032,\n        \"Lymphangiectasia\": 0.992302656173706,\n        \"Normal\": 0.9882547855377197,\n        \"Polyp\": 0.9731008410453796,\n        \"Ulcer\": 0.9996374845504761,\n        \"Worms\": 0.9999587535858154\n    },\n    \"mean_auc\": 0.9840835928916931,\n    \"average_precision_scores\": {\n        \"Angioectasia\": 0.8435187339782715,\n        \"Bleeding\": 0.8814516067504883,\n        \"Erosion\": 0.7339910268783569,\n        \"Erythema\": 0.5401550531387329,\n        \"Foreign Body\": 0.9147254228591919,\n        \"Lymphangiectasia\": 0.9045248627662659,\n        \"Normal\": 0.9963871240615845,\n        \"Polyp\": 0.6847243905067444,\n        \"Ulcer\": 0.9869528412818909,\n        \"Worms\": 0.9926312565803528\n    },\n    \"mean_average_precision\": 0.8479062914848328,\n    \"mean_f1_score\": 0.7661640048027039,\n    \"mean_specificity\": 0.9860798716545105,\n    \"mean_sensitivity\": 0.8399423956871033,\n    \"balanced_accuracy\": 0.8399423956871033\n}"
}