{
    "epoch": 10,
    "train_metrics": "{\n    \"Angioectasia\": {\n        \"precision\": 0.8798905611038208,\n        \"recall\": 0.8541832566261292,\n        \"f1-score\": 0.8668463826179504,\n        \"specificity\": 0.9870279431343079\n    },\n    \"Bleeding\": {\n        \"precision\": 0.9133754372596741,\n        \"recall\": 0.9307754039764404,\n        \"f1-score\": 0.9219933748245239,\n        \"specificity\": 0.9902892708778381\n    },\n    \"Erosion\": {\n        \"precision\": 0.7034357786178589,\n        \"recall\": 0.7039813995361328,\n        \"f1-score\": 0.7037084698677063,\n        \"specificity\": 0.9659740924835205\n    },\n    \"Erythema\": {\n        \"precision\": 0.8087002038955688,\n        \"recall\": 0.832030177116394,\n        \"f1-score\": 0.8201993107795715,\n        \"specificity\": 0.9784647822380066\n    },\n    \"Foreign Body\": {\n        \"precision\": 0.9427800178527832,\n        \"recall\": 0.9432892203330994,\n        \"f1-score\": 0.9430345296859741,\n        \"specificity\": 0.9937470555305481\n    },\n    \"Lymphangiectasia\": {\n        \"precision\": 0.9469974040985107,\n        \"recall\": 0.9314329624176025,\n        \"f1-score\": 0.9391506910324097,\n        \"specificity\": 0.9939785599708557\n    },\n    \"Normal\": {\n        \"precision\": 0.8913593888282776,\n        \"recall\": 0.8631779551506042,\n        \"f1-score\": 0.8770423531532288,\n        \"specificity\": 0.9886263012886047\n    },\n    \"Polyp\": {\n        \"precision\": 0.8325731158256531,\n        \"recall\": 0.853175699710846,\n        \"f1-score\": 0.8427485227584839,\n        \"specificity\": 0.9816308617591858\n    },\n    \"Ulcer\": {\n        \"precision\": 0.9789029359817505,\n        \"recall\": 0.9835718274116516,\n        \"f1-score\": 0.9812318086624146,\n        \"specificity\": 0.9976354241371155\n    },\n    \"Worms\": {\n        \"precision\": 0.9943005442619324,\n        \"recall\": 0.9940429925918579,\n        \"f1-score\": 0.9941717386245728,\n        \"specificity\": 0.9993480443954468\n    },\n    \"macro avg\": {\n        \"precision\": 0.8892315030097961,\n        \"recall\": 0.8889660835266113,\n        \"f1-score\": 0.8890127539634705,\n        \"specificity\": 0.9876722693443298\n    },\n    \"accuracy\": 0.8890365958213806,\n    \"auc_roc_scores\": {\n        \"Angioectasia\": 0.9905697107315063,\n        \"Bleeding\": 0.9968005418777466,\n        \"Erosion\": 0.9628967046737671,\n        \"Erythema\": 0.9877249002456665,\n        \"Foreign Body\": 0.9982020854949951,\n        \"Lymphangiectasia\": 0.9974061250686646,\n        \"Normal\": 0.9890325665473938,\n        \"Polyp\": 0.9898550510406494,\n        \"Ulcer\": 0.9998162388801575,\n        \"Worms\": 0.9999656677246094\n    },\n    \"mean_auc\": 0.9912269711494446,\n    \"average_precision_scores\": {\n        \"Angioectasia\": 0.9448521733283997,\n        \"Bleeding\": 0.9762494564056396,\n        \"Erosion\": 0.7903834581375122,\n        \"Erythema\": 0.9000966548919678,\n        \"Foreign Body\": 0.9868696331977844,\n        \"Lymphangiectasia\": 0.9839866161346436,\n        \"Normal\": 0.9440492391586304,\n        \"Polyp\": 0.924743115901947,\n        \"Ulcer\": 0.9982843399047852,\n        \"Worms\": 0.9997256994247437\n    },\n    \"mean_average_precision\": 0.9449240565299988,\n    \"mean_f1_score\": 0.8890127539634705,\n    \"mean_specificity\": 0.9876722693443298,\n    \"mean_sensitivity\": 0.8889660835266113,\n    \"balanced_accuracy\": 0.8889660835266113\n}",
    "test_metrics": "{\n    \"Angioectasia\": {\n        \"precision\": 0.6613756418228149,\n        \"recall\": 0.7545271515846252,\n        \"f1-score\": 0.7048872113227844,\n        \"specificity\": 0.9877198338508606\n    },\n    \"Bleeding\": {\n        \"precision\": 0.6766595244407654,\n        \"recall\": 0.8802228569984436,\n        \"f1-score\": 0.7651331424713135,\n        \"specificity\": 0.9904266595840454\n    },\n    \"Erosion\": {\n        \"precision\": 0.4885057508945465,\n        \"recall\": 0.6623376607894897,\n        \"f1-score\": 0.562293291091919,\n        \"specificity\": 0.9465180039405823\n    },\n    \"Erythema\": {\n        \"precision\": 0.35222673416137695,\n        \"recall\": 0.5858585834503174,\n        \"f1-score\": 0.4399494230747223,\n        \"specificity\": 0.9797915816307068\n    },\n    \"Foreign Body\": {\n        \"precision\": 0.6109979748725891,\n        \"recall\": 0.8823529481887817,\n        \"f1-score\": 0.7220216393470764,\n        \"specificity\": 0.9879052639007568\n    },\n    \"Lymphangiectasia\": {\n        \"precision\": 0.6896551847457886,\n        \"recall\": 0.8746355772018433,\n        \"f1-score\": 0.7712082266807556,\n        \"specificity\": 0.9914497137069702\n    },\n    \"Normal\": {\n        \"precision\": 0.9870105981826782,\n        \"recall\": 0.8843492865562439,\n        \"f1-score\": 0.9328640103340149,\n        \"specificity\": 0.9628088474273682\n    },\n    \"Polyp\": {\n        \"precision\": 0.492154061794281,\n        \"recall\": 0.6899999976158142,\n        \"f1-score\": 0.5745212435722351,\n        \"specificity\": 0.977226197719574\n    },\n    \"Ulcer\": {\n        \"precision\": 0.8297213912010193,\n        \"recall\": 0.9370629191398621,\n        \"f1-score\": 0.8801313638687134,\n        \"specificity\": 0.9965291023254395\n    },\n    \"Worms\": {\n        \"precision\": 0.8481012582778931,\n        \"recall\": 0.9852941036224365,\n        \"f1-score\": 0.9115646481513977,\n        \"specificity\": 0.99925297498703\n    },\n    \"macro avg\": {\n        \"precision\": 0.6636407971382141,\n        \"recall\": 0.8136640787124634,\n        \"f1-score\": 0.726457417011261,\n        \"specificity\": 0.9819628000259399\n    },\n    \"accuracy\": 0.8539548516273499,\n    \"auc_roc_scores\": {\n        \"Angioectasia\": 0.9734492301940918,\n        \"Bleeding\": 0.9880968928337097,\n        \"Erosion\": 0.9359118938446045,\n        \"Erythema\": 0.9586472511291504,\n        \"Foreign Body\": 0.9821364879608154,\n        \"Lymphangiectasia\": 0.9866197109222412,\n        \"Normal\": 0.9813432693481445,\n        \"Polyp\": 0.9723806381225586,\n        \"Ulcer\": 0.9989972114562988,\n        \"Worms\": 0.9998855590820312\n    },\n    \"mean_auc\": 0.9777467846870422,\n    \"average_precision_scores\": {\n        \"Angioectasia\": 0.7932630777359009,\n        \"Bleeding\": 0.8681298494338989,\n        \"Erosion\": 0.6268711090087891,\n        \"Erythema\": 0.4800812602043152,\n        \"Foreign Body\": 0.8832460641860962,\n        \"Lymphangiectasia\": 0.8789089322090149,\n        \"Normal\": 0.9941961765289307,\n        \"Polyp\": 0.64015132188797,\n        \"Ulcer\": 0.9657135009765625,\n        \"Worms\": 0.9902861714363098\n    },\n    \"mean_average_precision\": 0.8120847940444946,\n    \"mean_f1_score\": 0.726457417011261,\n    \"mean_specificity\": 0.9819628000259399,\n    \"mean_sensitivity\": 0.8136640787124634,\n    \"balanced_accuracy\": 0.8136640787124634\n}"
}