{
    "epoch": 9,
    "train_metrics": "{\n    \"Angioectasia\": {\n        \"precision\": 0.8794306516647339,\n        \"recall\": 0.8523126840591431,\n        \"f1-score\": 0.8656593561172485,\n        \"specificity\": 0.9872604012489319\n    },\n    \"Bleeding\": {\n        \"precision\": 0.9129549264907837,\n        \"recall\": 0.9195078015327454,\n        \"f1-score\": 0.9162196516990662,\n        \"specificity\": 0.9898534417152405\n    },\n    \"Erosion\": {\n        \"precision\": 0.6827104091644287,\n        \"recall\": 0.6825268864631653,\n        \"f1-score\": 0.6826186180114746,\n        \"specificity\": 0.965178370475769\n    },\n    \"Erythema\": {\n        \"precision\": 0.8045282959938049,\n        \"recall\": 0.8242267966270447,\n        \"f1-score\": 0.8142584562301636,\n        \"specificity\": 0.9769620895385742\n    },\n    \"Foreign Body\": {\n        \"precision\": 0.9398413896560669,\n        \"recall\": 0.9367675185203552,\n        \"f1-score\": 0.9383019208908081,\n        \"specificity\": 0.9935175776481628\n    },\n    \"Lymphangiectasia\": {\n        \"precision\": 0.9354924559593201,\n        \"recall\": 0.9345001578330994,\n        \"f1-score\": 0.9349960088729858,\n        \"specificity\": 0.992818295955658\n    },\n    \"Normal\": {\n        \"precision\": 0.8829787373542786,\n        \"recall\": 0.8627398610115051,\n        \"f1-score\": 0.8727419972419739,\n        \"specificity\": 0.987328290939331\n    },\n    \"Polyp\": {\n        \"precision\": 0.8272798657417297,\n        \"recall\": 0.8453938364982605,\n        \"f1-score\": 0.8362388014793396,\n        \"specificity\": 0.9804795980453491\n    },\n    \"Ulcer\": {\n        \"precision\": 0.9783139228820801,\n        \"recall\": 0.9796416759490967,\n        \"f1-score\": 0.9789773225784302,\n        \"specificity\": 0.9976417422294617\n    },\n    \"Worms\": {\n        \"precision\": 0.9899868369102478,\n        \"recall\": 0.9918162822723389,\n        \"f1-score\": 0.9909006953239441,\n        \"specificity\": 0.9988763928413391\n    },\n    \"macro avg\": {\n        \"precision\": 0.883351743221283,\n        \"recall\": 0.882943332195282,\n        \"f1-score\": 0.883091390132904,\n        \"specificity\": 0.9869915843009949\n    },\n    \"accuracy\": 0.8829473257064819,\n    \"auc_roc_scores\": {\n        \"Angioectasia\": 0.9904741048812866,\n        \"Bleeding\": 0.9968563318252563,\n        \"Erosion\": 0.9577710032463074,\n        \"Erythema\": 0.9862903356552124,\n        \"Foreign Body\": 0.9976550936698914,\n        \"Lymphangiectasia\": 0.9974702596664429,\n        \"Normal\": 0.9872108697891235,\n        \"Polyp\": 0.9884322881698608,\n        \"Ulcer\": 0.9997287392616272,\n        \"Worms\": 0.9998779296875\n    },\n    \"mean_auc\": 0.9901766777038574,\n    \"average_precision_scores\": {\n        \"Angioectasia\": 0.9433882236480713,\n        \"Bleeding\": 0.9763503074645996,\n        \"Erosion\": 0.7618657350540161,\n        \"Erythema\": 0.893272340297699,\n        \"Foreign Body\": 0.9850921034812927,\n        \"Lymphangiectasia\": 0.9833290576934814,\n        \"Normal\": 0.9389771223068237,\n        \"Polyp\": 0.9173193573951721,\n        \"Ulcer\": 0.9978282451629639,\n        \"Worms\": 0.9993956089019775\n    },\n    \"mean_average_precision\": 0.9396818280220032,\n    \"mean_f1_score\": 0.883091390132904,\n    \"mean_specificity\": 0.9869915843009949,\n    \"mean_sensitivity\": 0.882943332195282,\n    \"balanced_accuracy\": 0.882943332195282\n}",
    "test_metrics": "{\n    \"Angioectasia\": {\n        \"precision\": 0.5402777791023254,\n        \"recall\": 0.7826961874961853,\n        \"f1-score\": 0.639276921749115,\n        \"specificity\": 0.978829562664032\n    },\n    \"Bleeding\": {\n        \"precision\": 0.6110056638717651,\n        \"recall\": 0.8969359397888184,\n        \"f1-score\": 0.7268623113632202,\n        \"specificity\": 0.9870030879974365\n    },\n    \"Erosion\": {\n        \"precision\": 0.47817716002464294,\n        \"recall\": 0.6450216174125671,\n        \"f1-score\": 0.5492075085639954,\n        \"specificity\": 0.9457167387008667\n    },\n    \"Erythema\": {\n        \"precision\": 0.35181644558906555,\n        \"recall\": 0.619528591632843,\n        \"f1-score\": 0.44878047704696655,\n        \"specificity\": 0.9785917401313782\n    },\n    \"Foreign Body\": {\n        \"precision\": 0.650759220123291,\n        \"recall\": 0.8823529481887817,\n        \"f1-score\": 0.7490636706352234,\n        \"specificity\": 0.9898049831390381\n    },\n    \"Lymphangiectasia\": {\n        \"precision\": 0.6112266182899475,\n        \"recall\": 0.8571428656578064,\n        \"f1-score\": 0.7135922312736511,\n        \"specificity\": 0.9881563186645508\n    },\n    \"Normal\": {\n        \"precision\": 0.9907106161117554,\n        \"recall\": 0.8679905533790588,\n        \"f1-score\": 0.925299346446991,\n        \"specificity\": 0.9739921689033508\n    },\n    \"Polyp\": {\n        \"precision\": 0.4569343030452728,\n        \"recall\": 0.6259999871253967,\n        \"f1-score\": 0.5282700657844543,\n        \"specificity\": 0.976202666759491\n    },\n    \"Ulcer\": {\n        \"precision\": 0.8219584822654724,\n        \"recall\": 0.9685314893722534,\n        \"f1-score\": 0.8892455697059631,\n        \"specificity\": 0.9962135553359985\n    },\n    \"Worms\": {\n        \"precision\": 0.9066666960716248,\n        \"recall\": 1.0,\n        \"f1-score\": 0.9510489702224731,\n        \"specificity\": 0.9995642304420471\n    },\n    \"macro avg\": {\n        \"precision\": 0.6419532895088196,\n        \"recall\": 0.8146200180053711,\n        \"f1-score\": 0.7120647430419922,\n        \"specificity\": 0.9814074635505676\n    },\n    \"accuracy\": 0.8403793573379517,\n    \"auc_roc_scores\": {\n        \"Angioectasia\": 0.9642754793167114,\n        \"Bleeding\": 0.9871721267700195,\n        \"Erosion\": 0.9291996955871582,\n        \"Erythema\": 0.9629961252212524,\n        \"Foreign Body\": 0.9878708124160767,\n        \"Lymphangiectasia\": 0.9841996431350708,\n        \"Normal\": 0.9803956747055054,\n        \"Polyp\": 0.9655977487564087,\n        \"Ulcer\": 0.9987411499023438,\n        \"Worms\": 0.9999871850013733\n    },\n    \"mean_auc\": 0.9760435223579407,\n    \"average_precision_scores\": {\n        \"Angioectasia\": 0.7818903923034668,\n        \"Bleeding\": 0.8476831912994385,\n        \"Erosion\": 0.6068168878555298,\n        \"Erythema\": 0.49070730805397034,\n        \"Foreign Body\": 0.8910481929779053,\n        \"Lymphangiectasia\": 0.856161892414093,\n        \"Normal\": 0.9938486218452454,\n        \"Polyp\": 0.5987643599510193,\n        \"Ulcer\": 0.9701364636421204,\n        \"Worms\": 0.9971470236778259\n    },\n    \"mean_average_precision\": 0.8034204840660095,\n    \"mean_f1_score\": 0.7120647430419922,\n    \"mean_specificity\": 0.9814074635505676,\n    \"mean_sensitivity\": 0.8146200180053711,\n    \"balanced_accuracy\": 0.8146200180053711\n}"
}