{
    "epoch": 3,
    "train_metrics": "{\n    \"Angioectasia\": {\n        \"precision\": 0.7360900044441223,\n        \"recall\": 0.6560975313186646,\n        \"f1-score\": 0.6937956809997559,\n        \"specificity\": 0.9744080901145935\n    },\n    \"Bleeding\": {\n        \"precision\": 0.8212231993675232,\n        \"recall\": 0.8365282416343689,\n        \"f1-score\": 0.8288050889968872,\n        \"specificity\": 0.9797937870025635\n    },\n    \"Erosion\": {\n        \"precision\": 0.4663291275501251,\n        \"recall\": 0.49356913566589355,\n        \"f1-score\": 0.4795626103878021,\n        \"specificity\": 0.937771201133728\n    },\n    \"Erythema\": {\n        \"precision\": 0.5864784121513367,\n        \"recall\": 0.590002715587616,\n        \"f1-score\": 0.5882353186607361,\n        \"specificity\": 0.9551346302032471\n    },\n    \"Foreign Body\": {\n        \"precision\": 0.8682170510292053,\n        \"recall\": 0.8522697687149048,\n        \"f1-score\": 0.8601694703102112,\n        \"specificity\": 0.9854124784469604\n    },\n    \"Lymphangiectasia\": {\n        \"precision\": 0.8808450698852539,\n        \"recall\": 0.8340891003608704,\n        \"f1-score\": 0.8568297028541565,\n        \"specificity\": 0.987506628036499\n    },\n    \"Normal\": {\n        \"precision\": 0.7503337860107422,\n        \"recall\": 0.7270374894142151,\n        \"f1-score\": 0.7385019659996033,\n        \"specificity\": 0.9722897410392761\n    },\n    \"Polyp\": {\n        \"precision\": 0.61552894115448,\n        \"recall\": 0.6789132952690125,\n        \"f1-score\": 0.6456692814826965,\n        \"specificity\": 0.9514255523681641\n    },\n    \"Ulcer\": {\n        \"precision\": 0.9322448968887329,\n        \"recall\": 0.9324986338615417,\n        \"f1-score\": 0.9323717355728149,\n        \"specificity\": 0.9926620125770569\n    },\n    \"Worms\": {\n        \"precision\": 0.9575289487838745,\n        \"recall\": 0.9779179692268372,\n        \"f1-score\": 0.967616081237793,\n        \"specificity\": 0.9951187968254089\n    },\n    \"macro avg\": {\n        \"precision\": 0.7614819407463074,\n        \"recall\": 0.7578924298286438,\n        \"f1-score\": 0.7591556906700134,\n        \"specificity\": 0.9731523394584656\n    },\n    \"accuracy\": 0.7583694458007812,\n    \"auc_roc_scores\": {\n        \"Angioectasia\": 0.9509661197662354,\n        \"Bleeding\": 0.9842057228088379,\n        \"Erosion\": 0.8905922770500183,\n        \"Erythema\": 0.9398601055145264,\n        \"Foreign Body\": 0.9883919954299927,\n        \"Lymphangiectasia\": 0.9826163053512573,\n        \"Normal\": 0.9525501728057861,\n        \"Polyp\": 0.9489171504974365,\n        \"Ulcer\": 0.9966380000114441,\n        \"Worms\": 0.999426007270813\n    },\n    \"mean_auc\": 0.9634163975715637,\n    \"average_precision_scores\": {\n        \"Angioectasia\": 0.7893599271774292,\n        \"Bleeding\": 0.9096572399139404,\n        \"Erosion\": 0.49243485927581787,\n        \"Erythema\": 0.6319980621337891,\n        \"Foreign Body\": 0.9362183809280396,\n        \"Lymphangiectasia\": 0.9198628664016724,\n        \"Normal\": 0.8003391027450562,\n        \"Polyp\": 0.705473780632019,\n        \"Ulcer\": 0.9798768758773804,\n        \"Worms\": 0.9958208799362183\n    },\n    \"mean_average_precision\": 0.8161042332649231,\n    \"mean_f1_score\": 0.7591556906700134,\n    \"mean_specificity\": 0.9731523394584656,\n    \"mean_sensitivity\": 0.7578924298286438,\n    \"balanced_accuracy\": 0.7578924298286438\n}",
    "test_metrics": "{\n    \"Angioectasia\": {\n        \"precision\": 0.43526169657707214,\n        \"recall\": 0.635814905166626,\n        \"f1-score\": 0.5167620778083801,\n        \"specificity\": 0.9737767577171326\n    },\n    \"Bleeding\": {\n        \"precision\": 0.5285961627960205,\n        \"recall\": 0.8495821952819824,\n        \"f1-score\": 0.6517093777656555,\n        \"specificity\": 0.9827553629875183\n    },\n    \"Erosion\": {\n        \"precision\": 0.38596490025520325,\n        \"recall\": 0.4952380955219269,\n        \"f1-score\": 0.4338263273239136,\n        \"specificity\": 0.9392401576042175\n    },\n    \"Erythema\": {\n        \"precision\": 0.18023255467414856,\n        \"recall\": 0.6262626051902771,\n        \"f1-score\": 0.2799097001552582,\n        \"specificity\": 0.9465740323066711\n    },\n    \"Foreign Body\": {\n        \"precision\": 0.475649356842041,\n        \"recall\": 0.8617647290229797,\n        \"f1-score\": 0.6129707098007202,\n        \"specificity\": 0.9795466065406799\n    },\n    \"Lymphangiectasia\": {\n        \"precision\": 0.5487077832221985,\n        \"recall\": 0.8046647310256958,\n        \"f1-score\": 0.652482271194458,\n        \"specificity\": 0.9856228828430176\n    },\n    \"Normal\": {\n        \"precision\": 0.9854618906974792,\n        \"recall\": 0.7944168448448181,\n        \"f1-score\": 0.8796863555908203,\n        \"specificity\": 0.9625487923622131\n    },\n    \"Polyp\": {\n        \"precision\": 0.40740740299224854,\n        \"recall\": 0.6159999966621399,\n        \"f1-score\": 0.4904458522796631,\n        \"specificity\": 0.9713408350944519\n    },\n    \"Ulcer\": {\n        \"precision\": 0.6300715804100037,\n        \"recall\": 0.9230769276618958,\n        \"f1-score\": 0.7489361763000488,\n        \"specificity\": 0.9902183413505554\n    },\n    \"Worms\": {\n        \"precision\": 0.568965494632721,\n        \"recall\": 0.970588207244873,\n        \"f1-score\": 0.717391312122345,\n        \"specificity\": 0.9968874454498291\n    },\n    \"macro avg\": {\n        \"precision\": 0.5146318674087524,\n        \"recall\": 0.7577409148216248,\n        \"f1-score\": 0.598412036895752,\n        \"specificity\": 0.9728510975837708\n    },\n    \"accuracy\": 0.765373170375824,\n    \"auc_roc_scores\": {\n        \"Angioectasia\": 0.9372521042823792,\n        \"Bleeding\": 0.9836550951004028,\n        \"Erosion\": 0.8948162198066711,\n        \"Erythema\": 0.9287254810333252,\n        \"Foreign Body\": 0.9788640141487122,\n        \"Lymphangiectasia\": 0.9759603142738342,\n        \"Normal\": 0.9576187133789062,\n        \"Polyp\": 0.9635623097419739,\n        \"Ulcer\": 0.994723916053772,\n        \"Worms\": 0.9998334050178528\n    },\n    \"mean_auc\": 0.9615011215209961,\n    \"average_precision_scores\": {\n        \"Angioectasia\": 0.6466772556304932,\n        \"Bleeding\": 0.7914110422134399,\n        \"Erosion\": 0.4650258421897888,\n        \"Erythema\": 0.2835426926612854,\n        \"Foreign Body\": 0.8327609300613403,\n        \"Lymphangiectasia\": 0.7908852696418762,\n        \"Normal\": 0.9861248731613159,\n        \"Polyp\": 0.5451891422271729,\n        \"Ulcer\": 0.9054489135742188,\n        \"Worms\": 0.970023512840271\n    },\n    \"mean_average_precision\": 0.7217089533805847,\n    \"mean_f1_score\": 0.598412036895752,\n    \"mean_specificity\": 0.9728510975837708,\n    \"mean_sensitivity\": 0.7577409148216248,\n    \"balanced_accuracy\": 0.7577409148216248\n}"
}