{
    "epoch": 12,
    "train_metrics": "{\n    \"Angioectasia\": {\n        \"precision\": 0.9033038020133972,\n        \"recall\": 0.881982684135437,\n        \"f1-score\": 0.8925158977508545,\n        \"specificity\": 0.9893472194671631\n    },\n    \"Bleeding\": {\n        \"precision\": 0.9224092364311218,\n        \"recall\": 0.9392072558403015,\n        \"f1-score\": 0.9307324886322021,\n        \"specificity\": 0.9912909865379333\n    },\n    \"Erosion\": {\n        \"precision\": 0.7359957098960876,\n        \"recall\": 0.7332442998886108,\n        \"f1-score\": 0.7346174716949463,\n        \"specificity\": 0.9709113240242004\n    },\n    \"Erythema\": {\n        \"precision\": 0.8278900980949402,\n        \"recall\": 0.8481147289276123,\n        \"f1-score\": 0.8378803730010986,\n        \"specificity\": 0.9803788065910339\n    },\n    \"Foreign Body\": {\n        \"precision\": 0.9525586366653442,\n        \"recall\": 0.9495217800140381,\n        \"f1-score\": 0.9510377645492554,\n        \"specificity\": 0.9947404265403748\n    },\n    \"Lymphangiectasia\": {\n        \"precision\": 0.9535685777664185,\n        \"recall\": 0.9465367197990417,\n        \"f1-score\": 0.9500396251678467,\n        \"specificity\": 0.9948239922523499\n    },\n    \"Normal\": {\n        \"precision\": 0.9039106369018555,\n        \"recall\": 0.871063232421875,\n        \"f1-score\": 0.8871830105781555,\n        \"specificity\": 0.9898501038551331\n    },\n    \"Polyp\": {\n        \"precision\": 0.8454183340072632,\n        \"recall\": 0.8696721196174622,\n        \"f1-score\": 0.8573737144470215,\n        \"specificity\": 0.9828556180000305\n    },\n    \"Ulcer\": {\n        \"precision\": 0.981539249420166,\n        \"recall\": 0.9833289980888367,\n        \"f1-score\": 0.9824333190917969,\n        \"specificity\": 0.9978974461555481\n    },\n    \"Worms\": {\n        \"precision\": 0.9910076856613159,\n        \"recall\": 0.9928457736968994,\n        \"f1-score\": 0.9919258952140808,\n        \"specificity\": 0.9989950656890869\n    },\n    \"macro avg\": {\n        \"precision\": 0.9017602205276489,\n        \"recall\": 0.9015517234802246,\n        \"f1-score\": 0.9015739560127258,\n        \"specificity\": 0.9891090393066406\n    },\n    \"accuracy\": 0.9019331336021423,\n    \"auc_roc_scores\": {\n        \"Angioectasia\": 0.9936192035675049,\n        \"Bleeding\": 0.997806191444397,\n        \"Erosion\": 0.9711884260177612,\n        \"Erythema\": 0.9903923869132996,\n        \"Foreign Body\": 0.9982712268829346,\n        \"Lymphangiectasia\": 0.9982304573059082,\n        \"Normal\": 0.9891600608825684,\n        \"Polyp\": 0.9915367364883423,\n        \"Ulcer\": 0.9997516870498657,\n        \"Worms\": 0.9999639987945557\n    },\n    \"mean_auc\": 0.9929920434951782,\n    \"average_precision_scores\": {\n        \"Angioectasia\": 0.9608907699584961,\n        \"Bleeding\": 0.9813380241394043,\n        \"Erosion\": 0.8253966569900513,\n        \"Erythema\": 0.9232460856437683,\n        \"Foreign Body\": 0.9893895387649536,\n        \"Lymphangiectasia\": 0.9883004426956177,\n        \"Normal\": 0.9489481449127197,\n        \"Polyp\": 0.9372657537460327,\n        \"Ulcer\": 0.9981259107589722,\n        \"Worms\": 0.9996792078018188\n    },\n    \"mean_average_precision\": 0.9552580714225769,\n    \"mean_f1_score\": 0.9015739560127258,\n    \"mean_specificity\": 0.9891090393066406,\n    \"mean_sensitivity\": 0.9015517234802246,\n    \"balanced_accuracy\": 0.9015517234802246\n}",
    "test_metrics": "{\n    \"Angioectasia\": {\n        \"precision\": 0.5513361692428589,\n        \"recall\": 0.7887324094772339,\n        \"f1-score\": 0.6490066051483154,\n        \"specificity\": 0.9795970320701599\n    },\n    \"Bleeding\": {\n        \"precision\": 0.6798245906829834,\n        \"recall\": 0.8635097742080688,\n        \"f1-score\": 0.7607361674308777,\n        \"specificity\": 0.9907436966896057\n    },\n    \"Erosion\": {\n        \"precision\": 0.513549268245697,\n        \"recall\": 0.6727272868156433,\n        \"f1-score\": 0.5824587941169739,\n        \"specificity\": 0.9508579969406128\n    },\n    \"Erythema\": {\n        \"precision\": 0.3995380997657776,\n        \"recall\": 0.5824915766716003,\n        \"f1-score\": 0.4739725887775421,\n        \"specificity\": 0.9835806488990784\n    },\n    \"Foreign Body\": {\n        \"precision\": 0.671023964881897,\n        \"recall\": 0.9058823585510254,\n        \"f1-score\": 0.770963728427887,\n        \"specificity\": 0.9904382228851318\n    },\n    \"Lymphangiectasia\": {\n        \"precision\": 0.640625,\n        \"recall\": 0.8367347121238708,\n        \"f1-score\": 0.7256637215614319,\n        \"specificity\": 0.9898030161857605\n    },\n    \"Normal\": {\n        \"precision\": 0.9908671379089355,\n        \"recall\": 0.8918368816375732,\n        \"f1-score\": 0.9387475252151489,\n        \"specificity\": 0.9737321138381958\n    },\n    \"Polyp\": {\n        \"precision\": 0.5007342100143433,\n        \"recall\": 0.6819999814033508,\n        \"f1-score\": 0.5774767398834229,\n        \"specificity\": 0.978249728679657\n    },\n    \"Ulcer\": {\n        \"precision\": 0.899328887462616,\n        \"recall\": 0.9370629191398621,\n        \"f1-score\": 0.9178082346916199,\n        \"specificity\": 0.9981067776679993\n    },\n    \"Worms\": {\n        \"precision\": 0.9054054021835327,\n        \"recall\": 0.9852941036224365,\n        \"f1-score\": 0.9436619877815247,\n        \"specificity\": 0.9995642304420471\n    },\n    \"macro avg\": {\n        \"precision\": 0.6752232909202576,\n        \"recall\": 0.8146272897720337,\n        \"f1-score\": 0.7340496182441711,\n        \"specificity\": 0.9834674000740051\n    },\n    \"accuracy\": 0.8604636788368225,\n    \"auc_roc_scores\": {\n        \"Angioectasia\": 0.9721216559410095,\n        \"Bleeding\": 0.986808717250824,\n        \"Erosion\": 0.9386534690856934,\n        \"Erythema\": 0.9617089033126831,\n        \"Foreign Body\": 0.9858971834182739,\n        \"Lymphangiectasia\": 0.9852469563484192,\n        \"Normal\": 0.9834975004196167,\n        \"Polyp\": 0.9724565148353577,\n        \"Ulcer\": 0.9994110465049744,\n        \"Worms\": 0.9991732835769653\n    },\n    \"mean_auc\": 0.9784975051879883,\n    \"average_precision_scores\": {\n        \"Angioectasia\": 0.7836791276931763,\n        \"Bleeding\": 0.8580378293991089,\n        \"Erosion\": 0.6494998931884766,\n        \"Erythema\": 0.49963632225990295,\n        \"Foreign Body\": 0.9000835418701172,\n        \"Lymphangiectasia\": 0.8560799360275269,\n        \"Normal\": 0.9949566721916199,\n        \"Polyp\": 0.6504849195480347,\n        \"Ulcer\": 0.9788373708724976,\n        \"Worms\": 0.9852665066719055\n    },\n    \"mean_average_precision\": 0.815656304359436,\n    \"mean_f1_score\": 0.7340496182441711,\n    \"mean_specificity\": 0.9834674000740051,\n    \"mean_sensitivity\": 0.8146272897720337,\n    \"balanced_accuracy\": 0.8146272897720337\n}"
}