{
    "epoch": 16,
    "train_metrics": "{\n    \"Angioectasia\": {\n        \"precision\": 0.9175424575805664,\n        \"recall\": 0.894875168800354,\n        \"f1-score\": 0.9060670733451843,\n        \"specificity\": 0.9909473061561584\n    },\n    \"Bleeding\": {\n        \"precision\": 0.9347769618034363,\n        \"recall\": 0.9446348547935486,\n        \"f1-score\": 0.9396800398826599,\n        \"specificity\": 0.9926066398620605\n    },\n    \"Erosion\": {\n        \"precision\": 0.7632707953453064,\n        \"recall\": 0.7624531388282776,\n        \"f1-score\": 0.7628617286682129,\n        \"specificity\": 0.9739320278167725\n    },\n    \"Erythema\": {\n        \"precision\": 0.8598331809043884,\n        \"recall\": 0.8727471232414246,\n        \"f1-score\": 0.8662420511245728,\n        \"specificity\": 0.9846516251564026\n    },\n    \"Foreign Body\": {\n        \"precision\": 0.9560856819152832,\n        \"recall\": 0.9568638205528259,\n        \"f1-score\": 0.9564746022224426,\n        \"specificity\": 0.9952241778373718\n    },\n    \"Lymphangiectasia\": {\n        \"precision\": 0.958367109298706,\n        \"recall\": 0.9555255770683289,\n        \"f1-score\": 0.9569442272186279,\n        \"specificity\": 0.9954568147659302\n    },\n    \"Normal\": {\n        \"precision\": 0.9044498801231384,\n        \"recall\": 0.8870147466659546,\n        \"f1-score\": 0.8956474661827087,\n        \"specificity\": 0.9896669983863831\n    },\n    \"Polyp\": {\n        \"precision\": 0.8743563294410706,\n        \"recall\": 0.8911046981811523,\n        \"f1-score\": 0.8826510906219482,\n        \"specificity\": 0.985560417175293\n    },\n    \"Ulcer\": {\n        \"precision\": 0.9875550866127014,\n        \"recall\": 0.988836944103241,\n        \"f1-score\": 0.9881955981254578,\n        \"specificity\": 0.9985780119895935\n    },\n    \"Worms\": {\n        \"precision\": 0.9950313568115234,\n        \"recall\": 0.9963341355323792,\n        \"f1-score\": 0.9956822991371155,\n        \"specificity\": 0.999437689781189\n    },\n    \"macro avg\": {\n        \"precision\": 0.9151269197463989,\n        \"recall\": 0.9150390625,\n        \"f1-score\": 0.9150446057319641,\n        \"specificity\": 0.9906061291694641\n    },\n    \"accuracy\": 0.9154146909713745,\n    \"auc_roc_scores\": {\n        \"Angioectasia\": 0.9953373074531555,\n        \"Bleeding\": 0.9981997013092041,\n        \"Erosion\": 0.9764524698257446,\n        \"Erythema\": 0.9929908514022827,\n        \"Foreign Body\": 0.9990518093109131,\n        \"Lymphangiectasia\": 0.9988200664520264,\n        \"Normal\": 0.9907795190811157,\n        \"Polyp\": 0.994389533996582,\n        \"Ulcer\": 0.9999086856842041,\n        \"Worms\": 0.9999898076057434\n    },\n    \"mean_auc\": 0.9945918917655945,\n    \"average_precision_scores\": {\n        \"Angioectasia\": 0.9694167971611023,\n        \"Bleeding\": 0.9850469827651978,\n        \"Erosion\": 0.8561097383499146,\n        \"Erythema\": 0.9397037029266357,\n        \"Foreign Body\": 0.992441713809967,\n        \"Lymphangiectasia\": 0.9909392595291138,\n        \"Normal\": 0.9557717442512512,\n        \"Polyp\": 0.9566837549209595,\n        \"Ulcer\": 0.9992254972457886,\n        \"Worms\": 0.9999099969863892\n    },\n    \"mean_average_precision\": 0.9645249247550964,\n    \"mean_f1_score\": 0.9150446057319641,\n    \"mean_specificity\": 0.9906061291694641,\n    \"mean_sensitivity\": 0.9150390625,\n    \"balanced_accuracy\": 0.9150390625\n}",
    "test_metrics": "{\n    \"Angioectasia\": {\n        \"precision\": 0.5180412530899048,\n        \"recall\": 0.8088530898094177,\n        \"f1-score\": 0.6315789222717285,\n        \"specificity\": 0.9760792851448059\n    },\n    \"Bleeding\": {\n        \"precision\": 0.6526315808296204,\n        \"recall\": 0.8635097742080688,\n        \"f1-score\": 0.743405282497406,\n        \"specificity\": 0.9895390868186951\n    },\n    \"Erosion\": {\n        \"precision\": 0.5242587327957153,\n        \"recall\": 0.6735930442810059,\n        \"f1-score\": 0.5896172523498535,\n        \"specificity\": 0.9528610706329346\n    },\n    \"Erythema\": {\n        \"precision\": 0.43654823303222656,\n        \"recall\": 0.5791245698928833,\n        \"f1-score\": 0.49782922863960266,\n        \"specificity\": 0.9859804511070251\n    },\n    \"Foreign Body\": {\n        \"precision\": 0.7277108430862427,\n        \"recall\": 0.8882352709770203,\n        \"f1-score\": 0.800000011920929,\n        \"specificity\": 0.9928444623947144\n    },\n    \"Lymphangiectasia\": {\n        \"precision\": 0.6850574612617493,\n        \"recall\": 0.8688046932220459,\n        \"f1-score\": 0.76606684923172,\n        \"specificity\": 0.9913230538368225\n    },\n    \"Normal\": {\n        \"precision\": 0.9909690022468567,\n        \"recall\": 0.8930577039718628,\n        \"f1-score\": 0.9394691586494446,\n        \"specificity\": 0.9739921689033508\n    },\n    \"Polyp\": {\n        \"precision\": 0.507982611656189,\n        \"recall\": 0.699999988079071,\n        \"f1-score\": 0.5887300372123718,\n        \"specificity\": 0.9783137440681458\n    },\n    \"Ulcer\": {\n        \"precision\": 0.8774193525314331,\n        \"recall\": 0.9510489702224731,\n        \"f1-score\": 0.9127516746520996,\n        \"specificity\": 0.9976019263267517\n    },\n    \"Worms\": {\n        \"precision\": 0.8271604776382446,\n        \"recall\": 0.9852941036224365,\n        \"f1-score\": 0.899328887462616,\n        \"specificity\": 0.9991284608840942\n    },\n    \"macro avg\": {\n        \"precision\": 0.6747779846191406,\n        \"recall\": 0.8211521506309509,\n        \"f1-score\": 0.7368777394294739,\n        \"specificity\": 0.9837663769721985\n    },\n    \"accuracy\": 0.863129198551178,\n    \"auc_roc_scores\": {\n        \"Angioectasia\": 0.9686029553413391,\n        \"Bleeding\": 0.9895858764648438,\n        \"Erosion\": 0.935085117816925,\n        \"Erythema\": 0.9618022441864014,\n        \"Foreign Body\": 0.9863754510879517,\n        \"Lymphangiectasia\": 0.9855104088783264,\n        \"Normal\": 0.9843713045120239,\n        \"Polyp\": 0.9731470346450806,\n        \"Ulcer\": 0.9994408488273621,\n        \"Worms\": 0.9999661445617676\n    },\n    \"mean_auc\": 0.978388786315918,\n    \"average_precision_scores\": {\n        \"Angioectasia\": 0.7898982763290405,\n        \"Bleeding\": 0.8410335183143616,\n        \"Erosion\": 0.6467557549476624,\n        \"Erythema\": 0.5151699781417847,\n        \"Foreign Body\": 0.9087063074111938,\n        \"Lymphangiectasia\": 0.8803481459617615,\n        \"Normal\": 0.9952222108840942,\n        \"Polyp\": 0.6681407690048218,\n        \"Ulcer\": 0.9785289764404297,\n        \"Worms\": 0.9924704432487488\n    },\n    \"mean_average_precision\": 0.8216274380683899,\n    \"mean_f1_score\": 0.7368777394294739,\n    \"mean_specificity\": 0.9837663769721985,\n    \"mean_sensitivity\": 0.8211521506309509,\n    \"balanced_accuracy\": 0.8211521506309509\n}"
}