{
    "epoch": 1,
    "train_metrics": "{\n    \"Angioectasia\": {\n        \"precision\": 0.387399822473526,\n        \"recall\": 0.37416601181030273,\n        \"f1-score\": 0.38066792488098145,\n        \"specificity\": 0.9345245361328125\n    },\n    \"Bleeding\": {\n        \"precision\": 0.6001933217048645,\n        \"recall\": 0.4969325065612793,\n        \"f1-score\": 0.5437034964561462,\n        \"specificity\": 0.9633468985557556\n    },\n    \"Erosion\": {\n        \"precision\": 0.2744196653366089,\n        \"recall\": 0.3114241063594818,\n        \"f1-score\": 0.29175320267677307,\n        \"specificity\": 0.9065229892730713\n    },\n    \"Erythema\": {\n        \"precision\": 0.3796701431274414,\n        \"recall\": 0.299045592546463,\n        \"f1-score\": 0.33456918597221375,\n        \"specificity\": 0.9455297589302063\n    },\n    \"Foreign Body\": {\n        \"precision\": 0.6199262142181396,\n        \"recall\": 0.5329104065895081,\n        \"f1-score\": 0.5731343030929565,\n        \"specificity\": 0.9634578824043274\n    },\n    \"Lymphangiectasia\": {\n        \"precision\": 0.5858069062232971,\n        \"recall\": 0.4565275311470032,\n        \"f1-score\": 0.5131500363349915,\n        \"specificity\": 0.9641316533088684\n    },\n    \"Normal\": {\n        \"precision\": 0.39328399300575256,\n        \"recall\": 0.5545746684074402,\n        \"f1-score\": 0.46020644903182983,\n        \"specificity\": 0.9055773615837097\n    },\n    \"Polyp\": {\n        \"precision\": 0.35007813572883606,\n        \"recall\": 0.4188034236431122,\n        \"f1-score\": 0.38136932253837585,\n        \"specificity\": 0.914035975933075\n    },\n    \"Ulcer\": {\n        \"precision\": 0.6612499952316284,\n        \"recall\": 0.7081660032272339,\n        \"f1-score\": 0.6839043498039246,\n        \"specificity\": 0.9599964618682861\n    },\n    \"Worms\": {\n        \"precision\": 0.7798291444778442,\n        \"recall\": 0.7558760643005371,\n        \"f1-score\": 0.7676658034324646,\n        \"specificity\": 0.9764049053192139\n    },\n    \"macro avg\": {\n        \"precision\": 0.5031857490539551,\n        \"recall\": 0.49084264039993286,\n        \"f1-score\": 0.4930124282836914,\n        \"specificity\": 0.9433528780937195\n    },\n    \"accuracy\": 0.4902278780937195,\n    \"auc_roc_scores\": {\n        \"Angioectasia\": 0.7983911633491516,\n        \"Bleeding\": 0.877025842666626,\n        \"Erosion\": 0.7649384140968323,\n        \"Erythema\": 0.8044281005859375,\n        \"Foreign Body\": 0.8888989090919495,\n        \"Lymphangiectasia\": 0.8604588508605957,\n        \"Normal\": 0.8481101989746094,\n        \"Polyp\": 0.8243929147720337,\n        \"Ulcer\": 0.9281243085861206,\n        \"Worms\": 0.9644692540168762\n    },\n    \"mean_auc\": 0.8559237718582153,\n    \"average_precision_scores\": {\n        \"Angioectasia\": 0.45181572437286377,\n        \"Bleeding\": 0.5993108749389648,\n        \"Erosion\": 0.25305014848709106,\n        \"Erythema\": 0.339764803647995,\n        \"Foreign Body\": 0.6380759477615356,\n        \"Lymphangiectasia\": 0.5844308733940125,\n        \"Normal\": 0.46931326389312744,\n        \"Polyp\": 0.352956086397171,\n        \"Ulcer\": 0.7461501359939575,\n        \"Worms\": 0.8347089886665344\n    },\n    \"mean_average_precision\": 0.5269576907157898,\n    \"mean_f1_score\": 0.4930124282836914,\n    \"mean_specificity\": 0.9433528780937195,\n    \"mean_sensitivity\": 0.49084264039993286,\n    \"balanced_accuracy\": 0.49084264039993286\n}",
    "test_metrics": "{\n    \"Angioectasia\": {\n        \"precision\": 0.14743950963020325,\n        \"recall\": 0.5271629691123962,\n        \"f1-score\": 0.2304309606552124,\n        \"specificity\": 0.9031020402908325\n    },\n    \"Bleeding\": {\n        \"precision\": 0.40751445293426514,\n        \"recall\": 0.785515308380127,\n        \"f1-score\": 0.5366317629814148,\n        \"specificity\": 0.9740062355995178\n    },\n    \"Erosion\": {\n        \"precision\": 0.3227474093437195,\n        \"recall\": 0.3783549666404724,\n        \"f1-score\": 0.34834596514701843,\n        \"specificity\": 0.9387727975845337\n    },\n    \"Erythema\": {\n        \"precision\": 0.1168048232793808,\n        \"recall\": 0.5218855142593384,\n        \"f1-score\": 0.1908867061138153,\n        \"specificity\": 0.9259867668151855\n    },\n    \"Foreign Body\": {\n        \"precision\": 0.25667938590049744,\n        \"recall\": 0.7911764979362488,\n        \"f1-score\": 0.3876080811023712,\n        \"specificity\": 0.9506712555885315\n    },\n    \"Lymphangiectasia\": {\n        \"precision\": 0.4131205677986145,\n        \"recall\": 0.6793003082275391,\n        \"f1-score\": 0.513781726360321,\n        \"specificity\": 0.9790360331535339\n    },\n    \"Normal\": {\n        \"precision\": 0.9751560688018799,\n        \"recall\": 0.6101570725440979,\n        \"f1-score\": 0.7506383061408997,\n        \"specificity\": 0.950325071811676\n    },\n    \"Polyp\": {\n        \"precision\": 0.28236743807792664,\n        \"recall\": 0.4580000042915344,\n        \"f1-score\": 0.3493516445159912,\n        \"specificity\": 0.9627686738967896\n    },\n    \"Ulcer\": {\n        \"precision\": 0.33875739574432373,\n        \"recall\": 0.8006992936134338,\n        \"f1-score\": 0.4760914742946625,\n        \"specificity\": 0.9717909693717957\n    },\n    \"Worms\": {\n        \"precision\": 0.3384615480899811,\n        \"recall\": 0.970588207244873,\n        \"f1-score\": 0.5019011497497559,\n        \"specificity\": 0.991969645023346\n    },\n    \"macro avg\": {\n        \"precision\": 0.35990485548973083,\n        \"recall\": 0.6522840261459351,\n        \"f1-score\": 0.4285667836666107,\n        \"specificity\": 0.9548429846763611\n    },\n    \"accuracy\": 0.5987478494644165,\n    \"auc_roc_scores\": {\n        \"Angioectasia\": 0.7925448417663574,\n        \"Bleeding\": 0.9709734320640564,\n        \"Erosion\": 0.851642370223999,\n        \"Erythema\": 0.8679678440093994,\n        \"Foreign Body\": 0.9464181661605835,\n        \"Lymphangiectasia\": 0.9448446035385132,\n        \"Normal\": 0.9010542631149292,\n        \"Polyp\": 0.9322191476821899,\n        \"Ulcer\": 0.9537876844406128,\n        \"Worms\": 0.9991394281387329\n    },\n    \"mean_auc\": 0.9160591959953308,\n    \"average_precision_scores\": {\n        \"Angioectasia\": 0.37323036789894104,\n        \"Bleeding\": 0.6838526129722595,\n        \"Erosion\": 0.29404520988464355,\n        \"Erythema\": 0.1535002440214157,\n        \"Foreign Body\": 0.6398465633392334,\n        \"Lymphangiectasia\": 0.6028602123260498,\n        \"Normal\": 0.9651120901107788,\n        \"Polyp\": 0.3438047468662262,\n        \"Ulcer\": 0.6832637190818787,\n        \"Worms\": 0.9010819792747498\n    },\n    \"mean_average_precision\": 0.5640597939491272,\n    \"mean_f1_score\": 0.4285667836666107,\n    \"mean_specificity\": 0.9548429846763611,\n    \"mean_sensitivity\": 0.6522840261459351,\n    \"balanced_accuracy\": 0.6522840261459351\n}"
}