{
    "epoch": 18,
    "train_metrics": "{\n    \"Angioectasia\": {\n        \"precision\": 0.9096060395240784,\n        \"recall\": 0.8984541296958923,\n        \"f1-score\": 0.90399569272995,\n        \"specificity\": 0.9901048541069031\n    },\n    \"Bleeding\": {\n        \"precision\": 0.9350077509880066,\n        \"recall\": 0.9423277378082275,\n        \"f1-score\": 0.9386534690856934,\n        \"specificity\": 0.9925684928894043\n    },\n    \"Erosion\": {\n        \"precision\": 0.7829539179801941,\n        \"recall\": 0.782332718372345,\n        \"f1-score\": 0.78264319896698,\n        \"specificity\": 0.9757583141326904\n    },\n    \"Erythema\": {\n        \"precision\": 0.8635547757148743,\n        \"recall\": 0.8883904814720154,\n        \"f1-score\": 0.8757966160774231,\n        \"specificity\": 0.9842682480812073\n    },\n    \"Foreign Body\": {\n        \"precision\": 0.9545812606811523,\n        \"recall\": 0.9510855078697205,\n        \"f1-score\": 0.9528301954269409,\n        \"specificity\": 0.9948792457580566\n    },\n    \"Lymphangiectasia\": {\n        \"precision\": 0.9573832750320435,\n        \"recall\": 0.9522138237953186,\n        \"f1-score\": 0.9547915458679199,\n        \"specificity\": 0.9953691363334656\n    },\n    \"Normal\": {\n        \"precision\": 0.9201233386993408,\n        \"recall\": 0.8834768533706665,\n        \"f1-score\": 0.9014278054237366,\n        \"specificity\": 0.991590678691864\n    },\n    \"Polyp\": {\n        \"precision\": 0.8746081590652466,\n        \"recall\": 0.893992006778717,\n        \"f1-score\": 0.8841938376426697,\n        \"specificity\": 0.9858248233795166\n    },\n    \"Ulcer\": {\n        \"precision\": 0.9881047010421753,\n        \"recall\": 0.9896743297576904,\n        \"f1-score\": 0.9888888597488403,\n        \"specificity\": 0.9986698031425476\n    },\n    \"Worms\": {\n        \"precision\": 0.9962059855461121,\n        \"recall\": 0.9970165491104126,\n        \"f1-score\": 0.9966111183166504,\n        \"specificity\": 0.9995872378349304\n    },\n    \"macro avg\": {\n        \"precision\": 0.918212890625,\n        \"recall\": 0.9178963899612427,\n        \"f1-score\": 0.9179832339286804,\n        \"specificity\": 0.9908620715141296\n    },\n    \"accuracy\": 0.9177812933921814,\n    \"auc_roc_scores\": {\n        \"Angioectasia\": 0.9950170516967773,\n        \"Bleeding\": 0.9983454942703247,\n        \"Erosion\": 0.9785912036895752,\n        \"Erythema\": 0.9934297800064087,\n        \"Foreign Body\": 0.9985817074775696,\n        \"Lymphangiectasia\": 0.9987707734107971,\n        \"Normal\": 0.9905064702033997,\n        \"Polyp\": 0.9943299293518066,\n        \"Ulcer\": 0.9999070763587952,\n        \"Worms\": 0.9999913573265076\n    },\n    \"mean_auc\": 0.9947471022605896,\n    \"average_precision_scores\": {\n        \"Angioectasia\": 0.968504786491394,\n        \"Bleeding\": 0.9862894415855408,\n        \"Erosion\": 0.8707932233810425,\n        \"Erythema\": 0.9463697671890259,\n        \"Foreign Body\": 0.9907081127166748,\n        \"Lymphangiectasia\": 0.9915381669998169,\n        \"Normal\": 0.9560597538948059,\n        \"Polyp\": 0.9562845826148987,\n        \"Ulcer\": 0.9991827607154846,\n        \"Worms\": 0.9999201893806458\n    },\n    \"mean_average_precision\": 0.9665650725364685,\n    \"mean_f1_score\": 0.9179832339286804,\n    \"mean_specificity\": 0.9908620715141296,\n    \"mean_sensitivity\": 0.9178963899612427,\n    \"balanced_accuracy\": 0.9178963899612427\n}",
    "test_metrics": "{\n    \"Angioectasia\": {\n        \"precision\": 0.5217965841293335,\n        \"recall\": 0.7947686314582825,\n        \"f1-score\": 0.6299840807914734,\n        \"specificity\": 0.9768468141555786\n    },\n    \"Bleeding\": {\n        \"precision\": 0.6652360558509827,\n        \"recall\": 0.8635097742080688,\n        \"f1-score\": 0.7515151500701904,\n        \"specificity\": 0.9901096820831299\n    },\n    \"Erosion\": {\n        \"precision\": 0.5428571701049805,\n        \"recall\": 0.6744588613510132,\n        \"f1-score\": 0.6015443801879883,\n        \"specificity\": 0.9561995267868042\n    },\n    \"Erythema\": {\n        \"precision\": 0.4197247624397278,\n        \"recall\": 0.6161616444587708,\n        \"f1-score\": 0.49931788444519043,\n        \"specificity\": 0.9840227365493774\n    },\n    \"Foreign Body\": {\n        \"precision\": 0.7112675905227661,\n        \"recall\": 0.8911764621734619,\n        \"f1-score\": 0.7911227345466614,\n        \"specificity\": 0.9922112226486206\n    },\n    \"Lymphangiectasia\": {\n        \"precision\": 0.6637167930603027,\n        \"recall\": 0.8746355772018433,\n        \"f1-score\": 0.7547169923782349,\n        \"specificity\": 0.9903730154037476\n    },\n    \"Normal\": {\n        \"precision\": 0.9910553097724915,\n        \"recall\": 0.8927321434020996,\n        \"f1-score\": 0.9393277764320374,\n        \"specificity\": 0.9742522835731506\n    },\n    \"Polyp\": {\n        \"precision\": 0.4913793206214905,\n        \"recall\": 0.6840000152587891,\n        \"f1-score\": 0.571906328201294,\n        \"specificity\": 0.9773541688919067\n    },\n    \"Ulcer\": {\n        \"precision\": 0.8910256624221802,\n        \"recall\": 0.9720279574394226,\n        \"f1-score\": 0.9297658801078796,\n        \"specificity\": 0.9978543519973755\n    },\n    \"Worms\": {\n        \"precision\": 0.8095238208770752,\n        \"recall\": 1.0,\n        \"f1-score\": 0.8947368264198303,\n        \"specificity\": 0.9990040063858032\n    },\n    \"macro avg\": {\n        \"precision\": 0.6707583069801331,\n        \"recall\": 0.8263471722602844,\n        \"f1-score\": 0.7363937497138977,\n        \"specificity\": 0.9838228225708008\n    },\n    \"accuracy\": 0.8633151650428772,\n    \"auc_roc_scores\": {\n        \"Angioectasia\": 0.9692105054855347,\n        \"Bleeding\": 0.9874941110610962,\n        \"Erosion\": 0.9427742958068848,\n        \"Erythema\": 0.9610351324081421,\n        \"Foreign Body\": 0.9839290380477905,\n        \"Lymphangiectasia\": 0.9826483726501465,\n        \"Normal\": 0.9846399426460266,\n        \"Polyp\": 0.9724183082580566,\n        \"Ulcer\": 0.9997963309288025,\n        \"Worms\": 0.9999789595603943\n    },\n    \"mean_auc\": 0.9783924221992493,\n    \"average_precision_scores\": {\n        \"Angioectasia\": 0.7838034629821777,\n        \"Bleeding\": 0.8352600336074829,\n        \"Erosion\": 0.6704282760620117,\n        \"Erythema\": 0.523579478263855,\n        \"Foreign Body\": 0.8981469869613647,\n        \"Lymphangiectasia\": 0.8676833510398865,\n        \"Normal\": 0.9952869415283203,\n        \"Polyp\": 0.6584392189979553,\n        \"Ulcer\": 0.9892808198928833,\n        \"Worms\": 0.995143711566925\n    },\n    \"mean_average_precision\": 0.8217052817344666,\n    \"mean_f1_score\": 0.7363937497138977,\n    \"mean_specificity\": 0.9838228225708008,\n    \"mean_sensitivity\": 0.8263471722602844,\n    \"balanced_accuracy\": 0.8263471722602844\n}"
}