{
    "epoch": 2,
    "train_metrics": "{\n    \"Angioectasia\": {\n        \"precision\": 0.6525142788887024,\n        \"recall\": 0.5693641901016235,\n        \"f1-score\": 0.6081100106239319,\n        \"specificity\": 0.9658589959144592\n    },\n    \"Bleeding\": {\n        \"precision\": 0.7586298584938049,\n        \"recall\": 0.7713282704353333,\n        \"f1-score\": 0.7649263739585876,\n        \"specificity\": 0.9731882214546204\n    },\n    \"Erosion\": {\n        \"precision\": 0.37451738119125366,\n        \"recall\": 0.4012686014175415,\n        \"f1-score\": 0.3874317705631256,\n        \"specificity\": 0.9284894466400146\n    },\n    \"Erythema\": {\n        \"precision\": 0.515625,\n        \"recall\": 0.5119642615318298,\n        \"f1-score\": 0.513788104057312,\n        \"specificity\": 0.9458940029144287\n    },\n    \"Foreign Body\": {\n        \"precision\": 0.8282548189163208,\n        \"recall\": 0.8007498383522034,\n        \"f1-score\": 0.8142701387405396,\n        \"specificity\": 0.9816963076591492\n    },\n    \"Lymphangiectasia\": {\n        \"precision\": 0.8494653701782227,\n        \"recall\": 0.7878392338752747,\n        \"f1-score\": 0.8174925446510315,\n        \"specificity\": 0.9841598868370056\n    },\n    \"Normal\": {\n        \"precision\": 0.681174635887146,\n        \"recall\": 0.6860311627388,\n        \"f1-score\": 0.683594286441803,\n        \"specificity\": 0.9640449285507202\n    },\n    \"Polyp\": {\n        \"precision\": 0.517082154750824,\n        \"recall\": 0.5871559381484985,\n        \"f1-score\": 0.5498956441879272,\n        \"specificity\": 0.9380918741226196\n    },\n    \"Ulcer\": {\n        \"precision\": 0.8878327012062073,\n        \"recall\": 0.8731303215026855,\n        \"f1-score\": 0.8804201483726501,\n        \"specificity\": 0.9878038167953491\n    },\n    \"Worms\": {\n        \"precision\": 0.9366434216499329,\n        \"recall\": 0.9643237590789795,\n        \"f1-score\": 0.9502820372581482,\n        \"specificity\": 0.9927623867988586\n    },\n    \"macro avg\": {\n        \"precision\": 0.7001739740371704,\n        \"recall\": 0.6953155398368835,\n        \"f1-score\": 0.6970211267471313,\n        \"specificity\": 0.9661989212036133\n    },\n    \"accuracy\": 0.6957215666770935,\n    \"auc_roc_scores\": {\n        \"Angioectasia\": 0.9187018871307373,\n        \"Bleeding\": 0.9704580307006836,\n        \"Erosion\": 0.8527365922927856,\n        \"Erythema\": 0.9159990549087524,\n        \"Foreign Body\": 0.9766036868095398,\n        \"Lymphangiectasia\": 0.968424916267395,\n        \"Normal\": 0.9302481412887573,\n        \"Polyp\": 0.92007976770401,\n        \"Ulcer\": 0.9884338974952698,\n        \"Worms\": 0.998676598072052\n    },\n    \"mean_auc\": 0.9440363049507141,\n    \"average_precision_scores\": {\n        \"Angioectasia\": 0.6971540451049805,\n        \"Bleeding\": 0.8519542217254639,\n        \"Erosion\": 0.3727254271507263,\n        \"Erythema\": 0.5360645055770874,\n        \"Foreign Body\": 0.8979336023330688,\n        \"Lymphangiectasia\": 0.8799088597297668,\n        \"Normal\": 0.7293434143066406,\n        \"Polyp\": 0.5742316246032715,\n        \"Ulcer\": 0.9397213459014893,\n        \"Worms\": 0.9897285103797913\n    },\n    \"mean_average_precision\": 0.74687659740448,\n    \"mean_f1_score\": 0.6970211267471313,\n    \"mean_specificity\": 0.9661989212036133,\n    \"mean_sensitivity\": 0.6953155398368835,\n    \"balanced_accuracy\": 0.6953155398368835\n}",
    "test_metrics": "{\n    \"Angioectasia\": {\n        \"precision\": 0.26610878109931946,\n        \"recall\": 0.6398390531539917,\n        \"f1-score\": 0.3758865296840668,\n        \"specificity\": 0.9439079165458679\n    },\n    \"Bleeding\": {\n        \"precision\": 0.5079365372657776,\n        \"recall\": 0.8022283911705017,\n        \"f1-score\": 0.6220302581787109,\n        \"specificity\": 0.9823115468025208\n    },\n    \"Erosion\": {\n        \"precision\": 0.361603707075119,\n        \"recall\": 0.4060606062412262,\n        \"f1-score\": 0.3825448751449585,\n        \"specificity\": 0.9447152018547058\n    },\n    \"Erythema\": {\n        \"precision\": 0.16462168097496033,\n        \"recall\": 0.5420875549316406,\n        \"f1-score\": 0.25254902243614197,\n        \"specificity\": 0.9484054446220398\n    },\n    \"Foreign Body\": {\n        \"precision\": 0.3711734712123871,\n        \"recall\": 0.8558823466300964,\n        \"f1-score\": 0.517793595790863,\n        \"specificity\": 0.9687816500663757\n    },\n    \"Lymphangiectasia\": {\n        \"precision\": 0.4791288673877716,\n        \"recall\": 0.7696793079376221,\n        \"f1-score\": 0.5906040072441101,\n        \"specificity\": 0.9818227887153625\n    },\n    \"Normal\": {\n        \"precision\": 0.9812251925468445,\n        \"recall\": 0.7443639636039734,\n        \"f1-score\": 0.8465383052825928,\n        \"specificity\": 0.9544863700866699\n    },\n    \"Polyp\": {\n        \"precision\": 0.3453865349292755,\n        \"recall\": 0.5540000200271606,\n        \"f1-score\": 0.42549923062324524,\n        \"specificity\": 0.9664150476455688\n    },\n    \"Ulcer\": {\n        \"precision\": 0.5278350710868835,\n        \"recall\": 0.8951048851013184,\n        \"f1-score\": 0.6640726327896118,\n        \"specificity\": 0.9855483770370483\n    },\n    \"Worms\": {\n        \"precision\": 0.44078946113586426,\n        \"recall\": 0.9852941036224365,\n        \"f1-score\": 0.6090909242630005,\n        \"specificity\": 0.9947086572647095\n    },\n    \"macro avg\": {\n        \"precision\": 0.44458094239234924,\n        \"recall\": 0.7194539904594421,\n        \"f1-score\": 0.5286609530448914,\n        \"specificity\": 0.967110276222229\n    },\n    \"accuracy\": 0.7151623964309692,\n    \"auc_roc_scores\": {\n        \"Angioectasia\": 0.9034134149551392,\n        \"Bleeding\": 0.9780690670013428,\n        \"Erosion\": 0.876887321472168,\n        \"Erythema\": 0.9217934608459473,\n        \"Foreign Body\": 0.9746088981628418,\n        \"Lymphangiectasia\": 0.9670782089233398,\n        \"Normal\": 0.9384948015213013,\n        \"Polyp\": 0.9502957463264465,\n        \"Ulcer\": 0.9885191917419434,\n        \"Worms\": 0.9994882345199585\n    },\n    \"mean_auc\": 0.9498648643493652,\n    \"average_precision_scores\": {\n        \"Angioectasia\": 0.5306463241577148,\n        \"Bleeding\": 0.7471002340316772,\n        \"Erosion\": 0.39061594009399414,\n        \"Erythema\": 0.2430545687675476,\n        \"Foreign Body\": 0.7812200784683228,\n        \"Lymphangiectasia\": 0.7305604219436646,\n        \"Normal\": 0.9788831472396851,\n        \"Polyp\": 0.4574334919452667,\n        \"Ulcer\": 0.8461391925811768,\n        \"Worms\": 0.9239131212234497\n    },\n    \"mean_average_precision\": 0.6629566550254822,\n    \"mean_f1_score\": 0.5286609530448914,\n    \"mean_specificity\": 0.967110276222229,\n    \"mean_sensitivity\": 0.7194539904594421,\n    \"balanced_accuracy\": 0.7194539904594421\n}"
}