{
    "epoch": 5,
    "train_metrics": "{\n    \"Angioectasia\": {\n        \"precision\": 0.8092855215072632,\n        \"recall\": 0.7588633894920349,\n        \"f1-score\": 0.7832638025283813,\n        \"specificity\": 0.9796867370605469\n    },\n    \"Bleeding\": {\n        \"precision\": 0.8624770045280457,\n        \"recall\": 0.8767709136009216,\n        \"f1-score\": 0.8695651888847351,\n        \"specificity\": 0.9845567941665649\n    },\n    \"Erosion\": {\n        \"precision\": 0.5401611924171448,\n        \"recall\": 0.5577026009559631,\n        \"f1-score\": 0.548791766166687,\n        \"specificity\": 0.9477878212928772\n    },\n    \"Erythema\": {\n        \"precision\": 0.6873364448547363,\n        \"recall\": 0.6970018744468689,\n        \"f1-score\": 0.6921354532241821,\n        \"specificity\": 0.9646846652030945\n    },\n    \"Foreign Body\": {\n        \"precision\": 0.9071888327598572,\n        \"recall\": 0.8989899158477783,\n        \"f1-score\": 0.9030707478523254,\n        \"specificity\": 0.9897769093513489\n    },\n    \"Lymphangiectasia\": {\n        \"precision\": 0.9115946292877197,\n        \"recall\": 0.8852634429931641,\n        \"f1-score\": 0.898236095905304,\n        \"specificity\": 0.990522027015686\n    },\n    \"Normal\": {\n        \"precision\": 0.8273499608039856,\n        \"recall\": 0.802072286605835,\n        \"f1-score\": 0.8145150542259216,\n        \"specificity\": 0.9813846349716187\n    },\n    \"Polyp\": {\n        \"precision\": 0.7087011337280273,\n        \"recall\": 0.7535532116889954,\n        \"f1-score\": 0.730439305305481,\n        \"specificity\": 0.965907096862793\n    },\n    \"Ulcer\": {\n        \"precision\": 0.9628540873527527,\n        \"recall\": 0.964142382144928,\n        \"f1-score\": 0.9634978175163269,\n        \"specificity\": 0.9958961009979248\n    },\n    \"Worms\": {\n        \"precision\": 0.9827360510826111,\n        \"recall\": 0.987644612789154,\n        \"f1-score\": 0.9851841926574707,\n        \"specificity\": 0.9980475306510925\n    },\n    \"macro avg\": {\n        \"precision\": 0.8199684023857117,\n        \"recall\": 0.8182005286216736,\n        \"f1-score\": 0.8188700079917908,\n        \"specificity\": 0.9798250198364258\n    },\n    \"accuracy\": 0.8183848857879639,\n    \"auc_roc_scores\": {\n        \"Angioectasia\": 0.9745533466339111,\n        \"Bleeding\": 0.9906837940216064,\n        \"Erosion\": 0.9211733341217041,\n        \"Erythema\": 0.9666414856910706,\n        \"Foreign Body\": 0.9940993785858154,\n        \"Lymphangiectasia\": 0.9919453263282776,\n        \"Normal\": 0.9738597869873047,\n        \"Polyp\": 0.9709194898605347,\n        \"Ulcer\": 0.9990361928939819,\n        \"Worms\": 0.9998759031295776\n    },\n    \"mean_auc\": 0.9782787561416626,\n    \"average_precision_scores\": {\n        \"Angioectasia\": 0.8788831830024719,\n        \"Bleeding\": 0.9421077966690063,\n        \"Erosion\": 0.5975028276443481,\n        \"Erythema\": 0.7682971954345703,\n        \"Foreign Body\": 0.9657009840011597,\n        \"Lymphangiectasia\": 0.9550905227661133,\n        \"Normal\": 0.8830527067184448,\n        \"Polyp\": 0.8098727464675903,\n        \"Ulcer\": 0.9926671981811523,\n        \"Worms\": 0.9989248514175415\n    },\n    \"mean_average_precision\": 0.8792099952697754,\n    \"mean_f1_score\": 0.8188700079917908,\n    \"mean_specificity\": 0.9798250198364258,\n    \"mean_sensitivity\": 0.8182005286216736,\n    \"balanced_accuracy\": 0.8182005286216736\n}",
    "test_metrics": "{\n    \"Angioectasia\": {\n        \"precision\": 0.395256906747818,\n        \"recall\": 0.8048290014266968,\n        \"f1-score\": 0.530152440071106,\n        \"specificity\": 0.9608570337295532\n    },\n    \"Bleeding\": {\n        \"precision\": 0.5513043403625488,\n        \"recall\": 0.8830083608627319,\n        \"f1-score\": 0.6788008809089661,\n        \"specificity\": 0.9836429357528687\n    },\n    \"Erosion\": {\n        \"precision\": 0.5402750372886658,\n        \"recall\": 0.4761904776096344,\n        \"f1-score\": 0.506212592124939,\n        \"specificity\": 0.9687520861625671\n    },\n    \"Erythema\": {\n        \"precision\": 0.25482094287872314,\n        \"recall\": 0.6228955984115601,\n        \"f1-score\": 0.36168134212493896,\n        \"specificity\": 0.9658351540565491\n    },\n    \"Foreign Body\": {\n        \"precision\": 0.6337078809738159,\n        \"recall\": 0.8294117450714111,\n        \"f1-score\": 0.718471348285675,\n        \"specificity\": 0.9896783232688904\n    },\n    \"Lymphangiectasia\": {\n        \"precision\": 0.6811594367027283,\n        \"recall\": 0.8221574425697327,\n        \"f1-score\": 0.7450462579727173,\n        \"specificity\": 0.9916397333145142\n    },\n    \"Normal\": {\n        \"precision\": 0.9814233183860779,\n        \"recall\": 0.8642467856407166,\n        \"f1-score\": 0.919115424156189,\n        \"specificity\": 0.9477243423461914\n    },\n    \"Polyp\": {\n        \"precision\": 0.4738415479660034,\n        \"recall\": 0.6340000033378601,\n        \"f1-score\": 0.5423438549041748,\n        \"specificity\": 0.9774820804595947\n    },\n    \"Ulcer\": {\n        \"precision\": 0.728232204914093,\n        \"recall\": 0.9650349617004395,\n        \"f1-score\": 0.830075204372406,\n        \"specificity\": 0.9934999346733093\n    },\n    \"Worms\": {\n        \"precision\": 0.8918918967247009,\n        \"recall\": 0.970588207244873,\n        \"f1-score\": 0.9295774698257446,\n        \"specificity\": 0.9995020031929016\n    },\n    \"macro avg\": {\n        \"precision\": 0.6131913065910339,\n        \"recall\": 0.7872362732887268,\n        \"f1-score\": 0.6761476397514343,\n        \"specificity\": 0.9778614044189453\n    },\n    \"accuracy\": 0.8240763545036316,\n    \"auc_roc_scores\": {\n        \"Angioectasia\": 0.9629606008529663,\n        \"Bleeding\": 0.987921416759491,\n        \"Erosion\": 0.9218571186065674,\n        \"Erythema\": 0.9537547826766968,\n        \"Foreign Body\": 0.9806588292121887,\n        \"Lymphangiectasia\": 0.9795931577682495,\n        \"Normal\": 0.9701820611953735,\n        \"Polyp\": 0.9706360101699829,\n        \"Ulcer\": 0.9988874197006226,\n        \"Worms\": 0.9999322295188904\n    },\n    \"mean_auc\": 0.9726383090019226,\n    \"average_precision_scores\": {\n        \"Angioectasia\": 0.7557854652404785,\n        \"Bleeding\": 0.8517072796821594,\n        \"Erosion\": 0.5694133043289185,\n        \"Erythema\": 0.4071381986141205,\n        \"Foreign Body\": 0.8485223054885864,\n        \"Lymphangiectasia\": 0.8321042656898499,\n        \"Normal\": 0.9902355074882507,\n        \"Polyp\": 0.591391921043396,\n        \"Ulcer\": 0.9535135626792908,\n        \"Worms\": 0.9861378073692322\n    },\n    \"mean_average_precision\": 0.778594970703125,\n    \"mean_f1_score\": 0.6761476397514343,\n    \"mean_specificity\": 0.9778614044189453,\n    \"mean_sensitivity\": 0.7872362732887268,\n    \"balanced_accuracy\": 0.7872362732887268\n}"
}