{
    "epoch": 11,
    "train_metrics": "{\n    \"Angioectasia\": {\n        \"precision\": 0.8905567526817322,\n        \"recall\": 0.8616318702697754,\n        \"f1-score\": 0.875855565071106,\n        \"specificity\": 0.9881430864334106\n    },\n    \"Bleeding\": {\n        \"precision\": 0.9167338013648987,\n        \"recall\": 0.9239307045936584,\n        \"f1-score\": 0.9203181862831116,\n        \"specificity\": 0.9908589720726013\n    },\n    \"Erosion\": {\n        \"precision\": 0.7117694020271301,\n        \"recall\": 0.7132923007011414,\n        \"f1-score\": 0.7125300765037537,\n        \"specificity\": 0.968111515045166\n    },\n    \"Erythema\": {\n        \"precision\": 0.8271195292472839,\n        \"recall\": 0.8454711437225342,\n        \"f1-score\": 0.836194634437561,\n        \"specificity\": 0.9799562096595764\n    },\n    \"Foreign Body\": {\n        \"precision\": 0.9421079754829407,\n        \"recall\": 0.9382109642028809,\n        \"f1-score\": 0.9401554465293884,\n        \"specificity\": 0.9933904409408569\n    },\n    \"Lymphangiectasia\": {\n        \"precision\": 0.9462025165557861,\n        \"recall\": 0.9419795274734497,\n        \"f1-score\": 0.9440863132476807,\n        \"specificity\": 0.9939641356468201\n    },\n    \"Normal\": {\n        \"precision\": 0.8904748558998108,\n        \"recall\": 0.8690061569213867,\n        \"f1-score\": 0.8796095252037048,\n        \"specificity\": 0.9882210493087769\n    },\n    \"Polyp\": {\n        \"precision\": 0.8427689075469971,\n        \"recall\": 0.8675496578216553,\n        \"f1-score\": 0.8549797534942627,\n        \"specificity\": 0.9819401502609253\n    },\n    \"Ulcer\": {\n        \"precision\": 0.9794557094573975,\n        \"recall\": 0.9820759892463684,\n        \"f1-score\": 0.9807640910148621,\n        \"specificity\": 0.997726559638977\n    },\n    \"Worms\": {\n        \"precision\": 0.9931243062019348,\n        \"recall\": 0.9939444065093994,\n        \"f1-score\": 0.9935342073440552,\n        \"specificity\": 0.999264121055603\n    },\n    \"macro avg\": {\n        \"precision\": 0.8940313458442688,\n        \"recall\": 0.8937093019485474,\n        \"f1-score\": 0.8938028216362,\n        \"specificity\": 0.9881576895713806\n    },\n    \"accuracy\": 0.8934506773948669,\n    \"auc_roc_scores\": {\n        \"Angioectasia\": 0.9925075769424438,\n        \"Bleeding\": 0.9969792366027832,\n        \"Erosion\": 0.9649019241333008,\n        \"Erythema\": 0.9890020489692688,\n        \"Foreign Body\": 0.9982668161392212,\n        \"Lymphangiectasia\": 0.9978095293045044,\n        \"Normal\": 0.9884488582611084,\n        \"Polyp\": 0.9909411072731018,\n        \"Ulcer\": 0.999796450138092,\n        \"Worms\": 0.999967098236084\n    },\n    \"mean_auc\": 0.9918621182441711,\n    \"average_precision_scores\": {\n        \"Angioectasia\": 0.9522815942764282,\n        \"Bleeding\": 0.977163553237915,\n        \"Erosion\": 0.8029370307922363,\n        \"Erythema\": 0.9133566617965698,\n        \"Foreign Body\": 0.9875683784484863,\n        \"Lymphangiectasia\": 0.9865577220916748,\n        \"Normal\": 0.9443942904472351,\n        \"Polyp\": 0.932324230670929,\n        \"Ulcer\": 0.9981701374053955,\n        \"Worms\": 0.9996941089630127\n    },\n    \"mean_average_precision\": 0.9494447708129883,\n    \"mean_f1_score\": 0.8938028216362,\n    \"mean_specificity\": 0.9881576895713806,\n    \"mean_sensitivity\": 0.8937093019485474,\n    \"balanced_accuracy\": 0.8937093019485474\n}",
    "test_metrics": "{\n    \"Angioectasia\": {\n        \"precision\": 0.5270270109176636,\n        \"recall\": 0.7847082614898682,\n        \"f1-score\": 0.6305577754974365,\n        \"specificity\": 0.9776143431663513\n    },\n    \"Bleeding\": {\n        \"precision\": 0.6808035969734192,\n        \"recall\": 0.8495821952819824,\n        \"f1-score\": 0.7558860182762146,\n        \"specificity\": 0.990933895111084\n    },\n    \"Erosion\": {\n        \"precision\": 0.5420200228691101,\n        \"recall\": 0.6086580157279968,\n        \"f1-score\": 0.5734094381332397,\n        \"specificity\": 0.9603391885757446\n    },\n    \"Erythema\": {\n        \"precision\": 0.34489402174949646,\n        \"recall\": 0.6026936173439026,\n        \"f1-score\": 0.4387255012989044,\n        \"specificity\": 0.9785285592079163\n    },\n    \"Foreign Body\": {\n        \"precision\": 0.610547661781311,\n        \"recall\": 0.8852941393852234,\n        \"f1-score\": 0.7226890921592712,\n        \"specificity\": 0.9878419637680054\n    },\n    \"Lymphangiectasia\": {\n        \"precision\": 0.6725274920463562,\n        \"recall\": 0.8921282887458801,\n        \"f1-score\": 0.7669172883033752,\n        \"specificity\": 0.9905630350112915\n    },\n    \"Normal\": {\n        \"precision\": 0.9871922135353088,\n        \"recall\": 0.8907788991928101,\n        \"f1-score\": 0.9365106821060181,\n        \"specificity\": 0.9630689024925232\n    },\n    \"Polyp\": {\n        \"precision\": 0.4838709533214569,\n        \"recall\": 0.6899999976158142,\n        \"f1-score\": 0.568837583065033,\n        \"specificity\": 0.9764585494995117\n    },\n    \"Ulcer\": {\n        \"precision\": 0.8668830990791321,\n        \"recall\": 0.9335664510726929,\n        \"f1-score\": 0.8989899158477783,\n        \"specificity\": 0.9974126219749451\n    },\n    \"Worms\": {\n        \"precision\": 0.9027777910232544,\n        \"recall\": 0.9558823704719543,\n        \"f1-score\": 0.9285714030265808,\n        \"specificity\": 0.9995642304420471\n    },\n    \"macro avg\": {\n        \"precision\": 0.6618543863296509,\n        \"recall\": 0.8093292117118835,\n        \"f1-score\": 0.7221094965934753,\n        \"specificity\": 0.9822325706481934\n    },\n    \"accuracy\": 0.855814516544342,\n    \"auc_roc_scores\": {\n        \"Angioectasia\": 0.9653918147087097,\n        \"Bleeding\": 0.9905799627304077,\n        \"Erosion\": 0.9405949711799622,\n        \"Erythema\": 0.9619506001472473,\n        \"Foreign Body\": 0.9878951907157898,\n        \"Lymphangiectasia\": 0.9836759567260742,\n        \"Normal\": 0.9811830520629883,\n        \"Polyp\": 0.9769140481948853,\n        \"Ulcer\": 0.99928218126297,\n        \"Worms\": 0.9999368190765381\n    },\n    \"mean_auc\": 0.9787405133247375,\n    \"average_precision_scores\": {\n        \"Angioectasia\": 0.7771149277687073,\n        \"Bleeding\": 0.8625166416168213,\n        \"Erosion\": 0.6530672907829285,\n        \"Erythema\": 0.4936017692089081,\n        \"Foreign Body\": 0.8939827680587769,\n        \"Lymphangiectasia\": 0.8870116472244263,\n        \"Normal\": 0.9941554069519043,\n        \"Polyp\": 0.6397746205329895,\n        \"Ulcer\": 0.9721258878707886,\n        \"Worms\": 0.9872757196426392\n    },\n    \"mean_average_precision\": 0.8160626292228699,\n    \"mean_f1_score\": 0.7221094965934753,\n    \"mean_specificity\": 0.9822325706481934,\n    \"mean_sensitivity\": 0.8093292117118835,\n    \"balanced_accuracy\": 0.8093292117118835\n}"
}