{
    "epoch": 4,
    "train_metrics": "{\n    \"Angioectasia\": {\n        \"precision\": 0.7811866998672485,\n        \"recall\": 0.730842113494873,\n        \"f1-score\": 0.7551762461662292,\n        \"specificity\": 0.9777083396911621\n    },\n    \"Bleeding\": {\n        \"precision\": 0.8438060879707336,\n        \"recall\": 0.8610311150550842,\n        \"f1-score\": 0.8523315787315369,\n        \"specificity\": 0.9819747805595398\n    },\n    \"Erosion\": {\n        \"precision\": 0.5137976408004761,\n        \"recall\": 0.5214723944664001,\n        \"f1-score\": 0.5176065564155579,\n        \"specificity\": 0.945360004901886\n    },\n    \"Erythema\": {\n        \"precision\": 0.642643392086029,\n        \"recall\": 0.6657194495201111,\n        \"f1-score\": 0.6539779305458069,\n        \"specificity\": 0.9575231075286865\n    },\n    \"Foreign Body\": {\n        \"precision\": 0.8927428126335144,\n        \"recall\": 0.8826166987419128,\n        \"f1-score\": 0.8876509070396423,\n        \"specificity\": 0.9881121516227722\n    },\n    \"Lymphangiectasia\": {\n        \"precision\": 0.9042081832885742,\n        \"recall\": 0.867233157157898,\n        \"f1-score\": 0.8853347897529602,\n        \"specificity\": 0.9897757172584534\n    },\n    \"Normal\": {\n        \"precision\": 0.8044280409812927,\n        \"recall\": 0.7794279456138611,\n        \"f1-score\": 0.7917307019233704,\n        \"specificity\": 0.9797179698944092\n    },\n    \"Polyp\": {\n        \"precision\": 0.6746337413787842,\n        \"recall\": 0.7098431587219238,\n        \"f1-score\": 0.691790759563446,\n        \"specificity\": 0.962664783000946\n    },\n    \"Ulcer\": {\n        \"precision\": 0.9445316791534424,\n        \"recall\": 0.953512966632843,\n        \"f1-score\": 0.9490010738372803,\n        \"specificity\": 0.993731677532196\n    },\n    \"Worms\": {\n        \"precision\": 0.9718896150588989,\n        \"recall\": 0.9836670160293579,\n        \"f1-score\": 0.9777428507804871,\n        \"specificity\": 0.9968057870864868\n    },\n    \"macro avg\": {\n        \"precision\": 0.7973868250846863,\n        \"recall\": 0.7955366373062134,\n        \"f1-score\": 0.7962343096733093,\n        \"specificity\": 0.9773374795913696\n    },\n    \"accuracy\": 0.7960219979286194,\n    \"auc_roc_scores\": {\n        \"Angioectasia\": 0.9669468402862549,\n        \"Bleeding\": 0.9889757037162781,\n        \"Erosion\": 0.909848690032959,\n        \"Erythema\": 0.9557593464851379,\n        \"Foreign Body\": 0.9924641251564026,\n        \"Lymphangiectasia\": 0.9883667230606079,\n        \"Normal\": 0.9680681228637695,\n        \"Polyp\": 0.9632907509803772,\n        \"Ulcer\": 0.9983844757080078,\n        \"Worms\": 0.9995560050010681\n    },\n    \"mean_auc\": 0.9731661081314087,\n    \"average_precision_scores\": {\n        \"Angioectasia\": 0.8472750186920166,\n        \"Bleeding\": 0.9324673414230347,\n        \"Erosion\": 0.5613040924072266,\n        \"Erythema\": 0.7274416089057922,\n        \"Foreign Body\": 0.958244800567627,\n        \"Lymphangiectasia\": 0.9441103339195251,\n        \"Normal\": 0.8570106029510498,\n        \"Polyp\": 0.7715172171592712,\n        \"Ulcer\": 0.9876382350921631,\n        \"Worms\": 0.9974037408828735\n    },\n    \"mean_average_precision\": 0.8584412932395935,\n    \"mean_f1_score\": 0.7962343096733093,\n    \"mean_specificity\": 0.9773374795913696,\n    \"mean_sensitivity\": 0.7955366373062134,\n    \"balanced_accuracy\": 0.7955366373062134\n}",
    "test_metrics": "{\n    \"Angioectasia\": {\n        \"precision\": 0.33275261521339417,\n        \"recall\": 0.7686116695404053,\n        \"f1-score\": 0.46443769335746765,\n        \"specificity\": 0.9510073661804199\n    },\n    \"Bleeding\": {\n        \"precision\": 0.5787476301193237,\n        \"recall\": 0.8495821952819824,\n        \"f1-score\": 0.6884875893592834,\n        \"specificity\": 0.9859253168106079\n    },\n    \"Erosion\": {\n        \"precision\": 0.4148648679256439,\n        \"recall\": 0.5316017270088196,\n        \"f1-score\": 0.4660341441631317,\n        \"specificity\": 0.9421780109405518\n    },\n    \"Erythema\": {\n        \"precision\": 0.2455243021249771,\n        \"recall\": 0.6464646458625793,\n        \"f1-score\": 0.3558850884437561,\n        \"specificity\": 0.9627407789230347\n    },\n    \"Foreign Body\": {\n        \"precision\": 0.44785276055336,\n        \"recall\": 0.8588235378265381,\n        \"f1-score\": 0.5887096524238586,\n        \"specificity\": 0.9772036671638489\n    },\n    \"Lymphangiectasia\": {\n        \"precision\": 0.5043029189109802,\n        \"recall\": 0.8542274236679077,\n        \"f1-score\": 0.6341991424560547,\n        \"specificity\": 0.9817594289779663\n    },\n    \"Normal\": {\n        \"precision\": 0.9876207709312439,\n        \"recall\": 0.7986489534378052,\n        \"f1-score\": 0.8831390738487244,\n        \"specificity\": 0.968010425567627\n    },\n    \"Polyp\": {\n        \"precision\": 0.5062388777732849,\n        \"recall\": 0.5680000185966492,\n        \"f1-score\": 0.5353440046310425,\n        \"specificity\": 0.9822799563407898\n    },\n    \"Ulcer\": {\n        \"precision\": 0.7472222447395325,\n        \"recall\": 0.940559446811676,\n        \"f1-score\": 0.8328173160552979,\n        \"specificity\": 0.9942572116851807\n    },\n    \"Worms\": {\n        \"precision\": 0.6476190686225891,\n        \"recall\": 1.0,\n        \"f1-score\": 0.7861271500587463,\n        \"specificity\": 0.9976966977119446\n    },\n    \"macro avg\": {\n        \"precision\": 0.5412746667861938,\n        \"recall\": 0.7816519737243652,\n        \"f1-score\": 0.6235181093215942,\n        \"specificity\": 0.9743059277534485\n    },\n    \"accuracy\": 0.7756012678146362,\n    \"auc_roc_scores\": {\n        \"Angioectasia\": 0.9438889622688293,\n        \"Bleeding\": 0.9880658388137817,\n        \"Erosion\": 0.9046831130981445,\n        \"Erythema\": 0.9521401524543762,\n        \"Foreign Body\": 0.9805817604064941,\n        \"Lymphangiectasia\": 0.9769947528839111,\n        \"Normal\": 0.9663525819778442,\n        \"Polyp\": 0.9682128429412842,\n        \"Ulcer\": 0.9978896379470825,\n        \"Worms\": 0.9998865127563477\n    },\n    \"mean_auc\": 0.9678695797920227,\n    \"average_precision_scores\": {\n        \"Angioectasia\": 0.6882458925247192,\n        \"Bleeding\": 0.832292377948761,\n        \"Erosion\": 0.5124777555465698,\n        \"Erythema\": 0.38213104009628296,\n        \"Foreign Body\": 0.8380042314529419,\n        \"Lymphangiectasia\": 0.7811449766159058,\n        \"Normal\": 0.9889147281646729,\n        \"Polyp\": 0.5995798110961914,\n        \"Ulcer\": 0.9395219683647156,\n        \"Worms\": 0.977007269859314\n    },\n    \"mean_average_precision\": 0.753931999206543,\n    \"mean_f1_score\": 0.6235181093215942,\n    \"mean_specificity\": 0.9743059277534485,\n    \"mean_sensitivity\": 0.7816519737243652,\n    \"balanced_accuracy\": 0.7816519737243652\n}"
}