{
    "epoch": 14,
    "train_metrics": "{\n    \"Angioectasia\": {\n        \"precision\": 0.909665048122406,\n        \"recall\": 0.8920301795005798,\n        \"f1-score\": 0.9007613062858582,\n        \"specificity\": 0.9902929663658142\n    },\n    \"Bleeding\": {\n        \"precision\": 0.9352807998657227,\n        \"recall\": 0.9445574879646301,\n        \"f1-score\": 0.9398962259292603,\n        \"specificity\": 0.992368221282959\n    },\n    \"Erosion\": {\n        \"precision\": 0.7629609704017639,\n        \"recall\": 0.7585015892982483,\n        \"f1-score\": 0.7607247829437256,\n        \"specificity\": 0.9737907648086548\n    },\n    \"Erythema\": {\n        \"precision\": 0.8445475697517395,\n        \"recall\": 0.8652932047843933,\n        \"f1-score\": 0.8547945022583008,\n        \"specificity\": 0.982170820236206\n    },\n    \"Foreign Body\": {\n        \"precision\": 0.9540802836418152,\n        \"recall\": 0.9581027626991272,\n        \"f1-score\": 0.9560872912406921,\n        \"specificity\": 0.9948243498802185\n    },\n    \"Lymphangiectasia\": {\n        \"precision\": 0.9596400260925293,\n        \"recall\": 0.9526258707046509,\n        \"f1-score\": 0.9561200737953186,\n        \"specificity\": 0.9956358671188354\n    },\n    \"Normal\": {\n        \"precision\": 0.9100719690322876,\n        \"recall\": 0.879176676273346,\n        \"f1-score\": 0.8943575620651245,\n        \"specificity\": 0.9904033541679382\n    },\n    \"Polyp\": {\n        \"precision\": 0.8681547045707703,\n        \"recall\": 0.8853890895843506,\n        \"f1-score\": 0.8766871690750122,\n        \"specificity\": 0.9849833250045776\n    },\n    \"Ulcer\": {\n        \"precision\": 0.984557032585144,\n        \"recall\": 0.9885745644569397,\n        \"f1-score\": 0.9865617156028748,\n        \"specificity\": 0.9983201026916504\n    },\n    \"Worms\": {\n        \"precision\": 0.9938453435897827,\n        \"recall\": 0.9965119361877441,\n        \"f1-score\": 0.9951768517494202,\n        \"specificity\": 0.9993211627006531\n    },\n    \"macro avg\": {\n        \"precision\": 0.9122803807258606,\n        \"recall\": 0.9120764136314392,\n        \"f1-score\": 0.9121168255805969,\n        \"specificity\": 0.9902111291885376\n    },\n    \"accuracy\": 0.9119312763214111,\n    \"auc_roc_scores\": {\n        \"Angioectasia\": 0.9947025775909424,\n        \"Bleeding\": 0.9979976415634155,\n        \"Erosion\": 0.974501371383667,\n        \"Erythema\": 0.9914376735687256,\n        \"Foreign Body\": 0.9989051818847656,\n        \"Lymphangiectasia\": 0.9984666109085083,\n        \"Normal\": 0.9890159368515015,\n        \"Polyp\": 0.9931457042694092,\n        \"Ulcer\": 0.9998699426651001,\n        \"Worms\": 0.9999843239784241\n    },\n    \"mean_auc\": 0.9938027262687683,\n    \"average_precision_scores\": {\n        \"Angioectasia\": 0.9663909673690796,\n        \"Bleeding\": 0.9851022958755493,\n        \"Erosion\": 0.8486953973770142,\n        \"Erythema\": 0.9296241998672485,\n        \"Foreign Body\": 0.9918168783187866,\n        \"Lymphangiectasia\": 0.9899792671203613,\n        \"Normal\": 0.9505690336227417,\n        \"Polyp\": 0.9458014965057373,\n        \"Ulcer\": 0.9987108111381531,\n        \"Worms\": 0.9998591542243958\n    },\n    \"mean_average_precision\": 0.9606550335884094,\n    \"mean_f1_score\": 0.9121168255805969,\n    \"mean_specificity\": 0.9902111291885376,\n    \"mean_sensitivity\": 0.9120764136314392,\n    \"balanced_accuracy\": 0.9120764136314392\n}",
    "test_metrics": "{\n    \"Angioectasia\": {\n        \"precision\": 0.620312511920929,\n        \"recall\": 0.7987927794456482,\n        \"f1-score\": 0.6983289122581482,\n        \"specificity\": 0.9844579696655273\n    },\n    \"Bleeding\": {\n        \"precision\": 0.7015945315361023,\n        \"recall\": 0.8579387068748474,\n        \"f1-score\": 0.7719298005104065,\n        \"specificity\": 0.9916946887969971\n    },\n    \"Erosion\": {\n        \"precision\": 0.5513092875480652,\n        \"recall\": 0.6744588613510132,\n        \"f1-score\": 0.6066977977752686,\n        \"specificity\": 0.9576684236526489\n    },\n    \"Erythema\": {\n        \"precision\": 0.41999998688697815,\n        \"recall\": 0.5656565427780151,\n        \"f1-score\": 0.48206600546836853,\n        \"specificity\": 0.9853489398956299\n    },\n    \"Foreign Body\": {\n        \"precision\": 0.650759220123291,\n        \"recall\": 0.8823529481887817,\n        \"f1-score\": 0.7490636706352234,\n        \"specificity\": 0.9898049831390381\n    },\n    \"Lymphangiectasia\": {\n        \"precision\": 0.6820276379585266,\n        \"recall\": 0.8629737496376038,\n        \"f1-score\": 0.761904776096344,\n        \"specificity\": 0.991259753704071\n    },\n    \"Normal\": {\n        \"precision\": 0.9878614544868469,\n        \"recall\": 0.9007894396781921,\n        \"f1-score\": 0.942318320274353,\n        \"specificity\": 0.9646294116973877\n    },\n    \"Polyp\": {\n        \"precision\": 0.4696570038795471,\n        \"recall\": 0.7120000123977661,\n        \"f1-score\": 0.5659777522087097,\n        \"specificity\": 0.9742835164070129\n    },\n    \"Ulcer\": {\n        \"precision\": 0.8925081491470337,\n        \"recall\": 0.9580419659614563,\n        \"f1-score\": 0.9241146445274353,\n        \"specificity\": 0.9979174733161926\n    },\n    \"Worms\": {\n        \"precision\": 0.8815789222717285,\n        \"recall\": 0.9852941036224365,\n        \"f1-score\": 0.9305555820465088,\n        \"specificity\": 0.9994397163391113\n    },\n    \"macro avg\": {\n        \"precision\": 0.6857609152793884,\n        \"recall\": 0.8198299407958984,\n        \"f1-score\": 0.7432956695556641,\n        \"specificity\": 0.9836505055427551\n    },\n    \"accuracy\": 0.8686461448669434,\n    \"auc_roc_scores\": {\n        \"Angioectasia\": 0.9750102758407593,\n        \"Bleeding\": 0.9877309799194336,\n        \"Erosion\": 0.9464499950408936,\n        \"Erythema\": 0.96428382396698,\n        \"Foreign Body\": 0.9854375123977661,\n        \"Lymphangiectasia\": 0.9876598715782166,\n        \"Normal\": 0.9835180044174194,\n        \"Polyp\": 0.9756476283073425,\n        \"Ulcer\": 0.9994637966156006,\n        \"Worms\": 0.9999358654022217\n    },\n    \"mean_auc\": 0.9805137515068054,\n    \"average_precision_scores\": {\n        \"Angioectasia\": 0.8126450777053833,\n        \"Bleeding\": 0.8634154796600342,\n        \"Erosion\": 0.6812705993652344,\n        \"Erythema\": 0.5142514705657959,\n        \"Foreign Body\": 0.891758382320404,\n        \"Lymphangiectasia\": 0.8736512660980225,\n        \"Normal\": 0.9948781728744507,\n        \"Polyp\": 0.6662133932113647,\n        \"Ulcer\": 0.981491208076477,\n        \"Worms\": 0.9913901090621948\n    },\n    \"mean_average_precision\": 0.8270965814590454,\n    \"mean_f1_score\": 0.7432956695556641,\n    \"mean_specificity\": 0.9836505055427551,\n    \"mean_sensitivity\": 0.8198299407958984,\n    \"balanced_accuracy\": 0.8198299407958984\n}"
}