{
    "epoch": 19,
    "train_metrics": "{\n    \"Angioectasia\": {\n        \"precision\": 0.9227738380432129,\n        \"recall\": 0.9030848145484924,\n        \"f1-score\": 0.9128232002258301,\n        \"specificity\": 0.9912803769111633\n    },\n    \"Bleeding\": {\n        \"precision\": 0.9344174861907959,\n        \"recall\": 0.9470413327217102,\n        \"f1-score\": 0.9406870603561401,\n        \"specificity\": 0.9927446246147156\n    },\n    \"Erosion\": {\n        \"precision\": 0.7682694792747498,\n        \"recall\": 0.781215488910675,\n        \"f1-score\": 0.7746884226799011,\n        \"specificity\": 0.9749021530151367\n    },\n    \"Erythema\": {\n        \"precision\": 0.8664758205413818,\n        \"recall\": 0.8849016427993774,\n        \"f1-score\": 0.8755918145179749,\n        \"specificity\": 0.9848426580429077\n    },\n    \"Foreign Body\": {\n        \"precision\": 0.9618064761161804,\n        \"recall\": 0.9593307375907898,\n        \"f1-score\": 0.9605669975280762,\n        \"specificity\": 0.9956111907958984\n    },\n    \"Lymphangiectasia\": {\n        \"precision\": 0.958289623260498,\n        \"recall\": 0.9503121972084045,\n        \"f1-score\": 0.9542842507362366,\n        \"specificity\": 0.9952906966209412\n    },\n    \"Normal\": {\n        \"precision\": 0.9146689772605896,\n        \"recall\": 0.8912680745124817,\n        \"f1-score\": 0.902816891670227,\n        \"specificity\": 0.9912087321281433\n    },\n    \"Polyp\": {\n        \"precision\": 0.8878700733184814,\n        \"recall\": 0.8932524919509888,\n        \"f1-score\": 0.8905531764030457,\n        \"specificity\": 0.987342119216919\n    },\n    \"Ulcer\": {\n        \"precision\": 0.9891275763511658,\n        \"recall\": 0.9886032342910767,\n        \"f1-score\": 0.988865315914154,\n        \"specificity\": 0.9987881779670715\n    },\n    \"Worms\": {\n        \"precision\": 0.9951961636543274,\n        \"recall\": 0.9965259432792664,\n        \"f1-score\": 0.9958605766296387,\n        \"specificity\": 0.9994685053825378\n    },\n    \"macro avg\": {\n        \"precision\": 0.9198895692825317,\n        \"recall\": 0.9195535778999329,\n        \"f1-score\": 0.9196738600730896,\n        \"specificity\": 0.9911479949951172\n    },\n    \"accuracy\": 0.9202542304992676,\n    \"auc_roc_scores\": {\n        \"Angioectasia\": 0.9957658052444458,\n        \"Bleeding\": 0.9983712434768677,\n        \"Erosion\": 0.978695273399353,\n        \"Erythema\": 0.9935299158096313,\n        \"Foreign Body\": 0.9990023374557495,\n        \"Lymphangiectasia\": 0.9983273148536682,\n        \"Normal\": 0.9919261336326599,\n        \"Polyp\": 0.9945500493049622,\n        \"Ulcer\": 0.9998913407325745,\n        \"Worms\": 0.9999882578849792\n    },\n    \"mean_auc\": 0.9950047731399536,\n    \"average_precision_scores\": {\n        \"Angioectasia\": 0.972820520401001,\n        \"Bleeding\": 0.9855155944824219,\n        \"Erosion\": 0.863663375377655,\n        \"Erythema\": 0.9454596042633057,\n        \"Foreign Body\": 0.9932071566581726,\n        \"Lymphangiectasia\": 0.9899491667747498,\n        \"Normal\": 0.96082603931427,\n        \"Polyp\": 0.9588673114776611,\n        \"Ulcer\": 0.9992538094520569,\n        \"Worms\": 0.9998942613601685\n    },\n    \"mean_average_precision\": 0.9669456481933594,\n    \"mean_f1_score\": 0.9196738600730896,\n    \"mean_specificity\": 0.9911479949951172,\n    \"mean_sensitivity\": 0.9195535778999329,\n    \"balanced_accuracy\": 0.9195535778999329\n}",
    "test_metrics": "{\n    \"Angioectasia\": {\n        \"precision\": 0.5716374516487122,\n        \"recall\": 0.786720335483551,\n        \"f1-score\": 0.6621507406234741,\n        \"specificity\": 0.9812600016593933\n    },\n    \"Bleeding\": {\n        \"precision\": 0.723150372505188,\n        \"recall\": 0.844011127948761,\n        \"f1-score\": 0.7789202928543091,\n        \"specificity\": 0.9926456809043884\n    },\n    \"Erosion\": {\n        \"precision\": 0.5483178496360779,\n        \"recall\": 0.6632034778594971,\n        \"f1-score\": 0.6003134846687317,\n        \"specificity\": 0.957868754863739\n    },\n    \"Erythema\": {\n        \"precision\": 0.40909090638160706,\n        \"recall\": 0.5757575631141663,\n        \"f1-score\": 0.4783216714859009,\n        \"specificity\": 0.9844016432762146\n    },\n    \"Foreign Body\": {\n        \"precision\": 0.6838564872741699,\n        \"recall\": 0.8970588445663452,\n        \"f1-score\": 0.7760814428329468,\n        \"specificity\": 0.9910714030265808\n    },\n    \"Lymphangiectasia\": {\n        \"precision\": 0.6772009134292603,\n        \"recall\": 0.8746355772018433,\n        \"f1-score\": 0.7633587718009949,\n        \"specificity\": 0.9909430742263794\n    },\n    \"Normal\": {\n        \"precision\": 0.9865224361419678,\n        \"recall\": 0.905509889125824,\n        \"f1-score\": 0.9442817568778992,\n        \"specificity\": 0.9604681134223938\n    },\n    \"Polyp\": {\n        \"precision\": 0.5110132098197937,\n        \"recall\": 0.6959999799728394,\n        \"f1-score\": 0.5893310904502869,\n        \"specificity\": 0.9786975383758545\n    },\n    \"Ulcer\": {\n        \"precision\": 0.9278350472450256,\n        \"recall\": 0.9440559148788452,\n        \"f1-score\": 0.9358752369880676,\n        \"specificity\": 0.998674750328064\n    },\n    \"Worms\": {\n        \"precision\": 0.8799999952316284,\n        \"recall\": 0.970588207244873,\n        \"f1-score\": 0.9230769276618958,\n        \"specificity\": 0.9994397163391113\n    },\n    \"macro avg\": {\n        \"precision\": 0.6918625235557556,\n        \"recall\": 0.8157541155815125,\n        \"f1-score\": 0.7451711297035217,\n        \"specificity\": 0.983547031879425\n    },\n    \"accuracy\": 0.8706917762756348,\n    \"auc_roc_scores\": {\n        \"Angioectasia\": 0.97358238697052,\n        \"Bleeding\": 0.9870444536209106,\n        \"Erosion\": 0.9411904215812683,\n        \"Erythema\": 0.9645133018493652,\n        \"Foreign Body\": 0.9885178208351135,\n        \"Lymphangiectasia\": 0.9894387722015381,\n        \"Normal\": 0.9840280413627625,\n        \"Polyp\": 0.9739046692848206,\n        \"Ulcer\": 0.9995359778404236,\n        \"Worms\": 0.9999038577079773\n    },\n    \"mean_auc\": 0.980165958404541,\n    \"average_precision_scores\": {\n        \"Angioectasia\": 0.7939289808273315,\n        \"Bleeding\": 0.8662583827972412,\n        \"Erosion\": 0.6721856594085693,\n        \"Erythema\": 0.5184630751609802,\n        \"Foreign Body\": 0.8898872137069702,\n        \"Lymphangiectasia\": 0.8746850490570068,\n        \"Normal\": 0.9950778484344482,\n        \"Polyp\": 0.6734628677368164,\n        \"Ulcer\": 0.9816536903381348,\n        \"Worms\": 0.9861965775489807\n    },\n    \"mean_average_precision\": 0.8251799941062927,\n    \"mean_f1_score\": 0.7451711297035217,\n    \"mean_specificity\": 0.983547031879425,\n    \"mean_sensitivity\": 0.8157541155815125,\n    \"balanced_accuracy\": 0.8157541155815125\n}"
}