{
    "epoch": 13,
    "train_metrics": "{\n    \"Angioectasia\": {\n        \"precision\": 0.903288722038269,\n        \"recall\": 0.8799891471862793,\n        \"f1-score\": 0.8914867043495178,\n        \"specificity\": 0.9897712469100952\n    },\n    \"Bleeding\": {\n        \"precision\": 0.9267524480819702,\n        \"recall\": 0.9423384666442871,\n        \"f1-score\": 0.9344804883003235,\n        \"specificity\": 0.9917604327201843\n    },\n    \"Erosion\": {\n        \"precision\": 0.756770670413971,\n        \"recall\": 0.7585315704345703,\n        \"f1-score\": 0.7576500773429871,\n        \"specificity\": 0.972050130367279\n    },\n    \"Erythema\": {\n        \"precision\": 0.8433544039726257,\n        \"recall\": 0.8599085807800293,\n        \"f1-score\": 0.8515510559082031,\n        \"specificity\": 0.9824716448783875\n    },\n    \"Foreign Body\": {\n        \"precision\": 0.9537826180458069,\n        \"recall\": 0.9532903432846069,\n        \"f1-score\": 0.9535363912582397,\n        \"specificity\": 0.9946934580802917\n    },\n    \"Lymphangiectasia\": {\n        \"precision\": 0.9475051760673523,\n        \"recall\": 0.9462756514549255,\n        \"f1-score\": 0.9468899965286255,\n        \"specificity\": 0.9940155148506165\n    },\n    \"Normal\": {\n        \"precision\": 0.898371696472168,\n        \"recall\": 0.8705114126205444,\n        \"f1-score\": 0.884222149848938,\n        \"specificity\": 0.9893313050270081\n    },\n    \"Polyp\": {\n        \"precision\": 0.8644698262214661,\n        \"recall\": 0.8810942769050598,\n        \"f1-score\": 0.8727028965950012,\n        \"specificity\": 0.9849624037742615\n    },\n    \"Ulcer\": {\n        \"precision\": 0.988199770450592,\n        \"recall\": 0.9890140295028687,\n        \"f1-score\": 0.9886067509651184,\n        \"specificity\": 0.9987340569496155\n    },\n    \"Worms\": {\n        \"precision\": 0.9948065280914307,\n        \"recall\": 0.9940322041511536,\n        \"f1-score\": 0.9944192171096802,\n        \"specificity\": 0.9994074702262878\n    },\n    \"macro avg\": {\n        \"precision\": 0.907730221748352,\n        \"recall\": 0.9074985384941101,\n        \"f1-score\": 0.9075546264648438,\n        \"specificity\": 0.989719808101654\n    },\n    \"accuracy\": 0.907490611076355,\n    \"auc_roc_scores\": {\n        \"Angioectasia\": 0.9937506318092346,\n        \"Bleeding\": 0.997863233089447,\n        \"Erosion\": 0.9726986885070801,\n        \"Erythema\": 0.9911487102508545,\n        \"Foreign Body\": 0.9981566071510315,\n        \"Lymphangiectasia\": 0.9981222748756409,\n        \"Normal\": 0.9875040054321289,\n        \"Polyp\": 0.9932029843330383,\n        \"Ulcer\": 0.9998607635498047,\n        \"Worms\": 0.9999750852584839\n    },\n    \"mean_auc\": 0.9932283759117126,\n    \"average_precision_scores\": {\n        \"Angioectasia\": 0.9605196714401245,\n        \"Bleeding\": 0.9813443422317505,\n        \"Erosion\": 0.8447977304458618,\n        \"Erythema\": 0.9259844422340393,\n        \"Foreign Body\": 0.9888287782669067,\n        \"Lymphangiectasia\": 0.9868399500846863,\n        \"Normal\": 0.9461124539375305,\n        \"Polyp\": 0.9469864368438721,\n        \"Ulcer\": 0.9992001056671143,\n        \"Worms\": 0.9997859001159668\n    },\n    \"mean_average_precision\": 0.9580399394035339,\n    \"mean_f1_score\": 0.9075546264648438,\n    \"mean_specificity\": 0.989719808101654,\n    \"mean_sensitivity\": 0.9074985384941101,\n    \"balanced_accuracy\": 0.9074985384941101\n}",
    "test_metrics": "{\n    \"Angioectasia\": {\n        \"precision\": 0.5074999928474426,\n        \"recall\": 0.8169013857841492,\n        \"f1-score\": 0.6260601282119751,\n        \"specificity\": 0.9748001098632812\n    },\n    \"Bleeding\": {\n        \"precision\": 0.7305825352668762,\n        \"recall\": 0.8384401202201843,\n        \"f1-score\": 0.7808041572570801,\n        \"specificity\": 0.992962658405304\n    },\n    \"Erosion\": {\n        \"precision\": 0.4990476071834564,\n        \"recall\": 0.6805194616317749,\n        \"f1-score\": 0.5758242011070251,\n        \"specificity\": 0.9473192095756531\n    },\n    \"Erythema\": {\n        \"precision\": 0.3680154085159302,\n        \"recall\": 0.6430976390838623,\n        \"f1-score\": 0.468137264251709,\n        \"specificity\": 0.9792863726615906\n    },\n    \"Foreign Body\": {\n        \"precision\": 0.7014217972755432,\n        \"recall\": 0.8705882430076599,\n        \"f1-score\": 0.7769029140472412,\n        \"specificity\": 0.9920212626457214\n    },\n    \"Lymphangiectasia\": {\n        \"precision\": 0.6809954643249512,\n        \"recall\": 0.8775510191917419,\n        \"f1-score\": 0.7668789625167847,\n        \"specificity\": 0.9910697340965271\n    },\n    \"Normal\": {\n        \"precision\": 0.9921107888221741,\n        \"recall\": 0.88019859790802,\n        \"f1-score\": 0.9328100681304932,\n        \"specificity\": 0.9776332974433899\n    },\n    \"Polyp\": {\n        \"precision\": 0.5204855799674988,\n        \"recall\": 0.6859999895095825,\n        \"f1-score\": 0.5918895602226257,\n        \"specificity\": 0.9797850847244263\n    },\n    \"Ulcer\": {\n        \"precision\": 0.8527607321739197,\n        \"recall\": 0.9720279574394226,\n        \"f1-score\": 0.9084967374801636,\n        \"specificity\": 0.9969708323478699\n    },\n    \"Worms\": {\n        \"precision\": 0.8552631735801697,\n        \"recall\": 0.9558823704719543,\n        \"f1-score\": 0.9027777910232544,\n        \"specificity\": 0.9993152618408203\n    },\n    \"macro avg\": {\n        \"precision\": 0.6708183288574219,\n        \"recall\": 0.8221206665039062,\n        \"f1-score\": 0.7330581545829773,\n        \"specificity\": 0.9831163287162781\n    },\n    \"accuracy\": 0.8543267846107483,\n    \"auc_roc_scores\": {\n        \"Angioectasia\": 0.969611406326294,\n        \"Bleeding\": 0.988011360168457,\n        \"Erosion\": 0.9372028708457947,\n        \"Erythema\": 0.9575978517532349,\n        \"Foreign Body\": 0.9825271368026733,\n        \"Lymphangiectasia\": 0.9825106859207153,\n        \"Normal\": 0.9839576482772827,\n        \"Polyp\": 0.9735981225967407,\n        \"Ulcer\": 0.9995641708374023,\n        \"Worms\": 0.9999276399612427\n    },\n    \"mean_auc\": 0.977450966835022,\n    \"average_precision_scores\": {\n        \"Angioectasia\": 0.7954803705215454,\n        \"Bleeding\": 0.8717087507247925,\n        \"Erosion\": 0.6518115401268005,\n        \"Erythema\": 0.5306483507156372,\n        \"Foreign Body\": 0.8871448040008545,\n        \"Lymphangiectasia\": 0.8690855503082275,\n        \"Normal\": 0.9950682520866394,\n        \"Polyp\": 0.6524467468261719,\n        \"Ulcer\": 0.9812322854995728,\n        \"Worms\": 0.986230731010437\n    },\n    \"mean_average_precision\": 0.8220857977867126,\n    \"mean_f1_score\": 0.7330581545829773,\n    \"mean_specificity\": 0.9831163287162781,\n    \"mean_sensitivity\": 0.8221206665039062,\n    \"balanced_accuracy\": 0.8221206665039062\n}"
}