{
    "epoch": 15,
    "train_metrics": "{\n    \"Angioectasia\": {\n        \"precision\": 0.9033487439155579,\n        \"recall\": 0.8926553726196289,\n        \"f1-score\": 0.8979702591896057,\n        \"specificity\": 0.9895249605178833\n    },\n    \"Bleeding\": {\n        \"precision\": 0.9293166399002075,\n        \"recall\": 0.9445917010307312,\n        \"f1-score\": 0.9368919134140015,\n        \"specificity\": 0.9919905662536621\n    },\n    \"Erosion\": {\n        \"precision\": 0.7602464556694031,\n        \"recall\": 0.7515890002250671,\n        \"f1-score\": 0.7558929324150085,\n        \"specificity\": 0.9735449552536011\n    },\n    \"Erythema\": {\n        \"precision\": 0.8548136353492737,\n        \"recall\": 0.8749668598175049,\n        \"f1-score\": 0.8647728562355042,\n        \"specificity\": 0.9834180474281311\n    },\n    \"Foreign Body\": {\n        \"precision\": 0.949822723865509,\n        \"recall\": 0.9516393542289734,\n        \"f1-score\": 0.9507302045822144,\n        \"specificity\": 0.9945797920227051\n    },\n    \"Lymphangiectasia\": {\n        \"precision\": 0.9596858620643616,\n        \"recall\": 0.9529503583908081,\n        \"f1-score\": 0.9563062191009521,\n        \"specificity\": 0.9954383969306946\n    },\n    \"Normal\": {\n        \"precision\": 0.9124932885169983,\n        \"recall\": 0.8876374959945679,\n        \"f1-score\": 0.8998937606811523,\n        \"specificity\": 0.9903814792633057\n    },\n    \"Polyp\": {\n        \"precision\": 0.8755578994750977,\n        \"recall\": 0.8900453448295593,\n        \"f1-score\": 0.882742166519165,\n        \"specificity\": 0.986001193523407\n    },\n    \"Ulcer\": {\n        \"precision\": 0.9869576692581177,\n        \"recall\": 0.9856459498405457,\n        \"f1-score\": 0.9863013625144958,\n        \"specificity\": 0.9985522031784058\n    },\n    \"Worms\": {\n        \"precision\": 0.9935759902000427,\n        \"recall\": 0.9943745136260986,\n        \"f1-score\": 0.9939751029014587,\n        \"specificity\": 0.9992914795875549\n    },\n    \"macro avg\": {\n        \"precision\": 0.9125818610191345,\n        \"recall\": 0.9126096963882446,\n        \"f1-score\": 0.9125477075576782,\n        \"specificity\": 0.9902723431587219\n    },\n    \"accuracy\": 0.9124631285667419,\n    \"auc_roc_scores\": {\n        \"Angioectasia\": 0.9947090148925781,\n        \"Bleeding\": 0.9980480074882507,\n        \"Erosion\": 0.9754232168197632,\n        \"Erythema\": 0.9927598834037781,\n        \"Foreign Body\": 0.9986526966094971,\n        \"Lymphangiectasia\": 0.9986358880996704,\n        \"Normal\": 0.9905865788459778,\n        \"Polyp\": 0.9940627217292786,\n        \"Ulcer\": 0.9998949766159058,\n        \"Worms\": 0.9999405145645142\n    },\n    \"mean_auc\": 0.9942712783813477,\n    \"average_precision_scores\": {\n        \"Angioectasia\": 0.9661344289779663,\n        \"Bleeding\": 0.9836952686309814,\n        \"Erosion\": 0.8523537516593933,\n        \"Erythema\": 0.9387802481651306,\n        \"Foreign Body\": 0.9901701211929321,\n        \"Lymphangiectasia\": 0.9909679293632507,\n        \"Normal\": 0.9545681476593018,\n        \"Polyp\": 0.9547327160835266,\n        \"Ulcer\": 0.9990936517715454,\n        \"Worms\": 0.999692440032959\n    },\n    \"mean_average_precision\": 0.9630188941955566,\n    \"mean_f1_score\": 0.9125477075576782,\n    \"mean_specificity\": 0.9902723431587219,\n    \"mean_sensitivity\": 0.9126096963882446,\n    \"balanced_accuracy\": 0.9126096963882446\n}",
    "test_metrics": "{\n    \"Angioectasia\": {\n        \"precision\": 0.4897218942642212,\n        \"recall\": 0.8148893117904663,\n        \"f1-score\": 0.6117824912071228,\n        \"specificity\": 0.9730092883110046\n    },\n    \"Bleeding\": {\n        \"precision\": 0.7050359845161438,\n        \"recall\": 0.8189415335655212,\n        \"f1-score\": 0.7577319741249084,\n        \"specificity\": 0.9922018647193909\n    },\n    \"Erosion\": {\n        \"precision\": 0.5307958722114563,\n        \"recall\": 0.6640692353248596,\n        \"f1-score\": 0.5899999737739563,\n        \"specificity\": 0.9547305703163147\n    },\n    \"Erythema\": {\n        \"precision\": 0.43276283144950867,\n        \"recall\": 0.5959596037864685,\n        \"f1-score\": 0.5014164447784424,\n        \"specificity\": 0.9853489398956299\n    },\n    \"Foreign Body\": {\n        \"precision\": 0.7029478549957275,\n        \"recall\": 0.9117646813392639,\n        \"f1-score\": 0.7938540577888489,\n        \"specificity\": 0.9917046427726746\n    },\n    \"Lymphangiectasia\": {\n        \"precision\": 0.6629711985588074,\n        \"recall\": 0.8717201352119446,\n        \"f1-score\": 0.75314861536026,\n        \"specificity\": 0.9903730154037476\n    },\n    \"Normal\": {\n        \"precision\": 0.9902119040489197,\n        \"recall\": 0.8974525928497314,\n        \"f1-score\": 0.9415531754493713,\n        \"specificity\": 0.9716514945030212\n    },\n    \"Polyp\": {\n        \"precision\": 0.5383386611938477,\n        \"recall\": 0.6740000247955322,\n        \"f1-score\": 0.5985790491104126,\n        \"specificity\": 0.9815123081207275\n    },\n    \"Ulcer\": {\n        \"precision\": 0.9003322124481201,\n        \"recall\": 0.9475524425506592,\n        \"f1-score\": 0.9233390092849731,\n        \"specificity\": 0.9981067776679993\n    },\n    \"Worms\": {\n        \"precision\": 0.8227847814559937,\n        \"recall\": 0.9558823704719543,\n        \"f1-score\": 0.884353756904602,\n        \"specificity\": 0.9991284608840942\n    },\n    \"macro avg\": {\n        \"precision\": 0.6775903105735779,\n        \"recall\": 0.815223217010498,\n        \"f1-score\": 0.7355758547782898,\n        \"specificity\": 0.9837767481803894\n    },\n    \"accuracy\": 0.8648648858070374,\n    \"auc_roc_scores\": {\n        \"Angioectasia\": 0.9723235368728638,\n        \"Bleeding\": 0.988247811794281,\n        \"Erosion\": 0.9397788643836975,\n        \"Erythema\": 0.9598017334938049,\n        \"Foreign Body\": 0.9893814325332642,\n        \"Lymphangiectasia\": 0.9845216274261475,\n        \"Normal\": 0.9841263294219971,\n        \"Polyp\": 0.9716759324073792,\n        \"Ulcer\": 0.9994988441467285,\n        \"Worms\": 0.9997646808624268\n    },\n    \"mean_auc\": 0.9789120554924011,\n    \"average_precision_scores\": {\n        \"Angioectasia\": 0.7862242460250854,\n        \"Bleeding\": 0.8517175316810608,\n        \"Erosion\": 0.6595498323440552,\n        \"Erythema\": 0.5257382392883301,\n        \"Foreign Body\": 0.9065346121788025,\n        \"Lymphangiectasia\": 0.8703318238258362,\n        \"Normal\": 0.9950612783432007,\n        \"Polyp\": 0.663056492805481,\n        \"Ulcer\": 0.9823230504989624,\n        \"Worms\": 0.9750820398330688\n    },\n    \"mean_average_precision\": 0.8215619325637817,\n    \"mean_f1_score\": 0.7355758547782898,\n    \"mean_specificity\": 0.9837767481803894,\n    \"mean_sensitivity\": 0.815223217010498,\n    \"balanced_accuracy\": 0.815223217010498\n}"
}