{
    "epoch": 8,
    "train_metrics": "{\n    \"Angioectasia\": {\n        \"precision\": 0.8709949254989624,\n        \"recall\": 0.832393229007721,\n        \"f1-score\": 0.8512566685676575,\n        \"specificity\": 0.9864537715911865\n    },\n    \"Bleeding\": {\n        \"precision\": 0.8979852199554443,\n        \"recall\": 0.9171659350395203,\n        \"f1-score\": 0.9074742197990417,\n        \"specificity\": 0.9881544709205627\n    },\n    \"Erosion\": {\n        \"precision\": 0.6676679253578186,\n        \"recall\": 0.6620633602142334,\n        \"f1-score\": 0.6648538112640381,\n        \"specificity\": 0.9641151428222656\n    },\n    \"Erythema\": {\n        \"precision\": 0.7715849876403809,\n        \"recall\": 0.7922841310501099,\n        \"f1-score\": 0.7817975282669067,\n        \"specificity\": 0.9727540016174316\n    },\n    \"Foreign Body\": {\n        \"precision\": 0.9368535876274109,\n        \"recall\": 0.9343105554580688,\n        \"f1-score\": 0.935580313205719,\n        \"specificity\": 0.9931609630584717\n    },\n    \"Lymphangiectasia\": {\n        \"precision\": 0.9349486231803894,\n        \"recall\": 0.9256845116615295,\n        \"f1-score\": 0.9302935004234314,\n        \"specificity\": 0.9926862716674805\n    },\n    \"Normal\": {\n        \"precision\": 0.8748276829719543,\n        \"recall\": 0.8499866127967834,\n        \"f1-score\": 0.862228274345398,\n        \"specificity\": 0.9865974187850952\n    },\n    \"Polyp\": {\n        \"precision\": 0.7990726232528687,\n        \"recall\": 0.830077588558197,\n        \"f1-score\": 0.814280092716217,\n        \"specificity\": 0.9769707918167114\n    },\n    \"Ulcer\": {\n        \"precision\": 0.9777420163154602,\n        \"recall\": 0.9822198152542114,\n        \"f1-score\": 0.9799758195877075,\n        \"specificity\": 0.9975512623786926\n    },\n    \"Worms\": {\n        \"precision\": 0.9917067885398865,\n        \"recall\": 0.9919721484184265,\n        \"f1-score\": 0.9918394684791565,\n        \"specificity\": 0.9990847110748291\n    },\n    \"macro avg\": {\n        \"precision\": 0.8723384737968445,\n        \"recall\": 0.8718158006668091,\n        \"f1-score\": 0.8719579577445984,\n        \"specificity\": 0.9857528805732727\n    },\n    \"accuracy\": 0.8718057870864868,\n    \"auc_roc_scores\": {\n        \"Angioectasia\": 0.9874882102012634,\n        \"Bleeding\": 0.9957458972930908,\n        \"Erosion\": 0.9529358148574829,\n        \"Erythema\": 0.9820249080657959,\n        \"Foreign Body\": 0.9973589181900024,\n        \"Lymphangiectasia\": 0.9963498115539551,\n        \"Normal\": 0.984695553779602,\n        \"Polyp\": 0.9859139323234558,\n        \"Ulcer\": 0.9997587203979492,\n        \"Worms\": 0.999945342540741\n    },\n    \"mean_auc\": 0.9882217645645142,\n    \"average_precision_scores\": {\n        \"Angioectasia\": 0.9335179924964905,\n        \"Bleeding\": 0.9688194990158081,\n        \"Erosion\": 0.7437595129013062,\n        \"Erythema\": 0.8658605813980103,\n        \"Foreign Body\": 0.9813030958175659,\n        \"Lymphangiectasia\": 0.9781222343444824,\n        \"Normal\": 0.9277008175849915,\n        \"Polyp\": 0.8997339010238647,\n        \"Ulcer\": 0.9977218508720398,\n        \"Worms\": 0.9995052218437195\n    },\n    \"mean_average_precision\": 0.9296045303344727,\n    \"mean_f1_score\": 0.8719579577445984,\n    \"mean_specificity\": 0.9857528805732727,\n    \"mean_sensitivity\": 0.8718158006668091,\n    \"balanced_accuracy\": 0.8718158006668091\n}",
    "test_metrics": "{\n    \"Angioectasia\": {\n        \"precision\": 0.4905897080898285,\n        \"recall\": 0.786720335483551,\n        \"f1-score\": 0.6043276786804199,\n        \"specificity\": 0.9740326404571533\n    },\n    \"Bleeding\": {\n        \"precision\": 0.6081871390342712,\n        \"recall\": 0.8690807819366455,\n        \"f1-score\": 0.7155963182449341,\n        \"specificity\": 0.9872567057609558\n    },\n    \"Erosion\": {\n        \"precision\": 0.503075897693634,\n        \"recall\": 0.6372294425964355,\n        \"f1-score\": 0.5622612833976746,\n        \"specificity\": 0.9514589309692383\n    },\n    \"Erythema\": {\n        \"precision\": 0.3711340129375458,\n        \"recall\": 0.6060606241226196,\n        \"f1-score\": 0.46035805344581604,\n        \"specificity\": 0.9807388782501221\n    },\n    \"Foreign Body\": {\n        \"precision\": 0.5352112650871277,\n        \"recall\": 0.8941176533699036,\n        \"f1-score\": 0.6696035265922546,\n        \"specificity\": 0.9832826852798462\n    },\n    \"Lymphangiectasia\": {\n        \"precision\": 0.5553470849990845,\n        \"recall\": 0.8629737496376038,\n        \"f1-score\": 0.6757990717887878,\n        \"specificity\": 0.9849895238876343\n    },\n    \"Normal\": {\n        \"precision\": 0.9921505451202393,\n        \"recall\": 0.8538292646408081,\n        \"f1-score\": 0.9178076386451721,\n        \"specificity\": 0.9784135222434998\n    },\n    \"Polyp\": {\n        \"precision\": 0.4431057572364807,\n        \"recall\": 0.6620000004768372,\n        \"f1-score\": 0.5308740735054016,\n        \"specificity\": 0.9733878970146179\n    },\n    \"Ulcer\": {\n        \"precision\": 0.7427055835723877,\n        \"recall\": 0.9790209531784058,\n        \"f1-score\": 0.8446455597877502,\n        \"specificity\": 0.9938786029815674\n    },\n    \"Worms\": {\n        \"precision\": 0.8799999952316284,\n        \"recall\": 0.970588207244873,\n        \"f1-score\": 0.9230769276618958,\n        \"specificity\": 0.9994397163391113\n    },\n    \"macro avg\": {\n        \"precision\": 0.6121506690979004,\n        \"recall\": 0.8121621012687683,\n        \"f1-score\": 0.6904350519180298,\n        \"specificity\": 0.9806879162788391\n    },\n    \"accuracy\": 0.8298413157463074,\n    \"auc_roc_scores\": {\n        \"Angioectasia\": 0.9617729187011719,\n        \"Bleeding\": 0.986410915851593,\n        \"Erosion\": 0.9269832372665405,\n        \"Erythema\": 0.9661557078361511,\n        \"Foreign Body\": 0.9821732044219971,\n        \"Lymphangiectasia\": 0.9811636805534363,\n        \"Normal\": 0.9798611998558044,\n        \"Polyp\": 0.968583345413208,\n        \"Ulcer\": 0.999276876449585,\n        \"Worms\": 0.9999350309371948\n    },\n    \"mean_auc\": 0.9752316474914551,\n    \"average_precision_scores\": {\n        \"Angioectasia\": 0.7615209221839905,\n        \"Bleeding\": 0.8336895704269409,\n        \"Erosion\": 0.618021547794342,\n        \"Erythema\": 0.4981490969657898,\n        \"Foreign Body\": 0.8792226314544678,\n        \"Lymphangiectasia\": 0.8169347643852234,\n        \"Normal\": 0.9938146471977234,\n        \"Polyp\": 0.6014021039009094,\n        \"Ulcer\": 0.9678898453712463,\n        \"Worms\": 0.9865108132362366\n    },\n    \"mean_average_precision\": 0.7957156300544739,\n    \"mean_f1_score\": 0.6904350519180298,\n    \"mean_specificity\": 0.9806879162788391,\n    \"mean_sensitivity\": 0.8121621012687683,\n    \"balanced_accuracy\": 0.8121621012687683\n}"
}