{
    "epoch": 20,
    "train_metrics": "{\n    \"Angioectasia\": {\n        \"precision\": 0.9231398105621338,\n        \"recall\": 0.9031999707221985,\n        \"f1-score\": 0.9130610823631287,\n        \"specificity\": 0.9916708469390869\n    },\n    \"Bleeding\": {\n        \"precision\": 0.9362873435020447,\n        \"recall\": 0.9477176070213318,\n        \"f1-score\": 0.9419678449630737,\n        \"specificity\": 0.9928189516067505\n    },\n    \"Erosion\": {\n        \"precision\": 0.7759783864021301,\n        \"recall\": 0.7787107229232788,\n        \"f1-score\": 0.7773421406745911,\n        \"specificity\": 0.9755270481109619\n    },\n    \"Erythema\": {\n        \"precision\": 0.8721943497657776,\n        \"recall\": 0.8786911368370056,\n        \"f1-score\": 0.875430703163147,\n        \"specificity\": 0.985700786113739\n    },\n    \"Foreign Body\": {\n        \"precision\": 0.9580122232437134,\n        \"recall\": 0.9623598456382751,\n        \"f1-score\": 0.9601811170578003,\n        \"specificity\": 0.9953338503837585\n    },\n    \"Lymphangiectasia\": {\n        \"precision\": 0.9587410688400269,\n        \"recall\": 0.9562121033668518,\n        \"f1-score\": 0.9574748873710632,\n        \"specificity\": 0.9953867793083191\n    },\n    \"Normal\": {\n        \"precision\": 0.9116911888122559,\n        \"recall\": 0.892604649066925,\n        \"f1-score\": 0.9020469784736633,\n        \"specificity\": 0.9906274676322937\n    },\n    \"Polyp\": {\n        \"precision\": 0.8893671035766602,\n        \"recall\": 0.902157187461853,\n        \"f1-score\": 0.8957164883613586,\n        \"specificity\": 0.9870376586914062\n    },\n    \"Ulcer\": {\n        \"precision\": 0.988651692867279,\n        \"recall\": 0.989989161491394,\n        \"f1-score\": 0.9893199801445007,\n        \"specificity\": 0.9987614750862122\n    },\n    \"Worms\": {\n        \"precision\": 0.9955682754516602,\n        \"recall\": 0.9963474869728088,\n        \"f1-score\": 0.9959577322006226,\n        \"specificity\": 0.9994966387748718\n    },\n    \"macro avg\": {\n        \"precision\": 0.9209631085395813,\n        \"recall\": 0.9207989573478699,\n        \"f1-score\": 0.9208499193191528,\n        \"specificity\": 0.99123615026474\n    },\n    \"accuracy\": 0.9211050868034363,\n    \"auc_roc_scores\": {\n        \"Angioectasia\": 0.9959086179733276,\n        \"Bleeding\": 0.9984651803970337,\n        \"Erosion\": 0.9785823822021484,\n        \"Erythema\": 0.9939800500869751,\n        \"Foreign Body\": 0.9990147352218628,\n        \"Lymphangiectasia\": 0.9989082217216492,\n        \"Normal\": 0.9916045665740967,\n        \"Polyp\": 0.9949454665184021,\n        \"Ulcer\": 0.9999401569366455,\n        \"Worms\": 0.9999881982803345\n    },\n    \"mean_auc\": 0.9951338171958923,\n    \"average_precision_scores\": {\n        \"Angioectasia\": 0.9722648859024048,\n        \"Bleeding\": 0.9869743585586548,\n        \"Erosion\": 0.8671823740005493,\n        \"Erythema\": 0.9476382732391357,\n        \"Foreign Body\": 0.9929025173187256,\n        \"Lymphangiectasia\": 0.9925614595413208,\n        \"Normal\": 0.9582151174545288,\n        \"Polyp\": 0.9635050892829895,\n        \"Ulcer\": 0.9994614124298096,\n        \"Worms\": 0.9998976588249207\n    },\n    \"mean_average_precision\": 0.968060314655304,\n    \"mean_f1_score\": 0.9208499193191528,\n    \"mean_specificity\": 0.99123615026474,\n    \"mean_sensitivity\": 0.9207989573478699,\n    \"balanced_accuracy\": 0.9207989573478699\n}",
    "test_metrics": "{\n    \"Angioectasia\": {\n        \"precision\": 0.5520110726356506,\n        \"recall\": 0.800804853439331,\n        \"f1-score\": 0.6535303592681885,\n        \"specificity\": 0.9793412089347839\n    },\n    \"Bleeding\": {\n        \"precision\": 0.7080459594726562,\n        \"recall\": 0.8579387068748474,\n        \"f1-score\": 0.7758186459541321,\n        \"specificity\": 0.9919482469558716\n    },\n    \"Erosion\": {\n        \"precision\": 0.5457721948623657,\n        \"recall\": 0.6761904954910278,\n        \"f1-score\": 0.6040216684341431,\n        \"specificity\": 0.9566001296043396\n    },\n    \"Erythema\": {\n        \"precision\": 0.4000000059604645,\n        \"recall\": 0.6060606241226196,\n        \"f1-score\": 0.4819277226924896,\n        \"specificity\": 0.9829491376876831\n    },\n    \"Foreign Body\": {\n        \"precision\": 0.6818181872367859,\n        \"recall\": 0.8823529481887817,\n        \"f1-score\": 0.7692307829856873,\n        \"specificity\": 0.991134762763977\n    },\n    \"Lymphangiectasia\": {\n        \"precision\": 0.6229507923126221,\n        \"recall\": 0.8862974047660828,\n        \"f1-score\": 0.7316486239433289,\n        \"specificity\": 0.9883463382720947\n    },\n    \"Normal\": {\n        \"precision\": 0.9893273711204529,\n        \"recall\": 0.8977781534194946,\n        \"f1-score\": 0.9413321018218994,\n        \"specificity\": 0.9690507054328918\n    },\n    \"Polyp\": {\n        \"precision\": 0.5208655595779419,\n        \"recall\": 0.6740000247955322,\n        \"f1-score\": 0.5876199007034302,\n        \"specificity\": 0.980168879032135\n    },\n    \"Ulcer\": {\n        \"precision\": 0.9152542352676392,\n        \"recall\": 0.9440559148788452,\n        \"f1-score\": 0.9294320344924927,\n        \"specificity\": 0.9984223246574402\n    },\n    \"Worms\": {\n        \"precision\": 0.8799999952316284,\n        \"recall\": 0.970588207244873,\n        \"f1-score\": 0.9230769276618958,\n        \"specificity\": 0.9994397163391113\n    },\n    \"macro avg\": {\n        \"precision\": 0.6816045641899109,\n        \"recall\": 0.8196067214012146,\n        \"f1-score\": 0.7397639155387878,\n        \"specificity\": 0.9837401509284973\n    },\n    \"accuracy\": 0.8662906289100647,\n    \"auc_roc_scores\": {\n        \"Angioectasia\": 0.9703230857849121,\n        \"Bleeding\": 0.9874147772789001,\n        \"Erosion\": 0.9478592276573181,\n        \"Erythema\": 0.9650304317474365,\n        \"Foreign Body\": 0.986015260219574,\n        \"Lymphangiectasia\": 0.9847316145896912,\n        \"Normal\": 0.9838612079620361,\n        \"Polyp\": 0.9730629324913025,\n        \"Ulcer\": 0.999308705329895,\n        \"Worms\": 0.9999532699584961\n    },\n    \"mean_auc\": 0.9797559976577759,\n    \"average_precision_scores\": {\n        \"Angioectasia\": 0.785108208656311,\n        \"Bleeding\": 0.8691236972808838,\n        \"Erosion\": 0.6849014759063721,\n        \"Erythema\": 0.5357701182365417,\n        \"Foreign Body\": 0.9032402634620667,\n        \"Lymphangiectasia\": 0.8746271133422852,\n        \"Normal\": 0.9950596690177917,\n        \"Polyp\": 0.6619285941123962,\n        \"Ulcer\": 0.9780396819114685,\n        \"Worms\": 0.9906769394874573\n    },\n    \"mean_average_precision\": 0.8278475999832153,\n    \"mean_f1_score\": 0.7397639155387878,\n    \"mean_specificity\": 0.9837401509284973,\n    \"mean_sensitivity\": 0.8196067214012146,\n    \"balanced_accuracy\": 0.8196067214012146\n}"
}