{
    "epoch": 17,
    "train_metrics": "{\n    \"Angioectasia\": {\n        \"precision\": 0.9139090776443481,\n        \"recall\": 0.8963060975074768,\n        \"f1-score\": 0.9050219655036926,\n        \"specificity\": 0.9905372858047485\n    },\n    \"Bleeding\": {\n        \"precision\": 0.9282700419425964,\n        \"recall\": 0.9424363970756531,\n        \"f1-score\": 0.9352995753288269,\n        \"specificity\": 0.9919697642326355\n    },\n    \"Erosion\": {\n        \"precision\": 0.7785522937774658,\n        \"recall\": 0.7674418687820435,\n        \"f1-score\": 0.7729571461677551,\n        \"specificity\": 0.9755787253379822\n    },\n    \"Erythema\": {\n        \"precision\": 0.8647089600563049,\n        \"recall\": 0.8839453458786011,\n        \"f1-score\": 0.8742213249206543,\n        \"specificity\": 0.9847679734230042\n    },\n    \"Foreign Body\": {\n        \"precision\": 0.955041229724884,\n        \"recall\": 0.9547872543334961,\n        \"f1-score\": 0.9549142122268677,\n        \"specificity\": 0.9950069189071655\n    },\n    \"Lymphangiectasia\": {\n        \"precision\": 0.9568874835968018,\n        \"recall\": 0.9548793435096741,\n        \"f1-score\": 0.9558823704719543,\n        \"specificity\": 0.9951472282409668\n    },\n    \"Normal\": {\n        \"precision\": 0.9135702848434448,\n        \"recall\": 0.8912529349327087,\n        \"f1-score\": 0.9022736549377441,\n        \"specificity\": 0.9905029535293579\n    },\n    \"Polyp\": {\n        \"precision\": 0.8754935264587402,\n        \"recall\": 0.8952893614768982,\n        \"f1-score\": 0.8852807879447937,\n        \"specificity\": 0.9860439300537109\n    },\n    \"Ulcer\": {\n        \"precision\": 0.9865410327911377,\n        \"recall\": 0.9881369471549988,\n        \"f1-score\": 0.9873383641242981,\n        \"specificity\": 0.9985249638557434\n    },\n    \"Worms\": {\n        \"precision\": 0.9960138201713562,\n        \"recall\": 0.9957491755485535,\n        \"f1-score\": 0.9958814978599548,\n        \"specificity\": 0.9995567798614502\n    },\n    \"macro avg\": {\n        \"precision\": 0.9168987274169922,\n        \"recall\": 0.9170225262641907,\n        \"f1-score\": 0.9169071316719055,\n        \"specificity\": 0.9907636642456055\n    },\n    \"accuracy\": 0.9168771505355835,\n    \"auc_roc_scores\": {\n        \"Angioectasia\": 0.9946224689483643,\n        \"Bleeding\": 0.9978675842285156,\n        \"Erosion\": 0.976373016834259,\n        \"Erythema\": 0.9933387637138367,\n        \"Foreign Body\": 0.9987683296203613,\n        \"Lymphangiectasia\": 0.9987835884094238,\n        \"Normal\": 0.9912975430488586,\n        \"Polyp\": 0.994714081287384,\n        \"Ulcer\": 0.9997533559799194,\n        \"Worms\": 0.9999774098396301\n    },\n    \"mean_auc\": 0.994549572467804,\n    \"average_precision_scores\": {\n        \"Angioectasia\": 0.9679712057113647,\n        \"Bleeding\": 0.9824696183204651,\n        \"Erosion\": 0.8619861006736755,\n        \"Erythema\": 0.9423351287841797,\n        \"Foreign Body\": 0.9912888407707214,\n        \"Lymphangiectasia\": 0.9906527400016785,\n        \"Normal\": 0.9593232870101929,\n        \"Polyp\": 0.9578494429588318,\n        \"Ulcer\": 0.9989765286445618,\n        \"Worms\": 0.9998064041137695\n    },\n    \"mean_average_precision\": 0.9652658700942993,\n    \"mean_f1_score\": 0.9169071316719055,\n    \"mean_specificity\": 0.9907636642456055,\n    \"mean_sensitivity\": 0.9170225262641907,\n    \"balanced_accuracy\": 0.9170225262641907\n}",
    "test_metrics": "{\n    \"Angioectasia\": {\n        \"precision\": 0.5345744490623474,\n        \"recall\": 0.8088530898094177,\n        \"f1-score\": 0.643714964389801,\n        \"specificity\": 0.9776143431663513\n    },\n    \"Bleeding\": {\n        \"precision\": 0.7113164067268372,\n        \"recall\": 0.8579387068748474,\n        \"f1-score\": 0.7777777910232544,\n        \"specificity\": 0.9920750856399536\n    },\n    \"Erosion\": {\n        \"precision\": 0.5308988690376282,\n        \"recall\": 0.6545454263687134,\n        \"f1-score\": 0.586273729801178,\n        \"specificity\": 0.9553982615470886\n    },\n    \"Erythema\": {\n        \"precision\": 0.3855932056903839,\n        \"recall\": 0.6127946376800537,\n        \"f1-score\": 0.47334200143814087,\n        \"specificity\": 0.9816861152648926\n    },\n    \"Foreign Body\": {\n        \"precision\": 0.6770601272583008,\n        \"recall\": 0.8941176533699036,\n        \"f1-score\": 0.7705956697463989,\n        \"specificity\": 0.9908181428909302\n    },\n    \"Lymphangiectasia\": {\n        \"precision\": 0.6206185817718506,\n        \"recall\": 0.8775510191917419,\n        \"f1-score\": 0.727053165435791,\n        \"specificity\": 0.9883463382720947\n    },\n    \"Normal\": {\n        \"precision\": 0.9915446639060974,\n        \"recall\": 0.8876047730445862,\n        \"f1-score\": 0.936700165271759,\n        \"specificity\": 0.9758127331733704\n    },\n    \"Polyp\": {\n        \"precision\": 0.4882108271121979,\n        \"recall\": 0.7039999961853027,\n        \"f1-score\": 0.5765765905380249,\n        \"specificity\": 0.9763945937156677\n    },\n    \"Ulcer\": {\n        \"precision\": 0.8652037382125854,\n        \"recall\": 0.9650349617004395,\n        \"f1-score\": 0.9123966693878174,\n        \"specificity\": 0.9972863793373108\n    },\n    \"Worms\": {\n        \"precision\": 0.8717948794364929,\n        \"recall\": 1.0,\n        \"f1-score\": 0.931506872177124,\n        \"specificity\": 0.9993774890899658\n    },\n    \"macro avg\": {\n        \"precision\": 0.6676816344261169,\n        \"recall\": 0.826244056224823,\n        \"f1-score\": 0.733593761920929,\n        \"specificity\": 0.9834809303283691\n    },\n    \"accuracy\": 0.858851969242096,\n    \"auc_roc_scores\": {\n        \"Angioectasia\": 0.9674129486083984,\n        \"Bleeding\": 0.9870651960372925,\n        \"Erosion\": 0.9371378421783447,\n        \"Erythema\": 0.967373788356781,\n        \"Foreign Body\": 0.9883893728256226,\n        \"Lymphangiectasia\": 0.9850003719329834,\n        \"Normal\": 0.9852209091186523,\n        \"Polyp\": 0.9728215336799622,\n        \"Ulcer\": 0.9994432926177979,\n        \"Worms\": 0.9999881386756897\n    },\n    \"mean_auc\": 0.9789854288101196,\n    \"average_precision_scores\": {\n        \"Angioectasia\": 0.7863410711288452,\n        \"Bleeding\": 0.8603980541229248,\n        \"Erosion\": 0.6599291563034058,\n        \"Erythema\": 0.4981939494609833,\n        \"Foreign Body\": 0.8975974917411804,\n        \"Lymphangiectasia\": 0.8536198139190674,\n        \"Normal\": 0.9955074191093445,\n        \"Polyp\": 0.6646183729171753,\n        \"Ulcer\": 0.9809865951538086,\n        \"Worms\": 0.9974223375320435\n    },\n    \"mean_average_precision\": 0.819461464881897,\n    \"mean_f1_score\": 0.733593761920929,\n    \"mean_specificity\": 0.9834809303283691,\n    \"mean_sensitivity\": 0.826244056224823,\n    \"balanced_accuracy\": 0.826244056224823\n}"
}