{
    "epoch": 7,
    "train_metrics": "{\n    \"Angioectasia\": {\n        \"precision\": 0.8447937369346619,\n        \"recall\": 0.8033093214035034,\n        \"f1-score\": 0.8235294222831726,\n        \"specificity\": 0.9836680293083191\n    },\n    \"Bleeding\": {\n        \"precision\": 0.8968774676322937,\n        \"recall\": 0.9095263481140137,\n        \"f1-score\": 0.9031575918197632,\n        \"specificity\": 0.9883896112442017\n    },\n    \"Erosion\": {\n        \"precision\": 0.616769552230835,\n        \"recall\": 0.6259462237358093,\n        \"f1-score\": 0.6213240027427673,\n        \"specificity\": 0.9558858275413513\n    },\n    \"Erythema\": {\n        \"precision\": 0.7596028447151184,\n        \"recall\": 0.7649999856948853,\n        \"f1-score\": 0.7622918486595154,\n        \"specificity\": 0.9727867245674133\n    },\n    \"Foreign Body\": {\n        \"precision\": 0.9283791184425354,\n        \"recall\": 0.9231593012809753,\n        \"f1-score\": 0.9257618188858032,\n        \"specificity\": 0.992146909236908\n    },\n    \"Lymphangiectasia\": {\n        \"precision\": 0.9227210879325867,\n        \"recall\": 0.914262592792511,\n        \"f1-score\": 0.9184723496437073,\n        \"specificity\": 0.9916219115257263\n    },\n    \"Normal\": {\n        \"precision\": 0.8535987138748169,\n        \"recall\": 0.8324913382530212,\n        \"f1-score\": 0.8429129123687744,\n        \"specificity\": 0.9841340184211731\n    },\n    \"Polyp\": {\n        \"precision\": 0.7806135416030884,\n        \"recall\": 0.8161724805831909,\n        \"f1-score\": 0.7979971170425415,\n        \"specificity\": 0.9748945236206055\n    },\n    \"Ulcer\": {\n        \"precision\": 0.9740225672721863,\n        \"recall\": 0.9789029359817505,\n        \"f1-score\": 0.9764566421508789,\n        \"specificity\": 0.9970722794532776\n    },\n    \"Worms\": {\n        \"precision\": 0.9864757061004639,\n        \"recall\": 0.9883103370666504,\n        \"f1-score\": 0.9873921871185303,\n        \"specificity\": 0.9984930157661438\n    },\n    \"macro avg\": {\n        \"precision\": 0.8563854098320007,\n        \"recall\": 0.855708122253418,\n        \"f1-score\": 0.8559295535087585,\n        \"specificity\": 0.9839092493057251\n    },\n    \"accuracy\": 0.8552396893501282,\n    \"auc_roc_scores\": {\n        \"Angioectasia\": 0.9835381507873535,\n        \"Bleeding\": 0.9951369762420654,\n        \"Erosion\": 0.9426368474960327,\n        \"Erythema\": 0.978724479675293,\n        \"Foreign Body\": 0.9962451457977295,\n        \"Lymphangiectasia\": 0.9955657124519348,\n        \"Normal\": 0.9814232587814331,\n        \"Polyp\": 0.982792854309082,\n        \"Ulcer\": 0.9996097087860107,\n        \"Worms\": 0.999934732913971\n    },\n    \"mean_auc\": 0.9855608344078064,\n    \"average_precision_scores\": {\n        \"Angioectasia\": 0.9146298170089722,\n        \"Bleeding\": 0.9664543867111206,\n        \"Erosion\": 0.6911665201187134,\n        \"Erythema\": 0.8418514728546143,\n        \"Foreign Body\": 0.9780707359313965,\n        \"Lymphangiectasia\": 0.9724243879318237,\n        \"Normal\": 0.9144390821456909,\n        \"Polyp\": 0.8780571222305298,\n        \"Ulcer\": 0.9965757131576538,\n        \"Worms\": 0.9994352459907532\n    },\n    \"mean_average_precision\": 0.9153105020523071,\n    \"mean_f1_score\": 0.8559295535087585,\n    \"mean_specificity\": 0.9839092493057251,\n    \"mean_sensitivity\": 0.855708122253418,\n    \"balanced_accuracy\": 0.855708122253418\n}",
    "test_metrics": "{\n    \"Angioectasia\": {\n        \"precision\": 0.582524299621582,\n        \"recall\": 0.7243461012840271,\n        \"f1-score\": 0.6457399129867554,\n        \"specificity\": 0.9834985733032227\n    },\n    \"Bleeding\": {\n        \"precision\": 0.5588752031326294,\n        \"recall\": 0.8857938647270203,\n        \"f1-score\": 0.6853448152542114,\n        \"specificity\": 0.9840867519378662\n    },\n    \"Erosion\": {\n        \"precision\": 0.4537157714366913,\n        \"recall\": 0.6025974154472351,\n        \"f1-score\": 0.5176645517349243,\n        \"specificity\": 0.9440475106239319\n    },\n    \"Erythema\": {\n        \"precision\": 0.3285714387893677,\n        \"recall\": 0.619528591632843,\n        \"f1-score\": 0.4294049143791199,\n        \"specificity\": 0.9762551188468933\n    },\n    \"Foreign Body\": {\n        \"precision\": 0.5515947341918945,\n        \"recall\": 0.8647058606147766,\n        \"f1-score\": 0.6735395193099976,\n        \"specificity\": 0.9848657250404358\n    },\n    \"Lymphangiectasia\": {\n        \"precision\": 0.5641025900840759,\n        \"recall\": 0.8338192701339722,\n        \"f1-score\": 0.6729411482810974,\n        \"specificity\": 0.9860029220581055\n    },\n    \"Normal\": {\n        \"precision\": 0.989475667476654,\n        \"recall\": 0.8493529558181763,\n        \"f1-score\": 0.914075493812561,\n        \"specificity\": 0.9711313247680664\n    },\n    \"Polyp\": {\n        \"precision\": 0.416262149810791,\n        \"recall\": 0.6859999895095825,\n        \"f1-score\": 0.518126904964447,\n        \"specificity\": 0.9692297577857971\n    },\n    \"Ulcer\": {\n        \"precision\": 0.7875354290008545,\n        \"recall\": 0.9720279574394226,\n        \"f1-score\": 0.8701095581054688,\n        \"specificity\": 0.9952669739723206\n    },\n    \"Worms\": {\n        \"precision\": 0.7816091775894165,\n        \"recall\": 1.0,\n        \"f1-score\": 0.8774193525314331,\n        \"specificity\": 0.9988172054290771\n    },\n    \"macro avg\": {\n        \"precision\": 0.6014266610145569,\n        \"recall\": 0.8038172125816345,\n        \"f1-score\": 0.6804366111755371,\n        \"specificity\": 0.9793201684951782\n    },\n    \"accuracy\": 0.822154700756073,\n    \"auc_roc_scores\": {\n        \"Angioectasia\": 0.9627642631530762,\n        \"Bleeding\": 0.9904170036315918,\n        \"Erosion\": 0.9159666299819946,\n        \"Erythema\": 0.9575502872467041,\n        \"Foreign Body\": 0.9801039695739746,\n        \"Lymphangiectasia\": 0.97762131690979,\n        \"Normal\": 0.976039469242096,\n        \"Polyp\": 0.9707551002502441,\n        \"Ulcer\": 0.9989496469497681,\n        \"Worms\": 0.9999816417694092\n    },\n    \"mean_auc\": 0.9730149507522583,\n    \"average_precision_scores\": {\n        \"Angioectasia\": 0.752785325050354,\n        \"Bleeding\": 0.8477972149848938,\n        \"Erosion\": 0.5727081298828125,\n        \"Erythema\": 0.4658774733543396,\n        \"Foreign Body\": 0.8580666780471802,\n        \"Lymphangiectasia\": 0.8263148069381714,\n        \"Normal\": 0.9924383163452148,\n        \"Polyp\": 0.5974411964416504,\n        \"Ulcer\": 0.9677320122718811,\n        \"Worms\": 0.9961037039756775\n    },\n    \"mean_average_precision\": 0.7877265214920044,\n    \"mean_f1_score\": 0.6804366111755371,\n    \"mean_specificity\": 0.9793201684951782,\n    \"mean_sensitivity\": 0.8038172125816345,\n    \"balanced_accuracy\": 0.8038172125816345\n}"
}