{
    "Angioectasia": {
        "precision": 0.9660729169845581,
        "recall": 0.9870017170906067,
        "f1-score": 0.9764252305030823,
        "specificity": 0.9989026784896851
    },
    "Bleeding": {
        "precision": 0.9222972989082336,
        "recall": 0.9820144176483154,
        "f1-score": 0.9512194991111755,
        "specificity": 0.9981236457824707
    },
    "Erosion": {
        "precision": 0.9539398550987244,
        "recall": 0.9302152991294861,
        "f1-score": 0.9419282078742981,
        "specificity": 0.9965342283248901
    },
    "Erythema": {
        "precision": 0.8868421316146851,
        "recall": 0.9753979444503784,
        "f1-score": 0.9290144443511963,
        "specificity": 0.9976704120635986
    },
    "Foreign Body": {
        "precision": 0.9205607771873474,
        "recall": 0.9949495196342468,
        "f1-score": 0.9563106894493103,
        "specificity": 0.9981529116630554
    },
    "Lymphangiectasia": {
        "precision": 0.9264018535614014,
        "recall": 0.9962311387062073,
        "f1-score": 0.9600484371185303,
        "specificity": 0.9982885718345642
    },
    "Normal": {
        "precision": 0.9990153312683105,
        "recall": 0.9911035299301147,
        "f1-score": 0.9950436949729919,
        "specificity": 0.9968693852424622
    },
    "Polyp": {
        "precision": 0.9561181664466858,
        "recall": 0.9750430583953857,
        "f1-score": 0.9654878377914429,
        "specificity": 0.9985731840133667
    },
    "Ulcer": {
        "precision": 0.998487114906311,
        "recall": 0.9954751133918762,
        "f1-score": 0.9969788789749146,
        "specificity": 0.999972939491272
    },
    "Worms": {
        "precision": 0.9937106966972351,
        "recall": 1.0,
        "f1-score": 0.9968454241752625,
        "specificity": 0.9999732971191406
    },
    "macro avg": {
        "precision": 0.9523445963859558,
        "recall": 0.9827431440353394,
        "f1-score": 0.9669302105903625,
        "specificity": 0.998306155204773
    },
    "accuracy": 0.9859334826469421,
    "auc_roc_scores": {
        "Angioectasia": 0.9999152421951294,
        "Bleeding": 0.9997855424880981,
        "Erosion": 0.999006986618042,
        "Erythema": 0.9996388554573059,
        "Foreign Body": 0.9998339414596558,
        "Lymphangiectasia": 0.9999634027481079,
        "Normal": 0.9994146823883057,
        "Polyp": 0.9997637271881104,
        "Ulcer": 0.9999961853027344,
        "Worms": 1.0
    },
    "mean_auc": 0.9997318387031555,
    "average_precision_scores": {
        "Angioectasia": 0.9971476197242737,
        "Bleeding": 0.9899881482124329,
        "Erosion": 0.988550066947937,
        "Erythema": 0.9794644117355347,
        "Foreign Body": 0.9936633110046387,
        "Lymphangiectasia": 0.9983068704605103,
        "Normal": 0.9998265504837036,
        "Polyp": 0.9892795085906982,
        "Ulcer": 0.9997811317443848,
        "Worms": 1.0
    },
    "mean_average_precision": 0.9936007261276245,
    "mean_f1_score": 0.9669302105903625,
    "mean_specificity": 0.998306155204773,
    "mean_sensitivity": 0.9827431440353394,
    "balanced_accuracy": 0.9827431440353394
}