{
    "epoch": 8,
    "train_metrics": "{\n    \"Angioectasia\": {\n        \"precision\": 0.9528071880340576,\n        \"recall\": 0.9474110007286072,\n        \"f1-score\": 0.9501014351844788,\n        \"specificity\": 0.9948670864105225\n    },\n    \"Bleeding\": {\n        \"precision\": 0.9500944018363953,\n        \"recall\": 0.95941162109375,\n        \"f1-score\": 0.9547302722930908,\n        \"specificity\": 0.9945485591888428\n    },\n    \"Erosion\": {\n        \"precision\": 0.8780751824378967,\n        \"recall\": 0.8619957566261292,\n        \"f1-score\": 0.869961142539978,\n        \"specificity\": 0.9866721630096436\n    },\n    \"Erythema\": {\n        \"precision\": 0.9155963063240051,\n        \"recall\": 0.9319637417793274,\n        \"f1-score\": 0.9237075448036194,\n        \"specificity\": 0.9904899597167969\n    },\n    \"Foreign Body\": {\n        \"precision\": 0.9707953333854675,\n        \"recall\": 0.9723165035247803,\n        \"f1-score\": 0.9715553522109985,\n        \"specificity\": 0.9966842532157898\n    },\n    \"Lymphangiectasia\": {\n        \"precision\": 0.9705960154533386,\n        \"recall\": 0.9705960154533386,\n        \"f1-score\": 0.9705960154533386,\n        \"specificity\": 0.9967190623283386\n    },\n    \"Normal\": {\n        \"precision\": 0.9502971172332764,\n        \"recall\": 0.9334040880203247,\n        \"f1-score\": 0.941774845123291,\n        \"specificity\": 0.9945623278617859\n    },\n    \"Polyp\": {\n        \"precision\": 0.9275632500648499,\n        \"recall\": 0.9398273229598999,\n        \"f1-score\": 0.9336550235748291,\n        \"specificity\": 0.9919766187667847\n    },\n    \"Ulcer\": {\n        \"precision\": 0.9953331351280212,\n        \"recall\": 0.994817316532135,\n        \"f1-score\": 0.9950751662254333,\n        \"specificity\": 0.9994666576385498\n    },\n    \"Worms\": {\n        \"precision\": 0.9978808164596558,\n        \"recall\": 0.9981452226638794,\n        \"f1-score\": 0.9980129599571228,\n        \"specificity\": 0.999763548374176\n    },\n    \"macro avg\": {\n        \"precision\": 0.9509038925170898,\n        \"recall\": 0.9509888887405396,\n        \"f1-score\": 0.9509169459342957,\n        \"specificity\": 0.994575023651123\n    },\n    \"accuracy\": 0.9511526823043823,\n    \"auc_roc_scores\": {\n        \"Angioectasia\": 0.9988211989402771,\n        \"Bleeding\": 0.9993355870246887,\n        \"Erosion\": 0.9916833639144897,\n        \"Erythema\": 0.9975370764732361,\n        \"Foreign Body\": 0.9995898008346558,\n        \"Lymphangiectasia\": 0.9995778203010559,\n        \"Normal\": 0.9967519044876099,\n        \"Polyp\": 0.9977474212646484,\n        \"Ulcer\": 0.9999446272850037,\n        \"Worms\": 0.9999960064888\n    },\n    \"mean_auc\": 0.9980985522270203,\n    \"average_precision_scores\": {\n        \"Angioectasia\": 0.9908769130706787,\n        \"Bleeding\": 0.993898868560791,\n        \"Erosion\": 0.9472438097000122,\n        \"Erythema\": 0.977374255657196,\n        \"Foreign Body\": 0.9966680407524109,\n        \"Lymphangiectasia\": 0.9963791370391846,\n        \"Normal\": 0.9838119745254517,\n        \"Polyp\": 0.9818959832191467,\n        \"Ulcer\": 0.9996276497840881,\n        \"Worms\": 0.9999637007713318\n    },\n    \"mean_average_precision\": 0.9867740869522095,\n    \"mean_f1_score\": 0.9509169459342957,\n    \"mean_specificity\": 0.994575023651123,\n    \"mean_sensitivity\": 0.9509888887405396,\n    \"balanced_accuracy\": 0.9509888887405396\n}",
    "test_metrics": "{\n    \"Angioectasia\": {\n        \"precision\": 0.8568181991577148,\n        \"recall\": 0.758551299571991,\n        \"f1-score\": 0.8046958446502686,\n        \"specificity\": 0.995970606803894\n    },\n    \"Bleeding\": {\n        \"precision\": 0.7780548334121704,\n        \"recall\": 0.8690807819366455,\n        \"f1-score\": 0.821052610874176,\n        \"specificity\": 0.9943574666976929\n    },\n    \"Erosion\": {\n        \"precision\": 0.6439509987831116,\n        \"recall\": 0.7281385064125061,\n        \"f1-score\": 0.6834620237350464,\n        \"specificity\": 0.9689524173736572\n    },\n    \"Erythema\": {\n        \"precision\": 0.4360465109348297,\n        \"recall\": 0.7575757503509521,\n        \"f1-score\": 0.553505539894104,\n        \"specificity\": 0.9816229939460754\n    },\n    \"Foreign Body\": {\n        \"precision\": 0.8640226721763611,\n        \"recall\": 0.8970588445663452,\n        \"f1-score\": 0.8802309036254883,\n        \"specificity\": 0.996960461139679\n    },\n    \"Lymphangiectasia\": {\n        \"precision\": 0.7338308691978455,\n        \"recall\": 0.8600583076477051,\n        \"f1-score\": 0.791946291923523,\n        \"specificity\": 0.9932231307029724\n    },\n    \"Normal\": {\n        \"precision\": 0.991496741771698,\n        \"recall\": 0.9300073385238647,\n        \"f1-score\": 0.9597681760787964,\n        \"specificity\": 0.9745123386383057\n    },\n    \"Polyp\": {\n        \"precision\": 0.48275861144065857,\n        \"recall\": 0.8119999766349792,\n        \"f1-score\": 0.6055182814598083,\n        \"specificity\": 0.9721724390983582\n    },\n    \"Ulcer\": {\n        \"precision\": 0.9542253613471985,\n        \"recall\": 0.9475524425506592,\n        \"f1-score\": 0.9508771896362305,\n        \"specificity\": 0.9991796016693115\n    },\n    \"Worms\": {\n        \"precision\": 1.0,\n        \"recall\": 0.9411764740943909,\n        \"f1-score\": 0.9696969985961914,\n        \"specificity\": 1.0\n    },\n    \"macro avg\": {\n        \"precision\": 0.7741205096244812,\n        \"recall\": 0.8501200079917908,\n        \"f1-score\": 0.8020753860473633,\n        \"specificity\": 0.9876951575279236\n    },\n    \"accuracy\": 0.900260329246521,\n    \"auc_roc_scores\": {\n        \"Angioectasia\": 0.9807916879653931,\n        \"Bleeding\": 0.9889230728149414,\n        \"Erosion\": 0.9699648022651672,\n        \"Erythema\": 0.9781783819198608,\n        \"Foreign Body\": 0.992249608039856,\n        \"Lymphangiectasia\": 0.9854542016983032,\n        \"Normal\": 0.9921741485595703,\n        \"Polyp\": 0.9803816080093384,\n        \"Ulcer\": 0.9998104572296143,\n        \"Worms\": 0.9975584745407104\n    },\n    \"mean_auc\": 0.9865486025810242,\n    \"average_precision_scores\": {\n        \"Angioectasia\": 0.8668780326843262,\n        \"Bleeding\": 0.9054006338119507,\n        \"Erosion\": 0.776973307132721,\n        \"Erythema\": 0.6608175039291382,\n        \"Foreign Body\": 0.9403175115585327,\n        \"Lymphangiectasia\": 0.8883219957351685,\n        \"Normal\": 0.9975814819335938,\n        \"Polyp\": 0.731508731842041,\n        \"Ulcer\": 0.9897207021713257,\n        \"Worms\": 0.9714733362197876\n    },\n    \"mean_average_precision\": 0.8728993535041809,\n    \"mean_f1_score\": 0.8020753860473633,\n    \"mean_specificity\": 0.9876951575279236,\n    \"mean_sensitivity\": 0.8501200079917908,\n    \"balanced_accuracy\": 0.8501200079917908\n}"
}