{
    "epoch": 13,
    "train_metrics": "{\n    \"Angioectasia\": {\n        \"precision\": 0.9680063724517822,\n        \"recall\": 0.9674947261810303,\n        \"f1-score\": 0.9677504897117615,\n        \"specificity\": 0.996422529220581\n    },\n    \"Bleeding\": {\n        \"precision\": 0.9662526845932007,\n        \"recall\": 0.9754701256752014,\n        \"f1-score\": 0.9708395600318909,\n        \"specificity\": 0.9963167905807495\n    },\n    \"Erosion\": {\n        \"precision\": 0.9380602836608887,\n        \"recall\": 0.9203091859817505,\n        \"f1-score\": 0.929099977016449,\n        \"specificity\": 0.9932653903961182\n    },\n    \"Erythema\": {\n        \"precision\": 0.949508011341095,\n        \"recall\": 0.9634787440299988,\n        \"f1-score\": 0.9564423561096191,\n        \"specificity\": 0.9942309260368347\n    },\n    \"Foreign Body\": {\n        \"precision\": 0.9790949821472168,\n        \"recall\": 0.9814323782920837,\n        \"f1-score\": 0.980262279510498,\n        \"specificity\": 0.997665286064148\n    },\n    \"Lymphangiectasia\": {\n        \"precision\": 0.9809321761131287,\n        \"recall\": 0.9817121624946594,\n        \"f1-score\": 0.9813220500946045,\n        \"specificity\": 0.9978719353675842\n    },\n    \"Normal\": {\n        \"precision\": 0.9792453050613403,\n        \"recall\": 0.9690583944320679,\n        \"f1-score\": 0.9741252064704895,\n        \"specificity\": 0.997725784778595\n    },\n    \"Polyp\": {\n        \"precision\": 0.9653284549713135,\n        \"recall\": 0.9678515195846558,\n        \"f1-score\": 0.9665883779525757,\n        \"specificity\": 0.9960628747940063\n    },\n    \"Ulcer\": {\n        \"precision\": 0.9986562728881836,\n        \"recall\": 0.9983879923820496,\n        \"f1-score\": 0.9985221028327942,\n        \"specificity\": 0.9998524188995361\n    },\n    \"Worms\": {\n        \"precision\": 0.9997337460517883,\n        \"recall\": 0.9997337460517883,\n        \"f1-score\": 0.9997337460517883,\n        \"specificity\": 0.9999704360961914\n    },\n    \"macro avg\": {\n        \"precision\": 0.9724818468093872,\n        \"recall\": 0.9724929928779602,\n        \"f1-score\": 0.9724685549736023,\n        \"specificity\": 0.9969385266304016\n    },\n    \"accuracy\": 0.97245192527771,\n    \"auc_roc_scores\": {\n        \"Angioectasia\": 0.9995276927947998,\n        \"Bleeding\": 0.9997069835662842,\n        \"Erosion\": 0.9973410964012146,\n        \"Erythema\": 0.9992691278457642,\n        \"Foreign Body\": 0.9997203350067139,\n        \"Lymphangiectasia\": 0.999846875667572,\n        \"Normal\": 0.9989511966705322,\n        \"Polyp\": 0.9995748400688171,\n        \"Ulcer\": 0.9999912977218628,\n        \"Worms\": 1.0\n    },\n    \"mean_auc\": 0.9993929862976074,\n    \"average_precision_scores\": {\n        \"Angioectasia\": 0.9965298175811768,\n        \"Bleeding\": 0.9972691535949707,\n        \"Erosion\": 0.9805060029029846,\n        \"Erythema\": 0.9933463335037231,\n        \"Foreign Body\": 0.9983638525009155,\n        \"Lymphangiectasia\": 0.9986221790313721,\n        \"Normal\": 0.9947017431259155,\n        \"Polyp\": 0.9962241053581238,\n        \"Ulcer\": 0.9999140501022339,\n        \"Worms\": 0.9999998211860657\n    },\n    \"mean_average_precision\": 0.9955477118492126,\n    \"mean_f1_score\": 0.9724685549736023,\n    \"mean_specificity\": 0.9969385266304016,\n    \"mean_sensitivity\": 0.9724929928779602,\n    \"balanced_accuracy\": 0.9724929928779602\n}",
    "test_metrics": "{\n    \"Angioectasia\": {\n        \"precision\": 0.7865384817123413,\n        \"recall\": 0.8229376077651978,\n        \"f1-score\": 0.8043264746665955,\n        \"specificity\": 0.992900550365448\n    },\n    \"Bleeding\": {\n        \"precision\": 0.7657004594802856,\n        \"recall\": 0.8830083608627319,\n        \"f1-score\": 0.820181131362915,\n        \"specificity\": 0.9938502311706543\n    },\n    \"Erosion\": {\n        \"precision\": 0.6411290168762207,\n        \"recall\": 0.8259740471839905,\n        \"f1-score\": 0.7219069004058838,\n        \"specificity\": 0.9643453359603882\n    },\n    \"Erythema\": {\n        \"precision\": 0.5882353186607361,\n        \"recall\": 0.6734007000923157,\n        \"f1-score\": 0.6279434561729431,\n        \"specificity\": 0.9911588430404663\n    },\n    \"Foreign Body\": {\n        \"precision\": 0.8847262263298035,\n        \"recall\": 0.9029411673545837,\n        \"f1-score\": 0.8937408924102783,\n        \"specificity\": 0.9974671006202698\n    },\n    \"Lymphangiectasia\": {\n        \"precision\": 0.7549019455909729,\n        \"recall\": 0.8979591727256775,\n        \"f1-score\": 0.8202396631240845,\n        \"specificity\": 0.9936664700508118\n    },\n    \"Normal\": {\n        \"precision\": 0.9926833510398865,\n        \"recall\": 0.9496215581893921,\n        \"f1-score\": 0.9706751108169556,\n        \"specificity\": 0.9776332974433899\n    },\n    \"Polyp\": {\n        \"precision\": 0.7069306969642639,\n        \"recall\": 0.7139999866485596,\n        \"f1-score\": 0.7104477882385254,\n        \"specificity\": 0.9905322194099426\n    },\n    \"Ulcer\": {\n        \"precision\": 0.9683098793029785,\n        \"recall\": 0.9615384340286255,\n        \"f1-score\": 0.9649122953414917,\n        \"specificity\": 0.9994320273399353\n    },\n    \"Worms\": {\n        \"precision\": 0.9305555820465088,\n        \"recall\": 0.9852941036224365,\n        \"f1-score\": 0.9571428298950195,\n        \"specificity\": 0.9996887445449829\n    },\n    \"macro avg\": {\n        \"precision\": 0.8019710779190063,\n        \"recall\": 0.8616675734519958,\n        \"f1-score\": 0.8291516304016113,\n        \"specificity\": 0.9900674819946289\n    },\n    \"accuracy\": 0.9212744832038879,\n    \"auc_roc_scores\": {\n        \"Angioectasia\": 0.984359622001648,\n        \"Bleeding\": 0.9915872812271118,\n        \"Erosion\": 0.9777337312698364,\n        \"Erythema\": 0.9776793122291565,\n        \"Foreign Body\": 0.9918616414070129,\n        \"Lymphangiectasia\": 0.988185703754425,\n        \"Normal\": 0.9943496584892273,\n        \"Polyp\": 0.9788659811019897,\n        \"Ulcer\": 0.9987919330596924,\n        \"Worms\": 0.9999697804450989\n    },\n    \"mean_auc\": 0.9883384704589844,\n    \"average_precision_scores\": {\n        \"Angioectasia\": 0.8761823177337646,\n        \"Bleeding\": 0.910538911819458,\n        \"Erosion\": 0.822265625,\n        \"Erythema\": 0.6661843061447144,\n        \"Foreign Body\": 0.9374708533287048,\n        \"Lymphangiectasia\": 0.9118778109550476,\n        \"Normal\": 0.9982768297195435,\n        \"Polyp\": 0.7666873931884766,\n        \"Ulcer\": 0.9891663789749146,\n        \"Worms\": 0.9947348237037659\n    },\n    \"mean_average_precision\": 0.8873385787010193,\n    \"mean_f1_score\": 0.8291516304016113,\n    \"mean_specificity\": 0.9900674819946289,\n    \"mean_sensitivity\": 0.8616675734519958,\n    \"balanced_accuracy\": 0.8616675734519958\n}"
}