{
    "epoch": 9,
    "train_metrics": "{\n    \"Angioectasia\": {\n        \"precision\": 0.9563132524490356,\n        \"recall\": 0.9540260434150696,\n        \"f1-score\": 0.9551683068275452,\n        \"specificity\": 0.9951542615890503\n    },\n    \"Bleeding\": {\n        \"precision\": 0.9568690061569214,\n        \"recall\": 0.9674293398857117,\n        \"f1-score\": 0.9621201753616333,\n        \"specificity\": 0.9952201247215271\n    },\n    \"Erosion\": {\n        \"precision\": 0.9014949202537537,\n        \"recall\": 0.8872832655906677,\n        \"f1-score\": 0.8943326473236084,\n        \"specificity\": 0.9890831708908081\n    },\n    \"Erythema\": {\n        \"precision\": 0.9290204048156738,\n        \"recall\": 0.9410984516143799,\n        \"f1-score\": 0.9350204467773438,\n        \"specificity\": 0.9919912815093994\n    },\n    \"Foreign Body\": {\n        \"precision\": 0.969393253326416,\n        \"recall\": 0.9736126065254211,\n        \"f1-score\": 0.9714983701705933,\n        \"specificity\": 0.9966697096824646\n    },\n    \"Lymphangiectasia\": {\n        \"precision\": 0.974825918674469,\n        \"recall\": 0.9732620120048523,\n        \"f1-score\": 0.9740433692932129,\n        \"specificity\": 0.9972244501113892\n    },\n    \"Normal\": {\n        \"precision\": 0.9553521871566772,\n        \"recall\": 0.9420289993286133,\n        \"f1-score\": 0.9486438035964966,\n        \"specificity\": 0.9952577352523804\n    },\n    \"Polyp\": {\n        \"precision\": 0.9468473196029663,\n        \"recall\": 0.951557993888855,\n        \"f1-score\": 0.9491968154907227,\n        \"specificity\": 0.9939623475074768\n    },\n    \"Ulcer\": {\n        \"precision\": 0.9955648183822632,\n        \"recall\": 0.9960845708847046,\n        \"f1-score\": 0.9958246350288391,\n        \"specificity\": 0.9994966983795166\n    },\n    \"Worms\": {\n        \"precision\": 0.9979112148284912,\n        \"recall\": 0.9976507425308228,\n        \"f1-score\": 0.997780978679657,\n        \"specificity\": 0.9997631311416626\n    },\n    \"macro avg\": {\n        \"precision\": 0.9583592414855957,\n        \"recall\": 0.9584034085273743,\n        \"f1-score\": 0.9583629965782166,\n        \"specificity\": 0.9953823089599609\n    },\n    \"accuracy\": 0.9584385752677917,\n    \"auc_roc_scores\": {\n        \"Angioectasia\": 0.9989648461341858,\n        \"Bleeding\": 0.9994688630104065,\n        \"Erosion\": 0.9944194555282593,\n        \"Erythema\": 0.9982659816741943,\n        \"Foreign Body\": 0.9996604919433594,\n        \"Lymphangiectasia\": 0.9996891021728516,\n        \"Normal\": 0.9976244568824768,\n        \"Polyp\": 0.9988750219345093,\n        \"Ulcer\": 0.9999886751174927,\n        \"Worms\": 0.9999957084655762\n    },\n    \"mean_auc\": 0.9986953139305115,\n    \"average_precision_scores\": {\n        \"Angioectasia\": 0.9923086166381836,\n        \"Bleeding\": 0.9951573610305786,\n        \"Erosion\": 0.962627112865448,\n        \"Erythema\": 0.9844661951065063,\n        \"Foreign Body\": 0.997179388999939,\n        \"Lymphangiectasia\": 0.9971379041671753,\n        \"Normal\": 0.9867709875106812,\n        \"Polyp\": 0.990349292755127,\n        \"Ulcer\": 0.9999043941497803,\n        \"Worms\": 0.9999628067016602\n    },\n    \"mean_average_precision\": 0.9905864000320435,\n    \"mean_f1_score\": 0.9583629965782166,\n    \"mean_specificity\": 0.9953823089599609,\n    \"mean_sensitivity\": 0.9584034085273743,\n    \"balanced_accuracy\": 0.9584034085273743\n}",
    "test_metrics": "{\n    \"Angioectasia\": {\n        \"precision\": 0.6786834001541138,\n        \"recall\": 0.8712273836135864,\n        \"f1-score\": 0.7629956007003784,\n        \"specificity\": 0.9868884086608887\n    },\n    \"Bleeding\": {\n        \"precision\": 0.807106614112854,\n        \"recall\": 0.8857938647270203,\n        \"f1-score\": 0.8446215391159058,\n        \"specificity\": 0.9951816201210022\n    },\n    \"Erosion\": {\n        \"precision\": 0.7622180581092834,\n        \"recall\": 0.7021645307540894,\n        \"f1-score\": 0.7309598922729492,\n        \"specificity\": 0.9831074476242065\n    },\n    \"Erythema\": {\n        \"precision\": 0.5253807306289673,\n        \"recall\": 0.6969696879386902,\n        \"f1-score\": 0.59913170337677,\n        \"specificity\": 0.9881907105445862\n    },\n    \"Foreign Body\": {\n        \"precision\": 0.875,\n        \"recall\": 0.9058823585510254,\n        \"f1-score\": 0.8901734352111816,\n        \"specificity\": 0.9972137808799744\n    },\n    \"Lymphangiectasia\": {\n        \"precision\": 0.8422535061836243,\n        \"recall\": 0.8717201352119446,\n        \"f1-score\": 0.856733500957489,\n        \"specificity\": 0.9964532256126404\n    },\n    \"Normal\": {\n        \"precision\": 0.9883661866188049,\n        \"recall\": 0.9541792273521423,\n        \"f1-score\": 0.9709718823432922,\n        \"specificity\": 0.9641092419624329\n    },\n    \"Polyp\": {\n        \"precision\": 0.5488826632499695,\n        \"recall\": 0.7860000133514404,\n        \"f1-score\": 0.6463815569877625,\n        \"specificity\": 0.9793372750282288\n    },\n    \"Ulcer\": {\n        \"precision\": 0.9685314893722534,\n        \"recall\": 0.9685314893722534,\n        \"f1-score\": 0.9685314893722534,\n        \"specificity\": 0.9994320273399353\n    },\n    \"Worms\": {\n        \"precision\": 0.9577465057373047,\n        \"recall\": 1.0,\n        \"f1-score\": 0.9784172773361206,\n        \"specificity\": 0.9998132586479187\n    },\n    \"macro avg\": {\n        \"precision\": 0.7954169511795044,\n        \"recall\": 0.8642469644546509,\n        \"f1-score\": 0.8248917460441589,\n        \"specificity\": 0.9889727830886841\n    },\n    \"accuracy\": 0.9197867512702942,\n    \"auc_roc_scores\": {\n        \"Angioectasia\": 0.9863438606262207,\n        \"Bleeding\": 0.993976354598999,\n        \"Erosion\": 0.9766464233398438,\n        \"Erythema\": 0.9792015552520752,\n        \"Foreign Body\": 0.9927394390106201,\n        \"Lymphangiectasia\": 0.9915424585342407,\n        \"Normal\": 0.9934310913085938,\n        \"Polyp\": 0.9838993549346924,\n        \"Ulcer\": 0.9998511075973511,\n        \"Worms\": 1.0\n    },\n    \"mean_auc\": 0.989763081073761,\n    \"average_precision_scores\": {\n        \"Angioectasia\": 0.8761272430419922,\n        \"Bleeding\": 0.9204367399215698,\n        \"Erosion\": 0.8196264505386353,\n        \"Erythema\": 0.6551938056945801,\n        \"Foreign Body\": 0.9409964084625244,\n        \"Lymphangiectasia\": 0.907107949256897,\n        \"Normal\": 0.9979498386383057,\n        \"Polyp\": 0.7404614686965942,\n        \"Ulcer\": 0.9928699731826782,\n        \"Worms\": 1.0\n    },\n    \"mean_average_precision\": 0.8850769996643066,\n    \"mean_f1_score\": 0.8248917460441589,\n    \"mean_specificity\": 0.9889727830886841,\n    \"mean_sensitivity\": 0.8642469644546509,\n    \"balanced_accuracy\": 0.8642469644546509\n}"
}