{
    "epoch": 2,
    "train_metrics": "{\n    \"Angioectasia\": {\n        \"precision\": 0.8801969289779663,\n        \"recall\": 0.8517734408378601,\n        \"f1-score\": 0.8657519221305847,\n        \"specificity\": 0.9870525002479553\n    },\n    \"Bleeding\": {\n        \"precision\": 0.9110015630722046,\n        \"recall\": 0.9220063090324402,\n        \"f1-score\": 0.9164708852767944,\n        \"specificity\": 0.9898517727851868\n    },\n    \"Erosion\": {\n        \"precision\": 0.7168769836425781,\n        \"recall\": 0.7148099541664124,\n        \"f1-score\": 0.7158419489860535,\n        \"specificity\": 0.9681285619735718\n    },\n    \"Erythema\": {\n        \"precision\": 0.7846032381057739,\n        \"recall\": 0.7938116788864136,\n        \"f1-score\": 0.7891805768013,\n        \"specificity\": 0.9758698344230652\n    },\n    \"Foreign Body\": {\n        \"precision\": 0.9401020407676697,\n        \"recall\": 0.9318423867225647,\n        \"f1-score\": 0.9359540343284607,\n        \"specificity\": 0.9934123158454895\n    },\n    \"Lymphangiectasia\": {\n        \"precision\": 0.9408645033836365,\n        \"recall\": 0.9361477494239807,\n        \"f1-score\": 0.9385002255439758,\n        \"specificity\": 0.9934056997299194\n    },\n    \"Normal\": {\n        \"precision\": 0.8919956088066101,\n        \"recall\": 0.871218204498291,\n        \"f1-score\": 0.8814845085144043,\n        \"specificity\": 0.9883679747581482\n    },\n    \"Polyp\": {\n        \"precision\": 0.8053367137908936,\n        \"recall\": 0.8405835628509521,\n        \"f1-score\": 0.8225827217102051,\n        \"specificity\": 0.9773620367050171\n    },\n    \"Ulcer\": {\n        \"precision\": 0.9775250554084778,\n        \"recall\": 0.980445384979248,\n        \"f1-score\": 0.9789830446243286,\n        \"specificity\": 0.9975534081459045\n    },\n    \"Worms\": {\n        \"precision\": 0.9922252297401428,\n        \"recall\": 0.9938238263130188,\n        \"f1-score\": 0.9930238723754883,\n        \"specificity\": 0.9991441369056702\n    },\n    \"macro avg\": {\n        \"precision\": 0.8840728998184204,\n        \"recall\": 0.8836463093757629,\n        \"f1-score\": 0.8837773203849792,\n        \"specificity\": 0.9870147705078125\n    },\n    \"accuracy\": 0.8831866383552551,\n    \"auc_roc_scores\": {\n        \"Angioectasia\": 0.9893194437026978,\n        \"Bleeding\": 0.9965167045593262,\n        \"Erosion\": 0.962864339351654,\n        \"Erythema\": 0.9824123382568359,\n        \"Foreign Body\": 0.9973927140235901,\n        \"Lymphangiectasia\": 0.997058629989624,\n        \"Normal\": 0.9892137050628662,\n        \"Polyp\": 0.9864524602890015,\n        \"Ulcer\": 0.9994643926620483,\n        \"Worms\": 0.999941885471344\n    },\n    \"mean_auc\": 0.9900636672973633,\n    \"average_precision_scores\": {\n        \"Angioectasia\": 0.9437848329544067,\n        \"Bleeding\": 0.9736384153366089,\n        \"Erosion\": 0.7916581630706787,\n        \"Erythema\": 0.8702710270881653,\n        \"Foreign Body\": 0.9836643934249878,\n        \"Lymphangiectasia\": 0.9817959666252136,\n        \"Normal\": 0.9456444978713989,\n        \"Polyp\": 0.900193452835083,\n        \"Ulcer\": 0.9971249103546143,\n        \"Worms\": 0.9996455907821655\n    },\n    \"mean_average_precision\": 0.9387421011924744,\n    \"mean_f1_score\": 0.8837773203849792,\n    \"mean_specificity\": 0.9870147705078125,\n    \"mean_sensitivity\": 0.8836463093757629,\n    \"balanced_accuracy\": 0.8836463093757629\n}",
    "test_metrics": "{\n    \"Angioectasia\": {\n        \"precision\": 0.47709497809410095,\n        \"recall\": 0.8591549396514893,\n        \"f1-score\": 0.6135057210922241,\n        \"specificity\": 0.9700671434402466\n    },\n    \"Bleeding\": {\n        \"precision\": 0.6988505721092224,\n        \"recall\": 0.8467966318130493,\n        \"f1-score\": 0.7657430768013,\n        \"specificity\": 0.9916946887969971\n    },\n    \"Erosion\": {\n        \"precision\": 0.5661411881446838,\n        \"recall\": 0.7151514887809753,\n        \"f1-score\": 0.631981611251831,\n        \"specificity\": 0.9577351808547974\n    },\n    \"Erythema\": {\n        \"precision\": 0.48445597290992737,\n        \"recall\": 0.6296296119689941,\n        \"f1-score\": 0.5475841760635376,\n        \"specificity\": 0.9874328970909119\n    },\n    \"Foreign Body\": {\n        \"precision\": 0.7015945315361023,\n        \"recall\": 0.9058823585510254,\n        \"f1-score\": 0.7907573580741882,\n        \"specificity\": 0.9917046427726746\n    },\n    \"Lymphangiectasia\": {\n        \"precision\": 0.5979591608047485,\n        \"recall\": 0.8542274236679077,\n        \"f1-score\": 0.7034813761711121,\n        \"specificity\": 0.9875229597091675\n    },\n    \"Normal\": {\n        \"precision\": 0.9916802048683167,\n        \"recall\": 0.8924880027770996,\n        \"f1-score\": 0.9394730925559998,\n        \"specificity\": 0.9760728478431702\n    },\n    \"Polyp\": {\n        \"precision\": 0.5415225028991699,\n        \"recall\": 0.6259999871253967,\n        \"f1-score\": 0.5807049870491028,\n        \"specificity\": 0.983047604560852\n    },\n    \"Ulcer\": {\n        \"precision\": 0.8870967626571655,\n        \"recall\": 0.9615384340286255,\n        \"f1-score\": 0.9228187799453735,\n        \"specificity\": 0.9977912306785583\n    },\n    \"Worms\": {\n        \"precision\": 0.8292682766914368,\n        \"recall\": 1.0,\n        \"f1-score\": 0.9066666960716248,\n        \"specificity\": 0.9991284608840942\n    },\n    \"macro avg\": {\n        \"precision\": 0.6775664687156677,\n        \"recall\": 0.8290868997573853,\n        \"f1-score\": 0.7402716875076294,\n        \"specificity\": 0.9842197299003601\n    },\n    \"accuracy\": 0.8657947182655334,\n    \"auc_roc_scores\": {\n        \"Angioectasia\": 0.9803752303123474,\n        \"Bleeding\": 0.9910646677017212,\n        \"Erosion\": 0.9642504453659058,\n        \"Erythema\": 0.9819223880767822,\n        \"Foreign Body\": 0.987754225730896,\n        \"Lymphangiectasia\": 0.9872838258743286,\n        \"Normal\": 0.985543966293335,\n        \"Polyp\": 0.9712973833084106,\n        \"Ulcer\": 0.9990783333778381,\n        \"Worms\": 0.9999972581863403\n    },\n    \"mean_auc\": 0.9848567843437195,\n    \"average_precision_scores\": {\n        \"Angioectasia\": 0.8352476358413696,\n        \"Bleeding\": 0.8705312013626099,\n        \"Erosion\": 0.7309372425079346,\n        \"Erythema\": 0.6253336071968079,\n        \"Foreign Body\": 0.9175662994384766,\n        \"Lymphangiectasia\": 0.8609439134597778,\n        \"Normal\": 0.9955353736877441,\n        \"Polyp\": 0.6160802245140076,\n        \"Ulcer\": 0.9775027632713318,\n        \"Worms\": 0.9993510842323303\n    },\n    \"mean_average_precision\": 0.8429029583930969,\n    \"mean_f1_score\": 0.7402716875076294,\n    \"mean_specificity\": 0.9842197299003601,\n    \"mean_sensitivity\": 0.8290868997573853,\n    \"balanced_accuracy\": 0.8290868997573853\n}"
}