{
    "epoch": 4,
    "train_metrics": "{\n    \"Angioectasia\": {\n        \"precision\": 0.9191545844078064,\n        \"recall\": 0.9074074029922485,\n        \"f1-score\": 0.9132432341575623,\n        \"specificity\": 0.9909394979476929\n    },\n    \"Bleeding\": {\n        \"precision\": 0.9366527795791626,\n        \"recall\": 0.9502776861190796,\n        \"f1-score\": 0.9434160590171814,\n        \"specificity\": 0.992816150188446\n    },\n    \"Erosion\": {\n        \"precision\": 0.8061007857322693,\n        \"recall\": 0.7959664463996887,\n        \"f1-score\": 0.8010016083717346,\n        \"specificity\": 0.9783657193183899\n    },\n    \"Erythema\": {\n        \"precision\": 0.8783351182937622,\n        \"recall\": 0.8858988285064697,\n        \"f1-score\": 0.8821007609367371,\n        \"specificity\": 0.9865450859069824\n    },\n    \"Foreign Body\": {\n        \"precision\": 0.9586206674575806,\n        \"recall\": 0.9593841433525085,\n        \"f1-score\": 0.9590022563934326,\n        \"specificity\": 0.9953900575637817\n    },\n    \"Lymphangiectasia\": {\n        \"precision\": 0.9583333134651184,\n        \"recall\": 0.9552518725395203,\n        \"f1-score\": 0.9567901492118835,\n        \"specificity\": 0.9954243302345276\n    },\n    \"Normal\": {\n        \"precision\": 0.9224467277526855,\n        \"recall\": 0.9022436141967773,\n        \"f1-score\": 0.9122333526611328,\n        \"specificity\": 0.9916132688522339\n    },\n    \"Polyp\": {\n        \"precision\": 0.8785808086395264,\n        \"recall\": 0.9015641808509827,\n        \"f1-score\": 0.8899241089820862,\n        \"specificity\": 0.9863712787628174\n    },\n    \"Ulcer\": {\n        \"precision\": 0.986870288848877,\n        \"recall\": 0.986870288848877,\n        \"f1-score\": 0.986870288848877,\n        \"specificity\": 0.9985535144805908\n    },\n    \"Worms\": {\n        \"precision\": 0.9949722290039062,\n        \"recall\": 0.9960265159606934,\n        \"f1-score\": 0.9954990744590759,\n        \"specificity\": 0.9994384050369263\n    },\n    \"macro avg\": {\n        \"precision\": 0.9240067601203918,\n        \"recall\": 0.9240890741348267,\n        \"f1-score\": 0.9240080714225769,\n        \"specificity\": 0.9915456771850586\n    },\n    \"accuracy\": 0.9239237308502197,\n    \"auc_roc_scores\": {\n        \"Angioectasia\": 0.9953063726425171,\n        \"Bleeding\": 0.9983627796173096,\n        \"Erosion\": 0.9799152612686157,\n        \"Erythema\": 0.9937773942947388,\n        \"Foreign Body\": 0.9988163709640503,\n        \"Lymphangiectasia\": 0.9988424181938171,\n        \"Normal\": 0.9945464134216309,\n        \"Polyp\": 0.99451744556427,\n        \"Ulcer\": 0.9998288750648499,\n        \"Worms\": 0.9998372197151184\n    },\n    \"mean_auc\": 0.9953750967979431,\n    \"average_precision_scores\": {\n        \"Angioectasia\": 0.9722274541854858,\n        \"Bleeding\": 0.9850726127624512,\n        \"Erosion\": 0.8889542818069458,\n        \"Erythema\": 0.9461629390716553,\n        \"Foreign Body\": 0.9918873906135559,\n        \"Lymphangiectasia\": 0.9918580055236816,\n        \"Normal\": 0.9695896506309509,\n        \"Polyp\": 0.9575775861740112,\n        \"Ulcer\": 0.9986222982406616,\n        \"Worms\": 0.9995236396789551\n    },\n    \"mean_average_precision\": 0.9701475501060486,\n    \"mean_f1_score\": 0.9240080714225769,\n    \"mean_specificity\": 0.9915456771850586,\n    \"mean_sensitivity\": 0.9240890741348267,\n    \"balanced_accuracy\": 0.9240890741348267\n}",
    "test_metrics": "{\n    \"Angioectasia\": {\n        \"precision\": 0.3707317113876343,\n        \"recall\": 0.9175050258636475,\n        \"f1-score\": 0.5280833840370178,\n        \"specificity\": 0.9504956603050232\n    },\n    \"Bleeding\": {\n        \"precision\": 0.7630922794342041,\n        \"recall\": 0.8523676991462708,\n        \"f1-score\": 0.8052631616592407,\n        \"specificity\": 0.9939770698547363\n    },\n    \"Erosion\": {\n        \"precision\": 0.6147672533988953,\n        \"recall\": 0.6632034778594971,\n        \"f1-score\": 0.6380674839019775,\n        \"specificity\": 0.9679508805274963\n    },\n    \"Erythema\": {\n        \"precision\": 0.30720001459121704,\n        \"recall\": 0.6464646458625793,\n        \"f1-score\": 0.41648590564727783,\n        \"specificity\": 0.9726555347442627\n    },\n    \"Foreign Body\": {\n        \"precision\": 0.8246575593948364,\n        \"recall\": 0.8852941393852234,\n        \"f1-score\": 0.8539007306098938,\n        \"specificity\": 0.9959473013877869\n    },\n    \"Lymphangiectasia\": {\n        \"precision\": 0.6976190209388733,\n        \"recall\": 0.8542274236679077,\n        \"f1-score\": 0.7680209875106812,\n        \"specificity\": 0.9919564127922058\n    },\n    \"Normal\": {\n        \"precision\": 0.9950559735298157,\n        \"recall\": 0.8681533336639404,\n        \"f1-score\": 0.927282989025116,\n        \"specificity\": 0.9862158894538879\n    },\n    \"Polyp\": {\n        \"precision\": 0.47464239597320557,\n        \"recall\": 0.7300000190734863,\n        \"f1-score\": 0.5752561092376709,\n        \"specificity\": 0.974155604839325\n    },\n    \"Ulcer\": {\n        \"precision\": 0.9215016961097717,\n        \"recall\": 0.9440559148788452,\n        \"f1-score\": 0.9326424598693848,\n        \"specificity\": 0.9985485076904297\n    },\n    \"Worms\": {\n        \"precision\": 1.0,\n        \"recall\": 0.9264705777168274,\n        \"f1-score\": 0.9618320465087891,\n        \"specificity\": 1.0\n    },\n    \"macro avg\": {\n        \"precision\": 0.6969267725944519,\n        \"recall\": 0.8287742733955383,\n        \"f1-score\": 0.7406835556030273,\n        \"specificity\": 0.9831903576850891\n    },\n    \"accuracy\": 0.8479419946670532,\n    \"auc_roc_scores\": {\n        \"Angioectasia\": 0.9771245718002319,\n        \"Bleeding\": 0.9863262176513672,\n        \"Erosion\": 0.954362690448761,\n        \"Erythema\": 0.9595963954925537,\n        \"Foreign Body\": 0.9880399703979492,\n        \"Lymphangiectasia\": 0.9852181673049927,\n        \"Normal\": 0.9883871078491211,\n        \"Polyp\": 0.9726799726486206,\n        \"Ulcer\": 0.9981486797332764,\n        \"Worms\": 0.9999386072158813\n    },\n    \"mean_auc\": 0.98098224401474,\n    \"average_precision_scores\": {\n        \"Angioectasia\": 0.8500301837921143,\n        \"Bleeding\": 0.8818528652191162,\n        \"Erosion\": 0.7394545078277588,\n        \"Erythema\": 0.5370835065841675,\n        \"Foreign Body\": 0.9312156438827515,\n        \"Lymphangiectasia\": 0.8763041496276855,\n        \"Normal\": 0.9963778257369995,\n        \"Polyp\": 0.6818833351135254,\n        \"Ulcer\": 0.9717618823051453,\n        \"Worms\": 0.9885719418525696\n    },\n    \"mean_average_precision\": 0.8454535603523254,\n    \"mean_f1_score\": 0.7406835556030273,\n    \"mean_specificity\": 0.9831903576850891,\n    \"mean_sensitivity\": 0.8287742733955383,\n    \"balanced_accuracy\": 0.8287742733955383\n}"
}