{
    "epoch": 12,
    "train_metrics": "{\n    \"Angioectasia\": {\n        \"precision\": 0.9705731868743896,\n        \"recall\": 0.9705731868743896,\n        \"f1-score\": 0.9705731868743896,\n        \"specificity\": 0.9965874552726746\n    },\n    \"Bleeding\": {\n        \"precision\": 0.9585893750190735,\n        \"recall\": 0.9763265252113342,\n        \"f1-score\": 0.9673766493797302,\n        \"specificity\": 0.9954320192337036\n    },\n    \"Erosion\": {\n        \"precision\": 0.9423545598983765,\n        \"recall\": 0.9103267788887024,\n        \"f1-score\": 0.9260638356208801,\n        \"specificity\": 0.9936948418617249\n    },\n    \"Erythema\": {\n        \"precision\": 0.940334141254425,\n        \"recall\": 0.9594155550003052,\n        \"f1-score\": 0.9497790336608887,\n        \"specificity\": 0.9933649897575378\n    },\n    \"Foreign Body\": {\n        \"precision\": 0.9770849943161011,\n        \"recall\": 0.981531023979187,\n        \"f1-score\": 0.9793030023574829,\n        \"specificity\": 0.9974609613418579\n    },\n    \"Lymphangiectasia\": {\n        \"precision\": 0.9848886728286743,\n        \"recall\": 0.9835848808288574,\n        \"f1-score\": 0.9842362999916077,\n        \"specificity\": 0.9983150959014893\n    },\n    \"Normal\": {\n        \"precision\": 0.9739342927932739,\n        \"recall\": 0.9658050537109375,\n        \"f1-score\": 0.9698526263237,\n        \"specificity\": 0.9971675276756287\n    },\n    \"Polyp\": {\n        \"precision\": 0.9596364498138428,\n        \"recall\": 0.9606636166572571,\n        \"f1-score\": 0.9601497650146484,\n        \"specificity\": 0.9955417513847351\n    },\n    \"Ulcer\": {\n        \"precision\": 0.9986869692802429,\n        \"recall\": 0.9981627464294434,\n        \"f1-score\": 0.998424768447876,\n        \"specificity\": 0.9998520612716675\n    },\n    \"Worms\": {\n        \"precision\": 0.9989284873008728,\n        \"recall\": 1.0,\n        \"f1-score\": 0.9994639754295349,\n        \"specificity\": 0.9998819231987\n    },\n    \"macro avg\": {\n        \"precision\": 0.9705011248588562,\n        \"recall\": 0.9706389307975769,\n        \"f1-score\": 0.9705223441123962,\n        \"specificity\": 0.996729850769043\n    },\n    \"accuracy\": 0.9705640077590942,\n    \"auc_roc_scores\": {\n        \"Angioectasia\": 0.9994955062866211,\n        \"Bleeding\": 0.9996012449264526,\n        \"Erosion\": 0.9970248341560364,\n        \"Erythema\": 0.999091386795044,\n        \"Foreign Body\": 0.9997860789299011,\n        \"Lymphangiectasia\": 0.9998433589935303,\n        \"Normal\": 0.9989649653434753,\n        \"Polyp\": 0.9993255138397217,\n        \"Ulcer\": 0.9999977350234985,\n        \"Worms\": 0.9999998807907104\n    },\n    \"mean_auc\": 0.9993130564689636,\n    \"average_precision_scores\": {\n        \"Angioectasia\": 0.9964142441749573,\n        \"Bleeding\": 0.9963330626487732,\n        \"Erosion\": 0.9791725873947144,\n        \"Erythema\": 0.9915083050727844,\n        \"Foreign Body\": 0.9981079697608948,\n        \"Lymphangiectasia\": 0.9985630512237549,\n        \"Normal\": 0.9943292140960693,\n        \"Polyp\": 0.9941425919532776,\n        \"Ulcer\": 0.999980092048645,\n        \"Worms\": 0.9999994039535522\n    },\n    \"mean_average_precision\": 0.9948550462722778,\n    \"mean_f1_score\": 0.9705223441123962,\n    \"mean_specificity\": 0.996729850769043,\n    \"mean_sensitivity\": 0.9706389307975769,\n    \"balanced_accuracy\": 0.9706389307975769\n}",
    "test_metrics": "{\n    \"Angioectasia\": {\n        \"precision\": 0.6376146674156189,\n        \"recall\": 0.8390341997146606,\n        \"f1-score\": 0.7245873212814331,\n        \"specificity\": 0.9848417043685913\n    },\n    \"Bleeding\": {\n        \"precision\": 0.8077921867370605,\n        \"recall\": 0.8662952780723572,\n        \"f1-score\": 0.8360214829444885,\n        \"specificity\": 0.9953084588050842\n    },\n    \"Erosion\": {\n        \"precision\": 0.705974817276001,\n        \"recall\": 0.777489185333252,\n        \"f1-score\": 0.7400082349777222,\n        \"specificity\": 0.975028395652771\n    },\n    \"Erythema\": {\n        \"precision\": 0.6026058793067932,\n        \"recall\": 0.6228955984115601,\n        \"f1-score\": 0.612582802772522,\n        \"specificity\": 0.9922955632209778\n    },\n    \"Foreign Body\": {\n        \"precision\": 0.7753086686134338,\n        \"recall\": 0.9235293865203857,\n        \"f1-score\": 0.8429530262947083,\n        \"specificity\": 0.9942376017570496\n    },\n    \"Lymphangiectasia\": {\n        \"precision\": 0.670258641242981,\n        \"recall\": 0.9067055583000183,\n        \"f1-score\": 0.7707558870315552,\n        \"specificity\": 0.9903097152709961\n    },\n    \"Normal\": {\n        \"precision\": 0.9911368489265442,\n        \"recall\": 0.9465288519859314,\n        \"f1-score\": 0.9683194160461426,\n        \"specificity\": 0.9729518890380859\n    },\n    \"Polyp\": {\n        \"precision\": 0.6720430254936218,\n        \"recall\": 0.75,\n        \"f1-score\": 0.7088847160339355,\n        \"specificity\": 0.9882932305335999\n    },\n    \"Ulcer\": {\n        \"precision\": 0.9652777910232544,\n        \"recall\": 0.9720279574394226,\n        \"f1-score\": 0.9686411023139954,\n        \"specificity\": 0.9993689060211182\n    },\n    \"Worms\": {\n        \"precision\": 1.0,\n        \"recall\": 0.9558823704719543,\n        \"f1-score\": 0.9774436354637146,\n        \"specificity\": 1.0\n    },\n    \"macro avg\": {\n        \"precision\": 0.7828012704849243,\n        \"recall\": 0.8560388684272766,\n        \"f1-score\": 0.8150197863578796,\n        \"specificity\": 0.9892635345458984\n    },\n    \"accuracy\": 0.9164393544197083,\n    \"auc_roc_scores\": {\n        \"Angioectasia\": 0.9846344590187073,\n        \"Bleeding\": 0.9915037751197815,\n        \"Erosion\": 0.9720656871795654,\n        \"Erythema\": 0.9691815376281738,\n        \"Foreign Body\": 0.9941807389259338,\n        \"Lymphangiectasia\": 0.9907170534133911,\n        \"Normal\": 0.9937342405319214,\n        \"Polyp\": 0.9829532504081726,\n        \"Ulcer\": 0.9995187520980835,\n        \"Worms\": 0.9999963045120239\n    },\n    \"mean_auc\": 0.9878485798835754,\n    \"average_precision_scores\": {\n        \"Angioectasia\": 0.8655742406845093,\n        \"Bleeding\": 0.9149970412254333,\n        \"Erosion\": 0.8151017427444458,\n        \"Erythema\": 0.6484412550926208,\n        \"Foreign Body\": 0.9507637619972229,\n        \"Lymphangiectasia\": 0.9087331295013428,\n        \"Normal\": 0.9980449080467224,\n        \"Polyp\": 0.7740727663040161,\n        \"Ulcer\": 0.9897363185882568,\n        \"Worms\": 0.9991536140441895\n    },\n    \"mean_average_precision\": 0.8864618539810181,\n    \"mean_f1_score\": 0.8150197863578796,\n    \"mean_specificity\": 0.9892635345458984,\n    \"mean_sensitivity\": 0.8560388684272766,\n    \"balanced_accuracy\": 0.8560388684272766\n}"
}