{
    "epoch": 6,
    "train_metrics": "{\n    \"Angioectasia\": {\n        \"precision\": 0.9426684379577637,\n        \"recall\": 0.9404322504997253,\n        \"f1-score\": 0.9415490031242371,\n        \"specificity\": 0.9935823678970337\n    },\n    \"Bleeding\": {\n        \"precision\": 0.9474101662635803,\n        \"recall\": 0.9608684182167053,\n        \"f1-score\": 0.9540917873382568,\n        \"specificity\": 0.9941256642341614\n    },\n    \"Erosion\": {\n        \"precision\": 0.8642212152481079,\n        \"recall\": 0.8407456874847412,\n        \"f1-score\": 0.8523218035697937,\n        \"specificity\": 0.9853479862213135\n    },\n    \"Erythema\": {\n        \"precision\": 0.9025787711143494,\n        \"recall\": 0.9195860028266907,\n        \"f1-score\": 0.911003053188324,\n        \"specificity\": 0.9889476895332336\n    },\n    \"Foreign Body\": {\n        \"precision\": 0.9668599963188171,\n        \"recall\": 0.9636663794517517,\n        \"f1-score\": 0.9652605652809143,\n        \"specificity\": 0.9964678883552551\n    },\n    \"Lymphangiectasia\": {\n        \"precision\": 0.9599789381027222,\n        \"recall\": 0.9648054838180542,\n        \"f1-score\": 0.9623861908912659,\n        \"specificity\": 0.9955067038536072\n    },\n    \"Normal\": {\n        \"precision\": 0.9420092701911926,\n        \"recall\": 0.9276139140129089,\n        \"f1-score\": 0.9347561597824097,\n        \"specificity\": 0.9937125444412231\n    },\n    \"Polyp\": {\n        \"precision\": 0.9169254899024963,\n        \"recall\": 0.9277297854423523,\n        \"f1-score\": 0.9222959876060486,\n        \"specificity\": 0.9904995560646057\n    },\n    \"Ulcer\": {\n        \"precision\": 0.9928778409957886,\n        \"recall\": 0.9913089275360107,\n        \"f1-score\": 0.9920927882194519,\n        \"specificity\": 0.9992014169692993\n    },\n    \"Worms\": {\n        \"precision\": 0.9973677396774292,\n        \"recall\": 0.9968429207801819,\n        \"f1-score\": 0.9971052408218384,\n        \"specificity\": 0.9997041821479797\n    },\n    \"macro avg\": {\n        \"precision\": 0.9432897567749023,\n        \"recall\": 0.9433599710464478,\n        \"f1-score\": 0.9432863593101501,\n        \"specificity\": 0.9937095642089844\n    },\n    \"accuracy\": 0.9433882236480713,\n    \"auc_roc_scores\": {\n        \"Angioectasia\": 0.9978007078170776,\n        \"Bleeding\": 0.9990202188491821,\n        \"Erosion\": 0.9887641072273254,\n        \"Erythema\": 0.9962366819381714,\n        \"Foreign Body\": 0.9993178844451904,\n        \"Lymphangiectasia\": 0.9993001222610474,\n        \"Normal\": 0.9964457750320435,\n        \"Polyp\": 0.9971404075622559,\n        \"Ulcer\": 0.9999599456787109,\n        \"Worms\": 0.9999955296516418\n    },\n    \"mean_auc\": 0.9973981976509094,\n    \"average_precision_scores\": {\n        \"Angioectasia\": 0.9852403998374939,\n        \"Bleeding\": 0.9907113313674927,\n        \"Erosion\": 0.9315891265869141,\n        \"Erythema\": 0.9673690795898438,\n        \"Foreign Body\": 0.9948922395706177,\n        \"Lymphangiectasia\": 0.9940608739852905,\n        \"Normal\": 0.9800535440444946,\n        \"Polyp\": 0.977125346660614,\n        \"Ulcer\": 0.9996553659439087,\n        \"Worms\": 0.9999606013298035\n    },\n    \"mean_average_precision\": 0.9820657968521118,\n    \"mean_f1_score\": 0.9432863593101501,\n    \"mean_specificity\": 0.9937095642089844,\n    \"mean_sensitivity\": 0.9433599710464478,\n    \"balanced_accuracy\": 0.9433599710464478\n}",
    "test_metrics": "{\n    \"Angioectasia\": {\n        \"precision\": 0.5687331557273865,\n        \"recall\": 0.849094569683075,\n        \"f1-score\": 0.6811944842338562,\n        \"specificity\": 0.9795330762863159\n    },\n    \"Bleeding\": {\n        \"precision\": 0.7630331516265869,\n        \"recall\": 0.8969359397888184,\n        \"f1-score\": 0.824583888053894,\n        \"specificity\": 0.993660032749176\n    },\n    \"Erosion\": {\n        \"precision\": 0.7050359845161438,\n        \"recall\": 0.678787887096405,\n        \"f1-score\": 0.6916629672050476,\n        \"specificity\": 0.9780997633934021\n    },\n    \"Erythema\": {\n        \"precision\": 0.50789475440979,\n        \"recall\": 0.6498316526412964,\n        \"f1-score\": 0.5701624751091003,\n        \"specificity\": 0.9881907105445862\n    },\n    \"Foreign Body\": {\n        \"precision\": 0.7797927260398865,\n        \"recall\": 0.8852941393852234,\n        \"f1-score\": 0.8292011022567749,\n        \"specificity\": 0.9946175217628479\n    },\n    \"Lymphangiectasia\": {\n        \"precision\": 0.4591679573059082,\n        \"recall\": 0.8688046932220459,\n        \"f1-score\": 0.600806474685669,\n        \"specificity\": 0.9777693152427673\n    },\n    \"Normal\": {\n        \"precision\": 0.9933575987815857,\n        \"recall\": 0.8885000348091125,\n        \"f1-score\": 0.9380074739456177,\n        \"specificity\": 0.9810143113136292\n    },\n    \"Polyp\": {\n        \"precision\": 0.4524590075016022,\n        \"recall\": 0.828000009059906,\n        \"f1-score\": 0.5851590037345886,\n        \"specificity\": 0.9679503440856934\n    },\n    \"Ulcer\": {\n        \"precision\": 0.6017130613327026,\n        \"recall\": 0.9825174808502197,\n        \"f1-score\": 0.746347963809967,\n        \"specificity\": 0.9882619976997375\n    },\n    \"Worms\": {\n        \"precision\": 0.95652174949646,\n        \"recall\": 0.970588207244873,\n        \"f1-score\": 0.9635036587715149,\n        \"specificity\": 0.9998132586479187\n    },\n    \"macro avg\": {\n        \"precision\": 0.6787709593772888,\n        \"recall\": 0.8498355150222778,\n        \"f1-score\": 0.7430629730224609,\n        \"specificity\": 0.9848910570144653\n    },\n    \"accuracy\": 0.8677163124084473,\n    \"auc_roc_scores\": {\n        \"Angioectasia\": 0.9768303632736206,\n        \"Bleeding\": 0.9918174743652344,\n        \"Erosion\": 0.9648635983467102,\n        \"Erythema\": 0.9726768732070923,\n        \"Foreign Body\": 0.9888022541999817,\n        \"Lymphangiectasia\": 0.9728326201438904,\n        \"Normal\": 0.9889072179794312,\n        \"Polyp\": 0.9818177223205566,\n        \"Ulcer\": 0.9987795352935791,\n        \"Worms\": 0.9999890327453613\n    },\n    \"mean_auc\": 0.9837316870689392,\n    \"average_precision_scores\": {\n        \"Angioectasia\": 0.8422664999961853,\n        \"Bleeding\": 0.9062203168869019,\n        \"Erosion\": 0.773227334022522,\n        \"Erythema\": 0.6179844737052917,\n        \"Foreign Body\": 0.9273542165756226,\n        \"Lymphangiectasia\": 0.8363983035087585,\n        \"Normal\": 0.9965338706970215,\n        \"Polyp\": 0.7300326824188232,\n        \"Ulcer\": 0.9732964038848877,\n        \"Worms\": 0.9975326657295227\n    },\n    \"mean_average_precision\": 0.8600847125053406,\n    \"mean_f1_score\": 0.7430629730224609,\n    \"mean_specificity\": 0.9848910570144653,\n    \"mean_sensitivity\": 0.8498355150222778,\n    \"balanced_accuracy\": 0.8498355150222778\n}"
}