{
    "epoch": 3,
    "train_metrics": "{\n    \"Angioectasia\": {\n        \"precision\": 0.9030219912528992,\n        \"recall\": 0.8833646774291992,\n        \"f1-score\": 0.8930851817131042,\n        \"specificity\": 0.9895827174186707\n    },\n    \"Bleeding\": {\n        \"precision\": 0.9327508807182312,\n        \"recall\": 0.943997859954834,\n        \"f1-score\": 0.9383406639099121,\n        \"specificity\": 0.9925018548965454\n    },\n    \"Erosion\": {\n        \"precision\": 0.7742114067077637,\n        \"recall\": 0.7617751359939575,\n        \"f1-score\": 0.7679429054260254,\n        \"specificity\": 0.9759533405303955\n    },\n    \"Erythema\": {\n        \"precision\": 0.8402182459831238,\n        \"recall\": 0.8589641451835632,\n        \"f1-score\": 0.8494877815246582,\n        \"specificity\": 0.9818273186683655\n    },\n    \"Foreign Body\": {\n        \"precision\": 0.9457700848579407,\n        \"recall\": 0.9470540285110474,\n        \"f1-score\": 0.9464116096496582,\n        \"specificity\": 0.9941044449806213\n    },\n    \"Lymphangiectasia\": {\n        \"precision\": 0.9448043704032898,\n        \"recall\": 0.9450492262840271,\n        \"f1-score\": 0.9449267983436584,\n        \"specificity\": 0.993688702583313\n    },\n    \"Normal\": {\n        \"precision\": 0.9072757363319397,\n        \"recall\": 0.8897532224655151,\n        \"f1-score\": 0.8984290361404419,\n        \"specificity\": 0.9899938106536865\n    },\n    \"Polyp\": {\n        \"precision\": 0.8590638637542725,\n        \"recall\": 0.8753623366355896,\n        \"f1-score\": 0.867136538028717,\n        \"specificity\": 0.9838814735412598\n    },\n    \"Ulcer\": {\n        \"precision\": 0.9845081567764282,\n        \"recall\": 0.9850167632102966,\n        \"f1-score\": 0.9847623705863953,\n        \"specificity\": 0.9982214570045471\n    },\n    \"Worms\": {\n        \"precision\": 0.9928646683692932,\n        \"recall\": 0.9936524629592896,\n        \"f1-score\": 0.9932584166526794,\n        \"specificity\": 0.999201774597168\n    },\n    \"macro avg\": {\n        \"precision\": 0.9084488749504089,\n        \"recall\": 0.9083990454673767,\n        \"f1-score\": 0.9083781242370605,\n        \"specificity\": 0.9898956418037415\n    },\n    \"accuracy\": 0.9090062975883484,\n    \"auc_roc_scores\": {\n        \"Angioectasia\": 0.9937045574188232,\n        \"Bleeding\": 0.9976800680160522,\n        \"Erosion\": 0.9756636619567871,\n        \"Erythema\": 0.9904295206069946,\n        \"Foreign Body\": 0.9979906678199768,\n        \"Lymphangiectasia\": 0.9981380701065063,\n        \"Normal\": 0.992676854133606,\n        \"Polyp\": 0.992329478263855,\n        \"Ulcer\": 0.9996032118797302,\n        \"Worms\": 0.9999125003814697\n    },\n    \"mean_auc\": 0.9938128590583801,\n    \"average_precision_scores\": {\n        \"Angioectasia\": 0.9612834453582764,\n        \"Bleeding\": 0.9826915860176086,\n        \"Erosion\": 0.8552819490432739,\n        \"Erythema\": 0.9228932857513428,\n        \"Foreign Body\": 0.9885406494140625,\n        \"Lymphangiectasia\": 0.9872971773147583,\n        \"Normal\": 0.9601703882217407,\n        \"Polyp\": 0.9416601061820984,\n        \"Ulcer\": 0.9979562163352966,\n        \"Worms\": 0.9996471405029297\n    },\n    \"mean_average_precision\": 0.9597421884536743,\n    \"mean_f1_score\": 0.9083781242370605,\n    \"mean_specificity\": 0.9898956418037415,\n    \"mean_sensitivity\": 0.9083990454673767,\n    \"balanced_accuracy\": 0.9083990454673767\n}",
    "test_metrics": "{\n    \"Angioectasia\": {\n        \"precision\": 0.7748478651046753,\n        \"recall\": 0.7686116695404053,\n        \"f1-score\": 0.7717171907424927,\n        \"specificity\": 0.992900550365448\n    },\n    \"Bleeding\": {\n        \"precision\": 0.7728394865989685,\n        \"recall\": 0.8718662858009338,\n        \"f1-score\": 0.8193717002868652,\n        \"specificity\": 0.9941672682762146\n    },\n    \"Erosion\": {\n        \"precision\": 0.5450180172920227,\n        \"recall\": 0.7861471772193909,\n        \"f1-score\": 0.6437433362007141,\n        \"specificity\": 0.9493890404701233\n    },\n    \"Erythema\": {\n        \"precision\": 0.5,\n        \"recall\": 0.6531986594200134,\n        \"f1-score\": 0.5664233565330505,\n        \"specificity\": 0.9877486824989319\n    },\n    \"Foreign Body\": {\n        \"precision\": 0.8263305425643921,\n        \"recall\": 0.8676470518112183,\n        \"f1-score\": 0.8464849591255188,\n        \"specificity\": 0.9960739612579346\n    },\n    \"Lymphangiectasia\": {\n        \"precision\": 0.8514285683631897,\n        \"recall\": 0.8688046932220459,\n        \"f1-score\": 0.860028862953186,\n        \"specificity\": 0.9967065453529358\n    },\n    \"Normal\": {\n        \"precision\": 0.9905410408973694,\n        \"recall\": 0.9119394421577454,\n        \"f1-score\": 0.9496164917945862,\n        \"specificity\": 0.9721716642379761\n    },\n    \"Polyp\": {\n        \"precision\": 0.5175552368164062,\n        \"recall\": 0.7960000038146973,\n        \"f1-score\": 0.6272655725479126,\n        \"specificity\": 0.976266622543335\n    },\n    \"Ulcer\": {\n        \"precision\": 0.9009584784507751,\n        \"recall\": 0.9860140085220337,\n        \"f1-score\": 0.9415692687034607,\n        \"specificity\": 0.9980436563491821\n    },\n    \"Worms\": {\n        \"precision\": 0.8607594966888428,\n        \"recall\": 1.0,\n        \"f1-score\": 0.9251700639724731,\n        \"specificity\": 0.9993152618408203\n    },\n    \"macro avg\": {\n        \"precision\": 0.7540279030799866,\n        \"recall\": 0.8510228991508484,\n        \"f1-score\": 0.7951390147209167,\n        \"specificity\": 0.9862783551216125\n    },\n    \"accuracy\": 0.8891023993492126,\n    \"auc_roc_scores\": {\n        \"Angioectasia\": 0.9814807176589966,\n        \"Bleeding\": 0.9904724359512329,\n        \"Erosion\": 0.957283079624176,\n        \"Erythema\": 0.979606568813324,\n        \"Foreign Body\": 0.9843082427978516,\n        \"Lymphangiectasia\": 0.9899333715438843,\n        \"Normal\": 0.9890402555465698,\n        \"Polyp\": 0.9813752770423889,\n        \"Ulcer\": 0.999854326248169,\n        \"Worms\": 0.9999972581863403\n    },\n    \"mean_auc\": 0.9853351712226868,\n    \"average_precision_scores\": {\n        \"Angioectasia\": 0.8515322208404541,\n        \"Bleeding\": 0.8984261751174927,\n        \"Erosion\": 0.7353479266166687,\n        \"Erythema\": 0.6206758618354797,\n        \"Foreign Body\": 0.9117346405982971,\n        \"Lymphangiectasia\": 0.9157358407974243,\n        \"Normal\": 0.9965885281562805,\n        \"Polyp\": 0.726654589176178,\n        \"Ulcer\": 0.9916760325431824,\n        \"Worms\": 0.9993786811828613\n    },\n    \"mean_average_precision\": 0.8647751212120056,\n    \"mean_f1_score\": 0.7951390147209167,\n    \"mean_specificity\": 0.9862783551216125,\n    \"mean_sensitivity\": 0.8510228991508484,\n    \"balanced_accuracy\": 0.8510228991508484\n}"
}