{
    "epoch": 14,
    "train_metrics": "{\n    \"Angioectasia\": {\n        \"precision\": 0.970310389995575,\n        \"recall\": 0.9671778082847595,\n        \"f1-score\": 0.9687415957450867,\n        \"specificity\": 0.9967542290687561\n    },\n    \"Bleeding\": {\n        \"precision\": 0.9613333344459534,\n        \"recall\": 0.9764355421066284,\n        \"f1-score\": 0.9688255786895752,\n        \"specificity\": 0.995724618434906\n    },\n    \"Erosion\": {\n        \"precision\": 0.9523156881332397,\n        \"recall\": 0.9176129102706909,\n        \"f1-score\": 0.9346422553062439,\n        \"specificity\": 0.9948551058769226\n    },\n    \"Erythema\": {\n        \"precision\": 0.9450026154518127,\n        \"recall\": 0.9680389761924744,\n        \"f1-score\": 0.9563820958137512,\n        \"specificity\": 0.993867039680481\n    },\n    \"Foreign Body\": {\n        \"precision\": 0.9779816269874573,\n        \"recall\": 0.9833948612213135,\n        \"f1-score\": 0.9806807637214661,\n        \"specificity\": 0.9975157380104065\n    },\n    \"Lymphangiectasia\": {\n        \"precision\": 0.9868247509002686,\n        \"recall\": 0.9870848655700684,\n        \"f1-score\": 0.9869548082351685,\n        \"specificity\": 0.9985212683677673\n    },\n    \"Normal\": {\n        \"precision\": 0.9796028137207031,\n        \"recall\": 0.9725552797317505,\n        \"f1-score\": 0.9760662913322449,\n        \"specificity\": 0.9977550506591797\n    },\n    \"Polyp\": {\n        \"precision\": 0.962269127368927,\n        \"recall\": 0.9648148417472839,\n        \"f1-score\": 0.9635403156280518,\n        \"specificity\": 0.9957726001739502\n    },\n    \"Ulcer\": {\n        \"precision\": 0.9979046583175659,\n        \"recall\": 0.9971211552619934,\n        \"f1-score\": 0.9975127577781677,\n        \"specificity\": 0.9997631907463074\n    },\n    \"Worms\": {\n        \"precision\": 0.9992057085037231,\n        \"recall\": 0.9992057085037231,\n        \"f1-score\": 0.9992057085037231,\n        \"specificity\": 0.9999113082885742\n    },\n    \"macro avg\": {\n        \"precision\": 0.9732751250267029,\n        \"recall\": 0.9733442664146423,\n        \"f1-score\": 0.9732551574707031,\n        \"specificity\": 0.997044026851654\n    },\n    \"accuracy\": 0.9733825922012329,\n    \"auc_roc_scores\": {\n        \"Angioectasia\": 0.999680757522583,\n        \"Bleeding\": 0.9997133016586304,\n        \"Erosion\": 0.9978194832801819,\n        \"Erythema\": 0.9993466734886169,\n        \"Foreign Body\": 0.9998698830604553,\n        \"Lymphangiectasia\": 0.9999151825904846,\n        \"Normal\": 0.999347984790802,\n        \"Polyp\": 0.9995275735855103,\n        \"Ulcer\": 0.9999971389770508,\n        \"Worms\": 0.9999998211860657\n    },\n    \"mean_auc\": 0.9995218515396118,\n    \"average_precision_scores\": {\n        \"Angioectasia\": 0.9972030520439148,\n        \"Bleeding\": 0.9973663687705994,\n        \"Erosion\": 0.9841266870498657,\n        \"Erythema\": 0.9939050078392029,\n        \"Foreign Body\": 0.9988964796066284,\n        \"Lymphangiectasia\": 0.9992690682411194,\n        \"Normal\": 0.9962685704231262,\n        \"Polyp\": 0.9960389137268066,\n        \"Ulcer\": 0.9999746680259705,\n        \"Worms\": 0.9999980926513672\n    },\n    \"mean_average_precision\": 0.9963046908378601,\n    \"mean_f1_score\": 0.9732551574707031,\n    \"mean_specificity\": 0.997044026851654,\n    \"mean_sensitivity\": 0.9733442664146423,\n    \"balanced_accuracy\": 0.9733442664146423\n}",
    "test_metrics": "{\n    \"Angioectasia\": {\n        \"precision\": 0.6656000018119812,\n        \"recall\": 0.8370221257209778,\n        \"f1-score\": 0.7415329813957214,\n        \"specificity\": 0.9866325259208679\n    },\n    \"Bleeding\": {\n        \"precision\": 0.751173734664917,\n        \"recall\": 0.8913649320602417,\n        \"f1-score\": 0.8152866363525391,\n        \"specificity\": 0.9932796359062195\n    },\n    \"Erosion\": {\n        \"precision\": 0.7076438069343567,\n        \"recall\": 0.777489185333252,\n        \"f1-score\": 0.7409241199493408,\n        \"specificity\": 0.9752286672592163\n    },\n    \"Erythema\": {\n        \"precision\": 0.5718015432357788,\n        \"recall\": 0.7373737096786499,\n        \"f1-score\": 0.6441176533699036,\n        \"specificity\": 0.9896432161331177\n    },\n    \"Foreign Body\": {\n        \"precision\": 0.8297297358512878,\n        \"recall\": 0.9029411673545837,\n        \"f1-score\": 0.8647887110710144,\n        \"specificity\": 0.9960106611251831\n    },\n    \"Lymphangiectasia\": {\n        \"precision\": 0.8205804824829102,\n        \"recall\": 0.9067055583000183,\n        \"f1-score\": 0.861495852470398,\n        \"specificity\": 0.9956932067871094\n    },\n    \"Normal\": {\n        \"precision\": 0.9908249378204346,\n        \"recall\": 0.9492146372795105,\n        \"f1-score\": 0.9695735573768616,\n        \"specificity\": 0.9719115495681763\n    },\n    \"Polyp\": {\n        \"precision\": 0.6764705777168274,\n        \"recall\": 0.7360000014305115,\n        \"f1-score\": 0.7049808502197266,\n        \"specificity\": 0.9887410402297974\n    },\n    \"Ulcer\": {\n        \"precision\": 0.9625850319862366,\n        \"recall\": 0.9895104765892029,\n        \"f1-score\": 0.9758620858192444,\n        \"specificity\": 0.9993058443069458\n    },\n    \"Worms\": {\n        \"precision\": 0.9436619877815247,\n        \"recall\": 0.9852941036224365,\n        \"f1-score\": 0.9640287756919861,\n        \"specificity\": 0.9997509717941284\n    },\n    \"macro avg\": {\n        \"precision\": 0.7920071482658386,\n        \"recall\": 0.8712916374206543,\n        \"f1-score\": 0.8282591104507446,\n        \"specificity\": 0.9896197319030762\n    },\n    \"accuracy\": 0.9206545948982239,\n    \"auc_roc_scores\": {\n        \"Angioectasia\": 0.9742563962936401,\n        \"Bleeding\": 0.9915751218795776,\n        \"Erosion\": 0.9719594120979309,\n        \"Erythema\": 0.9785260558128357,\n        \"Foreign Body\": 0.9871397614479065,\n        \"Lymphangiectasia\": 0.9922561049461365,\n        \"Normal\": 0.9938684701919556,\n        \"Polyp\": 0.9760755300521851,\n        \"Ulcer\": 0.9995179176330566,\n        \"Worms\": 0.999517560005188\n    },\n    \"mean_auc\": 0.9864692687988281,\n    \"average_precision_scores\": {\n        \"Angioectasia\": 0.8523905873298645,\n        \"Bleeding\": 0.9150899648666382,\n        \"Erosion\": 0.8185067176818848,\n        \"Erythema\": 0.6919621825218201,\n        \"Foreign Body\": 0.935075044631958,\n        \"Lymphangiectasia\": 0.9294081330299377,\n        \"Normal\": 0.9980769157409668,\n        \"Polyp\": 0.754056453704834,\n        \"Ulcer\": 0.9944436550140381,\n        \"Worms\": 0.9869747161865234\n    },\n    \"mean_average_precision\": 0.88759845495224,\n    \"mean_f1_score\": 0.8282591104507446,\n    \"mean_specificity\": 0.9896197319030762,\n    \"mean_sensitivity\": 0.8712916374206543,\n    \"balanced_accuracy\": 0.8712916374206543\n}"
}