{
    "epoch": 17,
    "train_metrics": "{\n    \"Angioectasia\": {\n        \"precision\": 0.9803814888000488,\n        \"recall\": 0.9761258959770203,\n        \"f1-score\": 0.9782490730285645,\n        \"specificity\": 0.9978774189949036\n    },\n    \"Bleeding\": {\n        \"precision\": 0.9731225371360779,\n        \"recall\": 0.9811370968818665,\n        \"f1-score\": 0.9771133661270142,\n        \"specificity\": 0.9969860911369324\n    },\n    \"Erosion\": {\n        \"precision\": 0.9609997272491455,\n        \"recall\": 0.931576132774353,\n        \"f1-score\": 0.9460592269897461,\n        \"specificity\": 0.9958051443099976\n    },\n    \"Erythema\": {\n        \"precision\": 0.9487573504447937,\n        \"recall\": 0.9711513519287109,\n        \"f1-score\": 0.959823727607727,\n        \"specificity\": 0.9940817952156067\n    },\n    \"Foreign Body\": {\n        \"precision\": 0.9774633049964905,\n        \"recall\": 0.9846884608268738,\n        \"f1-score\": 0.9810625910758972,\n        \"specificity\": 0.9974570274353027\n    },\n    \"Lymphangiectasia\": {\n        \"precision\": 0.9839515686035156,\n        \"recall\": 0.9886333346366882,\n        \"f1-score\": 0.9862869381904602,\n        \"specificity\": 0.998196542263031\n    },\n    \"Normal\": {\n        \"precision\": 0.9885625243186951,\n        \"recall\": 0.9824334979057312,\n        \"f1-score\": 0.9854884743690491,\n        \"specificity\": 0.9986957311630249\n    },\n    \"Polyp\": {\n        \"precision\": 0.9731997847557068,\n        \"recall\": 0.9697868824005127,\n        \"f1-score\": 0.9714903235435486,\n        \"specificity\": 0.9970796704292297\n    },\n    \"Ulcer\": {\n        \"precision\": 0.9994630813598633,\n        \"recall\": 0.9997314810752869,\n        \"f1-score\": 0.9995972514152527,\n        \"specificity\": 0.9999409914016724\n    },\n    \"Worms\": {\n        \"precision\": 1.0,\n        \"recall\": 1.0,\n        \"f1-score\": 1.0,\n        \"specificity\": 1.0\n    },\n    \"macro avg\": {\n        \"precision\": 0.978590190410614,\n        \"recall\": 0.9785265326499939,\n        \"f1-score\": 0.9785171747207642,\n        \"specificity\": 0.9976121187210083\n    },\n    \"accuracy\": 0.9785146117210388,\n    \"auc_roc_scores\": {\n        \"Angioectasia\": 0.9998511075973511,\n        \"Bleeding\": 0.9997887015342712,\n        \"Erosion\": 0.9986362457275391,\n        \"Erythema\": 0.9994715452194214,\n        \"Foreign Body\": 0.9998772144317627,\n        \"Lymphangiectasia\": 0.99993896484375,\n        \"Normal\": 0.9994602799415588,\n        \"Polyp\": 0.9997249245643616,\n        \"Ulcer\": 1.0,\n        \"Worms\": 0.9999999403953552\n    },\n    \"mean_auc\": 0.999674916267395,\n    \"average_precision_scores\": {\n        \"Angioectasia\": 0.9986688494682312,\n        \"Bleeding\": 0.9981505870819092,\n        \"Erosion\": 0.9893177151679993,\n        \"Erythema\": 0.9952886700630188,\n        \"Foreign Body\": 0.9989395141601562,\n        \"Lymphangiectasia\": 0.9994693994522095,\n        \"Normal\": 0.9974610805511475,\n        \"Polyp\": 0.9974581003189087,\n        \"Ulcer\": 0.9999997019767761,\n        \"Worms\": 0.9999999403953552\n    },\n    \"mean_average_precision\": 0.9974753260612488,\n    \"mean_f1_score\": 0.9785171747207642,\n    \"mean_specificity\": 0.9976121187210083,\n    \"mean_sensitivity\": 0.9785265326499939,\n    \"balanced_accuracy\": 0.9785265326499939\n}",
    "test_metrics": "{\n    \"Angioectasia\": {\n        \"precision\": 0.7973231077194214,\n        \"recall\": 0.8390341997146606,\n        \"f1-score\": 0.8176470398902893,\n        \"specificity\": 0.993220329284668\n    },\n    \"Bleeding\": {\n        \"precision\": 0.8472222089767456,\n        \"recall\": 0.8495821952819824,\n        \"f1-score\": 0.8484005331993103,\n        \"specificity\": 0.9965130090713501\n    },\n    \"Erosion\": {\n        \"precision\": 0.75807785987854,\n        \"recall\": 0.7922077775001526,\n        \"f1-score\": 0.7747671604156494,\n        \"specificity\": 0.9805034399032593\n    },\n    \"Erythema\": {\n        \"precision\": 0.6472602486610413,\n        \"recall\": 0.6363636255264282,\n        \"f1-score\": 0.6417657136917114,\n        \"specificity\": 0.9934954047203064\n    },\n    \"Foreign Body\": {\n        \"precision\": 0.8413978219032288,\n        \"recall\": 0.9205882549285889,\n        \"f1-score\": 0.8792135119438171,\n        \"specificity\": 0.9962639212608337\n    },\n    \"Lymphangiectasia\": {\n        \"precision\": 0.8607954382896423,\n        \"recall\": 0.8833819031715393,\n        \"f1-score\": 0.8719424605369568,\n        \"specificity\": 0.9968965649604797\n    },\n    \"Normal\": {\n        \"precision\": 0.986531138420105,\n        \"recall\": 0.9716773629188538,\n        \"f1-score\": 0.979047954082489,\n        \"specificity\": 0.9576072692871094\n    },\n    \"Polyp\": {\n        \"precision\": 0.6742160320281982,\n        \"recall\": 0.7739999890327454,\n        \"f1-score\": 0.7206704020500183,\n        \"specificity\": 0.9880373477935791\n    },\n    \"Ulcer\": {\n        \"precision\": 0.9893617033958435,\n        \"recall\": 0.9755244851112366,\n        \"f1-score\": 0.9823943376541138,\n        \"specificity\": 0.9998106956481934\n    },\n    \"Worms\": {\n        \"precision\": 0.970588207244873,\n        \"recall\": 0.970588207244873,\n        \"f1-score\": 0.970588207244873,\n        \"specificity\": 0.9998754858970642\n    },\n    \"macro avg\": {\n        \"precision\": 0.8372774124145508,\n        \"recall\": 0.8612947463989258,\n        \"f1-score\": 0.8486437201499939,\n        \"specificity\": 0.9902223944664001\n    },\n    \"accuracy\": 0.9368336200714111,\n    \"auc_roc_scores\": {\n        \"Angioectasia\": 0.9864422082901001,\n        \"Bleeding\": 0.9903385639190674,\n        \"Erosion\": 0.9799195528030396,\n        \"Erythema\": 0.9754518270492554,\n        \"Foreign Body\": 0.9931912422180176,\n        \"Lymphangiectasia\": 0.9952179193496704,\n        \"Normal\": 0.9946553707122803,\n        \"Polyp\": 0.982199490070343,\n        \"Ulcer\": 0.9998141527175903,\n        \"Worms\": 0.9999890327453613\n    },\n    \"mean_auc\": 0.9897218942642212,\n    \"average_precision_scores\": {\n        \"Angioectasia\": 0.889444887638092,\n        \"Bleeding\": 0.919265627861023,\n        \"Erosion\": 0.8441238403320312,\n        \"Erythema\": 0.6723233461380005,\n        \"Foreign Body\": 0.9452085494995117,\n        \"Lymphangiectasia\": 0.9306403994560242,\n        \"Normal\": 0.9983586668968201,\n        \"Polyp\": 0.7886602282524109,\n        \"Ulcer\": 0.9950255751609802,\n        \"Worms\": 0.9975988864898682\n    },\n    \"mean_average_precision\": 0.8980650305747986,\n    \"mean_f1_score\": 0.8486437201499939,\n    \"mean_specificity\": 0.9902223944664001,\n    \"mean_sensitivity\": 0.8612947463989258,\n    \"balanced_accuracy\": 0.8612947463989258\n}"
}