{
    "epoch": 15,
    "train_metrics": "{\n    \"Angioectasia\": {\n        \"precision\": 0.9753351211547852,\n        \"recall\": 0.9792732000350952,\n        \"f1-score\": 0.977300226688385,\n        \"specificity\": 0.9972854852676392\n    },\n    \"Bleeding\": {\n        \"precision\": 0.9653815627098083,\n        \"recall\": 0.9800319671630859,\n        \"f1-score\": 0.9726516008377075,\n        \"specificity\": 0.9961005449295044\n    },\n    \"Erosion\": {\n        \"precision\": 0.955890417098999,\n        \"recall\": 0.9259554147720337,\n        \"f1-score\": 0.9406847953796387,\n        \"specificity\": 0.995242178440094\n    },\n    \"Erythema\": {\n        \"precision\": 0.9488621354103088,\n        \"recall\": 0.9672489166259766,\n        \"f1-score\": 0.9579672813415527,\n        \"specificity\": 0.9943729043006897\n    },\n    \"Foreign Body\": {\n        \"precision\": 0.9775456786155701,\n        \"recall\": 0.9837099313735962,\n        \"f1-score\": 0.9806181192398071,\n        \"specificity\": 0.9974557161331177\n    },\n    \"Lymphangiectasia\": {\n        \"precision\": 0.9838362336158752,\n        \"recall\": 0.9862273931503296,\n        \"f1-score\": 0.9850303530693054,\n        \"specificity\": 0.9982302784919739\n    },\n    \"Normal\": {\n        \"precision\": 0.9836627244949341,\n        \"recall\": 0.9746736288070679,\n        \"f1-score\": 0.9791475534439087,\n        \"specificity\": 0.9981644153594971\n    },\n    \"Polyp\": {\n        \"precision\": 0.9697933197021484,\n        \"recall\": 0.9641728401184082,\n        \"f1-score\": 0.9669749140739441,\n        \"specificity\": 0.9966283440589905\n    },\n    \"Ulcer\": {\n        \"precision\": 0.9986824989318848,\n        \"recall\": 0.9984194040298462,\n        \"f1-score\": 0.9985508918762207,\n        \"specificity\": 0.9998521208763123\n    },\n    \"Worms\": {\n        \"precision\": 0.9997349381446838,\n        \"recall\": 0.9997349381446838,\n        \"f1-score\": 0.9997349381446838,\n        \"specificity\": 0.9999704360961914\n    },\n    \"macro avg\": {\n        \"precision\": 0.9758724570274353,\n        \"recall\": 0.9759446978569031,\n        \"f1-score\": 0.9758660197257996,\n        \"specificity\": 0.9973301887512207\n    },\n    \"accuracy\": 0.9759619235992432,\n    \"auc_roc_scores\": {\n        \"Angioectasia\": 0.9998130798339844,\n        \"Bleeding\": 0.9997376203536987,\n        \"Erosion\": 0.9983074069023132,\n        \"Erythema\": 0.9994004368782043,\n        \"Foreign Body\": 0.9998782873153687,\n        \"Lymphangiectasia\": 0.9999291300773621,\n        \"Normal\": 0.9995275735855103,\n        \"Polyp\": 0.9996134042739868,\n        \"Ulcer\": 0.9999980330467224,\n        \"Worms\": 0.9999998807907104\n    },\n    \"mean_auc\": 0.9996204376220703,\n    \"average_precision_scores\": {\n        \"Angioectasia\": 0.9983477592468262,\n        \"Bleeding\": 0.997707724571228,\n        \"Erosion\": 0.9872094392776489,\n        \"Erythema\": 0.9944697618484497,\n        \"Foreign Body\": 0.9989238977432251,\n        \"Lymphangiectasia\": 0.999366283416748,\n        \"Normal\": 0.9972573518753052,\n        \"Polyp\": 0.9966996908187866,\n        \"Ulcer\": 0.9999827146530151,\n        \"Worms\": 0.9999997615814209\n    },\n    \"mean_average_precision\": 0.9969965219497681,\n    \"mean_f1_score\": 0.9758660197257996,\n    \"mean_specificity\": 0.9973301887512207,\n    \"mean_sensitivity\": 0.9759446978569031,\n    \"balanced_accuracy\": 0.9759446978569031\n}",
    "test_metrics": "{\n    \"Angioectasia\": {\n        \"precision\": 0.8295218348503113,\n        \"recall\": 0.8028169274330139,\n        \"f1-score\": 0.8159509301185608,\n        \"specificity\": 0.9947553277015686\n    },\n    \"Bleeding\": {\n        \"precision\": 0.8579387068748474,\n        \"recall\": 0.8579387068748474,\n        \"f1-score\": 0.8579387068748474,\n        \"specificity\": 0.9967666268348694\n    },\n    \"Erosion\": {\n        \"precision\": 0.7180301547050476,\n        \"recall\": 0.7826839685440063,\n        \"f1-score\": 0.7489643692970276,\n        \"specificity\": 0.9762969613075256\n    },\n    \"Erythema\": {\n        \"precision\": 0.5623342394828796,\n        \"recall\": 0.7138047218322754,\n        \"f1-score\": 0.6290801167488098,\n        \"specificity\": 0.9895800352096558\n    },\n    \"Foreign Body\": {\n        \"precision\": 0.8857142925262451,\n        \"recall\": 0.9117646813392639,\n        \"f1-score\": 0.8985507488250732,\n        \"specificity\": 0.9974671006202698\n    },\n    \"Lymphangiectasia\": {\n        \"precision\": 0.8776119351387024,\n        \"recall\": 0.8571428656578064,\n        \"f1-score\": 0.8672566413879395,\n        \"specificity\": 0.9974032640457153\n    },\n    \"Normal\": {\n        \"precision\": 0.9884750247001648,\n        \"recall\": 0.9632945656776428,\n        \"f1-score\": 0.9757223725318909,\n        \"specificity\": 0.9641092419624329\n    },\n    \"Polyp\": {\n        \"precision\": 0.6330708861351013,\n        \"recall\": 0.8040000200271606,\n        \"f1-score\": 0.7083700299263,\n        \"specificity\": 0.9850946664810181\n    },\n    \"Ulcer\": {\n        \"precision\": 0.9589040875434875,\n        \"recall\": 0.9790209531784058,\n        \"f1-score\": 0.9688581228256226,\n        \"specificity\": 0.9992427229881287\n    },\n    \"Worms\": {\n        \"precision\": 0.9571428298950195,\n        \"recall\": 0.9852941036224365,\n        \"f1-score\": 0.9710144996643066,\n        \"specificity\": 0.9998132586479187\n    },\n    \"macro avg\": {\n        \"precision\": 0.8268743753433228,\n        \"recall\": 0.8657761812210083,\n        \"f1-score\": 0.8441706895828247,\n        \"specificity\": 0.9900529980659485\n    },\n    \"accuracy\": 0.9305727481842041,\n    \"auc_roc_scores\": {\n        \"Angioectasia\": 0.9886366128921509,\n        \"Bleeding\": 0.9901518821716309,\n        \"Erosion\": 0.9781508445739746,\n        \"Erythema\": 0.9805573225021362,\n        \"Foreign Body\": 0.9921923875808716,\n        \"Lymphangiectasia\": 0.9944807887077332,\n        \"Normal\": 0.9947559833526611,\n        \"Polyp\": 0.9847378134727478,\n        \"Ulcer\": 0.9995301961898804,\n        \"Worms\": 0.999967098236084\n    },\n    \"mean_auc\": 0.9903160929679871,\n    \"average_precision_scores\": {\n        \"Angioectasia\": 0.883525013923645,\n        \"Bleeding\": 0.9241505265235901,\n        \"Erosion\": 0.833815336227417,\n        \"Erythema\": 0.672315239906311,\n        \"Foreign Body\": 0.9462116956710815,\n        \"Lymphangiectasia\": 0.927021324634552,\n        \"Normal\": 0.9983941316604614,\n        \"Polyp\": 0.7922899723052979,\n        \"Ulcer\": 0.9929156303405762,\n        \"Worms\": 0.9946622848510742\n    },\n    \"mean_average_precision\": 0.8965301513671875,\n    \"mean_f1_score\": 0.8441706895828247,\n    \"mean_specificity\": 0.9900529980659485,\n    \"mean_sensitivity\": 0.8657761812210083,\n    \"balanced_accuracy\": 0.8657761812210083\n}"
}