{
    "epoch": 16,
    "train_metrics": "{\n    \"Angioectasia\": {\n        \"precision\": 0.9793787002563477,\n        \"recall\": 0.9778074622154236,\n        \"f1-score\": 0.9785924553871155,\n        \"specificity\": 0.9977263808250427\n    },\n    \"Bleeding\": {\n        \"precision\": 0.9730077385902405,\n        \"recall\": 0.9851639866828918,\n        \"f1-score\": 0.9790481328964233,\n        \"specificity\": 0.9968902468681335\n    },\n    \"Erosion\": {\n        \"precision\": 0.9628809094429016,\n        \"recall\": 0.9296603202819824,\n        \"f1-score\": 0.9459790587425232,\n        \"specificity\": 0.9960434436798096\n    },\n    \"Erythema\": {\n        \"precision\": 0.9525460004806519,\n        \"recall\": 0.9711878299713135,\n        \"f1-score\": 0.9617765545845032,\n        \"specificity\": 0.9947535991668701\n    },\n    \"Foreign Body\": {\n        \"precision\": 0.9777542352676392,\n        \"recall\": 0.9855846166610718,\n        \"f1-score\": 0.9816538095474243,\n        \"specificity\": 0.9975192546844482\n    },\n    \"Lymphangiectasia\": {\n        \"precision\": 0.9857258200645447,\n        \"recall\": 0.985991358757019,\n        \"f1-score\": 0.9858585596084595,\n        \"specificity\": 0.9984363317489624\n    },\n    \"Normal\": {\n        \"precision\": 0.9876807928085327,\n        \"recall\": 0.9803296327590942,\n        \"f1-score\": 0.9839914441108704,\n        \"specificity\": 0.9986408352851868\n    },\n    \"Polyp\": {\n        \"precision\": 0.9703455567359924,\n        \"recall\": 0.9728541970252991,\n        \"f1-score\": 0.9715982675552368,\n        \"specificity\": 0.9965915083885193\n    },\n    \"Ulcer\": {\n        \"precision\": 0.9989467859268188,\n        \"recall\": 0.9994731545448303,\n        \"f1-score\": 0.9992098808288574,\n        \"specificity\": 0.9998816847801208\n    },\n    \"Worms\": {\n        \"precision\": 1.0,\n        \"recall\": 1.0,\n        \"f1-score\": 1.0,\n        \"specificity\": 1.0\n    },\n    \"macro avg\": {\n        \"precision\": 0.9788267016410828,\n        \"recall\": 0.9788052439689636,\n        \"f1-score\": 0.9787708520889282,\n        \"specificity\": 0.9976483583450317\n    },\n    \"accuracy\": 0.9788337349891663,\n    \"auc_roc_scores\": {\n        \"Angioectasia\": 0.9998184442520142,\n        \"Bleeding\": 0.9998093247413635,\n        \"Erosion\": 0.9985189437866211,\n        \"Erythema\": 0.9994997978210449,\n        \"Foreign Body\": 0.9998562335968018,\n        \"Lymphangiectasia\": 0.999934196472168,\n        \"Normal\": 0.9996985197067261,\n        \"Polyp\": 0.9997706413269043,\n        \"Ulcer\": 0.9999993443489075,\n        \"Worms\": 1.0\n    },\n    \"mean_auc\": 0.9996905326843262,\n    \"average_precision_scores\": {\n        \"Angioectasia\": 0.9984567165374756,\n        \"Bleeding\": 0.9983164668083191,\n        \"Erosion\": 0.9887845516204834,\n        \"Erythema\": 0.9954281449317932,\n        \"Foreign Body\": 0.998783528804779,\n        \"Lymphangiectasia\": 0.999410092830658,\n        \"Normal\": 0.997970700263977,\n        \"Polyp\": 0.9980496168136597,\n        \"Ulcer\": 0.9999944567680359,\n        \"Worms\": 1.0\n    },\n    \"mean_average_precision\": 0.9975194931030273,\n    \"mean_f1_score\": 0.9787708520889282,\n    \"mean_specificity\": 0.9976483583450317,\n    \"mean_sensitivity\": 0.9788052439689636,\n    \"balanced_accuracy\": 0.9788052439689636\n}",
    "test_metrics": "{\n    \"Angioectasia\": {\n        \"precision\": 0.8322851061820984,\n        \"recall\": 0.7987927794456482,\n        \"f1-score\": 0.8151950836181641,\n        \"specificity\": 0.9948832988739014\n    },\n    \"Bleeding\": {\n        \"precision\": 0.851123571395874,\n        \"recall\": 0.844011127948761,\n        \"f1-score\": 0.8475524187088013,\n        \"specificity\": 0.9966398477554321\n    },\n    \"Erosion\": {\n        \"precision\": 0.7752007246017456,\n        \"recall\": 0.7523809671401978,\n        \"f1-score\": 0.7636203765869141,\n        \"specificity\": 0.983174204826355\n    },\n    \"Erythema\": {\n        \"precision\": 0.6383647918701172,\n        \"recall\": 0.683501660823822,\n        \"f1-score\": 0.660162627696991,\n        \"specificity\": 0.9927375912666321\n    },\n    \"Foreign Body\": {\n        \"precision\": 0.8778409361839294,\n        \"recall\": 0.908823549747467,\n        \"f1-score\": 0.8930636048316956,\n        \"specificity\": 0.9972770810127258\n    },\n    \"Lymphangiectasia\": {\n        \"precision\": 0.7434679269790649,\n        \"recall\": 0.9125364422798157,\n        \"f1-score\": 0.8193717002868652,\n        \"specificity\": 0.9931597709655762\n    },\n    \"Normal\": {\n        \"precision\": 0.9809586405754089,\n        \"recall\": 0.9727354049682617,\n        \"f1-score\": 0.9768297076225281,\n        \"specificity\": 0.9396619200706482\n    },\n    \"Polyp\": {\n        \"precision\": 0.6968576908111572,\n        \"recall\": 0.7540000081062317,\n        \"f1-score\": 0.7243035435676575,\n        \"specificity\": 0.9895086884498596\n    },\n    \"Ulcer\": {\n        \"precision\": 0.962199330329895,\n        \"recall\": 0.9790209531784058,\n        \"f1-score\": 0.9705372452735901,\n        \"specificity\": 0.9993058443069458\n    },\n    \"Worms\": {\n        \"precision\": 0.9436619877815247,\n        \"recall\": 0.9852941036224365,\n        \"f1-score\": 0.9640287756919861,\n        \"specificity\": 0.9997509717941284\n    },\n    \"macro avg\": {\n        \"precision\": 0.8301960229873657,\n        \"recall\": 0.8591096997261047,\n        \"f1-score\": 0.8434664607048035,\n        \"specificity\": 0.9886099100112915\n    },\n    \"accuracy\": 0.9341681003570557,\n    \"auc_roc_scores\": {\n        \"Angioectasia\": 0.9850384593009949,\n        \"Bleeding\": 0.988278865814209,\n        \"Erosion\": 0.9773392677307129,\n        \"Erythema\": 0.976645827293396,\n        \"Foreign Body\": 0.9916448593139648,\n        \"Lymphangiectasia\": 0.9929262399673462,\n        \"Normal\": 0.9937390089035034,\n        \"Polyp\": 0.9828372597694397,\n        \"Ulcer\": 0.9989303350448608,\n        \"Worms\": 0.9999899864196777\n    },\n    \"mean_auc\": 0.9887370467185974,\n    \"average_precision_scores\": {\n        \"Angioectasia\": 0.8826590776443481,\n        \"Bleeding\": 0.9093062877655029,\n        \"Erosion\": 0.8363885879516602,\n        \"Erythema\": 0.669308066368103,\n        \"Foreign Body\": 0.9382244348526001,\n        \"Lymphangiectasia\": 0.9212647080421448,\n        \"Normal\": 0.9980595111846924,\n        \"Polyp\": 0.7815243005752563,\n        \"Ulcer\": 0.9897614121437073,\n        \"Worms\": 0.9978548884391785\n    },\n    \"mean_average_precision\": 0.8924350738525391,\n    \"mean_f1_score\": 0.8434664607048035,\n    \"mean_specificity\": 0.9886099100112915,\n    \"mean_sensitivity\": 0.8591096997261047,\n    \"balanced_accuracy\": 0.8591096997261047\n}"
}