{
    "epoch": 18,
    "train_metrics": "{\n    \"Angioectasia\": {\n        \"precision\": 0.9797951579093933,\n        \"recall\": 0.9808811545372009,\n        \"f1-score\": 0.9803378582000732,\n        \"specificity\": 0.9978528022766113\n    },\n    \"Bleeding\": {\n        \"precision\": 0.9663040637969971,\n        \"recall\": 0.977455735206604,\n        \"f1-score\": 0.9718478918075562,\n        \"specificity\": 0.9962515830993652\n    },\n    \"Erosion\": {\n        \"precision\": 0.9686049818992615,\n        \"recall\": 0.9292823672294617,\n        \"f1-score\": 0.9485362768173218,\n        \"specificity\": 0.9965965151786804\n    },\n    \"Erythema\": {\n        \"precision\": 0.9488877058029175,\n        \"recall\": 0.9778929948806763,\n        \"f1-score\": 0.9631720185279846,\n        \"specificity\": 0.9943140149116516\n    },\n    \"Foreign Body\": {\n        \"precision\": 0.9744136333465576,\n        \"recall\": 0.9867746233940125,\n        \"f1-score\": 0.9805551767349243,\n        \"specificity\": 0.9971683025360107\n    },\n    \"Lymphangiectasia\": {\n        \"precision\": 0.9866352081298828,\n        \"recall\": 0.9876705408096313,\n        \"f1-score\": 0.9871525764465332,\n        \"specificity\": 0.9984909296035767\n    },\n    \"Normal\": {\n        \"precision\": 0.9898884892463684,\n        \"recall\": 0.9822485446929932,\n        \"f1-score\": 0.9860537052154541,\n        \"specificity\": 0.9988434314727783\n    },\n    \"Polyp\": {\n        \"precision\": 0.9755208492279053,\n        \"recall\": 0.9694616794586182,\n        \"f1-score\": 0.9724818468093872,\n        \"specificity\": 0.9972142577171326\n    },\n    \"Ulcer\": {\n        \"precision\": 0.9994662404060364,\n        \"recall\": 0.9989330768585205,\n        \"f1-score\": 0.9991995692253113,\n        \"specificity\": 0.9999409317970276\n    },\n    \"Worms\": {\n        \"precision\": 0.9997350573539734,\n        \"recall\": 1.0,\n        \"f1-score\": 0.9998674988746643,\n        \"specificity\": 0.9999704360961914\n    },\n    \"macro avg\": {\n        \"precision\": 0.9789251685142517,\n        \"recall\": 0.9790601134300232,\n        \"f1-score\": 0.9789204597473145,\n        \"specificity\": 0.9976642727851868\n    },\n    \"accuracy\": 0.9789666533470154,\n    \"auc_roc_scores\": {\n        \"Angioectasia\": 0.9998787641525269,\n        \"Bleeding\": 0.9997830390930176,\n        \"Erosion\": 0.9986678957939148,\n        \"Erythema\": 0.999561071395874,\n        \"Foreign Body\": 0.9998357892036438,\n        \"Lymphangiectasia\": 0.9999285936355591,\n        \"Normal\": 0.9996410608291626,\n        \"Polyp\": 0.9997578859329224,\n        \"Ulcer\": 0.9999995231628418,\n        \"Worms\": 1.0\n    },\n    \"mean_auc\": 0.99970543384552,\n    \"average_precision_scores\": {\n        \"Angioectasia\": 0.9988952875137329,\n        \"Bleeding\": 0.9980360865592957,\n        \"Erosion\": 0.9900509715080261,\n        \"Erythema\": 0.9959192276000977,\n        \"Foreign Body\": 0.9986609816551208,\n        \"Lymphangiectasia\": 0.999461829662323,\n        \"Normal\": 0.9982854127883911,\n        \"Polyp\": 0.9978992938995361,\n        \"Ulcer\": 0.9999963045120239,\n        \"Worms\": 0.9999998807907104\n    },\n    \"mean_average_precision\": 0.9977205395698547,\n    \"mean_f1_score\": 0.9789204597473145,\n    \"mean_specificity\": 0.9976642727851868,\n    \"mean_sensitivity\": 0.9790601134300232,\n    \"balanced_accuracy\": 0.9790601134300232\n}",
    "test_metrics": "{\n    \"Angioectasia\": {\n        \"precision\": 0.7642857432365417,\n        \"recall\": 0.8611670136451721,\n        \"f1-score\": 0.8098391890525818,\n        \"specificity\": 0.9915574193000793\n    },\n    \"Bleeding\": {\n        \"precision\": 0.8500000238418579,\n        \"recall\": 0.8523676991462708,\n        \"f1-score\": 0.851182222366333,\n        \"specificity\": 0.9965764284133911\n    },\n    \"Erosion\": {\n        \"precision\": 0.7706896662712097,\n        \"recall\": 0.7740259766578674,\n        \"f1-score\": 0.7723541855812073,\n        \"specificity\": 0.9822394251823425\n    },\n    \"Erythema\": {\n        \"precision\": 0.6262295246124268,\n        \"recall\": 0.6430976390838623,\n        \"f1-score\": 0.634551465511322,\n        \"specificity\": 0.992800772190094\n    },\n    \"Foreign Body\": {\n        \"precision\": 0.8901734352111816,\n        \"recall\": 0.9058823585510254,\n        \"f1-score\": 0.8979591727256775,\n        \"specificity\": 0.9975937008857727\n    },\n    \"Lymphangiectasia\": {\n        \"precision\": 0.8753623366355896,\n        \"recall\": 0.8804664611816406,\n        \"f1-score\": 0.8779069781303406,\n        \"specificity\": 0.9972766041755676\n    },\n    \"Normal\": {\n        \"precision\": 0.9826907515525818,\n        \"recall\": 0.974932849407196,\n        \"f1-score\": 0.9787964224815369,\n        \"specificity\": 0.945123553276062\n    },\n    \"Polyp\": {\n        \"precision\": 0.7299413084983826,\n        \"recall\": 0.7459999918937683,\n        \"f1-score\": 0.7378832697868347,\n        \"specificity\": 0.9911719560623169\n    },\n    \"Ulcer\": {\n        \"precision\": 0.9859648942947388,\n        \"recall\": 0.9825174808502197,\n        \"f1-score\": 0.9842382073402405,\n        \"specificity\": 0.9997475743293762\n    },\n    \"Worms\": {\n        \"precision\": 0.9571428298950195,\n        \"recall\": 0.9852941036224365,\n        \"f1-score\": 0.9710144996643066,\n        \"specificity\": 0.9998132586479187\n    },\n    \"macro avg\": {\n        \"precision\": 0.8432480692863464,\n        \"recall\": 0.8605751395225525,\n        \"f1-score\": 0.8515726327896118,\n        \"specificity\": 0.9893900752067566\n    },\n    \"accuracy\": 0.9378254413604736,\n    \"auc_roc_scores\": {\n        \"Angioectasia\": 0.9891462326049805,\n        \"Bleeding\": 0.987716794013977,\n        \"Erosion\": 0.9793829321861267,\n        \"Erythema\": 0.9785628318786621,\n        \"Foreign Body\": 0.9929318428039551,\n        \"Lymphangiectasia\": 0.9947510957717896,\n        \"Normal\": 0.9947865009307861,\n        \"Polyp\": 0.9826337099075317,\n        \"Ulcer\": 0.9999176263809204,\n        \"Worms\": 0.999993622303009\n    },\n    \"mean_auc\": 0.9899823069572449,\n    \"average_precision_scores\": {\n        \"Angioectasia\": 0.9003044366836548,\n        \"Bleeding\": 0.9162054061889648,\n        \"Erosion\": 0.8420680165290833,\n        \"Erythema\": 0.6709352731704712,\n        \"Foreign Body\": 0.94595867395401,\n        \"Lymphangiectasia\": 0.9351171255111694,\n        \"Normal\": 0.9983808398246765,\n        \"Polyp\": 0.7954541444778442,\n        \"Ulcer\": 0.9962567090988159,\n        \"Worms\": 0.9985913634300232\n    },\n    \"mean_average_precision\": 0.8999272584915161,\n    \"mean_f1_score\": 0.8515726327896118,\n    \"mean_specificity\": 0.9893900752067566,\n    \"mean_sensitivity\": 0.8605751395225525,\n    \"balanced_accuracy\": 0.8605751395225525\n}"
}