{
    "epoch": 11,
    "train_metrics": "{\n    \"Angioectasia\": {\n        \"precision\": 0.962594211101532,\n        \"recall\": 0.9620763659477234,\n        \"f1-score\": 0.9623352289199829,\n        \"specificity\": 0.9958983659744263\n    },\n    \"Bleeding\": {\n        \"precision\": 0.9608163237571716,\n        \"recall\": 0.970321536064148,\n        \"f1-score\": 0.9655455350875854,\n        \"specificity\": 0.9957607388496399\n    },\n    \"Erosion\": {\n        \"precision\": 0.9249861836433411,\n        \"recall\": 0.9025834202766418,\n        \"f1-score\": 0.9136475324630737,\n        \"specificity\": 0.9919742941856384\n    },\n    \"Erythema\": {\n        \"precision\": 0.9365329146385193,\n        \"recall\": 0.9530290961265564,\n        \"f1-score\": 0.9447090029716492,\n        \"specificity\": 0.9928529262542725\n    },\n    \"Foreign Body\": {\n        \"precision\": 0.9757307171821594,\n        \"recall\": 0.9780277013778687,\n        \"f1-score\": 0.9768778681755066,\n        \"specificity\": 0.9972472190856934\n    },\n    \"Lymphangiectasia\": {\n        \"precision\": 0.980562150478363,\n        \"recall\": 0.9803045988082886,\n        \"f1-score\": 0.9804333448410034,\n        \"specificity\": 0.9978106021881104\n    },\n    \"Normal\": {\n        \"precision\": 0.9640718698501587,\n        \"recall\": 0.9570948481559753,\n        \"f1-score\": 0.9605706930160522,\n        \"specificity\": 0.9959096312522888\n    },\n    \"Polyp\": {\n        \"precision\": 0.9558510780334473,\n        \"recall\": 0.957633912563324,\n        \"f1-score\": 0.9567416310310364,\n        \"specificity\": 0.9950965642929077\n    },\n    \"Ulcer\": {\n        \"precision\": 0.9968855381011963,\n        \"recall\": 0.997662365436554,\n        \"f1-score\": 0.9972738027572632,\n        \"specificity\": 0.9996445178985596\n    },\n    \"Worms\": {\n        \"precision\": 0.9983713626861572,\n        \"recall\": 0.9983713626861572,\n        \"f1-score\": 0.9983713626861572,\n        \"specificity\": 0.9998231530189514\n    },\n    \"macro avg\": {\n        \"precision\": 0.9656402468681335,\n        \"recall\": 0.9657105803489685,\n        \"f1-score\": 0.9656505584716797,\n        \"specificity\": 0.9962018132209778\n    },\n    \"accuracy\": 0.9658042192459106,\n    \"auc_roc_scores\": {\n        \"Angioectasia\": 0.999234676361084,\n        \"Bleeding\": 0.999544620513916,\n        \"Erosion\": 0.9961548447608948,\n        \"Erythema\": 0.9987921714782715,\n        \"Foreign Body\": 0.9998033046722412,\n        \"Lymphangiectasia\": 0.999822735786438,\n        \"Normal\": 0.9983583688735962,\n        \"Polyp\": 0.999232292175293,\n        \"Ulcer\": 0.9999599456787109,\n        \"Worms\": 0.9999984502792358\n    },\n    \"mean_auc\": 0.9990901947021484,\n    \"average_precision_scores\": {\n        \"Angioectasia\": 0.9942665100097656,\n        \"Bleeding\": 0.995721161365509,\n        \"Erosion\": 0.9728622436523438,\n        \"Erythema\": 0.9892619848251343,\n        \"Foreign Body\": 0.9983320832252502,\n        \"Lymphangiectasia\": 0.998492419719696,\n        \"Normal\": 0.9911658763885498,\n        \"Polyp\": 0.9931734800338745,\n        \"Ulcer\": 0.9998045563697815,\n        \"Worms\": 0.9999856352806091\n    },\n    \"mean_average_precision\": 0.993306577205658,\n    \"mean_f1_score\": 0.9656505584716797,\n    \"mean_specificity\": 0.9962018132209778,\n    \"mean_sensitivity\": 0.9657105803489685,\n    \"balanced_accuracy\": 0.9657105803489685\n}",
    "test_metrics": "{\n    \"Angioectasia\": {\n        \"precision\": 0.7683397531509399,\n        \"recall\": 0.800804853439331,\n        \"f1-score\": 0.7842364311218262,\n        \"specificity\": 0.9923248887062073\n    },\n    \"Bleeding\": {\n        \"precision\": 0.7930174469947815,\n        \"recall\": 0.8857938647270203,\n        \"f1-score\": 0.8368421196937561,\n        \"specificity\": 0.9947378635406494\n    },\n    \"Erosion\": {\n        \"precision\": 0.6558171510696411,\n        \"recall\": 0.8199134469032288,\n        \"f1-score\": 0.7287418246269226,\n        \"specificity\": 0.9668157696723938\n    },\n    \"Erythema\": {\n        \"precision\": 0.5283505320549011,\n        \"recall\": 0.6902356743812561,\n        \"f1-score\": 0.5985401272773743,\n        \"specificity\": 0.9884433150291443\n    },\n    \"Foreign Body\": {\n        \"precision\": 0.8567415475845337,\n        \"recall\": 0.8970588445663452,\n        \"f1-score\": 0.8764367699623108,\n        \"specificity\": 0.9967705011367798\n    },\n    \"Lymphangiectasia\": {\n        \"precision\": 0.848901093006134,\n        \"recall\": 0.9008746147155762,\n        \"f1-score\": 0.8741160035133362,\n        \"specificity\": 0.9965165853500366\n    },\n    \"Normal\": {\n        \"precision\": 0.990929126739502,\n        \"recall\": 0.9513306617736816,\n        \"f1-score\": 0.9707262516021729,\n        \"specificity\": 0.9721716642379761\n    },\n    \"Polyp\": {\n        \"precision\": 0.6984127163887024,\n        \"recall\": 0.7039999961853027,\n        \"f1-score\": 0.701195240020752,\n        \"specificity\": 0.9902763366699219\n    },\n    \"Ulcer\": {\n        \"precision\": 0.9589040875434875,\n        \"recall\": 0.9790209531784058,\n        \"f1-score\": 0.9688581228256226,\n        \"specificity\": 0.9992427229881287\n    },\n    \"Worms\": {\n        \"precision\": 0.9710144996643066,\n        \"recall\": 0.9852941036224365,\n        \"f1-score\": 0.9781022071838379,\n        \"specificity\": 0.9998754858970642\n    },\n    \"macro avg\": {\n        \"precision\": 0.8070427775382996,\n        \"recall\": 0.861432671546936,\n        \"f1-score\": 0.8317794799804688,\n        \"specificity\": 0.9897174835205078\n    },\n    \"accuracy\": 0.9217703938484192,\n    \"auc_roc_scores\": {\n        \"Angioectasia\": 0.9834684133529663,\n        \"Bleeding\": 0.9917335510253906,\n        \"Erosion\": 0.9765080213546753,\n        \"Erythema\": 0.9726384878158569,\n        \"Foreign Body\": 0.9919217824935913,\n        \"Lymphangiectasia\": 0.9917513132095337,\n        \"Normal\": 0.993774950504303,\n        \"Polyp\": 0.9787251949310303,\n        \"Ulcer\": 0.9996522068977356,\n        \"Worms\": 0.9999661445617676\n    },\n    \"mean_auc\": 0.9880140423774719,\n    \"average_precision_scores\": {\n        \"Angioectasia\": 0.8645663261413574,\n        \"Bleeding\": 0.913412868976593,\n        \"Erosion\": 0.8219912052154541,\n        \"Erythema\": 0.6338074207305908,\n        \"Foreign Body\": 0.9405189752578735,\n        \"Lymphangiectasia\": 0.9310466051101685,\n        \"Normal\": 0.9980673789978027,\n        \"Polyp\": 0.757369875907898,\n        \"Ulcer\": 0.9917031526565552,\n        \"Worms\": 0.9948179125785828\n    },\n    \"mean_average_precision\": 0.8847301602363586,\n    \"mean_f1_score\": 0.8317794799804688,\n    \"mean_specificity\": 0.9897174835205078,\n    \"mean_sensitivity\": 0.861432671546936,\n    \"balanced_accuracy\": 0.861432671546936\n}"
}