{
    "epoch": 1,
    "train_metrics": "{\n    \"Angioectasia\": {\n        \"precision\": 0.7922462224960327,\n        \"recall\": 0.7067053914070129,\n        \"f1-score\": 0.747035026550293,\n        \"specificity\": 0.9792424440383911\n    },\n    \"Bleeding\": {\n        \"precision\": 0.8008010387420654,\n        \"recall\": 0.7982432842254639,\n        \"f1-score\": 0.7995201349258423,\n        \"specificity\": 0.9779615998268127\n    },\n    \"Erosion\": {\n        \"precision\": 0.46263259649276733,\n        \"recall\": 0.519069492816925,\n        \"f1-score\": 0.4892288148403168,\n        \"specificity\": 0.9342671632766724\n    },\n    \"Erythema\": {\n        \"precision\": 0.5845953226089478,\n        \"recall\": 0.6001071929931641,\n        \"f1-score\": 0.5922496914863586,\n        \"specificity\": 0.9530345797538757\n    },\n    \"Foreign Body\": {\n        \"precision\": 0.8810253739356995,\n        \"recall\": 0.8223667144775391,\n        \"f1-score\": 0.8506860136985779,\n        \"specificity\": 0.9873526692390442\n    },\n    \"Lymphangiectasia\": {\n        \"precision\": 0.861625075340271,\n        \"recall\": 0.8257517218589783,\n        \"f1-score\": 0.8433070778846741,\n        \"specificity\": 0.9846956729888916\n    },\n    \"Normal\": {\n        \"precision\": 0.7868020534515381,\n        \"recall\": 0.7426137924194336,\n        \"f1-score\": 0.7640695571899414,\n        \"specificity\": 0.9776661992073059\n    },\n    \"Polyp\": {\n        \"precision\": 0.6150175929069519,\n        \"recall\": 0.666032075881958,\n        \"f1-score\": 0.6395090818405151,\n        \"specificity\": 0.9548187255859375\n    },\n    \"Ulcer\": {\n        \"precision\": 0.9161772727966309,\n        \"recall\": 0.9132517576217651,\n        \"f1-score\": 0.914712131023407,\n        \"specificity\": 0.9907234907150269\n    },\n    \"Worms\": {\n        \"precision\": 0.8993099927902222,\n        \"recall\": 0.9495412707328796,\n        \"f1-score\": 0.9237432479858398,\n        \"specificity\": 0.9883779287338257\n    },\n    \"macro avg\": {\n        \"precision\": 0.760023295879364,\n        \"recall\": 0.7543683052062988,\n        \"f1-score\": 0.7564061284065247,\n        \"specificity\": 0.9728140830993652\n    },\n    \"accuracy\": 0.7551519870758057,\n    \"auc_roc_scores\": {\n        \"Angioectasia\": 0.9568092823028564,\n        \"Bleeding\": 0.9783385396003723,\n        \"Erosion\": 0.8974642157554626,\n        \"Erythema\": 0.9403727054595947,\n        \"Foreign Body\": 0.9828519821166992,\n        \"Lymphangiectasia\": 0.9824597835540771,\n        \"Normal\": 0.9621645212173462,\n        \"Polyp\": 0.9515809416770935,\n        \"Ulcer\": 0.994806170463562,\n        \"Worms\": 0.9985098242759705\n    },\n    \"mean_auc\": 0.9645358324050903,\n    \"average_precision_scores\": {\n        \"Angioectasia\": 0.8309661746025085,\n        \"Bleeding\": 0.8868136405944824,\n        \"Erosion\": 0.5461422801017761,\n        \"Erythema\": 0.6693260669708252,\n        \"Foreign Body\": 0.922662615776062,\n        \"Lymphangiectasia\": 0.9201257824897766,\n        \"Normal\": 0.838270902633667,\n        \"Polyp\": 0.7187353372573853,\n        \"Ulcer\": 0.969088613986969,\n        \"Worms\": 0.9889031648635864\n    },\n    \"mean_average_precision\": 0.8291034698486328,\n    \"mean_f1_score\": 0.7564061284065247,\n    \"mean_specificity\": 0.9728140830993652,\n    \"mean_sensitivity\": 0.7543683052062988,\n    \"balanced_accuracy\": 0.7543683052062988\n}",
    "test_metrics": "{\n    \"Angioectasia\": {\n        \"precision\": 0.6600984930992126,\n        \"recall\": 0.8088530898094177,\n        \"f1-score\": 0.7269439697265625,\n        \"specificity\": 0.9867604970932007\n    },\n    \"Bleeding\": {\n        \"precision\": 0.5950096249580383,\n        \"recall\": 0.8635097742080688,\n        \"f1-score\": 0.7045454382896423,\n        \"specificity\": 0.98662269115448\n    },\n    \"Erosion\": {\n        \"precision\": 0.4494079649448395,\n        \"recall\": 0.7229437232017517,\n        \"f1-score\": 0.5542648434638977,\n        \"specificity\": 0.931695282459259\n    },\n    \"Erythema\": {\n        \"precision\": 0.2622333765029907,\n        \"recall\": 0.7037037014961243,\n        \"f1-score\": 0.38208410143852234,\n        \"specificity\": 0.9628670811653137\n    },\n    \"Foreign Body\": {\n        \"precision\": 0.7750677466392517,\n        \"recall\": 0.841176450252533,\n        \"f1-score\": 0.8067700862884521,\n        \"specificity\": 0.9947441816329956\n    },\n    \"Lymphangiectasia\": {\n        \"precision\": 0.7306733131408691,\n        \"recall\": 0.8542274236679077,\n        \"f1-score\": 0.7876344323158264,\n        \"specificity\": 0.9931597709655762\n    },\n    \"Normal\": {\n        \"precision\": 0.9934885501861572,\n        \"recall\": 0.8195654153823853,\n        \"f1-score\": 0.8981848955154419,\n        \"specificity\": 0.9828348755836487\n    },\n    \"Polyp\": {\n        \"precision\": 0.33677420020103455,\n        \"recall\": 0.5220000147819519,\n        \"f1-score\": 0.409411758184433,\n        \"specificity\": 0.9671187400817871\n    },\n    \"Ulcer\": {\n        \"precision\": 0.484375,\n        \"recall\": 0.9755244851112366,\n        \"f1-score\": 0.6473317742347717,\n        \"specificity\": 0.9812570810317993\n    },\n    \"Worms\": {\n        \"precision\": 0.7333333492279053,\n        \"recall\": 0.970588207244873,\n        \"f1-score\": 0.8354430198669434,\n        \"specificity\": 0.9985059499740601\n    },\n    \"macro avg\": {\n        \"precision\": 0.6020461916923523,\n        \"recall\": 0.808209240436554,\n        \"f1-score\": 0.6752614378929138,\n        \"specificity\": 0.9785566329956055\n    },\n    \"accuracy\": 0.8065335750579834,\n    \"auc_roc_scores\": {\n        \"Angioectasia\": 0.980302631855011,\n        \"Bleeding\": 0.9886772632598877,\n        \"Erosion\": 0.9402621984481812,\n        \"Erythema\": 0.9636833071708679,\n        \"Foreign Body\": 0.9889469146728516,\n        \"Lymphangiectasia\": 0.9866342544555664,\n        \"Normal\": 0.9799469113349915,\n        \"Polyp\": 0.963782548904419,\n        \"Ulcer\": 0.99726402759552,\n        \"Worms\": 0.9998993277549744\n    },\n    \"mean_auc\": 0.978939950466156,\n    \"average_precision_scores\": {\n        \"Angioectasia\": 0.833183765411377,\n        \"Bleeding\": 0.826414167881012,\n        \"Erosion\": 0.6257233619689941,\n        \"Erythema\": 0.47443702816963196,\n        \"Foreign Body\": 0.8945682048797607,\n        \"Lymphangiectasia\": 0.8671562671661377,\n        \"Normal\": 0.9935680031776428,\n        \"Polyp\": 0.5059456825256348,\n        \"Ulcer\": 0.9085870385169983,\n        \"Worms\": 0.9815277457237244\n    },\n    \"mean_average_precision\": 0.7911111116409302,\n    \"mean_f1_score\": 0.6752614378929138,\n    \"mean_specificity\": 0.9785566329956055,\n    \"mean_sensitivity\": 0.808209240436554,\n    \"balanced_accuracy\": 0.808209240436554\n}"
}