{
    "epoch": 5,
    "train_metrics": "{\n    \"Angioectasia\": {\n        \"precision\": 0.928492546081543,\n        \"recall\": 0.9216223359107971,\n        \"f1-score\": 0.9250447154045105,\n        \"specificity\": 0.9923729300498962\n    },\n    \"Bleeding\": {\n        \"precision\": 0.9429241418838501,\n        \"recall\": 0.956131100654602,\n        \"f1-score\": 0.9494816660881042,\n        \"specificity\": 0.9935250878334045\n    },\n    \"Erosion\": {\n        \"precision\": 0.8455764055252075,\n        \"recall\": 0.8256544470787048,\n        \"f1-score\": 0.8354966640472412,\n        \"specificity\": 0.9829519987106323\n    },\n    \"Erythema\": {\n        \"precision\": 0.8992429971694946,\n        \"recall\": 0.9128245711326599,\n        \"f1-score\": 0.9059829115867615,\n        \"specificity\": 0.9885910153388977\n    },\n    \"Foreign Body\": {\n        \"precision\": 0.9586535692214966,\n        \"recall\": 0.962224006652832,\n        \"f1-score\": 0.9604354500770569,\n        \"specificity\": 0.9953911900520325\n    },\n    \"Lymphangiectasia\": {\n        \"precision\": 0.9626458883285522,\n        \"recall\": 0.9643970727920532,\n        \"f1-score\": 0.9635207056999207,\n        \"specificity\": 0.995734453201294\n    },\n    \"Normal\": {\n        \"precision\": 0.9356948137283325,\n        \"recall\": 0.9157333374023438,\n        \"f1-score\": 0.9256064891815186,\n        \"specificity\": 0.9930295348167419\n    },\n    \"Polyp\": {\n        \"precision\": 0.9123914837837219,\n        \"recall\": 0.927768886089325,\n        \"f1-score\": 0.9200159311294556,\n        \"specificity\": 0.9901679754257202\n    },\n    \"Ulcer\": {\n        \"precision\": 0.9914231896400452,\n        \"recall\": 0.9916890263557434,\n        \"f1-score\": 0.9915561079978943,\n        \"specificity\": 0.9990553855895996\n    },\n    \"Worms\": {\n        \"precision\": 0.9978706240653992,\n        \"recall\": 0.9984021186828613,\n        \"f1-score\": 0.9981363415718079,\n        \"specificity\": 0.9997636675834656\n    },\n    \"macro avg\": {\n        \"precision\": 0.9374915957450867,\n        \"recall\": 0.9376447796821594,\n        \"f1-score\": 0.9375276565551758,\n        \"specificity\": 0.9930583238601685\n    },\n    \"accuracy\": 0.937538206577301,\n    \"auc_roc_scores\": {\n        \"Angioectasia\": 0.9967727661132812,\n        \"Bleeding\": 0.9987363815307617,\n        \"Erosion\": 0.9857140779495239,\n        \"Erythema\": 0.9954445362091064,\n        \"Foreign Body\": 0.9992571473121643,\n        \"Lymphangiectasia\": 0.9987417459487915,\n        \"Normal\": 0.995395302772522,\n        \"Polyp\": 0.9962868690490723,\n        \"Ulcer\": 0.9999029636383057,\n        \"Worms\": 0.9999971389770508\n    },\n    \"mean_auc\": 0.9966249465942383,\n    \"average_precision_scores\": {\n        \"Angioectasia\": 0.979052722454071,\n        \"Bleeding\": 0.988622784614563,\n        \"Erosion\": 0.9147719740867615,\n        \"Erythema\": 0.9620318412780762,\n        \"Foreign Body\": 0.9942262768745422,\n        \"Lymphangiectasia\": 0.9931974411010742,\n        \"Normal\": 0.9757802486419678,\n        \"Polyp\": 0.9716628789901733,\n        \"Ulcer\": 0.9993252158164978,\n        \"Worms\": 0.9999733567237854\n    },\n    \"mean_average_precision\": 0.9778644442558289,\n    \"mean_f1_score\": 0.9375276565551758,\n    \"mean_specificity\": 0.9930583238601685,\n    \"mean_sensitivity\": 0.9376447796821594,\n    \"balanced_accuracy\": 0.9376447796821594\n}",
    "test_metrics": "{\n    \"Angioectasia\": {\n        \"precision\": 0.7281022071838379,\n        \"recall\": 0.8028169274330139,\n        \"f1-score\": 0.7636363506317139,\n        \"specificity\": 0.9904701113700867\n    },\n    \"Bleeding\": {\n        \"precision\": 0.7377049326896667,\n        \"recall\": 0.8774373531341553,\n        \"f1-score\": 0.8015267252922058,\n        \"specificity\": 0.9928992390632629\n    },\n    \"Erosion\": {\n        \"precision\": 0.5347343683242798,\n        \"recall\": 0.7930735945701599,\n        \"f1-score\": 0.6387726664543152,\n        \"specificity\": 0.9467850923538208\n    },\n    \"Erythema\": {\n        \"precision\": 0.5941558480262756,\n        \"recall\": 0.6161616444587708,\n        \"f1-score\": 0.6049586534500122,\n        \"specificity\": 0.9921060800552368\n    },\n    \"Foreign Body\": {\n        \"precision\": 0.8607954382896423,\n        \"recall\": 0.8911764621734619,\n        \"f1-score\": 0.8757225275039673,\n        \"specificity\": 0.9968971610069275\n    },\n    \"Lymphangiectasia\": {\n        \"precision\": 0.7227488160133362,\n        \"recall\": 0.8892128467559814,\n        \"f1-score\": 0.7973856329917908,\n        \"specificity\": 0.9925897717475891\n    },\n    \"Normal\": {\n        \"precision\": 0.9947015047073364,\n        \"recall\": 0.9167412519454956,\n        \"f1-score\": 0.954131543636322,\n        \"specificity\": 0.9843953251838684\n    },\n    \"Polyp\": {\n        \"precision\": 0.5993691086769104,\n        \"recall\": 0.7599999904632568,\n        \"f1-score\": 0.6701940298080444,\n        \"specificity\": 0.9837512969970703\n    },\n    \"Ulcer\": {\n        \"precision\": 0.9197324514389038,\n        \"recall\": 0.9615384340286255,\n        \"f1-score\": 0.94017094373703,\n        \"specificity\": 0.9984854459762573\n    },\n    \"Worms\": {\n        \"precision\": 0.6476190686225891,\n        \"recall\": 1.0,\n        \"f1-score\": 0.7861271500587463,\n        \"specificity\": 0.9976966977119446\n    },\n    \"macro avg\": {\n        \"precision\": 0.7339664697647095,\n        \"recall\": 0.8508158922195435,\n        \"f1-score\": 0.7832626700401306,\n        \"specificity\": 0.9876075983047485\n    },\n    \"accuracy\": 0.893131673336029,\n    \"auc_roc_scores\": {\n        \"Angioectasia\": 0.9828273057937622,\n        \"Bleeding\": 0.9915969967842102,\n        \"Erosion\": 0.9658920764923096,\n        \"Erythema\": 0.9812997579574585,\n        \"Foreign Body\": 0.991569459438324,\n        \"Lymphangiectasia\": 0.9932916760444641,\n        \"Normal\": 0.9903711080551147,\n        \"Polyp\": 0.979475200176239,\n        \"Ulcer\": 0.9975370168685913,\n        \"Worms\": 0.9999707341194153\n    },\n    \"mean_auc\": 0.9873830676078796,\n    \"average_precision_scores\": {\n        \"Angioectasia\": 0.8628024458885193,\n        \"Bleeding\": 0.8892406225204468,\n        \"Erosion\": 0.7548389434814453,\n        \"Erythema\": 0.6644982695579529,\n        \"Foreign Body\": 0.9286075830459595,\n        \"Lymphangiectasia\": 0.9112771153450012,\n        \"Normal\": 0.9970625638961792,\n        \"Polyp\": 0.7336535453796387,\n        \"Ulcer\": 0.9809010624885559,\n        \"Worms\": 0.9935478568077087\n    },\n    \"mean_average_precision\": 0.87164306640625,\n    \"mean_f1_score\": 0.7832626700401306,\n    \"mean_specificity\": 0.9876075983047485,\n    \"mean_sensitivity\": 0.8508158922195435,\n    \"balanced_accuracy\": 0.8508158922195435\n}"
}