{
    "epoch": 10,
    "train_metrics": "{\n    \"Angioectasia\": {\n        \"precision\": 0.9565573930740356,\n        \"recall\": 0.9529123306274414,\n        \"f1-score\": 0.9547314047813416,\n        \"specificity\": 0.9953143000602722\n    },\n    \"Bleeding\": {\n        \"precision\": 0.9611908793449402,\n        \"recall\": 0.9696969985961914,\n        \"f1-score\": 0.9654251933097839,\n        \"specificity\": 0.9956904053688049\n    },\n    \"Erosion\": {\n        \"precision\": 0.9102175831794739,\n        \"recall\": 0.8891579508781433,\n        \"f1-score\": 0.8995645046234131,\n        \"specificity\": 0.9903806447982788\n    },\n    \"Erythema\": {\n        \"precision\": 0.9294723272323608,\n        \"recall\": 0.9495135545730591,\n        \"f1-score\": 0.9393860697746277,\n        \"specificity\": 0.9918944239616394\n    },\n    \"Foreign Body\": {\n        \"precision\": 0.9708423614501953,\n        \"recall\": 0.9708423614501953,\n        \"f1-score\": 0.9708423614501953,\n        \"specificity\": 0.9968144297599792\n    },\n    \"Lymphangiectasia\": {\n        \"precision\": 0.976344108581543,\n        \"recall\": 0.9776581525802612,\n        \"f1-score\": 0.9770006537437439,\n        \"specificity\": 0.9974035024642944\n    },\n    \"Normal\": {\n        \"precision\": 0.9632566571235657,\n        \"recall\": 0.9519331455230713,\n        \"f1-score\": 0.9575614333152771,\n        \"specificity\": 0.9958850145339966\n    },\n    \"Polyp\": {\n        \"precision\": 0.9441611170768738,\n        \"recall\": 0.951438844203949,\n        \"f1-score\": 0.9477860331535339,\n        \"specificity\": 0.9935043454170227\n    },\n    \"Ulcer\": {\n        \"precision\": 0.9965771436691284,\n        \"recall\": 0.9965771436691284,\n        \"f1-score\": 0.9965771436691284,\n        \"specificity\": 0.999615490436554\n    },\n    \"Worms\": {\n        \"precision\": 0.9986638426780701,\n        \"recall\": 0.9973312020301819,\n        \"f1-score\": 0.9979970455169678,\n        \"specificity\": 0.9998523592948914\n    },\n    \"macro avg\": {\n        \"precision\": 0.9607282876968384,\n        \"recall\": 0.9607061743736267,\n        \"f1-score\": 0.9606871604919434,\n        \"specificity\": 0.9956355094909668\n    },\n    \"accuracy\": 0.9607253670692444,\n    \"auc_roc_scores\": {\n        \"Angioectasia\": 0.9988594055175781,\n        \"Bleeding\": 0.9995447993278503,\n        \"Erosion\": 0.9945201873779297,\n        \"Erythema\": 0.9985568523406982,\n        \"Foreign Body\": 0.999569296836853,\n        \"Lymphangiectasia\": 0.999752938747406,\n        \"Normal\": 0.9985543489456177,\n        \"Polyp\": 0.9988362789154053,\n        \"Ulcer\": 0.9999504089355469,\n        \"Worms\": 0.9999979734420776\n    },\n    \"mean_auc\": 0.9988142251968384,\n    \"average_precision_scores\": {\n        \"Angioectasia\": 0.9920170307159424,\n        \"Bleeding\": 0.9959201216697693,\n        \"Erosion\": 0.9632489681243896,\n        \"Erythema\": 0.9864617586135864,\n        \"Foreign Body\": 0.9971357583999634,\n        \"Lymphangiectasia\": 0.9980238080024719,\n        \"Normal\": 0.9915316700935364,\n        \"Polyp\": 0.9905824661254883,\n        \"Ulcer\": 0.9997410178184509,\n        \"Worms\": 0.9999818801879883\n    },\n    \"mean_average_precision\": 0.9914644360542297,\n    \"mean_f1_score\": 0.9606871604919434,\n    \"mean_specificity\": 0.9956355094909668,\n    \"mean_sensitivity\": 0.9607061743736267,\n    \"balanced_accuracy\": 0.9607061743736267\n}",
    "test_metrics": "{\n    \"Angioectasia\": {\n        \"precision\": 0.7911646366119385,\n        \"recall\": 0.7927565574645996,\n        \"f1-score\": 0.791959822177887,\n        \"specificity\": 0.993348240852356\n    },\n    \"Bleeding\": {\n        \"precision\": 0.8717201352119446,\n        \"recall\": 0.8328690528869629,\n        \"f1-score\": 0.8518518805503845,\n        \"specificity\": 0.9972104430198669\n    },\n    \"Erosion\": {\n        \"precision\": 0.6102464199066162,\n        \"recall\": 0.8147186040878296,\n        \"f1-score\": 0.6978123784065247,\n        \"specificity\": 0.9598718285560608\n    },\n    \"Erythema\": {\n        \"precision\": 0.6517241597175598,\n        \"recall\": 0.6363636255264282,\n        \"f1-score\": 0.6439523100852966,\n        \"specificity\": 0.9936217069625854\n    },\n    \"Foreign Body\": {\n        \"precision\": 0.8696883916854858,\n        \"recall\": 0.9029411673545837,\n        \"f1-score\": 0.8860028982162476,\n        \"specificity\": 0.9970871210098267\n    },\n    \"Lymphangiectasia\": {\n        \"precision\": 0.7603092789649963,\n        \"recall\": 0.8600583076477051,\n        \"f1-score\": 0.807113528251648,\n        \"specificity\": 0.9941098093986511\n    },\n    \"Normal\": {\n        \"precision\": 0.9877310991287231,\n        \"recall\": 0.9435175657272339,\n        \"f1-score\": 0.9651182293891907,\n        \"specificity\": 0.9625487923622131\n    },\n    \"Polyp\": {\n        \"precision\": 0.6601423621177673,\n        \"recall\": 0.7419999837875366,\n        \"f1-score\": 0.6986817121505737,\n        \"specificity\": 0.9877814650535583\n    },\n    \"Ulcer\": {\n        \"precision\": 0.8501529097557068,\n        \"recall\": 0.9720279574394226,\n        \"f1-score\": 0.9070146679878235,\n        \"specificity\": 0.9969077110290527\n    },\n    \"Worms\": {\n        \"precision\": 0.739130437374115,\n        \"recall\": 1.0,\n        \"f1-score\": 0.8500000238418579,\n        \"specificity\": 0.9985059499740601\n    },\n    \"macro avg\": {\n        \"precision\": 0.7792009711265564,\n        \"recall\": 0.8497252464294434,\n        \"f1-score\": 0.8099507689476013,\n        \"specificity\": 0.9880992770195007\n    },\n    \"accuracy\": 0.9134019613265991,\n    \"auc_roc_scores\": {\n        \"Angioectasia\": 0.9829694032669067,\n        \"Bleeding\": 0.9889744520187378,\n        \"Erosion\": 0.9708477258682251,\n        \"Erythema\": 0.9730550646781921,\n        \"Foreign Body\": 0.9901255369186401,\n        \"Lymphangiectasia\": 0.9908409714698792,\n        \"Normal\": 0.9914281368255615,\n        \"Polyp\": 0.9817453622817993,\n        \"Ulcer\": 0.99949711561203,\n        \"Worms\": 0.999967098236084\n    },\n    \"mean_auc\": 0.9869451522827148,\n    \"average_precision_scores\": {\n        \"Angioectasia\": 0.8635402917861938,\n        \"Bleeding\": 0.9103177785873413,\n        \"Erosion\": 0.8125799894332886,\n        \"Erythema\": 0.6666274070739746,\n        \"Foreign Body\": 0.9475830793380737,\n        \"Lymphangiectasia\": 0.9016584157943726,\n        \"Normal\": 0.9973008036613464,\n        \"Polyp\": 0.7668877243995667,\n        \"Ulcer\": 0.9858149290084839,\n        \"Worms\": 0.9928444027900696\n    },\n    \"mean_average_precision\": 0.8845154643058777,\n    \"mean_f1_score\": 0.8099507689476013,\n    \"mean_specificity\": 0.9880992770195007,\n    \"mean_sensitivity\": 0.8497252464294434,\n    \"balanced_accuracy\": 0.8497252464294434\n}"
}