{
    "Angioectasia": {
        "precision": 0.800000011920929,
        "recall": 0.8450704216957092,
        "f1-score": 0.8219178318977356,
        "specificity": 0.993284285068512
    },
    "Bleeding": {
        "precision": 0.8881788849830627,
        "recall": 0.7743732333183289,
        "f1-score": 0.8273809552192688,
        "specificity": 0.9977810382843018
    },
    "Erosion": {
        "precision": 0.7696969509124756,
        "recall": 0.7696969509124756,
        "f1-score": 0.7696969509124756,
        "specificity": 0.9822394251823425
    },
    "Erythema": {
        "precision": 0.6535432934761047,
        "recall": 0.558922529220581,
        "f1-score": 0.6025408506393433,
        "specificity": 0.9944427013397217
    },
    "Foreign Body": {
        "precision": 0.8973606824874878,
        "recall": 0.8999999761581421,
        "f1-score": 0.8986784219741821,
        "specificity": 0.9977836608886719
    },
    "Lymphangiectasia": {
        "precision": 0.843406617641449,
        "recall": 0.8950437307357788,
        "f1-score": 0.8684582710266113,
        "specificity": 0.9963898658752441
    },
    "Normal": {
        "precision": 0.9764705896377563,
        "recall": 0.9794905185699463,
        "f1-score": 0.9779782295227051,
        "specificity": 0.9245773553848267
    },
    "Polyp": {
        "precision": 0.7176470756530762,
        "recall": 0.7319999933242798,
        "f1-score": 0.7247524857521057,
        "specificity": 0.9907881021499634
    },
    "Ulcer": {
        "precision": 0.9851301312446594,
        "recall": 0.9265734553337097,
        "f1-score": 0.954954981803894,
        "specificity": 0.9997475743293762
    },
    "Worms": {
        "precision": 0.8947368264198303,
        "recall": 1.0,
        "f1-score": 0.9444444179534912,
        "specificity": 0.9995020031929016
    },
    "accuracy": 0.9360277652740479,
    "macro avg": {
        "precision": 0.8426171541213989,
        "recall": 0.8381171226501465,
        "f1-score": 0.8390803337097168,
        "specificity": 0.9876536130905151
    },
    "auc_roc_scores": {
        "Angioectasia": 0.9872181415557861,
        "Bleeding": 0.9900286793708801,
        "Erosion": 0.9799879193305969,
        "Erythema": 0.9837134480476379,
        "Foreign Body": 0.9932516813278198,
        "Lymphangiectasia": 0.9933224320411682,
        "Normal": 0.9942314624786377,
        "Polyp": 0.984291136264801,
        "Ulcer": 0.9987795948982239,
        "Worms": 0.9999991059303284
    },
    "mean_auc": 0.9904823303222656,
    "average_precision_scores": {
        "Angioectasia": 0.8950809836387634,
        "Bleeding": 0.8893933296203613,
        "Erosion": 0.8436101675033569,
        "Erythema": 0.6792863011360168,
        "Foreign Body": 0.9353289604187012,
        "Lymphangiectasia": 0.9321268796920776,
        "Normal": 0.9982014298439026,
        "Polyp": 0.7840130925178528,
        "Ulcer": 0.9770996570587158,
        "Worms": 0.9997868537902832
    },
    "mean_average_precision": 0.8933927416801453,
    "mean_f1_score": 0.8390803337097168,
    "mean_specificity": 0.9876536130905151,
    "mean_sensitivity": 0.8381171226501465
}