{
    "epoch": 5,
    "train_metrics": "{\n    \"Angioectasia\": {\n        \"precision\": 0.8915308713912964,\n        \"recall\": 0.8800105452537537,\n        \"f1-score\": 0.8857332468032837,\n        \"specificity\": 0.9879934787750244\n    },\n    \"Bleeding\": {\n        \"precision\": 0.9273169636726379,\n        \"recall\": 0.9280692338943481,\n        \"f1-score\": 0.9276929497718811,\n        \"specificity\": 0.9920669794082642\n    },\n    \"Erosion\": {\n        \"precision\": 0.7532362341880798,\n        \"recall\": 0.7414388060569763,\n        \"f1-score\": 0.7472909688949585,\n        \"specificity\": 0.9729610085487366\n    },\n    \"Erythema\": {\n        \"precision\": 0.8360221982002258,\n        \"recall\": 0.848590612411499,\n        \"f1-score\": 0.8422595262527466,\n        \"specificity\": 0.9817011952400208\n    },\n    \"Foreign Body\": {\n        \"precision\": 0.9419440627098083,\n        \"recall\": 0.9431999921798706,\n        \"f1-score\": 0.9425716400146484,\n        \"specificity\": 0.9935611486434937\n    },\n    \"Lymphangiectasia\": {\n        \"precision\": 0.9428805708885193,\n        \"recall\": 0.9347060322761536,\n        \"f1-score\": 0.9387755393981934,\n        \"specificity\": 0.9938377141952515\n    },\n    \"Normal\": {\n        \"precision\": 0.8882384300231934,\n        \"recall\": 0.8765756487846375,\n        \"f1-score\": 0.8823685050010681,\n        \"specificity\": 0.9875736236572266\n    },\n    \"Polyp\": {\n        \"precision\": 0.8411840200424194,\n        \"recall\": 0.8689178228378296,\n        \"f1-score\": 0.854826033115387,\n        \"specificity\": 0.981770396232605\n    },\n    \"Ulcer\": {\n        \"precision\": 0.9829486012458801,\n        \"recall\": 0.981918215751648,\n        \"f1-score\": 0.9824331402778625,\n        \"specificity\": 0.9980764389038086\n    },\n    \"Worms\": {\n        \"precision\": 0.9921156167984009,\n        \"recall\": 0.9936825633049011,\n        \"f1-score\": 0.9928984642028809,\n        \"specificity\": 0.9991126656532288\n    },\n    \"macro avg\": {\n        \"precision\": 0.8997417688369751,\n        \"recall\": 0.8997109532356262,\n        \"f1-score\": 0.8996850252151489,\n        \"specificity\": 0.9888654947280884\n    },\n    \"accuracy\": 0.8997793197631836,\n    \"auc_roc_scores\": {\n        \"Angioectasia\": 0.992364764213562,\n        \"Bleeding\": 0.99686598777771,\n        \"Erosion\": 0.9701611995697021,\n        \"Erythema\": 0.9893444776535034,\n        \"Foreign Body\": 0.99761563539505,\n        \"Lymphangiectasia\": 0.9977417588233948,\n        \"Normal\": 0.989260196685791,\n        \"Polyp\": 0.9908984899520874,\n        \"Ulcer\": 0.999720573425293,\n        \"Worms\": 0.9999721050262451\n    },\n    \"mean_auc\": 0.9923945665359497,\n    \"average_precision_scores\": {\n        \"Angioectasia\": 0.9557012915611267,\n        \"Bleeding\": 0.97829270362854,\n        \"Erosion\": 0.8346562385559082,\n        \"Erythema\": 0.9123056530952454,\n        \"Foreign Body\": 0.9844993352890015,\n        \"Lymphangiectasia\": 0.9838666915893555,\n        \"Normal\": 0.9482896327972412,\n        \"Polyp\": 0.9317601919174194,\n        \"Ulcer\": 0.9980802536010742,\n        \"Worms\": 0.9997488260269165\n    },\n    \"mean_average_precision\": 0.9527201056480408,\n    \"mean_f1_score\": 0.8996850252151489,\n    \"mean_specificity\": 0.9888654947280884,\n    \"mean_sensitivity\": 0.8997109532356262,\n    \"balanced_accuracy\": 0.8997109532356262\n}",
    "test_metrics": "{\n    \"Angioectasia\": {\n        \"precision\": 0.5764526128768921,\n        \"recall\": 0.758551299571991,\n        \"f1-score\": 0.6550825238227844,\n        \"specificity\": 0.982283353805542\n    },\n    \"Bleeding\": {\n        \"precision\": 0.6763392686843872,\n        \"recall\": 0.844011127948761,\n        \"f1-score\": 0.7509293556213379,\n        \"specificity\": 0.990807056427002\n    },\n    \"Erosion\": {\n        \"precision\": 0.5923994183540344,\n        \"recall\": 0.6883116960525513,\n        \"f1-score\": 0.6367641091346741,\n        \"specificity\": 0.9634773135185242\n    },\n    \"Erythema\": {\n        \"precision\": 0.4261603355407715,\n        \"recall\": 0.680134654045105,\n        \"f1-score\": 0.5239948034286499,\n        \"specificity\": 0.982822835445404\n    },\n    \"Foreign Body\": {\n        \"precision\": 0.6035503149032593,\n        \"recall\": 0.8999999761581421,\n        \"f1-score\": 0.7225501537322998,\n        \"specificity\": 0.9872720241546631\n    },\n    \"Lymphangiectasia\": {\n        \"precision\": 0.6506550312042236,\n        \"recall\": 0.8688046932220459,\n        \"f1-score\": 0.7440699338912964,\n        \"specificity\": 0.9898663759231567\n    },\n    \"Normal\": {\n        \"precision\": 0.9914467930793762,\n        \"recall\": 0.886790931224823,\n        \"f1-score\": 0.936203122138977,\n        \"specificity\": 0.9755526781082153\n    },\n    \"Polyp\": {\n        \"precision\": 0.46107056736946106,\n        \"recall\": 0.7580000162124634,\n        \"f1-score\": 0.5733736753463745,\n        \"specificity\": 0.9716606736183167\n    },\n    \"Ulcer\": {\n        \"precision\": 0.7838616967201233,\n        \"recall\": 0.9510489702224731,\n        \"f1-score\": 0.859399676322937,\n        \"specificity\": 0.9952669739723206\n    },\n    \"Worms\": {\n        \"precision\": 0.7444444298744202,\n        \"recall\": 0.9852941036224365,\n        \"f1-score\": 0.8481012582778931,\n        \"specificity\": 0.9985682368278503\n    },\n    \"macro avg\": {\n        \"precision\": 0.6506380438804626,\n        \"recall\": 0.8320947885513306,\n        \"f1-score\": 0.7250468730926514,\n        \"specificity\": 0.9837577939033508\n    },\n    \"accuracy\": 0.8613315224647522,\n    \"auc_roc_scores\": {\n        \"Angioectasia\": 0.9670557379722595,\n        \"Bleeding\": 0.9893417954444885,\n        \"Erosion\": 0.9465305805206299,\n        \"Erythema\": 0.9681358337402344,\n        \"Foreign Body\": 0.9867520332336426,\n        \"Lymphangiectasia\": 0.9865319728851318,\n        \"Normal\": 0.9861136674880981,\n        \"Polyp\": 0.975333571434021,\n        \"Ulcer\": 0.9977354407310486,\n        \"Worms\": 0.999916672706604\n    },\n    \"mean_auc\": 0.9803447723388672,\n    \"average_precision_scores\": {\n        \"Angioectasia\": 0.7774346470832825,\n        \"Bleeding\": 0.8564335107803345,\n        \"Erosion\": 0.7092267274856567,\n        \"Erythema\": 0.5863187313079834,\n        \"Foreign Body\": 0.9013548493385315,\n        \"Lymphangiectasia\": 0.873862624168396,\n        \"Normal\": 0.9954938888549805,\n        \"Polyp\": 0.6581186056137085,\n        \"Ulcer\": 0.9668797850608826,\n        \"Worms\": 0.9840443730354309\n    },\n    \"mean_average_precision\": 0.8309168219566345,\n    \"mean_f1_score\": 0.7250468730926514,\n    \"mean_specificity\": 0.9837577939033508,\n    \"mean_sensitivity\": 0.8320947885513306,\n    \"balanced_accuracy\": 0.8320947885513306\n}"
}