{
    "epoch": 15,
    "train_metrics": "{\n    \"Angioectasia\": {\n        \"precision\": 0.9584183692932129,\n        \"recall\": 0.9550076127052307,\n        \"f1-score\": 0.9567099809646606,\n        \"specificity\": 0.9951593279838562\n    },\n    \"Bleeding\": {\n        \"precision\": 0.9491433501243591,\n        \"recall\": 0.9651548862457275,\n        \"f1-score\": 0.9570821523666382,\n        \"specificity\": 0.9944985508918762\n    },\n    \"Erosion\": {\n        \"precision\": 0.9055075645446777,\n        \"recall\": 0.8882415294647217,\n        \"f1-score\": 0.8967914581298828,\n        \"specificity\": 0.9896544814109802\n    },\n    \"Erythema\": {\n        \"precision\": 0.9284957647323608,\n        \"recall\": 0.9427265524864197,\n        \"f1-score\": 0.9355570673942566,\n        \"specificity\": 0.9920325875282288\n    },\n    \"Foreign Body\": {\n        \"precision\": 0.9745832085609436,\n        \"recall\": 0.9740508198738098,\n        \"f1-score\": 0.9743169546127319,\n        \"specificity\": 0.997260332107544\n    },\n    \"Lymphangiectasia\": {\n        \"precision\": 0.9770605564117432,\n        \"recall\": 0.9744613170623779,\n        \"f1-score\": 0.9757592082023621,\n        \"specificity\": 0.9974592328071594\n    },\n    \"Normal\": {\n        \"precision\": 0.9615283012390137,\n        \"recall\": 0.945091962814331,\n        \"f1-score\": 0.9532392621040344,\n        \"specificity\": 0.9956735372543335\n    },\n    \"Polyp\": {\n        \"precision\": 0.9439204931259155,\n        \"recall\": 0.9553663730621338,\n        \"f1-score\": 0.9496089220046997,\n        \"specificity\": 0.9934778213500977\n    },\n    \"Ulcer\": {\n        \"precision\": 0.9966694712638855,\n        \"recall\": 0.9972230195999146,\n        \"f1-score\": 0.9969461560249329,\n        \"specificity\": 0.9996471405029297\n    },\n    \"Worms\": {\n        \"precision\": 0.9984214901924133,\n        \"recall\": 0.9976340532302856,\n        \"f1-score\": 0.9980276226997375,\n        \"specificity\": 0.9998224973678589\n    },\n    \"macro avg\": {\n        \"precision\": 0.9593748450279236,\n        \"recall\": 0.9594958424568176,\n        \"f1-score\": 0.959403932094574,\n        \"specificity\": 0.9954685568809509\n    },\n    \"accuracy\": 0.9592363238334656,\n    \"auc_roc_scores\": {\n        \"Angioectasia\": 0.9990784525871277,\n        \"Bleeding\": 0.9992603063583374,\n        \"Erosion\": 0.9943894743919373,\n        \"Erythema\": 0.99812251329422,\n        \"Foreign Body\": 0.9996732473373413,\n        \"Lymphangiectasia\": 0.9997004270553589,\n        \"Normal\": 0.9971930980682373,\n        \"Polyp\": 0.9986751079559326,\n        \"Ulcer\": 0.9999874234199524,\n        \"Worms\": 0.9999986290931702\n    },\n    \"mean_auc\": 0.9986079335212708,\n    \"average_precision_scores\": {\n        \"Angioectasia\": 0.9933834671974182,\n        \"Bleeding\": 0.9933420419692993,\n        \"Erosion\": 0.9617406129837036,\n        \"Erythema\": 0.9828964471817017,\n        \"Foreign Body\": 0.9969832301139832,\n        \"Lymphangiectasia\": 0.9974126219749451,\n        \"Normal\": 0.9858758449554443,\n        \"Polyp\": 0.9893519878387451,\n        \"Ulcer\": 0.9998886585235596,\n        \"Worms\": 0.9999877214431763\n    },\n    \"mean_average_precision\": 0.9900862574577332,\n    \"mean_f1_score\": 0.959403932094574,\n    \"mean_specificity\": 0.9954685568809509,\n    \"mean_sensitivity\": 0.9594958424568176,\n    \"balanced_accuracy\": 0.9594958424568176\n}",
    "test_metrics": "{\n    \"Angioectasia\": {\n        \"precision\": 0.6756756901741028,\n        \"recall\": 0.8048290014266968,\n        \"f1-score\": 0.7346189022064209,\n        \"specificity\": 0.9877198338508606\n    },\n    \"Bleeding\": {\n        \"precision\": 0.7921052575111389,\n        \"recall\": 0.8384401202201843,\n        \"f1-score\": 0.8146143555641174,\n        \"specificity\": 0.9949914216995239\n    },\n    \"Erosion\": {\n        \"precision\": 0.6886870265007019,\n        \"recall\": 0.7220779061317444,\n        \"f1-score\": 0.7049873471260071,\n        \"specificity\": 0.9748280644416809\n    },\n    \"Erythema\": {\n        \"precision\": 0.5282486081123352,\n        \"recall\": 0.6296296119689941,\n        \"f1-score\": 0.5745007395744324,\n        \"specificity\": 0.9894537329673767\n    },\n    \"Foreign Body\": {\n        \"precision\": 0.7763819098472595,\n        \"recall\": 0.908823549747467,\n        \"f1-score\": 0.8373983502388,\n        \"specificity\": 0.9943642616271973\n    },\n    \"Lymphangiectasia\": {\n        \"precision\": 0.7037914395332336,\n        \"recall\": 0.8658891916275024,\n        \"f1-score\": 0.7764706015586853,\n        \"specificity\": 0.9920830726623535\n    },\n    \"Normal\": {\n        \"precision\": 0.9857215881347656,\n        \"recall\": 0.9439244866371155,\n        \"f1-score\": 0.9643703699111938,\n        \"specificity\": 0.9563068747520447\n    },\n    \"Polyp\": {\n        \"precision\": 0.5930047631263733,\n        \"recall\": 0.7459999918937683,\n        \"f1-score\": 0.6607617139816284,\n        \"specificity\": 0.9836233258247375\n    },\n    \"Ulcer\": {\n        \"precision\": 0.9141914248466492,\n        \"recall\": 0.9685314893722534,\n        \"f1-score\": 0.9405772686004639,\n        \"specificity\": 0.998359203338623\n    },\n    \"Worms\": {\n        \"precision\": 0.8831169009208679,\n        \"recall\": 1.0,\n        \"f1-score\": 0.9379310607910156,\n        \"specificity\": 0.9994397163391113\n    },\n    \"macro avg\": {\n        \"precision\": 0.7540925145149231,\n        \"recall\": 0.842814564704895,\n        \"f1-score\": 0.794623076915741,\n        \"specificity\": 0.9871169328689575\n    },\n    \"accuracy\": 0.9077609777450562,\n    \"auc_roc_scores\": {\n        \"Angioectasia\": 0.9789060950279236,\n        \"Bleeding\": 0.9901368618011475,\n        \"Erosion\": 0.9633064270019531,\n        \"Erythema\": 0.9663180708885193,\n        \"Foreign Body\": 0.9829601049423218,\n        \"Lymphangiectasia\": 0.9853110313415527,\n        \"Normal\": 0.9905692338943481,\n        \"Polyp\": 0.9719011187553406,\n        \"Ulcer\": 0.9982414245605469,\n        \"Worms\": 0.9999771118164062\n    },\n    \"mean_auc\": 0.9827627539634705,\n    \"average_precision_scores\": {\n        \"Angioectasia\": 0.8149336576461792,\n        \"Bleeding\": 0.8811355233192444,\n        \"Erosion\": 0.7786769866943359,\n        \"Erythema\": 0.5903352499008179,\n        \"Foreign Body\": 0.9171214699745178,\n        \"Lymphangiectasia\": 0.8771663308143616,\n        \"Normal\": 0.9967660903930664,\n        \"Polyp\": 0.7159361839294434,\n        \"Ulcer\": 0.9796557426452637,\n        \"Worms\": 0.9944843053817749\n    },\n    \"mean_average_precision\": 0.8546211123466492,\n    \"mean_f1_score\": 0.794623076915741,\n    \"mean_specificity\": 0.9871169328689575,\n    \"mean_sensitivity\": 0.842814564704895,\n    \"balanced_accuracy\": 0.842814564704895\n}"
}