{
    "epoch": 14,
    "train_metrics": "{\n    \"Angioectasia\": {\n        \"precision\": 0.9553643465042114,\n        \"recall\": 0.9492385983467102,\n        \"f1-score\": 0.9522916078567505,\n        \"specificity\": 0.9950980544090271\n    },\n    \"Bleeding\": {\n        \"precision\": 0.9560554623603821,\n        \"recall\": 0.9633632302284241,\n        \"f1-score\": 0.9596953988075256,\n        \"specificity\": 0.995031476020813\n    },\n    \"Erosion\": {\n        \"precision\": 0.8898488283157349,\n        \"recall\": 0.8810478448867798,\n        \"f1-score\": 0.8854264616966248,\n        \"specificity\": 0.9879525303840637\n    },\n    \"Erythema\": {\n        \"precision\": 0.9273670315742493,\n        \"recall\": 0.9398002028465271,\n        \"f1-score\": 0.9335422515869141,\n        \"specificity\": 0.9917166829109192\n    },\n    \"Foreign Body\": {\n        \"precision\": 0.9691026210784912,\n        \"recall\": 0.9675429463386536,\n        \"f1-score\": 0.9683221578598022,\n        \"specificity\": 0.9966055750846863\n    },\n    \"Lymphangiectasia\": {\n        \"precision\": 0.9739527106285095,\n        \"recall\": 0.9755244851112366,\n        \"f1-score\": 0.9747380018234253,\n        \"specificity\": 0.997137725353241\n    },\n    \"Normal\": {\n        \"precision\": 0.9546195864677429,\n        \"recall\": 0.9363006353378296,\n        \"f1-score\": 0.9453713893890381,\n        \"specificity\": 0.9950671792030334\n    },\n    \"Polyp\": {\n        \"precision\": 0.9378089904785156,\n        \"recall\": 0.9521796703338623,\n        \"f1-score\": 0.9449396729469299,\n        \"specificity\": 0.9929335713386536\n    },\n    \"Ulcer\": {\n        \"precision\": 0.9957627058029175,\n        \"recall\": 0.9936575293540955,\n        \"f1-score\": 0.9947090148925781,\n        \"specificity\": 0.9995269775390625\n    },\n    \"Worms\": {\n        \"precision\": 0.9981387853622437,\n        \"recall\": 0.9989355802536011,\n        \"f1-score\": 0.9985370635986328,\n        \"specificity\": 0.9997931718826294\n    },\n    \"macro avg\": {\n        \"precision\": 0.9558021426200867,\n        \"recall\": 0.9557590484619141,\n        \"f1-score\": 0.9557573199272156,\n        \"specificity\": 0.9950863122940063\n    },\n    \"accuracy\": 0.955779492855072,\n    \"auc_roc_scores\": {\n        \"Angioectasia\": 0.9988040924072266,\n        \"Bleeding\": 0.9992895126342773,\n        \"Erosion\": 0.9938201308250427,\n        \"Erythema\": 0.9981200695037842,\n        \"Foreign Body\": 0.999607264995575,\n        \"Lymphangiectasia\": 0.9996610283851624,\n        \"Normal\": 0.9968625903129578,\n        \"Polyp\": 0.9986566305160522,\n        \"Ulcer\": 0.9999806880950928,\n        \"Worms\": 0.999999463558197\n    },\n    \"mean_auc\": 0.9984801411628723,\n    \"average_precision_scores\": {\n        \"Angioectasia\": 0.9911172986030579,\n        \"Bleeding\": 0.9938971400260925,\n        \"Erosion\": 0.957728385925293,\n        \"Erythema\": 0.9838548898696899,\n        \"Foreign Body\": 0.9965702891349792,\n        \"Lymphangiectasia\": 0.9972198009490967,\n        \"Normal\": 0.983514130115509,\n        \"Polyp\": 0.9887796640396118,\n        \"Ulcer\": 0.9998271465301514,\n        \"Worms\": 0.9999948143959045\n    },\n    \"mean_average_precision\": 0.9892503619194031,\n    \"mean_f1_score\": 0.9557573199272156,\n    \"mean_specificity\": 0.9950863122940063,\n    \"mean_sensitivity\": 0.9557590484619141,\n    \"balanced_accuracy\": 0.9557590484619141\n}",
    "test_metrics": "{\n    \"Angioectasia\": {\n        \"precision\": 0.6399345397949219,\n        \"recall\": 0.786720335483551,\n        \"f1-score\": 0.7057761549949646,\n        \"specificity\": 0.985929012298584\n    },\n    \"Bleeding\": {\n        \"precision\": 0.7690417766571045,\n        \"recall\": 0.8718662858009338,\n        \"f1-score\": 0.8172323703765869,\n        \"specificity\": 0.9940404295921326\n    },\n    \"Erosion\": {\n        \"precision\": 0.6587864756584167,\n        \"recall\": 0.723809540271759,\n        \"f1-score\": 0.6897689700126648,\n        \"specificity\": 0.9710890054702759\n    },\n    \"Erythema\": {\n        \"precision\": 0.5038560628890991,\n        \"recall\": 0.6599326729774475,\n        \"f1-score\": 0.5714285969734192,\n        \"specificity\": 0.987811803817749\n    },\n    \"Foreign Body\": {\n        \"precision\": 0.8131579160690308,\n        \"recall\": 0.908823549747467,\n        \"f1-score\": 0.8583333492279053,\n        \"specificity\": 0.9955040812492371\n    },\n    \"Lymphangiectasia\": {\n        \"precision\": 0.7684478163719177,\n        \"recall\": 0.8804664611816406,\n        \"f1-score\": 0.820652186870575,\n        \"specificity\": 0.9942364692687988\n    },\n    \"Normal\": {\n        \"precision\": 0.9854601621627808,\n        \"recall\": 0.9377390742301941,\n        \"f1-score\": 0.9610075354576111,\n        \"specificity\": 0.9557867646217346\n    },\n    \"Polyp\": {\n        \"precision\": 0.6086261868476868,\n        \"recall\": 0.7620000243186951,\n        \"f1-score\": 0.6767317652702332,\n        \"specificity\": 0.9843270182609558\n    },\n    \"Ulcer\": {\n        \"precision\": 0.9425675868988037,\n        \"recall\": 0.9755244851112366,\n        \"f1-score\": 0.9587628841400146,\n        \"specificity\": 0.9989271759986877\n    },\n    \"Worms\": {\n        \"precision\": 0.9420289993286133,\n        \"recall\": 0.9558823704719543,\n        \"f1-score\": 0.9489051103591919,\n        \"specificity\": 0.9997509717941284\n    },\n    \"macro avg\": {\n        \"precision\": 0.763190746307373,\n        \"recall\": 0.8462764620780945,\n        \"f1-score\": 0.8008598685264587,\n        \"specificity\": 0.9867402911186218\n    },\n    \"accuracy\": 0.9046615362167358,\n    \"auc_roc_scores\": {\n        \"Angioectasia\": 0.9727590084075928,\n        \"Bleeding\": 0.9901299476623535,\n        \"Erosion\": 0.9587875008583069,\n        \"Erythema\": 0.9698975086212158,\n        \"Foreign Body\": 0.9878904223442078,\n        \"Lymphangiectasia\": 0.9871941208839417,\n        \"Normal\": 0.9892969131469727,\n        \"Polyp\": 0.9788579940795898,\n        \"Ulcer\": 0.9995586276054382,\n        \"Worms\": 0.9999780654907227\n    },\n    \"mean_auc\": 0.9834349751472473,\n    \"average_precision_scores\": {\n        \"Angioectasia\": 0.7967221736907959,\n        \"Bleeding\": 0.892930269241333,\n        \"Erosion\": 0.759149432182312,\n        \"Erythema\": 0.6238459348678589,\n        \"Foreign Body\": 0.9325243234634399,\n        \"Lymphangiectasia\": 0.8926196098327637,\n        \"Normal\": 0.9965500235557556,\n        \"Polyp\": 0.7284831404685974,\n        \"Ulcer\": 0.9897304773330688,\n        \"Worms\": 0.9952380657196045\n    },\n    \"mean_average_precision\": 0.8607794046401978,\n    \"mean_f1_score\": 0.8008598685264587,\n    \"mean_specificity\": 0.9867402911186218,\n    \"mean_sensitivity\": 0.8462764620780945,\n    \"balanced_accuracy\": 0.8462764620780945\n}"
}