{
    "epoch": 16,
    "train_metrics": "{\n    \"Angioectasia\": {\n        \"precision\": 0.9626745581626892,\n        \"recall\": 0.9572763442993164,\n        \"f1-score\": 0.959967851638794,\n        \"specificity\": 0.9958950877189636\n    },\n    \"Bleeding\": {\n        \"precision\": 0.9632115960121155,\n        \"recall\": 0.9705086350440979,\n        \"f1-score\": 0.9668463468551636,\n        \"specificity\": 0.995959997177124\n    },\n    \"Erosion\": {\n        \"precision\": 0.908202052116394,\n        \"recall\": 0.8979591727256775,\n        \"f1-score\": 0.9030515551567078,\n        \"specificity\": 0.9900245070457458\n    },\n    \"Erythema\": {\n        \"precision\": 0.9377551078796387,\n        \"recall\": 0.946203351020813,\n        \"f1-score\": 0.9419602751731873,\n        \"specificity\": 0.9927643537521362\n    },\n    \"Foreign Body\": {\n        \"precision\": 0.970231831073761,\n        \"recall\": 0.9769230484962463,\n        \"f1-score\": 0.973565936088562,\n        \"specificity\": 0.9966604709625244\n    },\n    \"Lymphangiectasia\": {\n        \"precision\": 0.9736204743385315,\n        \"recall\": 0.9741448760032654,\n        \"f1-score\": 0.9738826155662537,\n        \"specificity\": 0.9971086382865906\n    },\n    \"Normal\": {\n        \"precision\": 0.9633952379226685,\n        \"recall\": 0.9475606679916382,\n        \"f1-score\": 0.9554123282432556,\n        \"specificity\": 0.9959140419960022\n    },\n    \"Polyp\": {\n        \"precision\": 0.9484453797340393,\n        \"recall\": 0.956836462020874,\n        \"f1-score\": 0.9526224732398987,\n        \"specificity\": 0.9942734241485596\n    },\n    \"Ulcer\": {\n        \"precision\": 0.9960998296737671,\n        \"recall\": 0.9958409070968628,\n        \"f1-score\": 0.9959703683853149,\n        \"specificity\": 0.9995557069778442\n    },\n    \"Worms\": {\n        \"precision\": 0.9978183507919312,\n        \"recall\": 0.9986353516578674,\n        \"f1-score\": 0.9982267022132874,\n        \"specificity\": 0.9997643232345581\n    },\n    \"macro avg\": {\n        \"precision\": 0.9621454477310181,\n        \"recall\": 0.9621888995170593,\n        \"f1-score\": 0.9621506929397583,\n        \"specificity\": 0.995792031288147\n    },\n    \"accuracy\": 0.9621347188949585,\n    \"auc_roc_scores\": {\n        \"Angioectasia\": 0.9989296197891235,\n        \"Bleeding\": 0.9995227456092834,\n        \"Erosion\": 0.9947847723960876,\n        \"Erythema\": 0.9984676837921143,\n        \"Foreign Body\": 0.999541163444519,\n        \"Lymphangiectasia\": 0.9996856451034546,\n        \"Normal\": 0.9980714321136475,\n        \"Polyp\": 0.9990254044532776,\n        \"Ulcer\": 0.9999840259552002,\n        \"Worms\": 0.9999988079071045\n    },\n    \"mean_auc\": 0.9988011717796326,\n    \"average_precision_scores\": {\n        \"Angioectasia\": 0.9928839206695557,\n        \"Bleeding\": 0.995622992515564,\n        \"Erosion\": 0.9661657810211182,\n        \"Erythema\": 0.9862610101699829,\n        \"Foreign Body\": 0.9970201253890991,\n        \"Lymphangiectasia\": 0.9971417784690857,\n        \"Normal\": 0.988998293876648,\n        \"Polyp\": 0.9916955232620239,\n        \"Ulcer\": 0.9998627305030823,\n        \"Worms\": 0.9999890327453613\n    },\n    \"mean_average_precision\": 0.9915640950202942,\n    \"mean_f1_score\": 0.9621506929397583,\n    \"mean_specificity\": 0.995792031288147,\n    \"mean_sensitivity\": 0.9621888995170593,\n    \"balanced_accuracy\": 0.9621888995170593\n}",
    "test_metrics": "{\n    \"Angioectasia\": {\n        \"precision\": 0.6246153712272644,\n        \"recall\": 0.8169013857841492,\n        \"f1-score\": 0.7079337239265442,\n        \"specificity\": 0.9843940138816833\n    },\n    \"Bleeding\": {\n        \"precision\": 0.7814909815788269,\n        \"recall\": 0.8467966318130493,\n        \"f1-score\": 0.8128342032432556,\n        \"specificity\": 0.9946110248565674\n    },\n    \"Erosion\": {\n        \"precision\": 0.688524603843689,\n        \"recall\": 0.7272727489471436,\n        \"f1-score\": 0.7073684334754944,\n        \"specificity\": 0.9746277332305908\n    },\n    \"Erythema\": {\n        \"precision\": 0.48533332347869873,\n        \"recall\": 0.6127946376800537,\n        \"f1-score\": 0.5416666865348816,\n        \"specificity\": 0.987811803817749\n    },\n    \"Foreign Body\": {\n        \"precision\": 0.7475728392601013,\n        \"recall\": 0.9058823585510254,\n        \"f1-score\": 0.8191489577293396,\n        \"specificity\": 0.9934144020080566\n    },\n    \"Lymphangiectasia\": {\n        \"precision\": 0.6909090876579285,\n        \"recall\": 0.8862974047660828,\n        \"f1-score\": 0.7765006422996521,\n        \"specificity\": 0.9913864135742188\n    },\n    \"Normal\": {\n        \"precision\": 0.9883030652999878,\n        \"recall\": 0.9352160692214966,\n        \"f1-score\": 0.9610270261764526,\n        \"specificity\": 0.9646294116973877\n    },\n    \"Polyp\": {\n        \"precision\": 0.5830768942832947,\n        \"recall\": 0.7580000162124634,\n        \"f1-score\": 0.6591304540634155,\n        \"specificity\": 0.9826637506484985\n    },\n    \"Ulcer\": {\n        \"precision\": 0.9427609443664551,\n        \"recall\": 0.9790209531784058,\n        \"f1-score\": 0.9605488777160645,\n        \"specificity\": 0.9989271759986877\n    },\n    \"Worms\": {\n        \"precision\": 0.9444444179534912,\n        \"recall\": 1.0,\n        \"f1-score\": 0.9714285731315613,\n        \"specificity\": 0.9997509717941284\n    },\n    \"macro avg\": {\n        \"precision\": 0.7477031946182251,\n        \"recall\": 0.8468181490898132,\n        \"f1-score\": 0.7917587161064148,\n        \"specificity\": 0.9872217178344727\n    },\n    \"accuracy\": 0.9026778936386108,\n    \"auc_roc_scores\": {\n        \"Angioectasia\": 0.9740481376647949,\n        \"Bleeding\": 0.9890041351318359,\n        \"Erosion\": 0.962219774723053,\n        \"Erythema\": 0.962300717830658,\n        \"Foreign Body\": 0.9900807738304138,\n        \"Lymphangiectasia\": 0.9864617586135864,\n        \"Normal\": 0.9910187721252441,\n        \"Polyp\": 0.9774560332298279,\n        \"Ulcer\": 0.999829888343811,\n        \"Worms\": 0.9999927282333374\n    },\n    \"mean_auc\": 0.9832412600517273,\n    \"average_precision_scores\": {\n        \"Angioectasia\": 0.8284264802932739,\n        \"Bleeding\": 0.8819875717163086,\n        \"Erosion\": 0.790930449962616,\n        \"Erythema\": 0.5520436763763428,\n        \"Foreign Body\": 0.9128663539886475,\n        \"Lymphangiectasia\": 0.8822075128555298,\n        \"Normal\": 0.9971432685852051,\n        \"Polyp\": 0.7331562042236328,\n        \"Ulcer\": 0.9912257194519043,\n        \"Worms\": 0.9982318878173828\n    },\n    \"mean_average_precision\": 0.8568219542503357,\n    \"mean_f1_score\": 0.7917587161064148,\n    \"mean_specificity\": 0.9872217178344727,\n    \"mean_sensitivity\": 0.8468181490898132,\n    \"balanced_accuracy\": 0.8468181490898132\n}"
}