{
    "epoch": 13,
    "train_metrics": "{\n    \"Angioectasia\": {\n        \"precision\": 0.9530026316642761,\n        \"recall\": 0.9500260353088379,\n        \"f1-score\": 0.9515119791030884,\n        \"specificity\": 0.9946690201759338\n    },\n    \"Bleeding\": {\n        \"precision\": 0.95652174949646,\n        \"recall\": 0.9655358195304871,\n        \"f1-score\": 0.9610076546669006,\n        \"specificity\": 0.9951907396316528\n    },\n    \"Erosion\": {\n        \"precision\": 0.8881137371063232,\n        \"recall\": 0.8669460415840149,\n        \"f1-score\": 0.8774022459983826,\n        \"specificity\": 0.987658679485321\n    },\n    \"Erythema\": {\n        \"precision\": 0.914543092250824,\n        \"recall\": 0.9332808256149292,\n        \"f1-score\": 0.923816978931427,\n        \"specificity\": 0.9901775121688843\n    },\n    \"Foreign Body\": {\n        \"precision\": 0.9695041179656982,\n        \"recall\": 0.9702759981155396,\n        \"f1-score\": 0.9698898792266846,\n        \"specificity\": 0.9966015815734863\n    },\n    \"Lymphangiectasia\": {\n        \"precision\": 0.9733790159225464,\n        \"recall\": 0.9733790159225464,\n        \"f1-score\": 0.9733790159225464,\n        \"specificity\": 0.9970129728317261\n    },\n    \"Normal\": {\n        \"precision\": 0.9513322710990906,\n        \"recall\": 0.9388247728347778,\n        \"f1-score\": 0.9450371265411377,\n        \"specificity\": 0.9947166442871094\n    },\n    \"Polyp\": {\n        \"precision\": 0.92967689037323,\n        \"recall\": 0.9393690228462219,\n        \"f1-score\": 0.9344978332519531,\n        \"specificity\": 0.9923738241195679\n    },\n    \"Ulcer\": {\n        \"precision\": 0.9946193099021912,\n        \"recall\": 0.9951547980308533,\n        \"f1-score\": 0.9948869943618774,\n        \"specificity\": 0.9994099140167236\n    },\n    \"Worms\": {\n        \"precision\": 0.9989398121833801,\n        \"recall\": 0.9978818893432617,\n        \"f1-score\": 0.9984105825424194,\n        \"specificity\": 0.9998817443847656\n    },\n    \"macro avg\": {\n        \"precision\": 0.9529632925987244,\n        \"recall\": 0.953067421913147,\n        \"f1-score\": 0.9529840350151062,\n        \"specificity\": 0.994769275188446\n    },\n    \"accuracy\": 0.9529342651367188,\n    \"auc_roc_scores\": {\n        \"Angioectasia\": 0.9986093640327454,\n        \"Bleeding\": 0.9992519021034241,\n        \"Erosion\": 0.9925748705863953,\n        \"Erythema\": 0.9976375102996826,\n        \"Foreign Body\": 0.9993358850479126,\n        \"Lymphangiectasia\": 0.999550461769104,\n        \"Normal\": 0.9967072010040283,\n        \"Polyp\": 0.9980219602584839,\n        \"Ulcer\": 0.9999366998672485,\n        \"Worms\": 0.9999967217445374\n    },\n    \"mean_auc\": 0.9981622695922852,\n    \"average_precision_scores\": {\n        \"Angioectasia\": 0.9902644157409668,\n        \"Bleeding\": 0.9931742548942566,\n        \"Erosion\": 0.9515664577484131,\n        \"Erythema\": 0.9795507192611694,\n        \"Foreign Body\": 0.9957087635993958,\n        \"Lymphangiectasia\": 0.9964960217475891,\n        \"Normal\": 0.983811616897583,\n        \"Polyp\": 0.9825657606124878,\n        \"Ulcer\": 0.9996017217636108,\n        \"Worms\": 0.9999706149101257\n    },\n    \"mean_average_precision\": 0.9872710108757019,\n    \"mean_f1_score\": 0.9529840350151062,\n    \"mean_specificity\": 0.994769275188446,\n    \"mean_sensitivity\": 0.953067421913147,\n    \"balanced_accuracy\": 0.953067421913147\n}",
    "test_metrics": "{\n    \"Angioectasia\": {\n        \"precision\": 0.6398104429244995,\n        \"recall\": 0.8148893117904663,\n        \"f1-score\": 0.7168141603469849,\n        \"specificity\": 0.9854173064231873\n    },\n    \"Bleeding\": {\n        \"precision\": 0.7605984807014465,\n        \"recall\": 0.8495821952819824,\n        \"f1-score\": 0.8026315569877625,\n        \"specificity\": 0.9939136505126953\n    },\n    \"Erosion\": {\n        \"precision\": 0.632667601108551,\n        \"recall\": 0.7679653763771057,\n        \"f1-score\": 0.6937817931175232,\n        \"specificity\": 0.9656139612197876\n    },\n    \"Erythema\": {\n        \"precision\": 0.41723355650901794,\n        \"recall\": 0.619528591632843,\n        \"f1-score\": 0.49864497780799866,\n        \"specificity\": 0.9837701320648193\n    },\n    \"Foreign Body\": {\n        \"precision\": 0.7629629373550415,\n        \"recall\": 0.908823549747467,\n        \"f1-score\": 0.8295301795005798,\n        \"specificity\": 0.9939209818840027\n    },\n    \"Lymphangiectasia\": {\n        \"precision\": 0.709601879119873,\n        \"recall\": 0.8833819031715393,\n        \"f1-score\": 0.7870129942893982,\n        \"specificity\": 0.9921464323997498\n    },\n    \"Normal\": {\n        \"precision\": 0.9919615387916565,\n        \"recall\": 0.923984706401825,\n        \"f1-score\": 0.9567672610282898,\n        \"specificity\": 0.9760728478431702\n    },\n    \"Polyp\": {\n        \"precision\": 0.5907590985298157,\n        \"recall\": 0.7160000205039978,\n        \"f1-score\": 0.6473779678344727,\n        \"specificity\": 0.984135091304779\n    },\n    \"Ulcer\": {\n        \"precision\": 0.9587628841400146,\n        \"recall\": 0.9755244851112366,\n        \"f1-score\": 0.9670710563659668,\n        \"specificity\": 0.9992427229881287\n    },\n    \"Worms\": {\n        \"precision\": 0.8395061492919922,\n        \"recall\": 1.0,\n        \"f1-score\": 0.9127516746520996,\n        \"specificity\": 0.9991907477378845\n    },\n    \"macro avg\": {\n        \"precision\": 0.7303864359855652,\n        \"recall\": 0.8459680676460266,\n        \"f1-score\": 0.7812383770942688,\n        \"specificity\": 0.9873424768447876\n    },\n    \"accuracy\": 0.8957971930503845,\n    \"auc_roc_scores\": {\n        \"Angioectasia\": 0.9777255058288574,\n        \"Bleeding\": 0.9900755882263184,\n        \"Erosion\": 0.9638571739196777,\n        \"Erythema\": 0.9599871635437012,\n        \"Foreign Body\": 0.9866955876350403,\n        \"Lymphangiectasia\": 0.9855138063430786,\n        \"Normal\": 0.9912998676300049,\n        \"Polyp\": 0.9762033224105835,\n        \"Ulcer\": 0.9992782473564148,\n        \"Worms\": 0.9999908804893494\n    },\n    \"mean_auc\": 0.983062744140625,\n    \"average_precision_scores\": {\n        \"Angioectasia\": 0.8250933885574341,\n        \"Bleeding\": 0.8753259181976318,\n        \"Erosion\": 0.7758534550666809,\n        \"Erythema\": 0.555071234703064,\n        \"Foreign Body\": 0.9067223072052002,\n        \"Lymphangiectasia\": 0.8853549361228943,\n        \"Normal\": 0.9972810745239258,\n        \"Polyp\": 0.7269036769866943,\n        \"Ulcer\": 0.9886777997016907,\n        \"Worms\": 0.9979227781295776\n    },\n    \"mean_average_precision\": 0.8534206748008728,\n    \"mean_f1_score\": 0.7812383770942688,\n    \"mean_specificity\": 0.9873424768447876,\n    \"mean_sensitivity\": 0.8459680676460266,\n    \"balanced_accuracy\": 0.8459680676460266\n}"
}