{
    "epoch": 2,
    "train_metrics": "{\n    \"Angioectasia\": {\n        \"precision\": 0.8158183097839355,\n        \"recall\": 0.7834428548812866,\n        \"f1-score\": 0.799302875995636,\n        \"specificity\": 0.9800899624824524\n    },\n    \"Bleeding\": {\n        \"precision\": 0.843116044998169,\n        \"recall\": 0.8629568219184875,\n        \"f1-score\": 0.8529210686683655,\n        \"specificity\": 0.9829386472702026\n    },\n    \"Erosion\": {\n        \"precision\": 0.595355212688446,\n        \"recall\": 0.5895562767982483,\n        \"f1-score\": 0.5924415588378906,\n        \"specificity\": 0.9563268423080444\n    },\n    \"Erythema\": {\n        \"precision\": 0.6779705286026001,\n        \"recall\": 0.6844480037689209,\n        \"f1-score\": 0.6811938881874084,\n        \"specificity\": 0.9637991786003113\n    },\n    \"Foreign Body\": {\n        \"precision\": 0.8972437977790833,\n        \"recall\": 0.8816723823547363,\n        \"f1-score\": 0.8893899321556091,\n        \"specificity\": 0.9886403679847717\n    },\n    \"Lymphangiectasia\": {\n        \"precision\": 0.9077348113059998,\n        \"recall\": 0.8760330677032471,\n        \"f1-score\": 0.8916022181510925,\n        \"specificity\": 0.9901347160339355\n    },\n    \"Normal\": {\n        \"precision\": 0.8186261057853699,\n        \"recall\": 0.7942571043968201,\n        \"f1-score\": 0.8062575459480286,\n        \"specificity\": 0.9802430868148804\n    },\n    \"Polyp\": {\n        \"precision\": 0.68939208984375,\n        \"recall\": 0.7547830939292908,\n        \"f1-score\": 0.7206071615219116,\n        \"specificity\": 0.9627684950828552\n    },\n    \"Ulcer\": {\n        \"precision\": 0.9574523568153381,\n        \"recall\": 0.9597069621086121,\n        \"f1-score\": 0.95857834815979,\n        \"specificity\": 0.9951753616333008\n    },\n    \"Worms\": {\n        \"precision\": 0.9792638421058655,\n        \"recall\": 0.983086109161377,\n        \"f1-score\": 0.9811712503433228,\n        \"specificity\": 0.9976305961608887\n    },\n    \"macro avg\": {\n        \"precision\": 0.8181972503662109,\n        \"recall\": 0.816994309425354,\n        \"f1-score\": 0.8173465728759766,\n        \"specificity\": 0.9797746539115906\n    },\n    \"accuracy\": 0.8178530335426331,\n    \"auc_roc_scores\": {\n        \"Angioectasia\": 0.9763470888137817,\n        \"Bleeding\": 0.9897740483283997,\n        \"Erosion\": 0.9295949935913086,\n        \"Erythema\": 0.9598268866539001,\n        \"Foreign Body\": 0.9923502206802368,\n        \"Lymphangiectasia\": 0.9891505241394043,\n        \"Normal\": 0.9716974496841431,\n        \"Polyp\": 0.9707213044166565,\n        \"Ulcer\": 0.9986899495124817,\n        \"Worms\": 0.9997901320457458\n    },\n    \"mean_auc\": 0.9777942895889282,\n    \"average_precision_scores\": {\n        \"Angioectasia\": 0.8895519375801086,\n        \"Bleeding\": 0.9304385185241699,\n        \"Erosion\": 0.6469296216964722,\n        \"Erythema\": 0.7529990673065186,\n        \"Foreign Body\": 0.9582335352897644,\n        \"Lymphangiectasia\": 0.9473664164543152,\n        \"Normal\": 0.8759620189666748,\n        \"Polyp\": 0.8010624647140503,\n        \"Ulcer\": 0.9910105466842651,\n        \"Worms\": 0.9982361793518066\n    },\n    \"mean_average_precision\": 0.8791790008544922,\n    \"mean_f1_score\": 0.8173465728759766,\n    \"mean_specificity\": 0.9797746539115906,\n    \"mean_sensitivity\": 0.816994309425354,\n    \"balanced_accuracy\": 0.816994309425354\n}",
    "test_metrics": "{\n    \"Angioectasia\": {\n        \"precision\": 0.5367156267166138,\n        \"recall\": 0.8088530898094177,\n        \"f1-score\": 0.6452648639678955,\n        \"specificity\": 0.9778062105178833\n    },\n    \"Bleeding\": {\n        \"precision\": 0.6247464418411255,\n        \"recall\": 0.8579387068748474,\n        \"f1-score\": 0.7230046987533569,\n        \"specificity\": 0.9882711172103882\n    },\n    \"Erosion\": {\n        \"precision\": 0.5782122611999512,\n        \"recall\": 0.5376623272895813,\n        \"f1-score\": 0.55720055103302,\n        \"specificity\": 0.969753623008728\n    },\n    \"Erythema\": {\n        \"precision\": 0.22018349170684814,\n        \"recall\": 0.7272727489471436,\n        \"f1-score\": 0.3380281627178192,\n        \"specificity\": 0.9516893029212952\n    },\n    \"Foreign Body\": {\n        \"precision\": 0.5415162444114685,\n        \"recall\": 0.8823529481887817,\n        \"f1-score\": 0.6711409687995911,\n        \"specificity\": 0.9839159250259399\n    },\n    \"Lymphangiectasia\": {\n        \"precision\": 0.37593984603881836,\n        \"recall\": 0.8746355772018433,\n        \"f1-score\": 0.5258545279502869,\n        \"specificity\": 0.9684590697288513\n    },\n    \"Normal\": {\n        \"precision\": 0.9900227189064026,\n        \"recall\": 0.8156588077545166,\n        \"f1-score\": 0.8944221138954163,\n        \"specificity\": 0.9737321138381958\n    },\n    \"Polyp\": {\n        \"precision\": 0.4095354378223419,\n        \"recall\": 0.6700000166893005,\n        \"f1-score\": 0.5083459615707397,\n        \"specificity\": 0.9691018462181091\n    },\n    \"Ulcer\": {\n        \"precision\": 0.6119734048843384,\n        \"recall\": 0.9650349617004395,\n        \"f1-score\": 0.7489823698997498,\n        \"specificity\": 0.9889562129974365\n    },\n    \"Worms\": {\n        \"precision\": 0.7362637519836426,\n        \"recall\": 0.9852941036224365,\n        \"f1-score\": 0.8427672982215881,\n        \"specificity\": 0.9985059499740601\n    },\n    \"macro avg\": {\n        \"precision\": 0.5625109076499939,\n        \"recall\": 0.8124703764915466,\n        \"f1-score\": 0.6455011367797852,\n        \"specificity\": 0.9770191311836243\n    },\n    \"accuracy\": 0.7963674664497375,\n    \"auc_roc_scores\": {\n        \"Angioectasia\": 0.9712819457054138,\n        \"Bleeding\": 0.9841129779815674,\n        \"Erosion\": 0.930453896522522,\n        \"Erythema\": 0.95889812707901,\n        \"Foreign Body\": 0.9854284524917603,\n        \"Lymphangiectasia\": 0.9801631569862366,\n        \"Normal\": 0.9754027128219604,\n        \"Polyp\": 0.9653624296188354,\n        \"Ulcer\": 0.9979046583175659,\n        \"Worms\": 0.9998764395713806\n    },\n    \"mean_auc\": 0.9748885035514832,\n    \"average_precision_scores\": {\n        \"Angioectasia\": 0.7726159691810608,\n        \"Bleeding\": 0.8252304792404175,\n        \"Erosion\": 0.6239665746688843,\n        \"Erythema\": 0.3998609483242035,\n        \"Foreign Body\": 0.8588969707489014,\n        \"Lymphangiectasia\": 0.780100405216217,\n        \"Normal\": 0.9921239614486694,\n        \"Polyp\": 0.5648045539855957,\n        \"Ulcer\": 0.9449803829193115,\n        \"Worms\": 0.9814306497573853\n    },\n    \"mean_average_precision\": 0.7744011282920837,\n    \"mean_f1_score\": 0.6455011367797852,\n    \"mean_specificity\": 0.9770191311836243,\n    \"mean_sensitivity\": 0.8124703764915466,\n    \"balanced_accuracy\": 0.8124703764915466\n}"
}