{
    "epoch": 12,
    "train_metrics": "{\n    \"Angioectasia\": {\n        \"precision\": 0.94656902551651,\n        \"recall\": 0.9401939511299133,\n        \"f1-score\": 0.9433706998825073,\n        \"specificity\": 0.9941879510879517\n    },\n    \"Bleeding\": {\n        \"precision\": 0.9557796716690063,\n        \"recall\": 0.9590036273002625,\n        \"f1-score\": 0.9573889374732971,\n        \"specificity\": 0.9949337840080261\n    },\n    \"Erosion\": {\n        \"precision\": 0.8611489534378052,\n        \"recall\": 0.8578790426254272,\n        \"f1-score\": 0.8595108985900879,\n        \"specificity\": 0.9849646091461182\n    },\n    \"Erythema\": {\n        \"precision\": 0.9223051071166992,\n        \"recall\": 0.9275549650192261,\n        \"f1-score\": 0.9249225854873657,\n        \"specificity\": 0.9910497069358826\n    },\n    \"Foreign Body\": {\n        \"precision\": 0.9616888165473938,\n        \"recall\": 0.965715765953064,\n        \"f1-score\": 0.9636980891227722,\n        \"specificity\": 0.9956490993499756\n    },\n    \"Lymphangiectasia\": {\n        \"precision\": 0.9665191173553467,\n        \"recall\": 0.9654505252838135,\n        \"f1-score\": 0.9659845232963562,\n        \"specificity\": 0.996440052986145\n    },\n    \"Normal\": {\n        \"precision\": 0.9388031363487244,\n        \"recall\": 0.9228107333183289,\n        \"f1-score\": 0.9307382702827454,\n        \"specificity\": 0.9933235049247742\n    },\n    \"Polyp\": {\n        \"precision\": 0.9270186424255371,\n        \"recall\": 0.9384333491325378,\n        \"f1-score\": 0.9326910376548767,\n        \"specificity\": 0.9916543364524841\n    },\n    \"Ulcer\": {\n        \"precision\": 0.9912424683570862,\n        \"recall\": 0.9926007390022278,\n        \"f1-score\": 0.9919211268424988,\n        \"specificity\": 0.9990576505661011\n    },\n    \"Worms\": {\n        \"precision\": 0.9976507425308228,\n        \"recall\": 0.9986934661865234,\n        \"f1-score\": 0.998171865940094,\n        \"specificity\": 0.999733567237854\n    },\n    \"macro avg\": {\n        \"precision\": 0.9468725323677063,\n        \"recall\": 0.946833610534668,\n        \"f1-score\": 0.9468397498130798,\n        \"specificity\": 0.9940994381904602\n    },\n    \"accuracy\": 0.9468981623649597,\n    \"auc_roc_scores\": {\n        \"Angioectasia\": 0.998132050037384,\n        \"Bleeding\": 0.9990538358688354,\n        \"Erosion\": 0.9909330010414124,\n        \"Erythema\": 0.9972802400588989,\n        \"Foreign Body\": 0.9993705749511719,\n        \"Lymphangiectasia\": 0.9993746280670166,\n        \"Normal\": 0.9960325956344604,\n        \"Polyp\": 0.997948408126831,\n        \"Ulcer\": 0.9998939633369446,\n        \"Worms\": 0.9999850988388062\n    },\n    \"mean_auc\": 0.9978004693984985,\n    \"average_precision_scores\": {\n        \"Angioectasia\": 0.9876341819763184,\n        \"Bleeding\": 0.9921531677246094,\n        \"Erosion\": 0.9413291215896606,\n        \"Erythema\": 0.9767916202545166,\n        \"Foreign Body\": 0.9950785636901855,\n        \"Lymphangiectasia\": 0.9947574138641357,\n        \"Normal\": 0.9783775806427002,\n        \"Polyp\": 0.9836122989654541,\n        \"Ulcer\": 0.9995803236961365,\n        \"Worms\": 0.9998521208763123\n    },\n    \"mean_average_precision\": 0.9849166870117188,\n    \"mean_f1_score\": 0.9468397498130798,\n    \"mean_specificity\": 0.9940994381904602,\n    \"mean_sensitivity\": 0.946833610534668,\n    \"balanced_accuracy\": 0.946833610534668\n}",
    "test_metrics": "{\n    \"Angioectasia\": {\n        \"precision\": 0.6324237585067749,\n        \"recall\": 0.7927565574645996,\n        \"f1-score\": 0.7035714387893677,\n        \"specificity\": 0.9853533506393433\n    },\n    \"Bleeding\": {\n        \"precision\": 0.7289294004440308,\n        \"recall\": 0.8913649320602417,\n        \"f1-score\": 0.8020049929618835,\n        \"specificity\": 0.9924554824829102\n    },\n    \"Erosion\": {\n        \"precision\": 0.6908938884735107,\n        \"recall\": 0.7160173058509827,\n        \"f1-score\": 0.7032312750816345,\n        \"specificity\": 0.9752954244613647\n    },\n    \"Erythema\": {\n        \"precision\": 0.44420599937438965,\n        \"recall\": 0.6969696879386902,\n        \"f1-score\": 0.5425950288772583,\n        \"specificity\": 0.9836438298225403\n    },\n    \"Foreign Body\": {\n        \"precision\": 0.7877237796783447,\n        \"recall\": 0.9058823585510254,\n        \"f1-score\": 0.8426812291145325,\n        \"specificity\": 0.9947441816329956\n    },\n    \"Lymphangiectasia\": {\n        \"precision\": 0.6770601272583008,\n        \"recall\": 0.8862974047660828,\n        \"f1-score\": 0.7676767706871033,\n        \"specificity\": 0.9908164143562317\n    },\n    \"Normal\": {\n        \"precision\": 0.9894773364067078,\n        \"recall\": 0.9336697459220886,\n        \"f1-score\": 0.9607638120651245,\n        \"specificity\": 0.968270480632782\n    },\n    \"Polyp\": {\n        \"precision\": 0.5960264801979065,\n        \"recall\": 0.7200000286102295,\n        \"f1-score\": 0.6521739363670349,\n        \"specificity\": 0.9843909740447998\n    },\n    \"Ulcer\": {\n        \"precision\": 0.9463087320327759,\n        \"recall\": 0.9860140085220337,\n        \"f1-score\": 0.965753436088562,\n        \"specificity\": 0.9989902973175049\n    },\n    \"Worms\": {\n        \"precision\": 0.9436619877815247,\n        \"recall\": 0.9852941036224365,\n        \"f1-score\": 0.9640287756919861,\n        \"specificity\": 0.9997509717941284\n    },\n    \"macro avg\": {\n        \"precision\": 0.743671178817749,\n        \"recall\": 0.8514266014099121,\n        \"f1-score\": 0.7904480695724487,\n        \"specificity\": 0.9873711466789246\n    },\n    \"accuracy\": 0.9013761281967163,\n    \"auc_roc_scores\": {\n        \"Angioectasia\": 0.9764559268951416,\n        \"Bleeding\": 0.9906325340270996,\n        \"Erosion\": 0.962296724319458,\n        \"Erythema\": 0.9732547998428345,\n        \"Foreign Body\": 0.9857180118560791,\n        \"Lymphangiectasia\": 0.982251763343811,\n        \"Normal\": 0.9903115630149841,\n        \"Polyp\": 0.9751255512237549,\n        \"Ulcer\": 0.9998611807823181,\n        \"Worms\": 0.9999890327453613\n    },\n    \"mean_auc\": 0.983589768409729,\n    \"average_precision_scores\": {\n        \"Angioectasia\": 0.8129665851593018,\n        \"Bleeding\": 0.8866468667984009,\n        \"Erosion\": 0.7722244262695312,\n        \"Erythema\": 0.5894219875335693,\n        \"Foreign Body\": 0.9123564958572388,\n        \"Lymphangiectasia\": 0.875054657459259,\n        \"Normal\": 0.996986985206604,\n        \"Polyp\": 0.7187535762786865,\n        \"Ulcer\": 0.993126392364502,\n        \"Worms\": 0.9974551200866699\n    },\n    \"mean_average_precision\": 0.8554993867874146,\n    \"mean_f1_score\": 0.7904480695724487,\n    \"mean_specificity\": 0.9873711466789246,\n    \"mean_sensitivity\": 0.8514266014099121,\n    \"balanced_accuracy\": 0.8514266014099121\n}"
}