{
    "epoch": 10,
    "train_metrics": "{\n    \"Angioectasia\": {\n        \"precision\": 0.9391119480133057,\n        \"recall\": 0.9316803216934204,\n        \"f1-score\": 0.9353813529014587,\n        \"specificity\": 0.9932280778884888\n    },\n    \"Bleeding\": {\n        \"precision\": 0.9514895677566528,\n        \"recall\": 0.9621434211730957,\n        \"f1-score\": 0.9567868709564209,\n        \"specificity\": 0.9945651888847351\n    },\n    \"Erosion\": {\n        \"precision\": 0.8642107844352722,\n        \"recall\": 0.8491413593292236,\n        \"f1-score\": 0.8566098213195801,\n        \"specificity\": 0.9850689172744751\n    },\n    \"Erythema\": {\n        \"precision\": 0.9023109078407288,\n        \"recall\": 0.915534257888794,\n        \"f1-score\": 0.90887451171875,\n        \"specificity\": 0.9890116453170776\n    },\n    \"Foreign Body\": {\n        \"precision\": 0.9586624503135681,\n        \"recall\": 0.9632275104522705,\n        \"f1-score\": 0.9609395861625671,\n        \"specificity\": 0.9953587651252747\n    },\n    \"Lymphangiectasia\": {\n        \"precision\": 0.9713243246078491,\n        \"recall\": 0.9667877554893494,\n        \"f1-score\": 0.9690507054328918,\n        \"specificity\": 0.9967410564422607\n    },\n    \"Normal\": {\n        \"precision\": 0.9347653388977051,\n        \"recall\": 0.9222919940948486,\n        \"f1-score\": 0.9284867644309998,\n        \"specificity\": 0.9927186369895935\n    },\n    \"Polyp\": {\n        \"precision\": 0.9111232161521912,\n        \"recall\": 0.9260182976722717,\n        \"f1-score\": 0.918510377407074,\n        \"specificity\": 0.9904112219810486\n    },\n    \"Ulcer\": {\n        \"precision\": 0.991909384727478,\n        \"recall\": 0.9895076751708984,\n        \"f1-score\": 0.9907070994377136,\n        \"specificity\": 0.9991148114204407\n    },\n    \"Worms\": {\n        \"precision\": 0.9967957139015198,\n        \"recall\": 0.9967957139015198,\n        \"f1-score\": 0.9967957139015198,\n        \"specificity\": 0.9996455907821655\n    },\n    \"macro avg\": {\n        \"precision\": 0.9421703219413757,\n        \"recall\": 0.9423128366470337,\n        \"f1-score\": 0.94221431016922,\n        \"specificity\": 0.9935863614082336\n    },\n    \"accuracy\": 0.9422714114189148,\n    \"auc_roc_scores\": {\n        \"Angioectasia\": 0.9976092576980591,\n        \"Bleeding\": 0.9990424513816833,\n        \"Erosion\": 0.9896137714385986,\n        \"Erythema\": 0.996636152267456,\n        \"Foreign Body\": 0.9991052150726318,\n        \"Lymphangiectasia\": 0.99937504529953,\n        \"Normal\": 0.9959357976913452,\n        \"Polyp\": 0.9969807863235474,\n        \"Ulcer\": 0.9999028444290161,\n        \"Worms\": 0.9999915957450867\n    },\n    \"mean_auc\": 0.9974193572998047,\n    \"average_precision_scores\": {\n        \"Angioectasia\": 0.9838239550590515,\n        \"Bleeding\": 0.9921913146972656,\n        \"Erosion\": 0.93408203125,\n        \"Erythema\": 0.9711205959320068,\n        \"Foreign Body\": 0.9935201406478882,\n        \"Lymphangiectasia\": 0.99518221616745,\n        \"Normal\": 0.9774918556213379,\n        \"Polyp\": 0.9752509593963623,\n        \"Ulcer\": 0.9994029402732849,\n        \"Worms\": 0.9999261498451233\n    },\n    \"mean_average_precision\": 0.9821991920471191,\n    \"mean_f1_score\": 0.94221431016922,\n    \"mean_specificity\": 0.9935863614082336,\n    \"mean_sensitivity\": 0.9423128366470337,\n    \"balanced_accuracy\": 0.9423128366470337\n}",
    "test_metrics": "{\n    \"Angioectasia\": {\n        \"precision\": 0.5954545736312866,\n        \"recall\": 0.7907444834709167,\n        \"f1-score\": 0.6793431043624878,\n        \"specificity\": 0.9829229116439819\n    },\n    \"Bleeding\": {\n        \"precision\": 0.7399527430534363,\n        \"recall\": 0.8718662858009338,\n        \"f1-score\": 0.8005114793777466,\n        \"specificity\": 0.993026077747345\n    },\n    \"Erosion\": {\n        \"precision\": 0.6394160389900208,\n        \"recall\": 0.7584415674209595,\n        \"f1-score\": 0.6938613653182983,\n        \"specificity\": 0.9670161008834839\n    },\n    \"Erythema\": {\n        \"precision\": 0.5158501267433167,\n        \"recall\": 0.6026936173439026,\n        \"f1-score\": 0.5559006333351135,\n        \"specificity\": 0.9893906116485596\n    },\n    \"Foreign Body\": {\n        \"precision\": 0.7749360799789429,\n        \"recall\": 0.8911764621734619,\n        \"f1-score\": 0.8290013670921326,\n        \"specificity\": 0.9944275617599487\n    },\n    \"Lymphangiectasia\": {\n        \"precision\": 0.7468982338905334,\n        \"recall\": 0.8775510191917419,\n        \"f1-score\": 0.8069705367088318,\n        \"specificity\": 0.9935398101806641\n    },\n    \"Normal\": {\n        \"precision\": 0.9881374835968018,\n        \"recall\": 0.9287865161895752,\n        \"f1-score\": 0.9575431942939758,\n        \"specificity\": 0.9643692970275879\n    },\n    \"Polyp\": {\n        \"precision\": 0.5897858142852783,\n        \"recall\": 0.7160000205039978,\n        \"f1-score\": 0.6467931270599365,\n        \"specificity\": 0.9840711355209351\n    },\n    \"Ulcer\": {\n        \"precision\": 0.9078947305679321,\n        \"recall\": 0.9650349617004395,\n        \"f1-score\": 0.9355932474136353,\n        \"specificity\": 0.9982330203056335\n    },\n    \"Worms\": {\n        \"precision\": 0.8589743375778198,\n        \"recall\": 0.9852941036224365,\n        \"f1-score\": 0.9178082346916199,\n        \"specificity\": 0.9993152618408203\n    },\n    \"macro avg\": {\n        \"precision\": 0.7357300519943237,\n        \"recall\": 0.8387589454650879,\n        \"f1-score\": 0.7823326587677002,\n        \"specificity\": 0.9866312146186829\n    },\n    \"accuracy\": 0.8974708914756775,\n    \"auc_roc_scores\": {\n        \"Angioectasia\": 0.9720267057418823,\n        \"Bleeding\": 0.992125391960144,\n        \"Erosion\": 0.966080367565155,\n        \"Erythema\": 0.9626280665397644,\n        \"Foreign Body\": 0.9908300638198853,\n        \"Lymphangiectasia\": 0.9851137399673462,\n        \"Normal\": 0.989210307598114,\n        \"Polyp\": 0.9777218103408813,\n        \"Ulcer\": 0.9971120357513428,\n        \"Worms\": 0.9999505877494812\n    },\n    \"mean_auc\": 0.9832798838615417,\n    \"average_precision_scores\": {\n        \"Angioectasia\": 0.8029724955558777,\n        \"Bleeding\": 0.8731260299682617,\n        \"Erosion\": 0.7739527821540833,\n        \"Erythema\": 0.5651243925094604,\n        \"Foreign Body\": 0.9059603214263916,\n        \"Lymphangiectasia\": 0.8762999773025513,\n        \"Normal\": 0.9965625405311584,\n        \"Polyp\": 0.7234677076339722,\n        \"Ulcer\": 0.9779354929924011,\n        \"Worms\": 0.9891321659088135\n    },\n    \"mean_average_precision\": 0.8484534621238708,\n    \"mean_f1_score\": 0.7823326587677002,\n    \"mean_specificity\": 0.9866312146186829,\n    \"mean_sensitivity\": 0.8387589454650879,\n    \"balanced_accuracy\": 0.8387589454650879\n}"
}