{
    "epoch": 1,
    "train_metrics": "{\n    \"Angioectasia\": {\n        \"precision\": 0.6835098266601562,\n        \"recall\": 0.59400475025177,\n        \"f1-score\": 0.6356218457221985,\n        \"specificity\": 0.9690569043159485\n    },\n    \"Bleeding\": {\n        \"precision\": 0.7386332750320435,\n        \"recall\": 0.7130091786384583,\n        \"f1-score\": 0.7255950570106506,\n        \"specificity\": 0.9715993404388428\n    },\n    \"Erosion\": {\n        \"precision\": 0.384478360414505,\n        \"recall\": 0.4078272581100464,\n        \"f1-score\": 0.39580878615379333,\n        \"specificity\": 0.9286472797393799\n    },\n    \"Erythema\": {\n        \"precision\": 0.5002760887145996,\n        \"recall\": 0.48788368701934814,\n        \"f1-score\": 0.49400219321250916,\n        \"specificity\": 0.946596622467041\n    },\n    \"Foreign Body\": {\n        \"precision\": 0.7809444069862366,\n        \"recall\": 0.732250452041626,\n        \"f1-score\": 0.7558139562606812,\n        \"specificity\": 0.976797878742218\n    },\n    \"Lymphangiectasia\": {\n        \"precision\": 0.7991980314254761,\n        \"recall\": 0.6925955414772034,\n        \"f1-score\": 0.7420879006385803,\n        \"specificity\": 0.9807772040367126\n    },\n    \"Normal\": {\n        \"precision\": 0.6627968549728394,\n        \"recall\": 0.6664897799491882,\n        \"f1-score\": 0.6646381616592407,\n        \"specificity\": 0.9622318148612976\n    },\n    \"Polyp\": {\n        \"precision\": 0.4935911297798157,\n        \"recall\": 0.6026524901390076,\n        \"f1-score\": 0.5426967740058899,\n        \"specificity\": 0.9311109185218811\n    },\n    \"Ulcer\": {\n        \"precision\": 0.8149171471595764,\n        \"recall\": 0.8477011322975159,\n        \"f1-score\": 0.8309859037399292,\n        \"specificity\": 0.9781817197799683\n    },\n    \"Worms\": {\n        \"precision\": 0.8549342751502991,\n        \"recall\": 0.9077975153923035,\n        \"f1-score\": 0.8805732727050781,\n        \"specificity\": 0.9834177494049072\n    },\n    \"macro avg\": {\n        \"precision\": 0.6713280081748962,\n        \"recall\": 0.6652212142944336,\n        \"f1-score\": 0.6667823791503906,\n        \"specificity\": 0.962841808795929\n    },\n    \"accuracy\": 0.6655144095420837,\n    \"auc_roc_scores\": {\n        \"Angioectasia\": 0.9176865816116333,\n        \"Bleeding\": 0.9575690031051636,\n        \"Erosion\": 0.8477712869644165,\n        \"Erythema\": 0.897858202457428,\n        \"Foreign Body\": 0.9589503407478333,\n        \"Lymphangiectasia\": 0.9524205923080444,\n        \"Normal\": 0.9257357120513916,\n        \"Polyp\": 0.9162675142288208,\n        \"Ulcer\": 0.9829592704772949,\n        \"Worms\": 0.9939167499542236\n    },\n    \"mean_auc\": 0.9351135492324829,\n    \"average_precision_scores\": {\n        \"Angioectasia\": 0.7229417562484741,\n        \"Bleeding\": 0.8105924129486084,\n        \"Erosion\": 0.41082504391670227,\n        \"Erythema\": 0.5308545827865601,\n        \"Foreign Body\": 0.8379141092300415,\n        \"Lymphangiectasia\": 0.8199618458747864,\n        \"Normal\": 0.7188290953636169,\n        \"Polyp\": 0.5939810276031494,\n        \"Ulcer\": 0.9170147180557251,\n        \"Worms\": 0.9615602493286133\n    },\n    \"mean_average_precision\": 0.7324475646018982,\n    \"mean_f1_score\": 0.6667823791503906,\n    \"mean_specificity\": 0.962841808795929,\n    \"mean_sensitivity\": 0.6652212142944336,\n    \"balanced_accuracy\": 0.6652212142944336\n}",
    "test_metrics": "{\n    \"Angioectasia\": {\n        \"precision\": 0.43149039149284363,\n        \"recall\": 0.7223340272903442,\n        \"f1-score\": 0.5402558445930481,\n        \"specificity\": 0.9697473645210266\n    },\n    \"Bleeding\": {\n        \"precision\": 0.5188356041908264,\n        \"recall\": 0.844011127948761,\n        \"f1-score\": 0.6426299214363098,\n        \"specificity\": 0.9821847677230835\n    },\n    \"Erosion\": {\n        \"precision\": 0.5018348693847656,\n        \"recall\": 0.4735930860042572,\n        \"f1-score\": 0.4873051345348358,\n        \"specificity\": 0.9637444019317627\n    },\n    \"Erythema\": {\n        \"precision\": 0.1940789520740509,\n        \"recall\": 0.5959596037864685,\n        \"f1-score\": 0.29280397295951843,\n        \"specificity\": 0.953583836555481\n    },\n    \"Foreign Body\": {\n        \"precision\": 0.4365558922290802,\n        \"recall\": 0.8500000238418579,\n        \"f1-score\": 0.5768463015556335,\n        \"specificity\": 0.976380467414856\n    },\n    \"Lymphangiectasia\": {\n        \"precision\": 0.505084753036499,\n        \"recall\": 0.8688046932220459,\n        \"f1-score\": 0.6387995481491089,\n        \"specificity\": 0.9815061092376709\n    },\n    \"Normal\": {\n        \"precision\": 0.9877187609672546,\n        \"recall\": 0.7854642868041992,\n        \"f1-score\": 0.8750566840171814,\n        \"specificity\": 0.9687906503677368\n    },\n    \"Polyp\": {\n        \"precision\": 0.302901029586792,\n        \"recall\": 0.7099999785423279,\n        \"f1-score\": 0.4246411621570587,\n        \"specificity\": 0.9477354288101196\n    },\n    \"Ulcer\": {\n        \"precision\": 0.6650000214576721,\n        \"recall\": 0.9300699234008789,\n        \"f1-score\": 0.7755101919174194,\n        \"specificity\": 0.9915435910224915\n    },\n    \"Worms\": {\n        \"precision\": 0.5630252361297607,\n        \"recall\": 0.9852941036224365,\n        \"f1-score\": 0.7165775299072266,\n        \"specificity\": 0.9967629313468933\n    },\n    \"macro avg\": {\n        \"precision\": 0.5106525421142578,\n        \"recall\": 0.7765530943870544,\n        \"f1-score\": 0.5970426797866821,\n        \"specificity\": 0.9731979370117188\n    },\n    \"accuracy\": 0.7632035613059998,\n    \"auc_roc_scores\": {\n        \"Angioectasia\": 0.9533596634864807,\n        \"Bleeding\": 0.9830237627029419,\n        \"Erosion\": 0.917087197303772,\n        \"Erythema\": 0.9316815137863159,\n        \"Foreign Body\": 0.9721565842628479,\n        \"Lymphangiectasia\": 0.9793580770492554,\n        \"Normal\": 0.9631186723709106,\n        \"Polyp\": 0.9582621455192566,\n        \"Ulcer\": 0.9953346252441406,\n        \"Worms\": 0.9999258518218994\n    },\n    \"mean_auc\": 0.9653307795524597,\n    \"average_precision_scores\": {\n        \"Angioectasia\": 0.7027368545532227,\n        \"Bleeding\": 0.8108692169189453,\n        \"Erosion\": 0.5657529234886169,\n        \"Erythema\": 0.36224615573883057,\n        \"Foreign Body\": 0.7952407598495483,\n        \"Lymphangiectasia\": 0.793225884437561,\n        \"Normal\": 0.9880452156066895,\n        \"Polyp\": 0.5442421436309814,\n        \"Ulcer\": 0.9220513105392456,\n        \"Worms\": 0.9847060441970825\n    },\n    \"mean_average_precision\": 0.7469116449356079,\n    \"mean_f1_score\": 0.5970426797866821,\n    \"mean_specificity\": 0.9731979370117188,\n    \"mean_sensitivity\": 0.7765530943870544,\n    \"balanced_accuracy\": 0.7765530943870544\n}"
}