{
    "epoch": 4,
    "train_metrics": "{\n    \"Angioectasia\": {\n        \"precision\": 0.8728131055831909,\n        \"recall\": 0.8460296392440796,\n        \"f1-score\": 0.8592126965522766,\n        \"specificity\": 0.9864864945411682\n    },\n    \"Bleeding\": {\n        \"precision\": 0.9085522890090942,\n        \"recall\": 0.9165800213813782,\n        \"f1-score\": 0.9125485420227051,\n        \"specificity\": 0.9894843101501465\n    },\n    \"Erosion\": {\n        \"precision\": 0.7103206515312195,\n        \"recall\": 0.6973544955253601,\n        \"f1-score\": 0.7037778496742249,\n        \"specificity\": 0.9682206511497498\n    },\n    \"Erythema\": {\n        \"precision\": 0.7845475673675537,\n        \"recall\": 0.8018018007278442,\n        \"f1-score\": 0.7930808663368225,\n        \"specificity\": 0.9754381775856018\n    },\n    \"Foreign Body\": {\n        \"precision\": 0.9324145317077637,\n        \"recall\": 0.9265209436416626,\n        \"f1-score\": 0.9294583797454834,\n        \"specificity\": 0.9924578666687012\n    },\n    \"Lymphangiectasia\": {\n        \"precision\": 0.9317691326141357,\n        \"recall\": 0.9300134778022766,\n        \"f1-score\": 0.9308905005455017,\n        \"specificity\": 0.9925351142883301\n    },\n    \"Normal\": {\n        \"precision\": 0.8831633925437927,\n        \"recall\": 0.8680931925773621,\n        \"f1-score\": 0.8755634427070618,\n        \"specificity\": 0.9874981641769409\n    },\n    \"Polyp\": {\n        \"precision\": 0.8127842545509338,\n        \"recall\": 0.8470247387886047,\n        \"f1-score\": 0.8295513391494751,\n        \"specificity\": 0.9780827760696411\n    },\n    \"Ulcer\": {\n        \"precision\": 0.9816049337387085,\n        \"recall\": 0.9774356484413147,\n        \"f1-score\": 0.9795158505439758,\n        \"specificity\": 0.9979609847068787\n    },\n    \"Worms\": {\n        \"precision\": 0.9882258772850037,\n        \"recall\": 0.992475152015686,\n        \"f1-score\": 0.9903459548950195,\n        \"specificity\": 0.9987015128135681\n    },\n    \"macro avg\": {\n        \"precision\": 0.8806195259094238,\n        \"recall\": 0.8803329467773438,\n        \"f1-score\": 0.8803945779800415,\n        \"specificity\": 0.986686646938324\n    },\n    \"accuracy\": 0.8802084922790527,\n    \"auc_roc_scores\": {\n        \"Angioectasia\": 0.9889081716537476,\n        \"Bleeding\": 0.9959526658058167,\n        \"Erosion\": 0.9623624086380005,\n        \"Erythema\": 0.9835484027862549,\n        \"Foreign Body\": 0.9967832565307617,\n        \"Lymphangiectasia\": 0.9965541958808899,\n        \"Normal\": 0.989168643951416,\n        \"Polyp\": 0.9869750142097473,\n        \"Ulcer\": 0.9997273683547974,\n        \"Worms\": 0.9998688697814941\n    },\n    \"mean_auc\": 0.989984929561615,\n    \"average_precision_scores\": {\n        \"Angioectasia\": 0.9382240176200867,\n        \"Bleeding\": 0.9712361097335815,\n        \"Erosion\": 0.7912598252296448,\n        \"Erythema\": 0.876810610294342,\n        \"Foreign Body\": 0.9798901081085205,\n        \"Lymphangiectasia\": 0.9772604703903198,\n        \"Normal\": 0.944328784942627,\n        \"Polyp\": 0.9092371463775635,\n        \"Ulcer\": 0.9976245164871216,\n        \"Worms\": 0.9994009733200073\n    },\n    \"mean_average_precision\": 0.9385272860527039,\n    \"mean_f1_score\": 0.8803945779800415,\n    \"mean_specificity\": 0.986686646938324,\n    \"mean_sensitivity\": 0.8803329467773438,\n    \"balanced_accuracy\": 0.8803329467773438\n}",
    "test_metrics": "{\n    \"Angioectasia\": {\n        \"precision\": 0.6170212626457214,\n        \"recall\": 0.758551299571991,\n        \"f1-score\": 0.6805053949356079,\n        \"specificity\": 0.9850335717201233\n    },\n    \"Bleeding\": {\n        \"precision\": 0.5761467814445496,\n        \"recall\": 0.8746517896652222,\n        \"f1-score\": 0.6946902871131897,\n        \"specificity\": 0.9853547215461731\n    },\n    \"Erosion\": {\n        \"precision\": 0.5285412073135376,\n        \"recall\": 0.649350643157959,\n        \"f1-score\": 0.5827505588531494,\n        \"specificity\": 0.9553315043449402\n    },\n    \"Erythema\": {\n        \"precision\": 0.3338709771633148,\n        \"recall\": 0.6969696879386902,\n        \"f1-score\": 0.4514721930027008,\n        \"specificity\": 0.9739185571670532\n    },\n    \"Foreign Body\": {\n        \"precision\": 0.5509091019630432,\n        \"recall\": 0.8911764621734619,\n        \"f1-score\": 0.680898904800415,\n        \"specificity\": 0.9843591451644897\n    },\n    \"Lymphangiectasia\": {\n        \"precision\": 0.6988235116004944,\n        \"recall\": 0.8658891916275024,\n        \"f1-score\": 0.7734375,\n        \"specificity\": 0.9918931126594543\n    },\n    \"Normal\": {\n        \"precision\": 0.9902116060256958,\n        \"recall\": 0.8644909262657166,\n        \"f1-score\": 0.9230902791023254,\n        \"specificity\": 0.9726918339729309\n    },\n    \"Polyp\": {\n        \"precision\": 0.4458281397819519,\n        \"recall\": 0.7160000205039978,\n        \"f1-score\": 0.5495011806488037,\n        \"specificity\": 0.9715327620506287\n    },\n    \"Ulcer\": {\n        \"precision\": 0.8017241358757019,\n        \"recall\": 0.9755244851112366,\n        \"f1-score\": 0.8801261782646179,\n        \"specificity\": 0.9956455826759338\n    },\n    \"Worms\": {\n        \"precision\": 0.7976190447807312,\n        \"recall\": 0.9852941036224365,\n        \"f1-score\": 0.8815789222717285,\n        \"specificity\": 0.9989417195320129\n    },\n    \"macro avg\": {\n        \"precision\": 0.6340696215629578,\n        \"recall\": 0.8277899026870728,\n        \"f1-score\": 0.7098051309585571,\n        \"specificity\": 0.9814702868461609\n    },\n    \"accuracy\": 0.8414331674575806,\n    \"auc_roc_scores\": {\n        \"Angioectasia\": 0.9674287438392639,\n        \"Bleeding\": 0.9868056774139404,\n        \"Erosion\": 0.9380137324333191,\n        \"Erythema\": 0.9686782360076904,\n        \"Foreign Body\": 0.9856829643249512,\n        \"Lymphangiectasia\": 0.9850419759750366,\n        \"Normal\": 0.9817625284194946,\n        \"Polyp\": 0.9752774238586426,\n        \"Ulcer\": 0.999062180519104,\n        \"Worms\": 0.9999331831932068\n    },\n    \"mean_auc\": 0.9787687659263611,\n    \"average_precision_scores\": {\n        \"Angioectasia\": 0.7598564028739929,\n        \"Bleeding\": 0.8477152585983276,\n        \"Erosion\": 0.6360626220703125,\n        \"Erythema\": 0.5059288740158081,\n        \"Foreign Body\": 0.8739309310913086,\n        \"Lymphangiectasia\": 0.8449882864952087,\n        \"Normal\": 0.9941695928573608,\n        \"Polyp\": 0.6239154934883118,\n        \"Ulcer\": 0.9755323529243469,\n        \"Worms\": 0.9887006282806396\n    },\n    \"mean_average_precision\": 0.8050800561904907,\n    \"mean_f1_score\": 0.7098051309585571,\n    \"mean_specificity\": 0.9814702868461609,\n    \"mean_sensitivity\": 0.8277899026870728,\n    \"balanced_accuracy\": 0.8277899026870728\n}"
}