{
    "epoch": 3,
    "train_metrics": "{\n    \"Angioectasia\": {\n        \"precision\": 0.8565551042556763,\n        \"recall\": 0.8259719610214233,\n        \"f1-score\": 0.8409855961799622,\n        \"specificity\": 0.9845384955406189\n    },\n    \"Bleeding\": {\n        \"precision\": 0.8919824957847595,\n        \"recall\": 0.9017461538314819,\n        \"f1-score\": 0.8968377113342285,\n        \"specificity\": 0.9875925183296204\n    },\n    \"Erosion\": {\n        \"precision\": 0.673358678817749,\n        \"recall\": 0.6538461446762085,\n        \"f1-score\": 0.6634589433670044,\n        \"specificity\": 0.9643902778625488\n    },\n    \"Erythema\": {\n        \"precision\": 0.7450373768806458,\n        \"recall\": 0.771695613861084,\n        \"f1-score\": 0.7581322193145752,\n        \"specificity\": 0.9707932472229004\n    },\n    \"Foreign Body\": {\n        \"precision\": 0.9219083189964294,\n        \"recall\": 0.918481171131134,\n        \"f1-score\": 0.9201915264129639,\n        \"specificity\": 0.9913418889045715\n    },\n    \"Lymphangiectasia\": {\n        \"precision\": 0.9184706211090088,\n        \"recall\": 0.9075000286102295,\n        \"f1-score\": 0.9129523634910583,\n        \"specificity\": 0.9914723634719849\n    },\n    \"Normal\": {\n        \"precision\": 0.8657718300819397,\n        \"recall\": 0.8429169058799744,\n        \"f1-score\": 0.8541914820671082,\n        \"specificity\": 0.9851987957954407\n    },\n    \"Polyp\": {\n        \"precision\": 0.7681695222854614,\n        \"recall\": 0.8126140236854553,\n        \"f1-score\": 0.7897669672966003,\n        \"specificity\": 0.9721350073814392\n    },\n    \"Ulcer\": {\n        \"precision\": 0.9714751243591309,\n        \"recall\": 0.9698942303657532,\n        \"f1-score\": 0.9706840515136719,\n        \"specificity\": 0.9969044923782349\n    },\n    \"Worms\": {\n        \"precision\": 0.9879775643348694,\n        \"recall\": 0.9908896088600159,\n        \"f1-score\": 0.9894314408302307,\n        \"specificity\": 0.9986715912818909\n    },\n    \"macro avg\": {\n        \"precision\": 0.8600706458091736,\n        \"recall\": 0.8595556616783142,\n        \"f1-score\": 0.859663188457489,\n        \"specificity\": 0.984303891658783\n    },\n    \"accuracy\": 0.8588294982910156,\n    \"auc_roc_scores\": {\n        \"Angioectasia\": 0.9841609001159668,\n        \"Bleeding\": 0.9940210580825806,\n        \"Erosion\": 0.9508966207504272,\n        \"Erythema\": 0.9764028787612915,\n        \"Foreign Body\": 0.9954047203063965,\n        \"Lymphangiectasia\": 0.9947041273117065,\n        \"Normal\": 0.9840887784957886,\n        \"Polyp\": 0.981802225112915,\n        \"Ulcer\": 0.9992260336875916,\n        \"Worms\": 0.999935507774353\n    },\n    \"mean_auc\": 0.9860643744468689,\n    \"average_precision_scores\": {\n        \"Angioectasia\": 0.9223744869232178,\n        \"Bleeding\": 0.9596739411354065,\n        \"Erosion\": 0.7437089085578918,\n        \"Erythema\": 0.8316817283630371,\n        \"Foreign Body\": 0.9748193025588989,\n        \"Lymphangiectasia\": 0.9689211845397949,\n        \"Normal\": 0.9224554300308228,\n        \"Polyp\": 0.8790040016174316,\n        \"Ulcer\": 0.9948673248291016,\n        \"Worms\": 0.9994755387306213\n    },\n    \"mean_average_precision\": 0.9196982383728027,\n    \"mean_f1_score\": 0.859663188457489,\n    \"mean_specificity\": 0.984303891658783,\n    \"mean_sensitivity\": 0.8595556616783142,\n    \"balanced_accuracy\": 0.8595556616783142\n}",
    "test_metrics": "{\n    \"Angioectasia\": {\n        \"precision\": 0.5814648866653442,\n        \"recall\": 0.7826961874961853,\n        \"f1-score\": 0.6672384142875671,\n        \"specificity\": 0.98209148645401\n    },\n    \"Bleeding\": {\n        \"precision\": 0.6845637559890747,\n        \"recall\": 0.8523676991462708,\n        \"f1-score\": 0.7593052387237549,\n        \"specificity\": 0.9910606741905212\n    },\n    \"Erosion\": {\n        \"precision\": 0.5548245906829834,\n        \"recall\": 0.6571428775787354,\n        \"f1-score\": 0.601664662361145,\n        \"specificity\": 0.9593376517295837\n    },\n    \"Erythema\": {\n        \"precision\": 0.32392027974128723,\n        \"recall\": 0.6565656661987305,\n        \"f1-score\": 0.4338153600692749,\n        \"specificity\": 0.9742974638938904\n    },\n    \"Foreign Body\": {\n        \"precision\": 0.6769911646842957,\n        \"recall\": 0.8999999761581421,\n        \"f1-score\": 0.7727272510528564,\n        \"specificity\": 0.9907547831535339\n    },\n    \"Lymphangiectasia\": {\n        \"precision\": 0.6303901672363281,\n        \"recall\": 0.8950437307357788,\n        \"f1-score\": 0.7397590279579163,\n        \"specificity\": 0.9885996580123901\n    },\n    \"Normal\": {\n        \"precision\": 0.9880521297454834,\n        \"recall\": 0.8884186744689941,\n        \"f1-score\": 0.9355903267860413,\n        \"specificity\": 0.9656696915626526\n    },\n    \"Polyp\": {\n        \"precision\": 0.5301587581634521,\n        \"recall\": 0.6679999828338623,\n        \"f1-score\": 0.5911504626274109,\n        \"specificity\": 0.98106449842453\n    },\n    \"Ulcer\": {\n        \"precision\": 0.803519070148468,\n        \"recall\": 0.9580419659614563,\n        \"f1-score\": 0.8740031719207764,\n        \"specificity\": 0.9957718253135681\n    },\n    \"Worms\": {\n        \"precision\": 0.7613636255264282,\n        \"recall\": 0.9852941036224365,\n        \"f1-score\": 0.8589743375778198,\n        \"specificity\": 0.9986927509307861\n    },\n    \"macro avg\": {\n        \"precision\": 0.6535248756408691,\n        \"recall\": 0.8243570327758789,\n        \"f1-score\": 0.7234228253364563,\n        \"specificity\": 0.9827340245246887\n    },\n    \"accuracy\": 0.8587279915809631,\n    \"auc_roc_scores\": {\n        \"Angioectasia\": 0.9718372821807861,\n        \"Bleeding\": 0.9900651574134827,\n        \"Erosion\": 0.9417135119438171,\n        \"Erythema\": 0.9673686623573303,\n        \"Foreign Body\": 0.9874577522277832,\n        \"Lymphangiectasia\": 0.9868340492248535,\n        \"Normal\": 0.9825159311294556,\n        \"Polyp\": 0.9699959754943848,\n        \"Ulcer\": 0.9984253644943237,\n        \"Worms\": 0.9998791813850403\n    },\n    \"mean_auc\": 0.9796093106269836,\n    \"average_precision_scores\": {\n        \"Angioectasia\": 0.7854521870613098,\n        \"Bleeding\": 0.830366849899292,\n        \"Erosion\": 0.6705689430236816,\n        \"Erythema\": 0.4936695694923401,\n        \"Foreign Body\": 0.8936042785644531,\n        \"Lymphangiectasia\": 0.8478196263313293,\n        \"Normal\": 0.9944100379943848,\n        \"Polyp\": 0.6601569056510925,\n        \"Ulcer\": 0.9514716863632202,\n        \"Worms\": 0.9823337197303772\n    },\n    \"mean_average_precision\": 0.8109853863716125,\n    \"mean_f1_score\": 0.7234228253364563,\n    \"mean_specificity\": 0.9827340245246887,\n    \"mean_sensitivity\": 0.8243570327758789,\n    \"balanced_accuracy\": 0.8243570327758789\n}"
}