{
    "epoch": 7,
    "train_metrics": "{\n    \"Angioectasia\": {\n        \"precision\": 0.9214150905609131,\n        \"recall\": 0.9101093411445618,\n        \"f1-score\": 0.9157273173332214,\n        \"specificity\": 0.9914053082466125\n    },\n    \"Bleeding\": {\n        \"precision\": 0.9300411343574524,\n        \"recall\": 0.9465968608856201,\n        \"f1-score\": 0.938245952129364,\n        \"specificity\": 0.9919495582580566\n    },\n    \"Erosion\": {\n        \"precision\": 0.8125701546669006,\n        \"recall\": 0.7942951321601868,\n        \"f1-score\": 0.8033286929130554,\n        \"specificity\": 0.9803304076194763\n    },\n    \"Erythema\": {\n        \"precision\": 0.8657950758934021,\n        \"recall\": 0.8870967626571655,\n        \"f1-score\": 0.876316487789154,\n        \"specificity\": 0.9851836562156677\n    },\n    \"Foreign Body\": {\n        \"precision\": 0.9491842985153198,\n        \"recall\": 0.9474105834960938,\n        \"f1-score\": 0.9482966065406799,\n        \"specificity\": 0.9943888187408447\n    },\n    \"Lymphangiectasia\": {\n        \"precision\": 0.9580644965171814,\n        \"recall\": 0.9562650918960571,\n        \"f1-score\": 0.95716392993927,\n        \"specificity\": 0.9953955411911011\n    },\n    \"Normal\": {\n        \"precision\": 0.925122082233429,\n        \"recall\": 0.9025939702987671,\n        \"f1-score\": 0.9137191772460938,\n        \"specificity\": 0.9918413162231445\n    },\n    \"Polyp\": {\n        \"precision\": 0.887109100818634,\n        \"recall\": 0.9057632684707642,\n        \"f1-score\": 0.8963391184806824,\n        \"specificity\": 0.986846387386322\n    },\n    \"Ulcer\": {\n        \"precision\": 0.9870814681053162,\n        \"recall\": 0.984485924243927,\n        \"f1-score\": 0.9857819676399231,\n        \"specificity\": 0.9985504746437073\n    },\n    \"Worms\": {\n        \"precision\": 0.9950430393218994,\n        \"recall\": 0.9963427186012268,\n        \"f1-score\": 0.9956924915313721,\n        \"specificity\": 0.9994375109672546\n    },\n    \"macro avg\": {\n        \"precision\": 0.9231426119804382,\n        \"recall\": 0.9230958819389343,\n        \"f1-score\": 0.923061192035675,\n        \"specificity\": 0.9915329217910767\n    },\n    \"accuracy\": 0.9237375855445862,\n    \"auc_roc_scores\": {\n        \"Angioectasia\": 0.9954459071159363,\n        \"Bleeding\": 0.9981144070625305,\n        \"Erosion\": 0.9826092720031738,\n        \"Erythema\": 0.9933590292930603,\n        \"Foreign Body\": 0.998836874961853,\n        \"Lymphangiectasia\": 0.998847246170044,\n        \"Normal\": 0.9935348033905029,\n        \"Polyp\": 0.9946842789649963,\n        \"Ulcer\": 0.9998860359191895,\n        \"Worms\": 0.9999904632568359\n    },\n    \"mean_auc\": 0.995530903339386,\n    \"average_precision_scores\": {\n        \"Angioectasia\": 0.9732599258422852,\n        \"Bleeding\": 0.9847270250320435,\n        \"Erosion\": 0.8917540907859802,\n        \"Erythema\": 0.9411424994468689,\n        \"Foreign Body\": 0.9907032251358032,\n        \"Lymphangiectasia\": 0.9910296201705933,\n        \"Normal\": 0.9663072824478149,\n        \"Polyp\": 0.9596803784370422,\n        \"Ulcer\": 0.9990640878677368,\n        \"Worms\": 0.999915361404419\n    },\n    \"mean_average_precision\": 0.9697584509849548,\n    \"mean_f1_score\": 0.923061192035675,\n    \"mean_specificity\": 0.9915329217910767,\n    \"mean_sensitivity\": 0.9230958819389343,\n    \"balanced_accuracy\": 0.9230958819389343\n}",
    "test_metrics": "{\n    \"Angioectasia\": {\n        \"precision\": 0.5332480669021606,\n        \"recall\": 0.8390341997146606,\n        \"f1-score\": 0.6520719528198242,\n        \"specificity\": 0.9766549468040466\n    },\n    \"Bleeding\": {\n        \"precision\": 0.675159215927124,\n        \"recall\": 0.8857938647270203,\n        \"f1-score\": 0.7662650346755981,\n        \"specificity\": 0.9902998805046082\n    },\n    \"Erosion\": {\n        \"precision\": 0.6077347993850708,\n        \"recall\": 0.6666666865348816,\n        \"f1-score\": 0.6358381509780884,\n        \"specificity\": 0.9668157696723938\n    },\n    \"Erythema\": {\n        \"precision\": 0.33549433946609497,\n        \"recall\": 0.6969696879386902,\n        \"f1-score\": 0.4529540538787842,\n        \"specificity\": 0.9741079807281494\n    },\n    \"Foreign Body\": {\n        \"precision\": 0.6518046855926514,\n        \"recall\": 0.9029411673545837,\n        \"f1-score\": 0.7570900321006775,\n        \"specificity\": 0.9896150231361389\n    },\n    \"Lymphangiectasia\": {\n        \"precision\": 0.682758629322052,\n        \"recall\": 0.8658891916275024,\n        \"f1-score\": 0.7634961605072021,\n        \"specificity\": 0.991259753704071\n    },\n    \"Normal\": {\n        \"precision\": 0.9915200471878052,\n        \"recall\": 0.8945226669311523,\n        \"f1-score\": 0.9405271410942078,\n        \"specificity\": 0.9755526781082153\n    },\n    \"Polyp\": {\n        \"precision\": 0.5836177468299866,\n        \"recall\": 0.6840000152587891,\n        \"f1-score\": 0.6298342347145081,\n        \"specificity\": 0.9843909740447998\n    },\n    \"Ulcer\": {\n        \"precision\": 0.8489425778388977,\n        \"recall\": 0.9825174808502197,\n        \"f1-score\": 0.9108589887619019,\n        \"specificity\": 0.9968446493148804\n    },\n    \"Worms\": {\n        \"precision\": 0.7586206793785095,\n        \"recall\": 0.970588207244873,\n        \"f1-score\": 0.85161292552948,\n        \"specificity\": 0.9986927509307861\n    },\n    \"macro avg\": {\n        \"precision\": 0.6668900847434998,\n        \"recall\": 0.83889240026474,\n        \"f1-score\": 0.7360548973083496,\n        \"specificity\": 0.9844234585762024\n    },\n    \"accuracy\": 0.8675923347473145,\n    \"auc_roc_scores\": {\n        \"Angioectasia\": 0.9709086418151855,\n        \"Bleeding\": 0.9933527708053589,\n        \"Erosion\": 0.9469487071037292,\n        \"Erythema\": 0.9595432281494141,\n        \"Foreign Body\": 0.9864739179611206,\n        \"Lymphangiectasia\": 0.9816808700561523,\n        \"Normal\": 0.987246036529541,\n        \"Polyp\": 0.9731652736663818,\n        \"Ulcer\": 0.9985342025756836,\n        \"Worms\": 0.9999111890792847\n    },\n    \"mean_auc\": 0.9797765016555786,\n    \"average_precision_scores\": {\n        \"Angioectasia\": 0.79796302318573,\n        \"Bleeding\": 0.8783759474754333,\n        \"Erosion\": 0.7128164172172546,\n        \"Erythema\": 0.5068848133087158,\n        \"Foreign Body\": 0.89649498462677,\n        \"Lymphangiectasia\": 0.8589153289794922,\n        \"Normal\": 0.9959948062896729,\n        \"Polyp\": 0.6919587254524231,\n        \"Ulcer\": 0.9822466373443604,\n        \"Worms\": 0.9830905795097351\n    },\n    \"mean_average_precision\": 0.8304740786552429,\n    \"mean_f1_score\": 0.7360548973083496,\n    \"mean_specificity\": 0.9844234585762024,\n    \"mean_sensitivity\": 0.83889240026474,\n    \"balanced_accuracy\": 0.83889240026474\n}"
}