{
    "epoch": 6,
    "train_metrics": "{\n    \"Angioectasia\": {\n        \"precision\": 0.9077208042144775,\n        \"recall\": 0.8982208371162415,\n        \"f1-score\": 0.9029458165168762,\n        \"specificity\": 0.9896699786186218\n    },\n    \"Bleeding\": {\n        \"precision\": 0.9332980513572693,\n        \"recall\": 0.9465771913528442,\n        \"f1-score\": 0.9398906826972961,\n        \"specificity\": 0.9925624132156372\n    },\n    \"Erosion\": {\n        \"precision\": 0.7803674340248108,\n        \"recall\": 0.7708559036254883,\n        \"f1-score\": 0.775582492351532,\n        \"specificity\": 0.9763821363449097\n    },\n    \"Erythema\": {\n        \"precision\": 0.8558605909347534,\n        \"recall\": 0.866844892501831,\n        \"f1-score\": 0.8613177537918091,\n        \"specificity\": 0.9838781356811523\n    },\n    \"Foreign Body\": {\n        \"precision\": 0.9464662671089172,\n        \"recall\": 0.9447222948074341,\n        \"f1-score\": 0.9455934762954712,\n        \"specificity\": 0.9939954876899719\n    },\n    \"Lymphangiectasia\": {\n        \"precision\": 0.9545806646347046,\n        \"recall\": 0.9550735950469971,\n        \"f1-score\": 0.954827070236206,\n        \"specificity\": 0.9947826862335205\n    },\n    \"Normal\": {\n        \"precision\": 0.9112061858177185,\n        \"recall\": 0.8897884488105774,\n        \"f1-score\": 0.9003700017929077,\n        \"specificity\": 0.9901711344718933\n    },\n    \"Polyp\": {\n        \"precision\": 0.876823365688324,\n        \"recall\": 0.8956953883171082,\n        \"f1-score\": 0.8861588835716248,\n        \"specificity\": 0.9865815043449402\n    },\n    \"Ulcer\": {\n        \"precision\": 0.9865591526031494,\n        \"recall\": 0.9847062230110168,\n        \"f1-score\": 0.9856318235397339,\n        \"specificity\": 0.9985241889953613\n    },\n    \"Worms\": {\n        \"precision\": 0.9926004409790039,\n        \"recall\": 0.9947034120559692,\n        \"f1-score\": 0.9936507940292358,\n        \"specificity\": 0.9991723299026489\n    },\n    \"macro avg\": {\n        \"precision\": 0.9145483374595642,\n        \"recall\": 0.9147188067436218,\n        \"f1-score\": 0.9145969748497009,\n        \"specificity\": 0.9905719757080078\n    },\n    \"accuracy\": 0.9150955677032471,\n    \"auc_roc_scores\": {\n        \"Angioectasia\": 0.9946675896644592,\n        \"Bleeding\": 0.9978867769241333,\n        \"Erosion\": 0.977046012878418,\n        \"Erythema\": 0.9919222593307495,\n        \"Foreign Body\": 0.9983365535736084,\n        \"Lymphangiectasia\": 0.9985556602478027,\n        \"Normal\": 0.990898847579956,\n        \"Polyp\": 0.9939522743225098,\n        \"Ulcer\": 0.999782919883728,\n        \"Worms\": 0.9999779462814331\n    },\n    \"mean_auc\": 0.9943027496337891,\n    \"average_precision_scores\": {\n        \"Angioectasia\": 0.9668323993682861,\n        \"Bleeding\": 0.9835311770439148,\n        \"Erosion\": 0.8646838665008545,\n        \"Erythema\": 0.9340146780014038,\n        \"Foreign Body\": 0.9882538318634033,\n        \"Lymphangiectasia\": 0.990230917930603,\n        \"Normal\": 0.9576852917671204,\n        \"Polyp\": 0.9536464214324951,\n        \"Ulcer\": 0.9985254406929016,\n        \"Worms\": 0.9997982978820801\n    },\n    \"mean_average_precision\": 0.9637202620506287,\n    \"mean_f1_score\": 0.9145969748497009,\n    \"mean_specificity\": 0.9905719757080078,\n    \"mean_sensitivity\": 0.9147188067436218,\n    \"balanced_accuracy\": 0.9147188067436218\n}",
    "test_metrics": "{\n    \"Angioectasia\": {\n        \"precision\": 0.519645094871521,\n        \"recall\": 0.8249496817588806,\n        \"f1-score\": 0.6376360654830933,\n        \"specificity\": 0.9757595062255859\n    },\n    \"Bleeding\": {\n        \"precision\": 0.6844349503517151,\n        \"recall\": 0.89415043592453,\n        \"f1-score\": 0.7753623127937317,\n        \"specificity\": 0.9906168580055237\n    },\n    \"Erosion\": {\n        \"precision\": 0.6408888697624207,\n        \"recall\": 0.6242424249649048,\n        \"f1-score\": 0.6324561238288879,\n        \"specificity\": 0.9730253219604492\n    },\n    \"Erythema\": {\n        \"precision\": 0.41769546270370483,\n        \"recall\": 0.683501660823822,\n        \"f1-score\": 0.5185185074806213,\n        \"specificity\": 0.9821282029151917\n    },\n    \"Foreign Body\": {\n        \"precision\": 0.7266187071800232,\n        \"recall\": 0.8911764621734619,\n        \"f1-score\": 0.8005284070968628,\n        \"specificity\": 0.9927811622619629\n    },\n    \"Lymphangiectasia\": {\n        \"precision\": 0.6226415038108826,\n        \"recall\": 0.8658891916275024,\n        \"f1-score\": 0.7243902683258057,\n        \"specificity\": 0.9885996580123901\n    },\n    \"Normal\": {\n        \"precision\": 0.9914178252220154,\n        \"recall\": 0.9025799632072449,\n        \"f1-score\": 0.9449154138565063,\n        \"specificity\": 0.9750325083732605\n    },\n    \"Polyp\": {\n        \"precision\": 0.5033921599388123,\n        \"recall\": 0.7419999837875366,\n        \"f1-score\": 0.5998383164405823,\n        \"specificity\": 0.9765864610671997\n    },\n    \"Ulcer\": {\n        \"precision\": 0.774104654788971,\n        \"recall\": 0.9825174808502197,\n        \"f1-score\": 0.8659476041793823,\n        \"specificity\": 0.9948251843452454\n    },\n    \"Worms\": {\n        \"precision\": 0.8072289228439331,\n        \"recall\": 0.9852941036224365,\n        \"f1-score\": 0.887417197227478,\n        \"specificity\": 0.9990040063858032\n    },\n    \"macro avg\": {\n        \"precision\": 0.6688068509101868,\n        \"recall\": 0.839630126953125,\n        \"f1-score\": 0.7387010455131531,\n        \"specificity\": 0.9848358035087585\n    },\n    \"accuracy\": 0.8718075752258301,\n    \"auc_roc_scores\": {\n        \"Angioectasia\": 0.9742138981819153,\n        \"Bleeding\": 0.9886541366577148,\n        \"Erosion\": 0.9460196495056152,\n        \"Erythema\": 0.9728053212165833,\n        \"Foreign Body\": 0.991036057472229,\n        \"Lymphangiectasia\": 0.9876968860626221,\n        \"Normal\": 0.9872979521751404,\n        \"Polyp\": 0.9756363034248352,\n        \"Ulcer\": 0.997714638710022,\n        \"Worms\": 0.9999423623085022\n    },\n    \"mean_auc\": 0.9821016192436218,\n    \"average_precision_scores\": {\n        \"Angioectasia\": 0.7840327620506287,\n        \"Bleeding\": 0.8687629103660583,\n        \"Erosion\": 0.6967192888259888,\n        \"Erythema\": 0.5656728744506836,\n        \"Foreign Body\": 0.9029808044433594,\n        \"Lymphangiectasia\": 0.8587316870689392,\n        \"Normal\": 0.9960790872573853,\n        \"Polyp\": 0.6814215183258057,\n        \"Ulcer\": 0.9778734445571899,\n        \"Worms\": 0.9873087406158447\n    },\n    \"mean_average_precision\": 0.8319584131240845,\n    \"mean_f1_score\": 0.7387010455131531,\n    \"mean_specificity\": 0.9848358035087585,\n    \"mean_sensitivity\": 0.839630126953125,\n    \"balanced_accuracy\": 0.839630126953125\n}"
}