{
    "epoch": 11,
    "train_metrics": "{\n    \"Angioectasia\": {\n        \"precision\": 0.9372363090515137,\n        \"recall\": 0.9364953637123108,\n        \"f1-score\": 0.9368656873703003,\n        \"specificity\": 0.9929611086845398\n    },\n    \"Bleeding\": {\n        \"precision\": 0.9458960294723511,\n        \"recall\": 0.9564985036849976,\n        \"f1-score\": 0.9511677026748657,\n        \"specificity\": 0.9939456582069397\n    },\n    \"Erosion\": {\n        \"precision\": 0.8759358525276184,\n        \"recall\": 0.8573671579360962,\n        \"f1-score\": 0.8665520548820496,\n        \"specificity\": 0.9862664937973022\n    },\n    \"Erythema\": {\n        \"precision\": 0.9113530516624451,\n        \"recall\": 0.929421067237854,\n        \"f1-score\": 0.9202983975410461,\n        \"specificity\": 0.9898888468742371\n    },\n    \"Foreign Body\": {\n        \"precision\": 0.9596015214920044,\n        \"recall\": 0.9619972109794617,\n        \"f1-score\": 0.960797905921936,\n        \"specificity\": 0.9957061409950256\n    },\n    \"Lymphangiectasia\": {\n        \"precision\": 0.9661744832992554,\n        \"recall\": 0.9651380777359009,\n        \"f1-score\": 0.965656042098999,\n        \"specificity\": 0.9962807893753052\n    },\n    \"Normal\": {\n        \"precision\": 0.9402984976768494,\n        \"recall\": 0.9235074520111084,\n        \"f1-score\": 0.9318273663520813,\n        \"specificity\": 0.9935017228126526\n    },\n    \"Polyp\": {\n        \"precision\": 0.9286647439002991,\n        \"recall\": 0.9360021352767944,\n        \"f1-score\": 0.9323189854621887,\n        \"specificity\": 0.9919254779815674\n    },\n    \"Ulcer\": {\n        \"precision\": 0.9939553141593933,\n        \"recall\": 0.9942166209220886,\n        \"f1-score\": 0.994085967540741,\n        \"specificity\": 0.9993196129798889\n    },\n    \"Worms\": {\n        \"precision\": 0.9981442093849182,\n        \"recall\": 0.9976152777671814,\n        \"f1-score\": 0.997879683971405,\n        \"specificity\": 0.9997931122779846\n    },\n    \"macro avg\": {\n        \"precision\": 0.9457260370254517,\n        \"recall\": 0.9458258748054504,\n        \"f1-score\": 0.9457449316978455,\n        \"specificity\": 0.9939588904380798\n    },\n    \"accuracy\": 0.9456484317779541,\n    \"auc_roc_scores\": {\n        \"Angioectasia\": 0.9979548454284668,\n        \"Bleeding\": 0.9989989995956421,\n        \"Erosion\": 0.9911032915115356,\n        \"Erythema\": 0.997016966342926,\n        \"Foreign Body\": 0.999322235584259,\n        \"Lymphangiectasia\": 0.9993000030517578,\n        \"Normal\": 0.995438277721405,\n        \"Polyp\": 0.9976962208747864,\n        \"Ulcer\": 0.9999672770500183,\n        \"Worms\": 0.9999971985816956\n    },\n    \"mean_auc\": 0.9976795315742493,\n    \"average_precision_scores\": {\n        \"Angioectasia\": 0.9858006834983826,\n        \"Bleeding\": 0.9910228252410889,\n        \"Erosion\": 0.9401910305023193,\n        \"Erythema\": 0.974024772644043,\n        \"Foreign Body\": 0.9942944645881653,\n        \"Lymphangiectasia\": 0.9950681328773499,\n        \"Normal\": 0.9770828485488892,\n        \"Polyp\": 0.9815669059753418,\n        \"Ulcer\": 0.9997250437736511,\n        \"Worms\": 0.9999752640724182\n    },\n    \"mean_average_precision\": 0.9838752150535583,\n    \"mean_f1_score\": 0.9457449316978455,\n    \"mean_specificity\": 0.9939588904380798,\n    \"mean_sensitivity\": 0.9458258748054504,\n    \"balanced_accuracy\": 0.9458258748054504\n}",
    "test_metrics": "{\n    \"Angioectasia\": {\n        \"precision\": 0.6304000020027161,\n        \"recall\": 0.7927565574645996,\n        \"f1-score\": 0.7023172974586487,\n        \"specificity\": 0.9852254390716553\n    },\n    \"Bleeding\": {\n        \"precision\": 0.7807881832122803,\n        \"recall\": 0.8830083608627319,\n        \"f1-score\": 0.828758180141449,\n        \"specificity\": 0.9943574666976929\n    },\n    \"Erosion\": {\n        \"precision\": 0.6317771077156067,\n        \"recall\": 0.7264069318771362,\n        \"f1-score\": 0.6757954359054565,\n        \"specificity\": 0.9673499464988708\n    },\n    \"Erythema\": {\n        \"precision\": 0.5065274238586426,\n        \"recall\": 0.6531986594200134,\n        \"f1-score\": 0.570588231086731,\n        \"specificity\": 0.9880644083023071\n    },\n    \"Foreign Body\": {\n        \"precision\": 0.7200000286102295,\n        \"recall\": 0.8999999761581421,\n        \"f1-score\": 0.800000011920929,\n        \"specificity\": 0.992464542388916\n    },\n    \"Lymphangiectasia\": {\n        \"precision\": 0.7215496301651001,\n        \"recall\": 0.8688046932220459,\n        \"f1-score\": 0.7883597612380981,\n        \"specificity\": 0.9927164316177368\n    },\n    \"Normal\": {\n        \"precision\": 0.9905800223350525,\n        \"recall\": 0.9243102669715881,\n        \"f1-score\": 0.9562984108924866,\n        \"specificity\": 0.9719115495681763\n    },\n    \"Polyp\": {\n        \"precision\": 0.5228849053382874,\n        \"recall\": 0.7540000081062317,\n        \"f1-score\": 0.6175265908241272,\n        \"specificity\": 0.9779938459396362\n    },\n    \"Ulcer\": {\n        \"precision\": 0.9527027010917664,\n        \"recall\": 0.9860140085220337,\n        \"f1-score\": 0.969072163105011,\n        \"specificity\": 0.9991164803504944\n    },\n    \"Worms\": {\n        \"precision\": 0.9571428298950195,\n        \"recall\": 0.9852941036224365,\n        \"f1-score\": 0.9710144996643066,\n        \"specificity\": 0.9998132586479187\n    },\n    \"macro avg\": {\n        \"precision\": 0.7414352893829346,\n        \"recall\": 0.8473793268203735,\n        \"f1-score\": 0.7879731059074402,\n        \"specificity\": 0.9869012832641602\n    },\n    \"accuracy\": 0.8945574164390564,\n    \"auc_roc_scores\": {\n        \"Angioectasia\": 0.9775723218917847,\n        \"Bleeding\": 0.9893025159835815,\n        \"Erosion\": 0.9603087306022644,\n        \"Erythema\": 0.971102237701416,\n        \"Foreign Body\": 0.9871548414230347,\n        \"Lymphangiectasia\": 0.9897735118865967,\n        \"Normal\": 0.9904894828796387,\n        \"Polyp\": 0.9761214256286621,\n        \"Ulcer\": 0.9997597336769104,\n        \"Worms\": 0.999989926815033\n    },\n    \"mean_auc\": 0.9841575026512146,\n    \"average_precision_scores\": {\n        \"Angioectasia\": 0.8190784454345703,\n        \"Bleeding\": 0.8901793360710144,\n        \"Erosion\": 0.7500561475753784,\n        \"Erythema\": 0.5984513759613037,\n        \"Foreign Body\": 0.913597047328949,\n        \"Lymphangiectasia\": 0.884017825126648,\n        \"Normal\": 0.9970694780349731,\n        \"Polyp\": 0.6861882209777832,\n        \"Ulcer\": 0.9912610054016113,\n        \"Worms\": 0.9977426528930664\n    },\n    \"mean_average_precision\": 0.8527641296386719,\n    \"mean_f1_score\": 0.7879731059074402,\n    \"mean_specificity\": 0.9869012832641602,\n    \"mean_sensitivity\": 0.8473793268203735,\n    \"balanced_accuracy\": 0.8473793268203735\n}"
}