{
    "epoch": 8,
    "train_metrics": "{\n    \"Angioectasia\": {\n        \"precision\": 0.9283983707427979,\n        \"recall\": 0.918998122215271,\n        \"f1-score\": 0.9236743450164795,\n        \"specificity\": 0.9921427369117737\n    },\n    \"Bleeding\": {\n        \"precision\": 0.9370400905609131,\n        \"recall\": 0.9452845454216003,\n        \"f1-score\": 0.9411442875862122,\n        \"specificity\": 0.99319988489151\n    },\n    \"Erosion\": {\n        \"precision\": 0.8215523958206177,\n        \"recall\": 0.8035481572151184,\n        \"f1-score\": 0.8124505281448364,\n        \"specificity\": 0.9801918864250183\n    },\n    \"Erythema\": {\n        \"precision\": 0.8731856346130371,\n        \"recall\": 0.8964706063270569,\n        \"f1-score\": 0.8846749067306519,\n        \"specificity\": 0.9852584004402161\n    },\n    \"Foreign Body\": {\n        \"precision\": 0.9536178112030029,\n        \"recall\": 0.9579339623451233,\n        \"f1-score\": 0.9557710289955139,\n        \"specificity\": 0.994830310344696\n    },\n    \"Lymphangiectasia\": {\n        \"precision\": 0.9608550667762756,\n        \"recall\": 0.9563415050506592,\n        \"f1-score\": 0.9585930109024048,\n        \"specificity\": 0.995851457118988\n    },\n    \"Normal\": {\n        \"precision\": 0.919790506362915,\n        \"recall\": 0.8960794806480408,\n        \"f1-score\": 0.9077801704406738,\n        \"specificity\": 0.9914116263389587\n    },\n    \"Polyp\": {\n        \"precision\": 0.8899244070053101,\n        \"recall\": 0.9089272022247314,\n        \"f1-score\": 0.899325430393219,\n        \"specificity\": 0.9870403409004211\n    },\n    \"Ulcer\": {\n        \"precision\": 0.9890965819358826,\n        \"recall\": 0.9906396269798279,\n        \"f1-score\": 0.9898675084114075,\n        \"specificity\": 0.998755931854248\n    },\n    \"Worms\": {\n        \"precision\": 0.9970446228981018,\n        \"recall\": 0.9957069754600525,\n        \"f1-score\": 0.9963753819465637,\n        \"specificity\": 0.9996753334999084\n    },\n    \"macro avg\": {\n        \"precision\": 0.9270505905151367,\n        \"recall\": 0.9269930124282837,\n        \"f1-score\": 0.9269656538963318,\n        \"specificity\": 0.9918357729911804\n    },\n    \"accuracy\": 0.9265828132629395,\n    \"auc_roc_scores\": {\n        \"Angioectasia\": 0.9968210458755493,\n        \"Bleeding\": 0.998314619064331,\n        \"Erosion\": 0.9833987355232239,\n        \"Erythema\": 0.9941195249557495,\n        \"Foreign Body\": 0.9988670349121094,\n        \"Lymphangiectasia\": 0.9988309144973755,\n        \"Normal\": 0.9929503202438354,\n        \"Polyp\": 0.9952430725097656,\n        \"Ulcer\": 0.9999207854270935,\n        \"Worms\": 0.9999906420707703\n    },\n    \"mean_auc\": 0.9958457350730896,\n    \"average_precision_scores\": {\n        \"Angioectasia\": 0.9781234860420227,\n        \"Bleeding\": 0.9862760901451111,\n        \"Erosion\": 0.8986706733703613,\n        \"Erythema\": 0.9536226987838745,\n        \"Foreign Body\": 0.9913157224655151,\n        \"Lymphangiectasia\": 0.9909509420394897,\n        \"Normal\": 0.9641824960708618,\n        \"Polyp\": 0.9648281335830688,\n        \"Ulcer\": 0.9993486404418945,\n        \"Worms\": 0.999915599822998\n    },\n    \"mean_average_precision\": 0.9727234244346619,\n    \"mean_f1_score\": 0.9269656538963318,\n    \"mean_specificity\": 0.9918357729911804,\n    \"mean_sensitivity\": 0.9269930124282837,\n    \"balanced_accuracy\": 0.9269930124282837\n}",
    "test_metrics": "{\n    \"Angioectasia\": {\n        \"precision\": 0.6071942448616028,\n        \"recall\": 0.849094569683075,\n        \"f1-score\": 0.708053708076477,\n        \"specificity\": 0.982539176940918\n    },\n    \"Bleeding\": {\n        \"precision\": 0.750617265701294,\n        \"recall\": 0.8467966318130493,\n        \"f1-score\": 0.7958115339279175,\n        \"specificity\": 0.9935966730117798\n    },\n    \"Erosion\": {\n        \"precision\": 0.5823060274124146,\n        \"recall\": 0.6952381134033203,\n        \"f1-score\": 0.6337805986404419,\n        \"specificity\": 0.9615410566329956\n    },\n    \"Erythema\": {\n        \"precision\": 0.43686869740486145,\n        \"recall\": 0.5824915766716003,\n        \"f1-score\": 0.4992784857749939,\n        \"specificity\": 0.9859172701835632\n    },\n    \"Foreign Body\": {\n        \"precision\": 0.6262833476066589,\n        \"recall\": 0.8970588445663452,\n        \"f1-score\": 0.7376058101654053,\n        \"specificity\": 0.9884752035140991\n    },\n    \"Lymphangiectasia\": {\n        \"precision\": 0.7550504803657532,\n        \"recall\": 0.8717201352119446,\n        \"f1-score\": 0.8092015981674194,\n        \"specificity\": 0.9938564896583557\n    },\n    \"Normal\": {\n        \"precision\": 0.989410936832428,\n        \"recall\": 0.9049401879310608,\n        \"f1-score\": 0.9452922344207764,\n        \"specificity\": 0.9690507054328918\n    },\n    \"Polyp\": {\n        \"precision\": 0.49074074625968933,\n        \"recall\": 0.7419999837875366,\n        \"f1-score\": 0.5907643437385559,\n        \"specificity\": 0.9753710627555847\n    },\n    \"Ulcer\": {\n        \"precision\": 0.908196747303009,\n        \"recall\": 0.9685314893722534,\n        \"f1-score\": 0.9373942613601685,\n        \"specificity\": 0.9982330203056335\n    },\n    \"Worms\": {\n        \"precision\": 0.8933333158493042,\n        \"recall\": 0.9852941036224365,\n        \"f1-score\": 0.9370629191398621,\n        \"specificity\": 0.9995020031929016\n    },\n    \"macro avg\": {\n        \"precision\": 0.7040001749992371,\n        \"recall\": 0.8343165516853333,\n        \"f1-score\": 0.7594245076179504,\n        \"specificity\": 0.9848083853721619\n    },\n    \"accuracy\": 0.876518726348877,\n    \"auc_roc_scores\": {\n        \"Angioectasia\": 0.9763755798339844,\n        \"Bleeding\": 0.9926609992980957,\n        \"Erosion\": 0.9429305791854858,\n        \"Erythema\": 0.9609246850013733,\n        \"Foreign Body\": 0.9840952754020691,\n        \"Lymphangiectasia\": 0.9880644083023071,\n        \"Normal\": 0.9884476065635681,\n        \"Polyp\": 0.9773497581481934,\n        \"Ulcer\": 0.9992541670799255,\n        \"Worms\": 0.9999716281890869\n    },\n    \"mean_auc\": 0.9810075163841248,\n    \"average_precision_scores\": {\n        \"Angioectasia\": 0.8264248371124268,\n        \"Bleeding\": 0.8879034519195557,\n        \"Erosion\": 0.7036551237106323,\n        \"Erythema\": 0.5622281432151794,\n        \"Foreign Body\": 0.9036144018173218,\n        \"Lymphangiectasia\": 0.881112277507782,\n        \"Normal\": 0.9963661432266235,\n        \"Polyp\": 0.6825456619262695,\n        \"Ulcer\": 0.978260338306427,\n        \"Worms\": 0.993390679359436\n    },\n    \"mean_average_precision\": 0.8415500521659851,\n    \"mean_f1_score\": 0.7594245076179504,\n    \"mean_specificity\": 0.9848083853721619,\n    \"mean_sensitivity\": 0.8343165516853333,\n    \"balanced_accuracy\": 0.8343165516853333\n}"
}