{
    "epoch": 9,
    "train_metrics": "{\n    \"Angioectasia\": {\n        \"precision\": 0.9305039644241333,\n        \"recall\": 0.9246178269386292,\n        \"f1-score\": 0.9275515675544739,\n        \"specificity\": 0.9922515153884888\n    },\n    \"Bleeding\": {\n        \"precision\": 0.9412707090377808,\n        \"recall\": 0.9493806958198547,\n        \"f1-score\": 0.9453083276748657,\n        \"specificity\": 0.9935089945793152\n    },\n    \"Erosion\": {\n        \"precision\": 0.8366860747337341,\n        \"recall\": 0.8266213536262512,\n        \"f1-score\": 0.8316232562065125,\n        \"specificity\": 0.9817363619804382\n    },\n    \"Erythema\": {\n        \"precision\": 0.8898197412490845,\n        \"recall\": 0.9038164019584656,\n        \"f1-score\": 0.8967634439468384,\n        \"specificity\": 0.987132728099823\n    },\n    \"Foreign Body\": {\n        \"precision\": 0.9577502608299255,\n        \"recall\": 0.9587823152542114,\n        \"f1-score\": 0.958266019821167,\n        \"specificity\": 0.9953680634498596\n    },\n    \"Lymphangiectasia\": {\n        \"precision\": 0.9624277353286743,\n        \"recall\": 0.9644549489021301,\n        \"f1-score\": 0.9634402990341187,\n        \"specificity\": 0.9957703351974487\n    },\n    \"Normal\": {\n        \"precision\": 0.9269418716430664,\n        \"recall\": 0.902910053730011,\n        \"f1-score\": 0.9147681593894958,\n        \"specificity\": 0.9920477867126465\n    },\n    \"Polyp\": {\n        \"precision\": 0.9004226326942444,\n        \"recall\": 0.9144313335418701,\n        \"f1-score\": 0.9073728919029236,\n        \"specificity\": 0.9888721704483032\n    },\n    \"Ulcer\": {\n        \"precision\": 0.9901280403137207,\n        \"recall\": 0.9925113916397095,\n        \"f1-score\": 0.9913182854652405,\n        \"specificity\": 0.9989075064659119\n    },\n    \"Worms\": {\n        \"precision\": 0.9988998770713806,\n        \"recall\": 0.997802197933197,\n        \"f1-score\": 0.9983507394790649,\n        \"specificity\": 0.9998822212219238\n    },\n    \"macro avg\": {\n        \"precision\": 0.9334850311279297,\n        \"recall\": 0.9335328936576843,\n        \"f1-score\": 0.9334762692451477,\n        \"specificity\": 0.9925478100776672\n    },\n    \"accuracy\": 0.9329912066459656,\n    \"auc_roc_scores\": {\n        \"Angioectasia\": 0.9969314336776733,\n        \"Bleeding\": 0.9985277652740479,\n        \"Erosion\": 0.9856049418449402,\n        \"Erythema\": 0.9953138828277588,\n        \"Foreign Body\": 0.9990918636322021,\n        \"Lymphangiectasia\": 0.999109148979187,\n        \"Normal\": 0.9936821460723877,\n        \"Polyp\": 0.9959285259246826,\n        \"Ulcer\": 0.9999351501464844,\n        \"Worms\": 0.9999967217445374\n    },\n    \"mean_auc\": 0.9964120984077454,\n    \"average_precision_scores\": {\n        \"Angioectasia\": 0.9781938195228577,\n        \"Bleeding\": 0.9885541200637817,\n        \"Erosion\": 0.914859414100647,\n        \"Erythema\": 0.9617040157318115,\n        \"Foreign Body\": 0.9929569363594055,\n        \"Lymphangiectasia\": 0.9931601285934448,\n        \"Normal\": 0.9680188894271851,\n        \"Polyp\": 0.968250036239624,\n        \"Ulcer\": 0.9994285702705383,\n        \"Worms\": 0.9999696612358093\n    },\n    \"mean_average_precision\": 0.9765095710754395,\n    \"mean_f1_score\": 0.9334762692451477,\n    \"mean_specificity\": 0.9925478100776672,\n    \"mean_sensitivity\": 0.9335328936576843,\n    \"balanced_accuracy\": 0.9335328936576843\n}",
    "test_metrics": "{\n    \"Angioectasia\": {\n        \"precision\": 0.5962733030319214,\n        \"recall\": 0.772635817527771,\n        \"f1-score\": 0.6730937957763672,\n        \"specificity\": 0.9833706617355347\n    },\n    \"Bleeding\": {\n        \"precision\": 0.7048457860946655,\n        \"recall\": 0.8913649320602417,\n        \"f1-score\": 0.7872079014778137,\n        \"specificity\": 0.9915044903755188\n    },\n    \"Erosion\": {\n        \"precision\": 0.6207658052444458,\n        \"recall\": 0.7298701405525208,\n        \"f1-score\": 0.6709112524986267,\n        \"specificity\": 0.9656139612197876\n    },\n    \"Erythema\": {\n        \"precision\": 0.4156378507614136,\n        \"recall\": 0.680134654045105,\n        \"f1-score\": 0.5159642696380615,\n        \"specificity\": 0.9820650219917297\n    },\n    \"Foreign Body\": {\n        \"precision\": 0.6785714030265808,\n        \"recall\": 0.8941176533699036,\n        \"f1-score\": 0.7715736031532288,\n        \"specificity\": 0.9908814430236816\n    },\n    \"Lymphangiectasia\": {\n        \"precision\": 0.7771883010864258,\n        \"recall\": 0.8542274236679077,\n        \"f1-score\": 0.8138889074325562,\n        \"specificity\": 0.994679868221283\n    },\n    \"Normal\": {\n        \"precision\": 0.9920163154602051,\n        \"recall\": 0.9101489186286926,\n        \"f1-score\": 0.949320912361145,\n        \"specificity\": 0.9765929579734802\n    },\n    \"Polyp\": {\n        \"precision\": 0.5252100825309753,\n        \"recall\": 0.75,\n        \"f1-score\": 0.6177924275398254,\n        \"specificity\": 0.9783137440681458\n    },\n    \"Ulcer\": {\n        \"precision\": 0.9256756901741028,\n        \"recall\": 0.9580419659614563,\n        \"f1-score\": 0.9415807723999023,\n        \"specificity\": 0.9986116290092468\n    },\n    \"Worms\": {\n        \"precision\": 0.8292682766914368,\n        \"recall\": 1.0,\n        \"f1-score\": 0.9066666960716248,\n        \"specificity\": 0.9991284608840942\n    },\n    \"macro avg\": {\n        \"precision\": 0.7065452933311462,\n        \"recall\": 0.8440541625022888,\n        \"f1-score\": 0.7648000717163086,\n        \"specificity\": 0.986076295375824\n    },\n    \"accuracy\": 0.8830894827842712,\n    \"auc_roc_scores\": {\n        \"Angioectasia\": 0.9747689962387085,\n        \"Bleeding\": 0.990359902381897,\n        \"Erosion\": 0.9558627605438232,\n        \"Erythema\": 0.9606148600578308,\n        \"Foreign Body\": 0.9855242371559143,\n        \"Lymphangiectasia\": 0.9842653274536133,\n        \"Normal\": 0.989806592464447,\n        \"Polyp\": 0.9744188785552979,\n        \"Ulcer\": 0.9976257085800171,\n        \"Worms\": 0.9999725818634033\n    },\n    \"mean_auc\": 0.9813219904899597,\n    \"average_precision_scores\": {\n        \"Angioectasia\": 0.7865335941314697,\n        \"Bleeding\": 0.8711751699447632,\n        \"Erosion\": 0.7465562224388123,\n        \"Erythema\": 0.5391994714736938,\n        \"Foreign Body\": 0.8868429660797119,\n        \"Lymphangiectasia\": 0.8815429210662842,\n        \"Normal\": 0.9968490600585938,\n        \"Polyp\": 0.6920357942581177,\n        \"Ulcer\": 0.9862863421440125,\n        \"Worms\": 0.993170976638794\n    },\n    \"mean_average_precision\": 0.8380191922187805,\n    \"mean_f1_score\": 0.7648000717163086,\n    \"mean_specificity\": 0.986076295375824,\n    \"mean_sensitivity\": 0.8440541625022888,\n    \"balanced_accuracy\": 0.8440541625022888\n}"
}