{
    "Angioectasia": {
        "precision": 0.936853289604187,
        "recall": 0.9380977749824524,
        "f1-score": 0.9374750852584839,
        "specificity": 0.9929675459861755
    },
    "Bleeding": {
        "precision": 0.9524679780006409,
        "recall": 0.9640496969223022,
        "f1-score": 0.9582238793373108,
        "specificity": 0.9946191906929016
    },
    "Erosion": {
        "precision": 0.8559390902519226,
        "recall": 0.8295574188232422,
        "f1-score": 0.8425418138504028,
        "specificity": 0.9843246340751648
    },
    "Erythema": {
        "precision": 0.9058762192726135,
        "recall": 0.9310529232025146,
        "f1-score": 0.9182920455932617,
        "specificity": 0.9893105030059814
    },
    "Foreign Body": {
        "precision": 0.9655826687812805,
        "recall": 0.9621928334236145,
        "f1-score": 0.9638847708702087,
        "specificity": 0.9962541460990906
    },
    "Lymphangiectasia": {
        "precision": 0.969260036945343,
        "recall": 0.969260036945343,
        "f1-score": 0.969260036945343,
        "specificity": 0.9966697096824646
    },
    "Normal": {
        "precision": 0.9392624497413635,
        "recall": 0.9207867980003357,
        "f1-score": 0.9299328923225403,
        "specificity": 0.9933816194534302
    },
    "Polyp": {
        "precision": 0.9260680675506592,
        "recall": 0.937580943107605,
        "f1-score": 0.9317889213562012,
        "specificity": 0.9914360046386719
    },
    "Ulcer": {
        "precision": 0.9924629926681519,
        "recall": 0.9913955330848694,
        "f1-score": 0.9919289946556091,
        "specificity": 0.9991737604141235
    },
    "Worms": {
        "precision": 0.9965843558311462,
        "recall": 0.9978953003883362,
        "f1-score": 0.9972394108772278,
        "specificity": 0.9996154308319092
    },
    "accuracy": 0.9439997673034668,
    "macro avg": {
        "precision": 0.9440357089042664,
        "recall": 0.9441869854927063,
        "f1-score": 0.9440566897392273,
        "specificity": 0.9937753081321716
    },
    "auc_roc_scores": {
        "Angioectasia": 0.9982401132583618,
        "Bleeding": 0.9992091655731201,
        "Erosion": 0.9878286123275757,
        "Erythema": 0.9972158670425415,
        "Foreign Body": 0.9992554783821106,
        "Lymphangiectasia": 0.9994853734970093,
        "Normal": 0.9955283999443054,
        "Polyp": 0.9977015256881714,
        "Ulcer": 0.9999672770500183,
        "Worms": 0.9999958872795105
    },
    "average_precision_scores": {
        "Angioectasia": 0.9867856502532959,
        "Bleeding": 0.9932582378387451,
        "Erosion": 0.9260991811752319,
        "Erythema": 0.9758683443069458,
        "Foreign Body": 0.9946181774139404,
        "Lymphangiectasia": 0.9962491989135742,
        "Normal": 0.9772008657455444,
        "Polyp": 0.98075270652771,
        "Ulcer": 0.9997143745422363,
        "Worms": 0.9999628067016602
    },
    "mean_auc": 0.9974428415298462,
    "mean_average_precision": 0.9830509424209595
}