{
    "epoch": 19,
    "train_metrics": "{\n    \"Angioectasia\": {\n        \"precision\": 0.9807844161987305,\n        \"recall\": 0.9771833419799805,\n        \"f1-score\": 0.978980541229248,\n        \"specificity\": 0.9978398680686951\n    },\n    \"Bleeding\": {\n        \"precision\": 0.9675118923187256,\n        \"recall\": 0.9812483191490173,\n        \"f1-score\": 0.9743316769599915,\n        \"specificity\": 0.9963688850402832\n    },\n    \"Erosion\": {\n        \"precision\": 0.9703221917152405,\n        \"recall\": 0.929848313331604,\n        \"f1-score\": 0.949654221534729,\n        \"specificity\": 0.9969040155410767\n    },\n    \"Erythema\": {\n        \"precision\": 0.9441884160041809,\n        \"recall\": 0.9710373878479004,\n        \"f1-score\": 0.9574247002601624,\n        \"specificity\": 0.993552029132843\n    },\n    \"Foreign Body\": {\n        \"precision\": 0.9759191870689392,\n        \"recall\": 0.9838162064552307,\n        \"f1-score\": 0.9798518419265747,\n        \"specificity\": 0.9972465634346008\n    },\n    \"Lymphangiectasia\": {\n        \"precision\": 0.9859002232551575,\n        \"recall\": 0.9885807633399963,\n        \"f1-score\": 0.9872386455535889,\n        \"specificity\": 0.9984673857688904\n    },\n    \"Normal\": {\n        \"precision\": 0.9910544753074646,\n        \"recall\": 0.9846485257148743,\n        \"f1-score\": 0.9878411293029785,\n        \"specificity\": 0.999026358127594\n    },\n    \"Polyp\": {\n        \"precision\": 0.9740056991577148,\n        \"recall\": 0.9704739451408386,\n        \"f1-score\": 0.9722366333007812,\n        \"specificity\": 0.9970366954803467\n    },\n    \"Ulcer\": {\n        \"precision\": 0.9992084503173828,\n        \"recall\": 1.0,\n        \"f1-score\": 0.9996040463447571,\n        \"specificity\": 0.9999113082885742\n    },\n    \"Worms\": {\n        \"precision\": 0.9994597434997559,\n        \"recall\": 0.9997298121452332,\n        \"f1-score\": 0.9995947480201721,\n        \"specificity\": 0.9999409914016724\n    },\n    \"macro avg\": {\n        \"precision\": 0.9788355231285095,\n        \"recall\": 0.9786565899848938,\n        \"f1-score\": 0.9786758422851562,\n        \"specificity\": 0.9976293444633484\n    },\n    \"accuracy\": 0.9786741733551025,\n    \"auc_roc_scores\": {\n        \"Angioectasia\": 0.999862015247345,\n        \"Bleeding\": 0.9997954368591309,\n        \"Erosion\": 0.9987471103668213,\n        \"Erythema\": 0.9994544982910156,\n        \"Foreign Body\": 0.9998671412467957,\n        \"Lymphangiectasia\": 0.9999281167984009,\n        \"Normal\": 0.9997512698173523,\n        \"Polyp\": 0.9997726678848267,\n        \"Ulcer\": 1.0,\n        \"Worms\": 0.9999998807907104\n    },\n    \"mean_auc\": 0.9997178316116333,\n    \"average_precision_scores\": {\n        \"Angioectasia\": 0.9988144636154175,\n        \"Bleeding\": 0.9981459975242615,\n        \"Erosion\": 0.9901688098907471,\n        \"Erythema\": 0.9951416254043579,\n        \"Foreign Body\": 0.9988298416137695,\n        \"Lymphangiectasia\": 0.9993937611579895,\n        \"Normal\": 0.9983375072479248,\n        \"Polyp\": 0.998058557510376,\n        \"Ulcer\": 0.9999997615814209,\n        \"Worms\": 0.9999995231628418\n    },\n    \"mean_average_precision\": 0.9976889491081238,\n    \"mean_f1_score\": 0.9786758422851562,\n    \"mean_specificity\": 0.9976293444633484,\n    \"mean_sensitivity\": 0.9786565899848938,\n    \"balanced_accuracy\": 0.9786565899848938\n}",
    "test_metrics": "{\n    \"Angioectasia\": {\n        \"precision\": 0.8059999942779541,\n        \"recall\": 0.8108651638031006,\n        \"f1-score\": 0.80842524766922,\n        \"specificity\": 0.9937959909439087\n    },\n    \"Bleeding\": {\n        \"precision\": 0.8472222089767456,\n        \"recall\": 0.8495821952819824,\n        \"f1-score\": 0.8484005331993103,\n        \"specificity\": 0.9965130090713501\n    },\n    \"Erosion\": {\n        \"precision\": 0.721439778804779,\n        \"recall\": 0.7982683777809143,\n        \"f1-score\": 0.7579120397567749,\n        \"specificity\": 0.9762302041053772\n    },\n    \"Erythema\": {\n        \"precision\": 0.6303630471229553,\n        \"recall\": 0.6430976390838623,\n        \"f1-score\": 0.6366666555404663,\n        \"specificity\": 0.992927074432373\n    },\n    \"Foreign Body\": {\n        \"precision\": 0.8850574493408203,\n        \"recall\": 0.9058823585510254,\n        \"f1-score\": 0.895348846912384,\n        \"specificity\": 0.9974671006202698\n    },\n    \"Lymphangiectasia\": {\n        \"precision\": 0.8600000143051147,\n        \"recall\": 0.8775510191917419,\n        \"f1-score\": 0.868686854839325,\n        \"specificity\": 0.9968965649604797\n    },\n    \"Normal\": {\n        \"precision\": 0.9823984503746033,\n        \"recall\": 0.9720843434333801,\n        \"f1-score\": 0.9772141575813293,\n        \"specificity\": 0.9443433284759521\n    },\n    \"Polyp\": {\n        \"precision\": 0.7295082211494446,\n        \"recall\": 0.7120000123977661,\n        \"f1-score\": 0.7206477522850037,\n        \"specificity\": 0.9915558099746704\n    },\n    \"Ulcer\": {\n        \"precision\": 0.9683098793029785,\n        \"recall\": 0.9615384340286255,\n        \"f1-score\": 0.9649122953414917,\n        \"specificity\": 0.9994320273399353\n    },\n    \"Worms\": {\n        \"precision\": 1.0,\n        \"recall\": 0.9264705777168274,\n        \"f1-score\": 0.9618320465087891,\n        \"specificity\": 1.0\n    },\n    \"macro avg\": {\n        \"precision\": 0.8430299162864685,\n        \"recall\": 0.8457340598106384,\n        \"f1-score\": 0.8440046310424805,\n        \"specificity\": 0.9889160990715027\n    },\n    \"accuracy\": 0.9340441226959229,\n    \"auc_roc_scores\": {\n        \"Angioectasia\": 0.9877549409866333,\n        \"Bleeding\": 0.991080641746521,\n        \"Erosion\": 0.9791316390037537,\n        \"Erythema\": 0.9780067205429077,\n        \"Foreign Body\": 0.9914816617965698,\n        \"Lymphangiectasia\": 0.9959512948989868,\n        \"Normal\": 0.9942666292190552,\n        \"Polyp\": 0.9805569648742676,\n        \"Ulcer\": 0.9998183250427246,\n        \"Worms\": 0.999981701374054\n    },\n    \"mean_auc\": 0.9898030161857605,\n    \"average_precision_scores\": {\n        \"Angioectasia\": 0.8844997882843018,\n        \"Bleeding\": 0.9157450795173645,\n        \"Erosion\": 0.8356777429580688,\n        \"Erythema\": 0.6824340224266052,\n        \"Foreign Body\": 0.941001832485199,\n        \"Lymphangiectasia\": 0.9277384877204895,\n        \"Normal\": 0.9982399940490723,\n        \"Polyp\": 0.7739750146865845,\n        \"Ulcer\": 0.992502748966217,\n        \"Worms\": 0.996143102645874\n    },\n    \"mean_average_precision\": 0.894795835018158,\n    \"mean_f1_score\": 0.8440046310424805,\n    \"mean_specificity\": 0.9889160990715027,\n    \"mean_sensitivity\": 0.8457340598106384,\n    \"balanced_accuracy\": 0.8457340598106384\n}"
}