{
    "epoch": 14,
    "train_metrics": "{\n    \"Angioectasia\": {\n        \"precision\": 0.9734098315238953,\n        \"recall\": 0.9756990075111389,\n        \"f1-score\": 0.9745530486106873,\n        \"specificity\": 0.9969804883003235\n    },\n    \"Bleeding\": {\n        \"precision\": 0.9666579961776733,\n        \"recall\": 0.9747833013534546,\n        \"f1-score\": 0.970703661441803,\n        \"specificity\": 0.9962130188941956\n    },\n    \"Erosion\": {\n        \"precision\": 0.9434523582458496,\n        \"recall\": 0.9205385446548462,\n        \"f1-score\": 0.9318546056747437,\n        \"specificity\": 0.993820071220398\n    },\n    \"Erythema\": {\n        \"precision\": 0.9449999928474426,\n        \"recall\": 0.9640268683433533,\n        \"f1-score\": 0.9544185996055603,\n        \"specificity\": 0.9938315153121948\n    },\n    \"Foreign Body\": {\n        \"precision\": 0.9796404242515564,\n        \"recall\": 0.982758641242981,\n        \"f1-score\": 0.9811970591545105,\n        \"specificity\": 0.9977244138717651\n    },\n    \"Lymphangiectasia\": {\n        \"precision\": 0.9833560585975647,\n        \"recall\": 0.9817488193511963,\n        \"f1-score\": 0.9825518131256104,\n        \"specificity\": 0.9982025027275085\n    },\n    \"Normal\": {\n        \"precision\": 0.9778481125831604,\n        \"recall\": 0.969158411026001,\n        \"f1-score\": 0.9734838604927063,\n        \"specificity\": 0.9975134134292603\n    },\n    \"Polyp\": {\n        \"precision\": 0.9637389183044434,\n        \"recall\": 0.9650349617004395,\n        \"f1-score\": 0.964386522769928,\n        \"specificity\": 0.9960163831710815\n    },\n    \"Ulcer\": {\n        \"precision\": 0.9986606240272522,\n        \"recall\": 0.9989281892776489,\n        \"f1-score\": 0.9987943768501282,\n        \"specificity\": 0.9998524188995361\n    },\n    \"Worms\": {\n        \"precision\": 0.9994654059410095,\n        \"recall\": 0.998931348323822,\n        \"f1-score\": 0.999198317527771,\n        \"specificity\": 0.9999409317970276\n    },\n    \"macro avg\": {\n        \"precision\": 0.9731230139732361,\n        \"recall\": 0.9731607437133789,\n        \"f1-score\": 0.9731141924858093,\n        \"specificity\": 0.9970094561576843\n    },\n    \"accuracy\": 0.9730901122093201,\n    \"auc_roc_scores\": {\n        \"Angioectasia\": 0.9997324347496033,\n        \"Bleeding\": 0.9996827840805054,\n        \"Erosion\": 0.997687041759491,\n        \"Erythema\": 0.9992677569389343,\n        \"Foreign Body\": 0.9998663067817688,\n        \"Lymphangiectasia\": 0.999882698059082,\n        \"Normal\": 0.9991567134857178,\n        \"Polyp\": 0.99952232837677,\n        \"Ulcer\": 0.9999992251396179,\n        \"Worms\": 0.9999998807907104\n    },\n    \"mean_auc\": 0.9994797110557556,\n    \"average_precision_scores\": {\n        \"Angioectasia\": 0.9977993965148926,\n        \"Bleeding\": 0.9971950054168701,\n        \"Erosion\": 0.9833440780639648,\n        \"Erythema\": 0.9931796193122864,\n        \"Foreign Body\": 0.9988511800765991,\n        \"Lymphangiectasia\": 0.9989672899246216,\n        \"Normal\": 0.9949465990066528,\n        \"Polyp\": 0.9958451986312866,\n        \"Ulcer\": 0.9999929070472717,\n        \"Worms\": 0.9999982714653015\n    },\n    \"mean_average_precision\": 0.9960119128227234,\n    \"mean_f1_score\": 0.9731141924858093,\n    \"mean_specificity\": 0.9970094561576843,\n    \"mean_sensitivity\": 0.9731607437133789,\n    \"balanced_accuracy\": 0.9731607437133789\n}",
    "test_metrics": "{\n    \"Angioectasia\": {\n        \"precision\": 0.8243801593780518,\n        \"recall\": 0.8028169274330139,\n        \"f1-score\": 0.8134556412696838,\n        \"specificity\": 0.9945634603500366\n    },\n    \"Bleeding\": {\n        \"precision\": 0.8181818127632141,\n        \"recall\": 0.8523676991462708,\n        \"f1-score\": 0.8349249362945557,\n        \"specificity\": 0.9956888556480408\n    },\n    \"Erosion\": {\n        \"precision\": 0.7015163898468018,\n        \"recall\": 0.7610389590263367,\n        \"f1-score\": 0.7300664186477661,\n        \"specificity\": 0.975028395652771\n    },\n    \"Erythema\": {\n        \"precision\": 0.5957446694374084,\n        \"recall\": 0.6599326729774475,\n        \"f1-score\": 0.6261980533599854,\n        \"specificity\": 0.9916008710861206\n    },\n    \"Foreign Body\": {\n        \"precision\": 0.8469945192337036,\n        \"recall\": 0.9117646813392639,\n        \"f1-score\": 0.8781869411468506,\n        \"specificity\": 0.9964538812637329\n    },\n    \"Lymphangiectasia\": {\n        \"precision\": 0.8474576473236084,\n        \"recall\": 0.8746355772018433,\n        \"f1-score\": 0.860832154750824,\n        \"specificity\": 0.9965798854827881\n    },\n    \"Normal\": {\n        \"precision\": 0.9828988909721375,\n        \"recall\": 0.9636200666427612,\n        \"f1-score\": 0.9731640219688416,\n        \"specificity\": 0.9464239478111267\n    },\n    \"Polyp\": {\n        \"precision\": 0.6309314370155334,\n        \"recall\": 0.7179999947547913,\n        \"f1-score\": 0.6716557741165161,\n        \"specificity\": 0.9865660071372986\n    },\n    \"Ulcer\": {\n        \"precision\": 0.9651567935943604,\n        \"recall\": 0.9685314893722534,\n        \"f1-score\": 0.9668411612510681,\n        \"specificity\": 0.9993689060211182\n    },\n    \"Worms\": {\n        \"precision\": 0.9428571462631226,\n        \"recall\": 0.970588207244873,\n        \"f1-score\": 0.95652174949646,\n        \"specificity\": 0.9997509717941284\n    },\n    \"macro avg\": {\n        \"precision\": 0.8156119585037231,\n        \"recall\": 0.8483296632766724,\n        \"f1-score\": 0.8311846852302551,\n        \"specificity\": 0.9882025122642517\n    },\n    \"accuracy\": 0.9256137013435364,\n    \"auc_roc_scores\": {\n        \"Angioectasia\": 0.9865374565124512,\n        \"Bleeding\": 0.9902665019035339,\n        \"Erosion\": 0.975731372833252,\n        \"Erythema\": 0.977928102016449,\n        \"Foreign Body\": 0.9939662218093872,\n        \"Lymphangiectasia\": 0.9932656288146973,\n        \"Normal\": 0.9934475421905518,\n        \"Polyp\": 0.9814167618751526,\n        \"Ulcer\": 0.9983728528022766,\n        \"Worms\": 0.9993042349815369\n    },\n    \"mean_auc\": 0.9890236854553223,\n    \"average_precision_scores\": {\n        \"Angioectasia\": 0.878960907459259,\n        \"Bleeding\": 0.9121509790420532,\n        \"Erosion\": 0.8195120096206665,\n        \"Erythema\": 0.6665468811988831,\n        \"Foreign Body\": 0.9409335255622864,\n        \"Lymphangiectasia\": 0.919906497001648,\n        \"Normal\": 0.997980535030365,\n        \"Polyp\": 0.7426973581314087,\n        \"Ulcer\": 0.9836748838424683,\n        \"Worms\": 0.9846914410591125\n    },\n    \"mean_average_precision\": 0.8847055435180664,\n    \"mean_f1_score\": 0.8311846852302551,\n    \"mean_specificity\": 0.9882025122642517,\n    \"mean_sensitivity\": 0.8483296632766724,\n    \"balanced_accuracy\": 0.8483296632766724\n}"
}