{
    "epoch": 9,
    "train_metrics": "{\n    \"Angioectasia\": {\n        \"precision\": 0.9493025541305542,\n        \"recall\": 0.9510884284973145,\n        \"f1-score\": 0.9501946568489075,\n        \"specificity\": 0.9944224953651428\n    },\n    \"Bleeding\": {\n        \"precision\": 0.953825831413269,\n        \"recall\": 0.9652870297431946,\n        \"f1-score\": 0.9595222473144531,\n        \"specificity\": 0.9948319792747498\n    },\n    \"Erosion\": {\n        \"precision\": 0.887597918510437,\n        \"recall\": 0.8713527917861938,\n        \"f1-score\": 0.879400372505188,\n        \"specificity\": 0.9877057671546936\n    },\n    \"Erythema\": {\n        \"precision\": 0.9259159564971924,\n        \"recall\": 0.9370229244232178,\n        \"f1-score\": 0.93143630027771,\n        \"specificity\": 0.9918972253799438\n    },\n    \"Foreign Body\": {\n        \"precision\": 0.9685863852500916,\n        \"recall\": 0.9744535088539124,\n        \"f1-score\": 0.9715110659599304,\n        \"specificity\": 0.9964507818222046\n    },\n    \"Lymphangiectasia\": {\n        \"precision\": 0.9753944873809814,\n        \"recall\": 0.9733119606971741,\n        \"f1-score\": 0.9743521213531494,\n        \"specificity\": 0.9972829222679138\n    },\n    \"Normal\": {\n        \"precision\": 0.953809380531311,\n        \"recall\": 0.9366527795791626,\n        \"f1-score\": 0.9451532363891602,\n        \"specificity\": 0.9948476552963257\n    },\n    \"Polyp\": {\n        \"precision\": 0.9403921365737915,\n        \"recall\": 0.9480758905410767,\n        \"f1-score\": 0.9442183971405029,\n        \"specificity\": 0.9932570457458496\n    },\n    \"Ulcer\": {\n        \"precision\": 0.9958311915397644,\n        \"recall\": 0.995312511920929,\n        \"f1-score\": 0.9955717921257019,\n        \"specificity\": 0.9995261430740356\n    },\n    \"Worms\": {\n        \"precision\": 0.9972877502441406,\n        \"recall\": 0.9967470765113831,\n        \"f1-score\": 0.9970173239707947,\n        \"specificity\": 0.9997051954269409\n    },\n    \"macro avg\": {\n        \"precision\": 0.9547943472862244,\n        \"recall\": 0.9549304842948914,\n        \"f1-score\": 0.9548377990722656,\n        \"specificity\": 0.994992733001709\n    },\n    \"accuracy\": 0.9549285769462585,\n    \"auc_roc_scores\": {\n        \"Angioectasia\": 0.9987126588821411,\n        \"Bleeding\": 0.9993711709976196,\n        \"Erosion\": 0.9932880401611328,\n        \"Erythema\": 0.9979853630065918,\n        \"Foreign Body\": 0.9995877742767334,\n        \"Lymphangiectasia\": 0.9994958639144897,\n        \"Normal\": 0.9973831176757812,\n        \"Polyp\": 0.9983004927635193,\n        \"Ulcer\": 0.9999676942825317,\n        \"Worms\": 0.9999947547912598\n    },\n    \"mean_auc\": 0.9984087347984314,\n    \"average_precision_scores\": {\n        \"Angioectasia\": 0.9900897741317749,\n        \"Bleeding\": 0.9945849180221558,\n        \"Erosion\": 0.9546842575073242,\n        \"Erythema\": 0.9821768403053284,\n        \"Foreign Body\": 0.9968277215957642,\n        \"Lymphangiectasia\": 0.9963919520378113,\n        \"Normal\": 0.985140323638916,\n        \"Polyp\": 0.9867024421691895,\n        \"Ulcer\": 0.9997595548629761,\n        \"Worms\": 0.9999522566795349\n    },\n    \"mean_average_precision\": 0.9886309504508972,\n    \"mean_f1_score\": 0.9548377990722656,\n    \"mean_specificity\": 0.994992733001709,\n    \"mean_sensitivity\": 0.9549304842948914,\n    \"balanced_accuracy\": 0.9549304842948914\n}",
    "test_metrics": "{\n    \"Angioectasia\": {\n        \"precision\": 0.6925734281539917,\n        \"recall\": 0.8068410754203796,\n        \"f1-score\": 0.7453531622886658,\n        \"specificity\": 0.9886152744293213\n    },\n    \"Bleeding\": {\n        \"precision\": 0.7788944840431213,\n        \"recall\": 0.8635097742080688,\n        \"f1-score\": 0.8190224766731262,\n        \"specificity\": 0.9944208264350891\n    },\n    \"Erosion\": {\n        \"precision\": 0.6031957268714905,\n        \"recall\": 0.784415602684021,\n        \"f1-score\": 0.6819721460342407,\n        \"specificity\": 0.9602056741714478\n    },\n    \"Erythema\": {\n        \"precision\": 0.5412843823432922,\n        \"recall\": 0.5959596037864685,\n        \"f1-score\": 0.567307710647583,\n        \"specificity\": 0.990527331829071\n    },\n    \"Foreign Body\": {\n        \"precision\": 0.7630922794342041,\n        \"recall\": 0.8999999761581421,\n        \"f1-score\": 0.8259109258651733,\n        \"specificity\": 0.9939842820167542\n    },\n    \"Lymphangiectasia\": {\n        \"precision\": 0.5733082890510559,\n        \"recall\": 0.8892128467559814,\n        \"f1-score\": 0.6971428394317627,\n        \"specificity\": 0.9856228828430176\n    },\n    \"Normal\": {\n        \"precision\": 0.9887436032295227,\n        \"recall\": 0.9293562173843384,\n        \"f1-score\": 0.9581305384635925,\n        \"specificity\": 0.9661898612976074\n    },\n    \"Polyp\": {\n        \"precision\": 0.6612903475761414,\n        \"recall\": 0.656000018119812,\n        \"f1-score\": 0.6586345434188843,\n        \"specificity\": 0.9892528057098389\n    },\n    \"Ulcer\": {\n        \"precision\": 0.9805447459220886,\n        \"recall\": 0.881118893623352,\n        \"f1-score\": 0.9281768202781677,\n        \"specificity\": 0.9996844530105591\n    },\n    \"Worms\": {\n        \"precision\": 0.7362637519836426,\n        \"recall\": 0.9852941036224365,\n        \"f1-score\": 0.8427672982215881,\n        \"specificity\": 0.9985059499740601\n    },\n    \"macro avg\": {\n        \"precision\": 0.7319191098213196,\n        \"recall\": 0.829170823097229,\n        \"f1-score\": 0.7724418044090271,\n        \"specificity\": 0.9867009520530701\n    },\n    \"accuracy\": 0.8970369696617126,\n    \"auc_roc_scores\": {\n        \"Angioectasia\": 0.9829199314117432,\n        \"Bleeding\": 0.9871616363525391,\n        \"Erosion\": 0.9670026302337646,\n        \"Erythema\": 0.9657448530197144,\n        \"Foreign Body\": 0.9909301996231079,\n        \"Lymphangiectasia\": 0.984380841255188,\n        \"Normal\": 0.9902931451797485,\n        \"Polyp\": 0.9765702486038208,\n        \"Ulcer\": 0.9962563514709473,\n        \"Worms\": 0.9997683763504028\n    },\n    \"mean_auc\": 0.9841028451919556,\n    \"average_precision_scores\": {\n        \"Angioectasia\": 0.8585198521614075,\n        \"Bleeding\": 0.8981126546859741,\n        \"Erosion\": 0.7712646126747131,\n        \"Erythema\": 0.6001691222190857,\n        \"Foreign Body\": 0.9244822859764099,\n        \"Lymphangiectasia\": 0.8773567080497742,\n        \"Normal\": 0.9969794750213623,\n        \"Polyp\": 0.7327322959899902,\n        \"Ulcer\": 0.9636207222938538,\n        \"Worms\": 0.9779967069625854\n    },\n    \"mean_average_precision\": 0.8601234555244446,\n    \"mean_f1_score\": 0.7724418044090271,\n    \"mean_specificity\": 0.9867009520530701,\n    \"mean_sensitivity\": 0.829170823097229,\n    \"balanced_accuracy\": 0.829170823097229\n}"
}