{
    "epoch": 20,
    "train_metrics": "{\n    \"Angioectasia\": {\n        \"precision\": 0.9794392585754395,\n        \"recall\": 0.9812734127044678,\n        \"f1-score\": 0.9803555011749268,\n        \"specificity\": 0.997726559638977\n    },\n    \"Bleeding\": {\n        \"precision\": 0.9652448892593384,\n        \"recall\": 0.9844253659248352,\n        \"f1-score\": 0.974740743637085,\n        \"specificity\": 0.9961042404174805\n    },\n    \"Erosion\": {\n        \"precision\": 0.9757062196731567,\n        \"recall\": 0.9299946427345276,\n        \"f1-score\": 0.9523021578788757,\n        \"specificity\": 0.9974626302719116\n    },\n    \"Erythema\": {\n        \"precision\": 0.94526207447052,\n        \"recall\": 0.9726355075836182,\n        \"f1-score\": 0.9587534666061401,\n        \"specificity\": 0.9937357902526855\n    },\n    \"Foreign Body\": {\n        \"precision\": 0.9792036414146423,\n        \"recall\": 0.9852002859115601,\n        \"f1-score\": 0.9821928143501282,\n        \"specificity\": 0.9975659251213074\n    },\n    \"Lymphangiectasia\": {\n        \"precision\": 0.985722005367279,\n        \"recall\": 0.9873178601264954,\n        \"f1-score\": 0.9865192770957947,\n        \"specificity\": 0.9984366297721863\n    },\n    \"Normal\": {\n        \"precision\": 0.9908503890037537,\n        \"recall\": 0.9818666577339172,\n        \"f1-score\": 0.9863380789756775,\n        \"specificity\": 0.9989957809448242\n    },\n    \"Polyp\": {\n        \"precision\": 0.9773575067520142,\n        \"recall\": 0.974760890007019,\n        \"f1-score\": 0.9760574698448181,\n        \"specificity\": 0.9974883794784546\n    },\n    \"Ulcer\": {\n        \"precision\": 1.0,\n        \"recall\": 0.9997288584709167,\n        \"f1-score\": 0.999864399433136,\n        \"specificity\": 1.0\n    },\n    \"Worms\": {\n        \"precision\": 0.9997395277023315,\n        \"recall\": 0.9994791746139526,\n        \"f1-score\": 0.9996093511581421,\n        \"specificity\": 0.9999703764915466\n    },\n    \"macro avg\": {\n        \"precision\": 0.9798524975776672,\n        \"recall\": 0.9796682596206665,\n        \"f1-score\": 0.9796733260154724,\n        \"specificity\": 0.9977486729621887\n    },\n    \"accuracy\": 0.9797378182411194,\n    \"auc_roc_scores\": {\n        \"Angioectasia\": 0.9999037981033325,\n        \"Bleeding\": 0.9998071193695068,\n        \"Erosion\": 0.99886155128479,\n        \"Erythema\": 0.999477744102478,\n        \"Foreign Body\": 0.9998815655708313,\n        \"Lymphangiectasia\": 0.999944806098938,\n        \"Normal\": 0.9996755123138428,\n        \"Polyp\": 0.9997990131378174,\n        \"Ulcer\": 1.0,\n        \"Worms\": 0.9999998807907104\n    },\n    \"mean_auc\": 0.9997350573539734,\n    \"average_precision_scores\": {\n        \"Angioectasia\": 0.999150276184082,\n        \"Bleeding\": 0.9982484579086304,\n        \"Erosion\": 0.9910911321640015,\n        \"Erythema\": 0.9952752590179443,\n        \"Foreign Body\": 0.9990599155426025,\n        \"Lymphangiectasia\": 0.9995220303535461,\n        \"Normal\": 0.99825519323349,\n        \"Polyp\": 0.9982048273086548,\n        \"Ulcer\": 1.0,\n        \"Worms\": 0.9999996423721313\n    },\n    \"mean_average_precision\": 0.9978806376457214,\n    \"mean_f1_score\": 0.9796733260154724,\n    \"mean_specificity\": 0.9977486729621887,\n    \"mean_sensitivity\": 0.9796682596206665,\n    \"balanced_accuracy\": 0.9796682596206665\n}",
    "test_metrics": "{\n    \"Angioectasia\": {\n        \"precision\": 0.811475396156311,\n        \"recall\": 0.7967807054519653,\n        \"f1-score\": 0.8040609359741211,\n        \"specificity\": 0.9941157698631287\n    },\n    \"Bleeding\": {\n        \"precision\": 0.8438355922698975,\n        \"recall\": 0.8579387068748474,\n        \"f1-score\": 0.8508287072181702,\n        \"specificity\": 0.9963862299919128\n    },\n    \"Erosion\": {\n        \"precision\": 0.729099690914154,\n        \"recall\": 0.7852813601493835,\n        \"f1-score\": 0.7561483979225159,\n        \"specificity\": 0.9774988293647766\n    },\n    \"Erythema\": {\n        \"precision\": 0.6474575996398926,\n        \"recall\": 0.6430976390838623,\n        \"f1-score\": 0.6452702879905701,\n        \"specificity\": 0.9934322834014893\n    },\n    \"Foreign Body\": {\n        \"precision\": 0.8941176533699036,\n        \"recall\": 0.8941176533699036,\n        \"f1-score\": 0.8941176533699036,\n        \"specificity\": 0.9977203607559204\n    },\n    \"Lymphangiectasia\": {\n        \"precision\": 0.8617647290229797,\n        \"recall\": 0.8542274236679077,\n        \"f1-score\": 0.8579794764518738,\n        \"specificity\": 0.9970232248306274\n    },\n    \"Normal\": {\n        \"precision\": 0.9800392389297485,\n        \"recall\": 0.9750142693519592,\n        \"f1-score\": 0.9775202870368958,\n        \"specificity\": 0.936540961265564\n    },\n    \"Polyp\": {\n        \"precision\": 0.7078189253807068,\n        \"recall\": 0.6880000233650208,\n        \"f1-score\": 0.6977687478065491,\n        \"specificity\": 0.9909160733222961\n    },\n    \"Ulcer\": {\n        \"precision\": 0.9753521084785461,\n        \"recall\": 0.9685314893722534,\n        \"f1-score\": 0.9719298481941223,\n        \"specificity\": 0.9995582699775696\n    },\n    \"Worms\": {\n        \"precision\": 0.9848484992980957,\n        \"recall\": 0.9558823704719543,\n        \"f1-score\": 0.9701492786407471,\n        \"specificity\": 0.9999377727508545\n    },\n    \"macro avg\": {\n        \"precision\": 0.8435810208320618,\n        \"recall\": 0.8418871164321899,\n        \"f1-score\": 0.8425773978233337,\n        \"specificity\": 0.9883129000663757\n    },\n    \"accuracy\": 0.9338581562042236,\n    \"auc_roc_scores\": {\n        \"Angioectasia\": 0.9867385625839233,\n        \"Bleeding\": 0.9912633895874023,\n        \"Erosion\": 0.9785627126693726,\n        \"Erythema\": 0.9814439415931702,\n        \"Foreign Body\": 0.9928736686706543,\n        \"Lymphangiectasia\": 0.9962054491043091,\n        \"Normal\": 0.9942474961280823,\n        \"Polyp\": 0.9801300764083862,\n        \"Ulcer\": 0.9994066953659058,\n        \"Worms\": 0.9994415044784546\n    },\n    \"mean_auc\": 0.990031361579895,\n    \"average_precision_scores\": {\n        \"Angioectasia\": 0.8800002336502075,\n        \"Bleeding\": 0.917201578617096,\n        \"Erosion\": 0.8336453437805176,\n        \"Erythema\": 0.6741514205932617,\n        \"Foreign Body\": 0.939978837966919,\n        \"Lymphangiectasia\": 0.9287866353988647,\n        \"Normal\": 0.9982205033302307,\n        \"Polyp\": 0.7564163208007812,\n        \"Ulcer\": 0.9913238883018494,\n        \"Worms\": 0.9815617799758911\n    },\n    \"mean_average_precision\": 0.8901287317276001,\n    \"mean_f1_score\": 0.8425773978233337,\n    \"mean_specificity\": 0.9883129000663757,\n    \"mean_sensitivity\": 0.8418871164321899,\n    \"balanced_accuracy\": 0.8418871164321899\n}"
}