{
    "epoch": 15,
    "train_metrics": "{\n    \"Angioectasia\": {\n        \"precision\": 0.9761137962341309,\n        \"recall\": 0.9766380190849304,\n        \"f1-score\": 0.9763758182525635,\n        \"specificity\": 0.9973733425140381\n    },\n    \"Bleeding\": {\n        \"precision\": 0.9673113822937012,\n        \"recall\": 0.9790460467338562,\n        \"f1-score\": 0.9731433391571045,\n        \"specificity\": 0.9964684844017029\n    },\n    \"Erosion\": {\n        \"precision\": 0.9485254883766174,\n        \"recall\": 0.9196776747703552,\n        \"f1-score\": 0.9338788390159607,\n        \"specificity\": 0.9943128228187561\n    },\n    \"Erythema\": {\n        \"precision\": 0.9506612420082092,\n        \"recall\": 0.9696497917175293,\n        \"f1-score\": 0.9600616693496704,\n        \"specificity\": 0.9942522048950195\n    },\n    \"Foreign Body\": {\n        \"precision\": 0.9753186702728271,\n        \"recall\": 0.9833196401596069,\n        \"f1-score\": 0.9793028235435486,\n        \"specificity\": 0.9973195791244507\n    },\n    \"Lymphangiectasia\": {\n        \"precision\": 0.9840755462646484,\n        \"recall\": 0.9838100671768188,\n        \"f1-score\": 0.9839428067207336,\n        \"specificity\": 0.9982596635818481\n    },\n    \"Normal\": {\n        \"precision\": 0.9828586578369141,\n        \"recall\": 0.9736154675483704,\n        \"f1-score\": 0.978215217590332,\n        \"specificity\": 0.9980757236480713\n    },\n    \"Polyp\": {\n        \"precision\": 0.9691861867904663,\n        \"recall\": 0.9689310193061829,\n        \"f1-score\": 0.9690585732460022,\n        \"specificity\": 0.9965393543243408\n    },\n    \"Ulcer\": {\n        \"precision\": 0.9981427192687988,\n        \"recall\": 0.9986726641654968,\n        \"f1-score\": 0.9984076619148254,\n        \"specificity\": 0.9997931718826294\n    },\n    \"Worms\": {\n        \"precision\": 0.9994733929634094,\n        \"recall\": 0.9994733929634094,\n        \"f1-score\": 0.9994733929634094,\n        \"specificity\": 0.9999408721923828\n    },\n    \"macro avg\": {\n        \"precision\": 0.9751667380332947,\n        \"recall\": 0.9752834439277649,\n        \"f1-score\": 0.9751859903335571,\n        \"specificity\": 0.9972335696220398\n    },\n    \"accuracy\": 0.9751110076904297,\n    \"auc_roc_scores\": {\n        \"Angioectasia\": 0.9997249245643616,\n        \"Bleeding\": 0.9997459650039673,\n        \"Erosion\": 0.9978352785110474,\n        \"Erythema\": 0.9994235038757324,\n        \"Foreign Body\": 0.9998450875282288,\n        \"Lymphangiectasia\": 0.9999135732650757,\n        \"Normal\": 0.9994596242904663,\n        \"Polyp\": 0.9996552467346191,\n        \"Ulcer\": 0.9999991655349731,\n        \"Worms\": 0.9999998807907104\n    },\n    \"mean_auc\": 0.9995602965354919,\n    \"average_precision_scores\": {\n        \"Angioectasia\": 0.997726559638977,\n        \"Bleeding\": 0.9976610541343689,\n        \"Erosion\": 0.9844011068344116,\n        \"Erythema\": 0.9949448108673096,\n        \"Foreign Body\": 0.9985747933387756,\n        \"Lymphangiectasia\": 0.9992435574531555,\n        \"Normal\": 0.9966055154800415,\n        \"Polyp\": 0.9970855712890625,\n        \"Ulcer\": 0.999993085861206,\n        \"Worms\": 0.9999991059303284\n    },\n    \"mean_average_precision\": 0.9966235160827637,\n    \"mean_f1_score\": 0.9751859903335571,\n    \"mean_specificity\": 0.9972335696220398,\n    \"mean_sensitivity\": 0.9752834439277649,\n    \"balanced_accuracy\": 0.9752834439277649\n}",
    "test_metrics": "{\n    \"Angioectasia\": {\n        \"precision\": 0.8275862336158752,\n        \"recall\": 0.772635817527771,\n        \"f1-score\": 0.7991675138473511,\n        \"specificity\": 0.9948832988739014\n    },\n    \"Bleeding\": {\n        \"precision\": 0.8410958647727966,\n        \"recall\": 0.8551532030105591,\n        \"f1-score\": 0.8480662703514099,\n        \"specificity\": 0.9963228106498718\n    },\n    \"Erosion\": {\n        \"precision\": 0.6937073469161987,\n        \"recall\": 0.7922077775001526,\n        \"f1-score\": 0.7396928071975708,\n        \"specificity\": 0.9730253219604492\n    },\n    \"Erythema\": {\n        \"precision\": 0.6241829991340637,\n        \"recall\": 0.6430976390838623,\n        \"f1-score\": 0.6334991455078125,\n        \"specificity\": 0.9927375912666321\n    },\n    \"Foreign Body\": {\n        \"precision\": 0.8516483306884766,\n        \"recall\": 0.9117646813392639,\n        \"f1-score\": 0.8806818127632141,\n        \"specificity\": 0.9965805411338806\n    },\n    \"Lymphangiectasia\": {\n        \"precision\": 0.8405796885490417,\n        \"recall\": 0.8454810380935669,\n        \"f1-score\": 0.8430232405662537,\n        \"specificity\": 0.9965165853500366\n    },\n    \"Normal\": {\n        \"precision\": 0.9829469919204712,\n        \"recall\": 0.9663872122764587,\n        \"f1-score\": 0.9745967984199524,\n        \"specificity\": 0.9464239478111267\n    },\n    \"Polyp\": {\n        \"precision\": 0.649350643157959,\n        \"recall\": 0.699999988079071,\n        \"f1-score\": 0.6737247109413147,\n        \"specificity\": 0.9879094362258911\n    },\n    \"Ulcer\": {\n        \"precision\": 0.9684210419654846,\n        \"recall\": 0.9650349617004395,\n        \"f1-score\": 0.9667250514030457,\n        \"specificity\": 0.9994320273399353\n    },\n    \"Worms\": {\n        \"precision\": 0.9846153855323792,\n        \"recall\": 0.9411764740943909,\n        \"f1-score\": 0.9624060392379761,\n        \"specificity\": 0.9999377727508545\n    },\n    \"macro avg\": {\n        \"precision\": 0.8264134526252747,\n        \"recall\": 0.839293897151947,\n        \"f1-score\": 0.8321582674980164,\n        \"specificity\": 0.9883769154548645\n    },\n    \"accuracy\": 0.9274113774299622,\n    \"auc_roc_scores\": {\n        \"Angioectasia\": 0.984813928604126,\n        \"Bleeding\": 0.9918190240859985,\n        \"Erosion\": 0.9777747392654419,\n        \"Erythema\": 0.9747785329818726,\n        \"Foreign Body\": 0.993133544921875,\n        \"Lymphangiectasia\": 0.9934068918228149,\n        \"Normal\": 0.9941012263298035,\n        \"Polyp\": 0.9794980883598328,\n        \"Ulcer\": 0.9998462200164795,\n        \"Worms\": 0.9997820854187012\n    },\n    \"mean_auc\": 0.9888954162597656,\n    \"average_precision_scores\": {\n        \"Angioectasia\": 0.8698643445968628,\n        \"Bleeding\": 0.9221664071083069,\n        \"Erosion\": 0.8244776725769043,\n        \"Erythema\": 0.6743251085281372,\n        \"Foreign Body\": 0.946361780166626,\n        \"Lymphangiectasia\": 0.9156301617622375,\n        \"Normal\": 0.9981817007064819,\n        \"Polyp\": 0.7421074509620667,\n        \"Ulcer\": 0.9931292533874512,\n        \"Worms\": 0.9859467148780823\n    },\n    \"mean_average_precision\": 0.8872190713882446,\n    \"mean_f1_score\": 0.8321582674980164,\n    \"mean_specificity\": 0.9883769154548645,\n    \"mean_sensitivity\": 0.839293897151947,\n    \"balanced_accuracy\": 0.839293897151947\n}"
}