{
    "epoch": 3,
    "train_metrics": "{\n    \"Angioectasia\": {\n        \"precision\": 0.8978508710861206,\n        \"recall\": 0.8837816715240479,\n        \"f1-score\": 0.8907607197761536,\n        \"specificity\": 0.9886020421981812\n    },\n    \"Bleeding\": {\n        \"precision\": 0.9279771447181702,\n        \"recall\": 0.9389634132385254,\n        \"f1-score\": 0.9334379434585571,\n        \"specificity\": 0.9918062090873718\n    },\n    \"Erosion\": {\n        \"precision\": 0.7561174631118774,\n        \"recall\": 0.7530462741851807,\n        \"f1-score\": 0.7545787692070007,\n        \"specificity\": 0.9735507369041443\n    },\n    \"Erythema\": {\n        \"precision\": 0.8485981225967407,\n        \"recall\": 0.8554508686065674,\n        \"f1-score\": 0.8520107269287109,\n        \"specificity\": 0.9832704067230225\n    },\n    \"Foreign Body\": {\n        \"precision\": 0.9540016055107117,\n        \"recall\": 0.9519766569137573,\n        \"f1-score\": 0.9529880285263062,\n        \"specificity\": 0.9948874115943909\n    },\n    \"Lymphangiectasia\": {\n        \"precision\": 0.9475635886192322,\n        \"recall\": 0.9396008253097534,\n        \"f1-score\": 0.9435654282569885,\n        \"specificity\": 0.9941418170928955\n    },\n    \"Normal\": {\n        \"precision\": 0.9034276604652405,\n        \"recall\": 0.8837147355079651,\n        \"f1-score\": 0.8934624791145325,\n        \"specificity\": 0.9895122647285461\n    },\n    \"Polyp\": {\n        \"precision\": 0.8571428656578064,\n        \"recall\": 0.8850882053375244,\n        \"f1-score\": 0.8708913922309875,\n        \"specificity\": 0.9836999773979187\n    },\n    \"Ulcer\": {\n        \"precision\": 0.9863234162330627,\n        \"recall\": 0.9850026965141296,\n        \"f1-score\": 0.985662579536438,\n        \"specificity\": 0.9984943866729736\n    },\n    \"Worms\": {\n        \"precision\": 0.9904331564903259,\n        \"recall\": 0.991750955581665,\n        \"f1-score\": 0.9910916090011597,\n        \"specificity\": 0.9989364743232727\n    },\n    \"macro avg\": {\n        \"precision\": 0.9069435000419617,\n        \"recall\": 0.9068376421928406,\n        \"f1-score\": 0.9068449139595032,\n        \"specificity\": 0.9896901249885559\n    },\n    \"accuracy\": 0.9071715474128723,\n    \"auc_roc_scores\": {\n        \"Angioectasia\": 0.992816686630249,\n        \"Bleeding\": 0.997230052947998,\n        \"Erosion\": 0.9730145931243896,\n        \"Erythema\": 0.9910494089126587,\n        \"Foreign Body\": 0.9989337921142578,\n        \"Lymphangiectasia\": 0.9977986812591553,\n        \"Normal\": 0.9906946420669556,\n        \"Polyp\": 0.9923128485679626,\n        \"Ulcer\": 0.9997286796569824,\n        \"Worms\": 0.9999485611915588\n    },\n    \"mean_auc\": 0.9933528304100037,\n    \"average_precision_scores\": {\n        \"Angioectasia\": 0.9605461359024048,\n        \"Bleeding\": 0.981529712677002,\n        \"Erosion\": 0.8411980867385864,\n        \"Erythema\": 0.924858033657074,\n        \"Foreign Body\": 0.9912806153297424,\n        \"Lymphangiectasia\": 0.9861630201339722,\n        \"Normal\": 0.951970100402832,\n        \"Polyp\": 0.941906750202179,\n        \"Ulcer\": 0.9982845187187195,\n        \"Worms\": 0.9995476007461548\n    },\n    \"mean_average_precision\": 0.9577285051345825,\n    \"mean_f1_score\": 0.9068449139595032,\n    \"mean_specificity\": 0.9896901249885559,\n    \"mean_sensitivity\": 0.9068376421928406,\n    \"balanced_accuracy\": 0.9068376421928406\n}",
    "test_metrics": "{\n    \"Angioectasia\": {\n        \"precision\": 0.5554123520851135,\n        \"recall\": 0.8672032356262207,\n        \"f1-score\": 0.6771405935287476,\n        \"specificity\": 0.9779341220855713\n    },\n    \"Bleeding\": {\n        \"precision\": 0.7758620977401733,\n        \"recall\": 0.8774373531341553,\n        \"f1-score\": 0.8235294222831726,\n        \"specificity\": 0.9942306280136108\n    },\n    \"Erosion\": {\n        \"precision\": 0.6555653214454651,\n        \"recall\": 0.6476190686225891,\n        \"f1-score\": 0.6515679359436035,\n        \"specificity\": 0.9737597703933716\n    },\n    \"Erythema\": {\n        \"precision\": 0.46962615847587585,\n        \"recall\": 0.6767676472663879,\n        \"f1-score\": 0.5544827580451965,\n        \"specificity\": 0.9856646656990051\n    },\n    \"Foreign Body\": {\n        \"precision\": 0.6340425610542297,\n        \"recall\": 0.8764705657958984,\n        \"f1-score\": 0.7358024716377258,\n        \"specificity\": 0.9891083836555481\n    },\n    \"Lymphangiectasia\": {\n        \"precision\": 0.6770601272583008,\n        \"recall\": 0.8862974047660828,\n        \"f1-score\": 0.7676767706871033,\n        \"specificity\": 0.9908164143562317\n    },\n    \"Normal\": {\n        \"precision\": 0.9865290522575378,\n        \"recall\": 0.9178807139396667,\n        \"f1-score\": 0.95096755027771,\n        \"specificity\": 0.9599480032920837\n    },\n    \"Polyp\": {\n        \"precision\": 0.5276073813438416,\n        \"recall\": 0.6880000233650208,\n        \"f1-score\": 0.5972222089767456,\n        \"specificity\": 0.9802968502044678\n    },\n    \"Ulcer\": {\n        \"precision\": 0.8950819969177246,\n        \"recall\": 0.9545454382896423,\n        \"f1-score\": 0.9238578677177429,\n        \"specificity\": 0.997980535030365\n    },\n    \"Worms\": {\n        \"precision\": 0.9178082346916199,\n        \"recall\": 0.9852941036224365,\n        \"f1-score\": 0.9503546357154846,\n        \"specificity\": 0.9996265172958374\n    },\n    \"macro avg\": {\n        \"precision\": 0.7094594836235046,\n        \"recall\": 0.837751567363739,\n        \"f1-score\": 0.7632602453231812,\n        \"specificity\": 0.9849366545677185\n    },\n    \"accuracy\": 0.8838953375816345,\n    \"auc_roc_scores\": {\n        \"Angioectasia\": 0.9853527545928955,\n        \"Bleeding\": 0.9920655488967896,\n        \"Erosion\": 0.9638364911079407,\n        \"Erythema\": 0.9769183397293091,\n        \"Foreign Body\": 0.9824008941650391,\n        \"Lymphangiectasia\": 0.9913820028305054,\n        \"Normal\": 0.9872973561286926,\n        \"Polyp\": 0.9792081713676453,\n        \"Ulcer\": 0.9967320561408997,\n        \"Worms\": 0.9999844431877136\n    },\n    \"mean_auc\": 0.9855177998542786,\n    \"average_precision_scores\": {\n        \"Angioectasia\": 0.8614774942398071,\n        \"Bleeding\": 0.9048154950141907,\n        \"Erosion\": 0.7394720315933228,\n        \"Erythema\": 0.6084706783294678,\n        \"Foreign Body\": 0.8906298875808716,\n        \"Lymphangiectasia\": 0.8902599215507507,\n        \"Normal\": 0.9959251880645752,\n        \"Polyp\": 0.6981403231620789,\n        \"Ulcer\": 0.9785001873970032,\n        \"Worms\": 0.9968112707138062\n    },\n    \"mean_average_precision\": 0.8564502596855164,\n    \"mean_f1_score\": 0.7632602453231812,\n    \"mean_specificity\": 0.9849366545677185,\n    \"mean_sensitivity\": 0.837751567363739,\n    \"balanced_accuracy\": 0.837751567363739\n}"
}