{
    "epoch": 6,
    "train_metrics": "{\n    \"Angioectasia\": {\n        \"precision\": 0.9328582882881165,\n        \"recall\": 0.9285324811935425,\n        \"f1-score\": 0.930690348148346,\n        \"specificity\": 0.9927815794944763\n    },\n    \"Bleeding\": {\n        \"precision\": 0.94140625,\n        \"recall\": 0.9523182511329651,\n        \"f1-score\": 0.9468308091163635,\n        \"specificity\": 0.9933453798294067\n    },\n    \"Erosion\": {\n        \"precision\": 0.8484193682670593,\n        \"recall\": 0.8353285193443298,\n        \"f1-score\": 0.8418230414390564,\n        \"specificity\": 0.9834259152412415\n    },\n    \"Erythema\": {\n        \"precision\": 0.9047117829322815,\n        \"recall\": 0.9140957593917847,\n        \"f1-score\": 0.9093795418739319,\n        \"specificity\": 0.9893048405647278\n    },\n    \"Foreign Body\": {\n        \"precision\": 0.9663335084915161,\n        \"recall\": 0.9670966267585754,\n        \"f1-score\": 0.9667149186134338,\n        \"specificity\": 0.9962139129638672\n    },\n    \"Lymphangiectasia\": {\n        \"precision\": 0.9648553729057312,\n        \"recall\": 0.9635528922080994,\n        \"f1-score\": 0.9642037153244019,\n        \"specificity\": 0.9961655139923096\n    },\n    \"Normal\": {\n        \"precision\": 0.9404289126396179,\n        \"recall\": 0.9264475703239441,\n        \"f1-score\": 0.9333859086036682,\n        \"specificity\": 0.993337869644165\n    },\n    \"Polyp\": {\n        \"precision\": 0.913476288318634,\n        \"recall\": 0.927202045917511,\n        \"f1-score\": 0.9202879667282104,\n        \"specificity\": 0.9899546504020691\n    },\n    \"Ulcer\": {\n        \"precision\": 0.9934888482093811,\n        \"recall\": 0.9910690188407898,\n        \"f1-score\": 0.9922774434089661,\n        \"specificity\": 0.9992923140525818\n    },\n    \"Worms\": {\n        \"precision\": 0.9967880249023438,\n        \"recall\": 0.9973219037055969,\n        \"f1-score\": 0.9970548748970032,\n        \"specificity\": 0.9996457099914551\n    },\n    \"macro avg\": {\n        \"precision\": 0.9402767419815063,\n        \"recall\": 0.940296471118927,\n        \"f1-score\": 0.940264880657196,\n        \"specificity\": 0.9933468103408813\n    },\n    \"accuracy\": 0.9401441216468811,\n    \"auc_roc_scores\": {\n        \"Angioectasia\": 0.9975494146347046,\n        \"Bleeding\": 0.9988003969192505,\n        \"Erosion\": 0.9883251190185547,\n        \"Erythema\": 0.9962974190711975,\n        \"Foreign Body\": 0.9992170929908752,\n        \"Lymphangiectasia\": 0.9992800951004028,\n        \"Normal\": 0.9958100318908691,\n        \"Polyp\": 0.9966322779655457,\n        \"Ulcer\": 0.9999504089355469,\n        \"Worms\": 0.9999931454658508\n    },\n    \"mean_auc\": 0.9971855282783508,\n    \"average_precision_scores\": {\n        \"Angioectasia\": 0.982318639755249,\n        \"Bleeding\": 0.9905539751052856,\n        \"Erosion\": 0.9231733083724976,\n        \"Erythema\": 0.9672713875770569,\n        \"Foreign Body\": 0.9946150779724121,\n        \"Lymphangiectasia\": 0.9942362308502197,\n        \"Normal\": 0.9780768156051636,\n        \"Polyp\": 0.976237952709198,\n        \"Ulcer\": 0.9995772838592529,\n        \"Worms\": 0.9999377727508545\n    },\n    \"mean_average_precision\": 0.9805998802185059,\n    \"mean_f1_score\": 0.940264880657196,\n    \"mean_specificity\": 0.9933468103408813,\n    \"mean_sensitivity\": 0.940296471118927,\n    \"balanced_accuracy\": 0.940296471118927\n}",
    "test_metrics": "{\n    \"Angioectasia\": {\n        \"precision\": 0.7983193397521973,\n        \"recall\": 0.7645875215530396,\n        \"f1-score\": 0.7810894250869751,\n        \"specificity\": 0.9938599467277527\n    },\n    \"Bleeding\": {\n        \"precision\": 0.686956524848938,\n        \"recall\": 0.8802228569984436,\n        \"f1-score\": 0.771672785282135,\n        \"specificity\": 0.990870475769043\n    },\n    \"Erosion\": {\n        \"precision\": 0.6639741659164429,\n        \"recall\": 0.7116883397102356,\n        \"f1-score\": 0.6870037317276001,\n        \"specificity\": 0.9722240567207336\n    },\n    \"Erythema\": {\n        \"precision\": 0.6305220723152161,\n        \"recall\": 0.5286195278167725,\n        \"f1-score\": 0.5750916004180908,\n        \"specificity\": 0.9941900968551636\n    },\n    \"Foreign Body\": {\n        \"precision\": 0.8097826242446899,\n        \"recall\": 0.8764705657958984,\n        \"f1-score\": 0.8418079018592834,\n        \"specificity\": 0.9955673813819885\n    },\n    \"Lymphangiectasia\": {\n        \"precision\": 0.7849740982055664,\n        \"recall\": 0.8833819031715393,\n        \"f1-score\": 0.8312757015228271,\n        \"specificity\": 0.9947431683540344\n    },\n    \"Normal\": {\n        \"precision\": 0.9817875027656555,\n        \"recall\": 0.9476682543754578,\n        \"f1-score\": 0.9644262194633484,\n        \"specificity\": 0.9438231587409973\n    },\n    \"Polyp\": {\n        \"precision\": 0.5414847135543823,\n        \"recall\": 0.7440000176429749,\n        \"f1-score\": 0.6267902255058289,\n        \"specificity\": 0.9798490405082703\n    },\n    \"Ulcer\": {\n        \"precision\": 0.9025974273681641,\n        \"recall\": 0.9720279574394226,\n        \"f1-score\": 0.936026930809021,\n        \"specificity\": 0.9981067776679993\n    },\n    \"Worms\": {\n        \"precision\": 0.6600000262260437,\n        \"recall\": 0.970588207244873,\n        \"f1-score\": 0.7857142686843872,\n        \"specificity\": 0.9978834390640259\n    },\n    \"macro avg\": {\n        \"precision\": 0.746039867401123,\n        \"recall\": 0.8279255032539368,\n        \"f1-score\": 0.7800898551940918,\n        \"specificity\": 0.9861118197441101\n    },\n    \"accuracy\": 0.9072650671005249,\n    \"auc_roc_scores\": {\n        \"Angioectasia\": 0.9832390546798706,\n        \"Bleeding\": 0.9867419004440308,\n        \"Erosion\": 0.9708365201950073,\n        \"Erythema\": 0.9733085036277771,\n        \"Foreign Body\": 0.9918838143348694,\n        \"Lymphangiectasia\": 0.9939168691635132,\n        \"Normal\": 0.9892088174819946,\n        \"Polyp\": 0.9782161712646484,\n        \"Ulcer\": 0.9978388547897339,\n        \"Worms\": 0.9998159408569336\n    },\n    \"mean_auc\": 0.9865005612373352,\n    \"average_precision_scores\": {\n        \"Angioectasia\": 0.846122145652771,\n        \"Bleeding\": 0.8778814077377319,\n        \"Erosion\": 0.7615581750869751,\n        \"Erythema\": 0.6067992448806763,\n        \"Foreign Body\": 0.9210806488990784,\n        \"Lymphangiectasia\": 0.9222838282585144,\n        \"Normal\": 0.9966588020324707,\n        \"Polyp\": 0.6984725594520569,\n        \"Ulcer\": 0.983870267868042,\n        \"Worms\": 0.9734060764312744\n    },\n    \"mean_average_precision\": 0.8588132858276367,\n    \"mean_f1_score\": 0.7800898551940918,\n    \"mean_specificity\": 0.9861118197441101,\n    \"mean_sensitivity\": 0.8279255032539368,\n    \"balanced_accuracy\": 0.8279255032539368\n}"
}