{
    "epoch": 10,
    "train_metrics": "{\n    \"Angioectasia\": {\n        \"precision\": 0.9575226306915283,\n        \"recall\": 0.9564741253852844,\n        \"f1-score\": 0.9569981098175049,\n        \"specificity\": 0.9954349994659424\n    },\n    \"Bleeding\": {\n        \"precision\": 0.9626384973526001,\n        \"recall\": 0.9708939790725708,\n        \"f1-score\": 0.9667485952377319,\n        \"specificity\": 0.9957048296928406\n    },\n    \"Erosion\": {\n        \"precision\": 0.907046914100647,\n        \"recall\": 0.8904441595077515,\n        \"f1-score\": 0.8986688256263733,\n        \"specificity\": 0.9899976253509521\n    },\n    \"Erythema\": {\n        \"precision\": 0.9298902750015259,\n        \"recall\": 0.9427563548088074,\n        \"f1-score\": 0.9362791180610657,\n        \"specificity\": 0.9922761917114258\n    },\n    \"Foreign Body\": {\n        \"precision\": 0.9759565591812134,\n        \"recall\": 0.9774728417396545,\n        \"f1-score\": 0.9767140746116638,\n        \"specificity\": 0.9972440600395203\n    },\n    \"Lymphangiectasia\": {\n        \"precision\": 0.9802033305168152,\n        \"recall\": 0.9765458703041077,\n        \"f1-score\": 0.9783711433410645,\n        \"specificity\": 0.9978141784667969\n    },\n    \"Normal\": {\n        \"precision\": 0.9565807580947876,\n        \"recall\": 0.9458009004592896,\n        \"f1-score\": 0.9511602520942688,\n        \"specificity\": 0.995277464389801\n    },\n    \"Polyp\": {\n        \"precision\": 0.9455445408821106,\n        \"recall\": 0.9552513957023621,\n        \"f1-score\": 0.9503731727600098,\n        \"specificity\": 0.9938180446624756\n    },\n    \"Ulcer\": {\n        \"precision\": 0.9966057538986206,\n        \"recall\": 0.9966057538986206,\n        \"f1-score\": 0.9966057538986206,\n        \"specificity\": 0.9996151328086853\n    },\n    \"Worms\": {\n        \"precision\": 0.9991965889930725,\n        \"recall\": 0.9989290237426758,\n        \"f1-score\": 0.9990627765655518,\n        \"specificity\": 0.9999114274978638\n    },\n    \"macro avg\": {\n        \"precision\": 0.9611186385154724,\n        \"recall\": 0.9611174464225769,\n        \"f1-score\": 0.9610981941223145,\n        \"specificity\": 0.9957094192504883\n    },\n    \"accuracy\": 0.9613635540008545,\n    \"auc_roc_scores\": {\n        \"Angioectasia\": 0.9991176128387451,\n        \"Bleeding\": 0.9995662569999695,\n        \"Erosion\": 0.9950351119041443,\n        \"Erythema\": 0.9982494711875916,\n        \"Foreign Body\": 0.9997724294662476,\n        \"Lymphangiectasia\": 0.9996814131736755,\n        \"Normal\": 0.9981176853179932,\n        \"Polyp\": 0.998871386051178,\n        \"Ulcer\": 0.9999929070472717,\n        \"Worms\": 0.9999979734420776\n    },\n    \"mean_auc\": 0.9988401532173157,\n    \"average_precision_scores\": {\n        \"Angioectasia\": 0.9926776885986328,\n        \"Bleeding\": 0.9961691498756409,\n        \"Erosion\": 0.9664876461029053,\n        \"Erythema\": 0.9843295812606812,\n        \"Foreign Body\": 0.998011589050293,\n        \"Lymphangiectasia\": 0.9978525638580322,\n        \"Normal\": 0.9893140196800232,\n        \"Polyp\": 0.9897282719612122,\n        \"Ulcer\": 0.9999395608901978,\n        \"Worms\": 0.9999816417694092\n    },\n    \"mean_average_precision\": 0.9914491772651672,\n    \"mean_f1_score\": 0.9610981941223145,\n    \"mean_specificity\": 0.9957094192504883,\n    \"mean_sensitivity\": 0.9611174464225769,\n    \"balanced_accuracy\": 0.9611174464225769\n}",
    "test_metrics": "{\n    \"Angioectasia\": {\n        \"precision\": 0.6416275501251221,\n        \"recall\": 0.8249496817588806,\n        \"f1-score\": 0.7218309640884399,\n        \"specificity\": 0.9853533506393433\n    },\n    \"Bleeding\": {\n        \"precision\": 0.6889848709106445,\n        \"recall\": 0.8885793685913086,\n        \"f1-score\": 0.7761557102203369,\n        \"specificity\": 0.990870475769043\n    },\n    \"Erosion\": {\n        \"precision\": 0.6960203051567078,\n        \"recall\": 0.7116883397102356,\n        \"f1-score\": 0.7037671208381653,\n        \"specificity\": 0.9760299324989319\n    },\n    \"Erythema\": {\n        \"precision\": 0.4964539110660553,\n        \"recall\": 0.7070707082748413,\n        \"f1-score\": 0.5833333134651184,\n        \"specificity\": 0.9865487813949585\n    },\n    \"Foreign Body\": {\n        \"precision\": 0.5288135409355164,\n        \"recall\": 0.9176470637321472,\n        \"f1-score\": 0.6709677577018738,\n        \"specificity\": 0.982396125793457\n    },\n    \"Lymphangiectasia\": {\n        \"precision\": 0.621564507484436,\n        \"recall\": 0.8571428656578064,\n        \"f1-score\": 0.720588207244873,\n        \"specificity\": 0.9886630177497864\n    },\n    \"Normal\": {\n        \"precision\": 0.9886084794998169,\n        \"recall\": 0.9182062149047852,\n        \"f1-score\": 0.9521076679229736,\n        \"specificity\": 0.9661898612976074\n    },\n    \"Polyp\": {\n        \"precision\": 0.5880398750305176,\n        \"recall\": 0.7080000042915344,\n        \"f1-score\": 0.6424682140350342,\n        \"specificity\": 0.984135091304779\n    },\n    \"Ulcer\": {\n        \"precision\": 0.9604316353797913,\n        \"recall\": 0.9335664510726929,\n        \"f1-score\": 0.9468085169792175,\n        \"specificity\": 0.9993058443069458\n    },\n    \"Worms\": {\n        \"precision\": 0.9436619877815247,\n        \"recall\": 0.9852941036224365,\n        \"f1-score\": 0.9640287756919861,\n        \"specificity\": 0.9997509717941284\n    },\n    \"macro avg\": {\n        \"precision\": 0.715420663356781,\n        \"recall\": 0.8452144861221313,\n        \"f1-score\": 0.7682056427001953,\n        \"specificity\": 0.9859243631362915\n    },\n    \"accuracy\": 0.8887304663658142,\n    \"auc_roc_scores\": {\n        \"Angioectasia\": 0.9790018200874329,\n        \"Bleeding\": 0.9877463579177856,\n        \"Erosion\": 0.9694645404815674,\n        \"Erythema\": 0.976933479309082,\n        \"Foreign Body\": 0.9872206449508667,\n        \"Lymphangiectasia\": 0.9878501892089844,\n        \"Normal\": 0.9898395538330078,\n        \"Polyp\": 0.9758419990539551,\n        \"Ulcer\": 0.9952771067619324,\n        \"Worms\": 0.9999798536300659\n    },\n    \"mean_auc\": 0.984915554523468,\n    \"average_precision_scores\": {\n        \"Angioectasia\": 0.8451787829399109,\n        \"Bleeding\": 0.8965681195259094,\n        \"Erosion\": 0.7856221199035645,\n        \"Erythema\": 0.6196966171264648,\n        \"Foreign Body\": 0.9104517102241516,\n        \"Lymphangiectasia\": 0.860736072063446,\n        \"Normal\": 0.9967759251594543,\n        \"Polyp\": 0.7083961963653564,\n        \"Ulcer\": 0.9710357189178467,\n        \"Worms\": 0.9964052438735962\n    },\n    \"mean_average_precision\": 0.8590866327285767,\n    \"mean_f1_score\": 0.7682056427001953,\n    \"mean_specificity\": 0.9859243631362915,\n    \"mean_sensitivity\": 0.8452144861221313,\n    \"balanced_accuracy\": 0.8452144861221313\n}"
}