{
    "epoch": 16,
    "train_metrics": "{\n    \"Angioectasia\": {\n        \"precision\": 0.9807435274124146,\n        \"recall\": 0.9786495566368103,\n        \"f1-score\": 0.9796954393386841,\n        \"specificity\": 0.9978736042976379\n    },\n    \"Bleeding\": {\n        \"precision\": 0.9650924205780029,\n        \"recall\": 0.9773849844932556,\n        \"f1-score\": 0.9711998105049133,\n        \"specificity\": 0.9959715604782104\n    },\n    \"Erosion\": {\n        \"precision\": 0.9626522064208984,\n        \"recall\": 0.9362990260124207,\n        \"f1-score\": 0.949292778968811,\n        \"specificity\": 0.9959181547164917\n    },\n    \"Erythema\": {\n        \"precision\": 0.9476759433746338,\n        \"recall\": 0.9677244424819946,\n        \"f1-score\": 0.9575952887535095,\n        \"specificity\": 0.9941922426223755\n    },\n    \"Foreign Body\": {\n        \"precision\": 0.9790940880775452,\n        \"recall\": 0.9841055870056152,\n        \"f1-score\": 0.9815934300422668,\n        \"specificity\": 0.9976987838745117\n    },\n    \"Lymphangiectasia\": {\n        \"precision\": 0.9870365858078003,\n        \"recall\": 0.9867807030677795,\n        \"f1-score\": 0.9869086146354675,\n        \"specificity\": 0.9985184669494629\n    },\n    \"Normal\": {\n        \"precision\": 0.9889867901802063,\n        \"recall\": 0.9790133833885193,\n        \"f1-score\": 0.983974814414978,\n        \"specificity\": 0.9988213777542114\n    },\n    \"Polyp\": {\n        \"precision\": 0.9736204743385315,\n        \"recall\": 0.974669873714447,\n        \"f1-score\": 0.9741448760032654,\n        \"specificity\": 0.9971088171005249\n    },\n    \"Ulcer\": {\n        \"precision\": 0.9992179274559021,\n        \"recall\": 0.9992179274559021,\n        \"f1-score\": 0.9992179274559021,\n        \"specificity\": 0.9999111890792847\n    },\n    \"Worms\": {\n        \"precision\": 0.9997326731681824,\n        \"recall\": 0.9997326731681824,\n        \"f1-score\": 0.9997326731681824,\n        \"specificity\": 0.9999704957008362\n    },\n    \"macro avg\": {\n        \"precision\": 0.9783853888511658,\n        \"recall\": 0.9783579111099243,\n        \"f1-score\": 0.9783355593681335,\n        \"specificity\": 0.9975984692573547\n    },\n    \"accuracy\": 0.9783816933631897,\n    \"auc_roc_scores\": {\n        \"Angioectasia\": 0.9998328685760498,\n        \"Bleeding\": 0.9997521638870239,\n        \"Erosion\": 0.9986164569854736,\n        \"Erythema\": 0.9994627833366394,\n        \"Foreign Body\": 0.9998839497566223,\n        \"Lymphangiectasia\": 0.9999168515205383,\n        \"Normal\": 0.9996554851531982,\n        \"Polyp\": 0.9997619390487671,\n        \"Ulcer\": 0.9999997019767761,\n        \"Worms\": 0.9999998211860657\n    },\n    \"mean_auc\": 0.9996882677078247,\n    \"average_precision_scores\": {\n        \"Angioectasia\": 0.9985573291778564,\n        \"Bleeding\": 0.9978270530700684,\n        \"Erosion\": 0.989905834197998,\n        \"Erythema\": 0.9950211644172668,\n        \"Foreign Body\": 0.9989548325538635,\n        \"Lymphangiectasia\": 0.9993124008178711,\n        \"Normal\": 0.9975293278694153,\n        \"Polyp\": 0.9979131817817688,\n        \"Ulcer\": 0.9999978542327881,\n        \"Worms\": 0.9999985098838806\n    },\n    \"mean_average_precision\": 0.997501790523529,\n    \"mean_f1_score\": 0.9783355593681335,\n    \"mean_specificity\": 0.9975984692573547,\n    \"mean_sensitivity\": 0.9783579111099243,\n    \"balanced_accuracy\": 0.9783579111099243\n}",
    "test_metrics": "{\n    \"Angioectasia\": {\n        \"precision\": 0.8170478343963623,\n        \"recall\": 0.7907444834709167,\n        \"f1-score\": 0.803680956363678,\n        \"specificity\": 0.9943715929985046\n    },\n    \"Bleeding\": {\n        \"precision\": 0.8222222328186035,\n        \"recall\": 0.8245125412940979,\n        \"f1-score\": 0.8233658075332642,\n        \"specificity\": 0.9959424138069153\n    },\n    \"Erosion\": {\n        \"precision\": 0.7156473398208618,\n        \"recall\": 0.7800865769386292,\n        \"f1-score\": 0.7464788556098938,\n        \"specificity\": 0.9760966897010803\n    },\n    \"Erythema\": {\n        \"precision\": 0.6526315808296204,\n        \"recall\": 0.6262626051902771,\n        \"f1-score\": 0.6391752362251282,\n        \"specificity\": 0.9937480092048645\n    },\n    \"Foreign Body\": {\n        \"precision\": 0.8474114537239075,\n        \"recall\": 0.9147058725357056,\n        \"f1-score\": 0.8797736763954163,\n        \"specificity\": 0.9964538812637329\n    },\n    \"Lymphangiectasia\": {\n        \"precision\": 0.9102166891098022,\n        \"recall\": 0.8571428656578064,\n        \"f1-score\": 0.8828828930854797,\n        \"specificity\": 0.9981632828712463\n    },\n    \"Normal\": {\n        \"precision\": 0.9794464707374573,\n        \"recall\": 0.9734678864479065,\n        \"f1-score\": 0.9764479994773865,\n        \"specificity\": 0.9347203969955444\n    },\n    \"Polyp\": {\n        \"precision\": 0.7054108381271362,\n        \"recall\": 0.7039999961853027,\n        \"f1-score\": 0.7047047019004822,\n        \"specificity\": 0.9905962347984314\n    },\n    \"Ulcer\": {\n        \"precision\": 0.9750889539718628,\n        \"recall\": 0.9580419659614563,\n        \"f1-score\": 0.9664903283119202,\n        \"specificity\": 0.9995582699775696\n    },\n    \"Worms\": {\n        \"precision\": 0.9846153855323792,\n        \"recall\": 0.9411764740943909,\n        \"f1-score\": 0.9624060392379761,\n        \"specificity\": 0.9999377727508545\n    },\n    \"macro avg\": {\n        \"precision\": 0.8409738540649414,\n        \"recall\": 0.8370141386985779,\n        \"f1-score\": 0.8385406732559204,\n        \"specificity\": 0.9879589080810547\n    },\n    \"accuracy\": 0.9318125247955322,\n    \"auc_roc_scores\": {\n        \"Angioectasia\": 0.9850503206253052,\n        \"Bleeding\": 0.9924476146697998,\n        \"Erosion\": 0.976219654083252,\n        \"Erythema\": 0.9809978604316711,\n        \"Foreign Body\": 0.9921755790710449,\n        \"Lymphangiectasia\": 0.9947254657745361,\n        \"Normal\": 0.9936560988426208,\n        \"Polyp\": 0.9809665679931641,\n        \"Ulcer\": 0.999160885810852,\n        \"Worms\": 0.9992226958274841\n    },\n    \"mean_auc\": 0.9894623160362244,\n    \"average_precision_scores\": {\n        \"Angioectasia\": 0.8677740097045898,\n        \"Bleeding\": 0.9079079627990723,\n        \"Erosion\": 0.8291971683502197,\n        \"Erythema\": 0.6723349690437317,\n        \"Foreign Body\": 0.9428017735481262,\n        \"Lymphangiectasia\": 0.9283049702644348,\n        \"Normal\": 0.9980378150939941,\n        \"Polyp\": 0.7582036256790161,\n        \"Ulcer\": 0.9876918196678162,\n        \"Worms\": 0.9832023978233337\n    },\n    \"mean_average_precision\": 0.8875457048416138,\n    \"mean_f1_score\": 0.8385406732559204,\n    \"mean_specificity\": 0.9879589080810547,\n    \"mean_sensitivity\": 0.8370141386985779,\n    \"balanced_accuracy\": 0.8370141386985779\n}"
}