{
    "epoch": 7,
    "train_metrics": "{\n    \"Angioectasia\": {\n        \"precision\": 0.9438817501068115,\n        \"recall\": 0.9431072473526001,\n        \"f1-score\": 0.9434943199157715,\n        \"specificity\": 0.9939618706703186\n    },\n    \"Bleeding\": {\n        \"precision\": 0.950810968875885,\n        \"recall\": 0.9602577686309814,\n        \"f1-score\": 0.9555110335350037,\n        \"specificity\": 0.9945400357246399\n    },\n    \"Erosion\": {\n        \"precision\": 0.8683709502220154,\n        \"recall\": 0.8587950468063354,\n        \"f1-score\": 0.863556444644928,\n        \"specificity\": 0.9857180714607239\n    },\n    \"Erythema\": {\n        \"precision\": 0.916558027267456,\n        \"recall\": 0.9276853799819946,\n        \"f1-score\": 0.9220881462097168,\n        \"specificity\": 0.9905375838279724\n    },\n    \"Foreign Body\": {\n        \"precision\": 0.9645463824272156,\n        \"recall\": 0.9658052921295166,\n        \"f1-score\": 0.965175449848175,\n        \"specificity\": 0.9959734678268433\n    },\n    \"Lymphangiectasia\": {\n        \"precision\": 0.9682539701461792,\n        \"recall\": 0.965740978717804,\n        \"f1-score\": 0.9669958353042603,\n        \"specificity\": 0.9963856339454651\n    },\n    \"Normal\": {\n        \"precision\": 0.9377937316894531,\n        \"recall\": 0.9209883213043213,\n        \"f1-score\": 0.9293150901794434,\n        \"specificity\": 0.9933675527572632\n    },\n    \"Polyp\": {\n        \"precision\": 0.9269310832023621,\n        \"recall\": 0.9344909191131592,\n        \"f1-score\": 0.930695652961731,\n        \"specificity\": 0.9917174577713013\n    },\n    \"Ulcer\": {\n        \"precision\": 0.9939201474189758,\n        \"recall\": 0.9941829442977905,\n        \"f1-score\": 0.9940515756607056,\n        \"specificity\": 0.9993200302124023\n    },\n    \"Worms\": {\n        \"precision\": 0.9981432557106018,\n        \"recall\": 0.9981432557106018,\n        \"f1-score\": 0.9981432557106018,\n        \"specificity\": 0.9997931122779846\n    },\n    \"macro avg\": {\n        \"precision\": 0.9469210505485535,\n        \"recall\": 0.9469197392463684,\n        \"f1-score\": 0.9469026923179626,\n        \"specificity\": 0.9941315054893494\n    },\n    \"accuracy\": 0.9471641182899475,\n    \"auc_roc_scores\": {\n        \"Angioectasia\": 0.9981739521026611,\n        \"Bleeding\": 0.9991731643676758,\n        \"Erosion\": 0.9910417199134827,\n        \"Erythema\": 0.996963620185852,\n        \"Foreign Body\": 0.9994004964828491,\n        \"Lymphangiectasia\": 0.9992751479148865,\n        \"Normal\": 0.9967360496520996,\n        \"Polyp\": 0.997545599937439,\n        \"Ulcer\": 0.999967098236084,\n        \"Worms\": 0.999930202960968\n    },\n    \"mean_auc\": 0.9978206753730774,\n    \"average_precision_scores\": {\n        \"Angioectasia\": 0.9869132041931152,\n        \"Bleeding\": 0.9929420351982117,\n        \"Erosion\": 0.9405156373977661,\n        \"Erythema\": 0.975536584854126,\n        \"Foreign Body\": 0.9955830574035645,\n        \"Lymphangiectasia\": 0.9948657751083374,\n        \"Normal\": 0.9794577360153198,\n        \"Polyp\": 0.9820845127105713,\n        \"Ulcer\": 0.9997093677520752,\n        \"Worms\": 0.999798059463501\n    },\n    \"mean_average_precision\": 0.984740674495697,\n    \"mean_f1_score\": 0.9469026923179626,\n    \"mean_specificity\": 0.9941315054893494,\n    \"mean_sensitivity\": 0.9469197392463684,\n    \"balanced_accuracy\": 0.9469197392463684\n}",
    "test_metrics": "{\n    \"Angioectasia\": {\n        \"precision\": 0.7696850299835205,\n        \"recall\": 0.786720335483551,\n        \"f1-score\": 0.7781094312667847,\n        \"specificity\": 0.992516815662384\n    },\n    \"Bleeding\": {\n        \"precision\": 0.7393364906311035,\n        \"recall\": 0.8690807819366455,\n        \"f1-score\": 0.7989756464958191,\n        \"specificity\": 0.993026077747345\n    },\n    \"Erosion\": {\n        \"precision\": 0.6402438879013062,\n        \"recall\": 0.7272727489471436,\n        \"f1-score\": 0.6809890270233154,\n        \"specificity\": 0.9684849977493286\n    },\n    \"Erythema\": {\n        \"precision\": 0.45922747254371643,\n        \"recall\": 0.7205387353897095,\n        \"f1-score\": 0.5609436631202698,\n        \"specificity\": 0.9840858578681946\n    },\n    \"Foreign Body\": {\n        \"precision\": 0.6792035102844238,\n        \"recall\": 0.9029411673545837,\n        \"f1-score\": 0.7752525210380554,\n        \"specificity\": 0.9908181428909302\n    },\n    \"Lymphangiectasia\": {\n        \"precision\": 0.6784922480583191,\n        \"recall\": 0.8921282887458801,\n        \"f1-score\": 0.7707808613777161,\n        \"specificity\": 0.9908164143562317\n    },\n    \"Normal\": {\n        \"precision\": 0.9865366220474243,\n        \"recall\": 0.9303328990936279,\n        \"f1-score\": 0.9576107859611511,\n        \"specificity\": 0.9594278335571289\n    },\n    \"Polyp\": {\n        \"precision\": 0.5914742350578308,\n        \"recall\": 0.6660000085830688,\n        \"f1-score\": 0.6265286803245544,\n        \"specificity\": 0.9852865934371948\n    },\n    \"Ulcer\": {\n        \"precision\": 0.9240924119949341,\n        \"recall\": 0.9790209531784058,\n        \"f1-score\": 0.950764000415802,\n        \"specificity\": 0.9985485076904297\n    },\n    \"Worms\": {\n        \"precision\": 0.9852941036224365,\n        \"recall\": 0.9852941036224365,\n        \"f1-score\": 0.9852941036224365,\n        \"specificity\": 0.9999377727508545\n    },\n    \"macro avg\": {\n        \"precision\": 0.7453586459159851,\n        \"recall\": 0.8459329605102539,\n        \"f1-score\": 0.788524866104126,\n        \"specificity\": 0.9862949252128601\n    },\n    \"accuracy\": 0.8976568579673767,\n    \"auc_roc_scores\": {\n        \"Angioectasia\": 0.980474591255188,\n        \"Bleeding\": 0.9897115230560303,\n        \"Erosion\": 0.9698896408081055,\n        \"Erythema\": 0.9769308567047119,\n        \"Foreign Body\": 0.990843653678894,\n        \"Lymphangiectasia\": 0.9853764176368713,\n        \"Normal\": 0.9890022873878479,\n        \"Polyp\": 0.9743387699127197,\n        \"Ulcer\": 0.9988869428634644,\n        \"Worms\": 0.9999377727508545\n    },\n    \"mean_auc\": 0.9855392575263977,\n    \"average_precision_scores\": {\n        \"Angioectasia\": 0.8538376092910767,\n        \"Bleeding\": 0.8892544507980347,\n        \"Erosion\": 0.7721987366676331,\n        \"Erythema\": 0.637235164642334,\n        \"Foreign Body\": 0.9175896048545837,\n        \"Lymphangiectasia\": 0.8942329287528992,\n        \"Normal\": 0.9965324401855469,\n        \"Polyp\": 0.6857248544692993,\n        \"Ulcer\": 0.9881546497344971,\n        \"Worms\": 0.9923210740089417\n    },\n    \"mean_average_precision\": 0.8627082109451294,\n    \"mean_f1_score\": 0.788524866104126,\n    \"mean_specificity\": 0.9862949252128601,\n    \"mean_sensitivity\": 0.8459329605102539,\n    \"balanced_accuracy\": 0.8459329605102539\n}"
}