{
    "epoch": 17,
    "train_metrics": "{\n    \"Angioectasia\": {\n        \"precision\": 0.9827120304107666,\n        \"recall\": 0.9803287386894226,\n        \"f1-score\": 0.9815189242362976,\n        \"specificity\": 0.9981118440628052\n    },\n    \"Bleeding\": {\n        \"precision\": 0.9648662805557251,\n        \"recall\": 0.9808102250099182,\n        \"f1-score\": 0.9727729558944702,\n        \"specificity\": 0.9960419535636902\n    },\n    \"Erosion\": {\n        \"precision\": 0.9611219167709351,\n        \"recall\": 0.929377019405365,\n        \"f1-score\": 0.9449829459190369,\n        \"specificity\": 0.9958681464195251\n    },\n    \"Erythema\": {\n        \"precision\": 0.9473684430122375,\n        \"recall\": 0.9684154391288757,\n        \"f1-score\": 0.9577763080596924,\n        \"specificity\": 0.9940657019615173\n    },\n    \"Foreign Body\": {\n        \"precision\": 0.9760192036628723,\n        \"recall\": 0.9870654940605164,\n        \"f1-score\": 0.9815112352371216,\n        \"specificity\": 0.9973447918891907\n    },\n    \"Lymphangiectasia\": {\n        \"precision\": 0.9869542121887207,\n        \"recall\": 0.9851182699203491,\n        \"f1-score\": 0.9860354065895081,\n        \"specificity\": 0.9985522031784058\n    },\n    \"Normal\": {\n        \"precision\": 0.9882227182388306,\n        \"recall\": 0.9806109070777893,\n        \"f1-score\": 0.984402060508728,\n        \"specificity\": 0.9986998438835144\n    },\n    \"Polyp\": {\n        \"precision\": 0.9742990732192993,\n        \"recall\": 0.9702688455581665,\n        \"f1-score\": 0.9722797870635986,\n        \"specificity\": 0.9970657229423523\n    },\n    \"Ulcer\": {\n        \"precision\": 0.9997380375862122,\n        \"recall\": 0.9989528656005859,\n        \"f1-score\": 0.9993453025817871,\n        \"specificity\": 0.9999703764915466\n    },\n    \"Worms\": {\n        \"precision\": 0.9997338056564331,\n        \"recall\": 0.9997338056564331,\n        \"f1-score\": 0.9997338056564331,\n        \"specificity\": 0.9999704360961914\n    },\n    \"macro avg\": {\n        \"precision\": 0.9781035780906677,\n        \"recall\": 0.9780681729316711,\n        \"f1-score\": 0.9780359268188477,\n        \"specificity\": 0.9975690841674805\n    },\n    \"accuracy\": 0.9781157970428467,\n    \"auc_roc_scores\": {\n        \"Angioectasia\": 0.999884843826294,\n        \"Bleeding\": 0.9997658133506775,\n        \"Erosion\": 0.9984897971153259,\n        \"Erythema\": 0.9994504451751709,\n        \"Foreign Body\": 0.9998932480812073,\n        \"Lymphangiectasia\": 0.9999395608901978,\n        \"Normal\": 0.9996809959411621,\n        \"Polyp\": 0.9997425079345703,\n        \"Ulcer\": 0.9999983310699463,\n        \"Worms\": 0.9999998807907104\n    },\n    \"mean_auc\": 0.9996845126152039,\n    \"average_precision_scores\": {\n        \"Angioectasia\": 0.9989944100379944,\n        \"Bleeding\": 0.9978868961334229,\n        \"Erosion\": 0.9883602857589722,\n        \"Erythema\": 0.9950121641159058,\n        \"Foreign Body\": 0.9990316033363342,\n        \"Lymphangiectasia\": 0.9994643926620483,\n        \"Normal\": 0.9980679154396057,\n        \"Polyp\": 0.9978551268577576,\n        \"Ulcer\": 0.9999858140945435,\n        \"Worms\": 0.9999995827674866\n    },\n    \"mean_average_precision\": 0.9974657893180847,\n    \"mean_f1_score\": 0.9780359268188477,\n    \"mean_specificity\": 0.9975690841674805,\n    \"mean_sensitivity\": 0.9780681729316711,\n    \"balanced_accuracy\": 0.9780681729316711\n}",
    "test_metrics": "{\n    \"Angioectasia\": {\n        \"precision\": 0.800804853439331,\n        \"recall\": 0.800804853439331,\n        \"f1-score\": 0.800804853439331,\n        \"specificity\": 0.9936680793762207\n    },\n    \"Bleeding\": {\n        \"precision\": 0.8364611268043518,\n        \"recall\": 0.8690807819366455,\n        \"f1-score\": 0.8524590134620667,\n        \"specificity\": 0.9961326122283936\n    },\n    \"Erosion\": {\n        \"precision\": 0.7277913689613342,\n        \"recall\": 0.7731601595878601,\n        \"f1-score\": 0.7497900724411011,\n        \"specificity\": 0.9776991605758667\n    },\n    \"Erythema\": {\n        \"precision\": 0.6401383876800537,\n        \"recall\": 0.6228955984115601,\n        \"f1-score\": 0.6313993334770203,\n        \"specificity\": 0.9934322834014893\n    },\n    \"Foreign Body\": {\n        \"precision\": 0.8563535809516907,\n        \"recall\": 0.9117646813392639,\n        \"f1-score\": 0.8831908702850342,\n        \"specificity\": 0.9967072010040283\n    },\n    \"Lymphangiectasia\": {\n        \"precision\": 0.8347339034080505,\n        \"recall\": 0.8688046932220459,\n        \"f1-score\": 0.8514285683631897,\n        \"specificity\": 0.9962632060050964\n    },\n    \"Normal\": {\n        \"precision\": 0.9800525307655334,\n        \"recall\": 0.9716773629188538,\n        \"f1-score\": 0.9758470058441162,\n        \"specificity\": 0.936801016330719\n    },\n    \"Polyp\": {\n        \"precision\": 0.7104722857475281,\n        \"recall\": 0.6919999718666077,\n        \"f1-score\": 0.7011144757270813,\n        \"specificity\": 0.9909800291061401\n    },\n    \"Ulcer\": {\n        \"precision\": 0.9586206674575806,\n        \"recall\": 0.9720279574394226,\n        \"f1-score\": 0.9652777910232544,\n        \"specificity\": 0.9992427229881287\n    },\n    \"Worms\": {\n        \"precision\": 0.9852941036224365,\n        \"recall\": 0.9852941036224365,\n        \"f1-score\": 0.9852941036224365,\n        \"specificity\": 0.9999377727508545\n    },\n    \"macro avg\": {\n        \"precision\": 0.833072304725647,\n        \"recall\": 0.8467510342597961,\n        \"f1-score\": 0.8396605849266052,\n        \"specificity\": 0.9880864024162292\n    },\n    \"accuracy\": 0.9314405918121338,\n    \"auc_roc_scores\": {\n        \"Angioectasia\": 0.9887635707855225,\n        \"Bleeding\": 0.9921749830245972,\n        \"Erosion\": 0.9786853790283203,\n        \"Erythema\": 0.973774254322052,\n        \"Foreign Body\": 0.99348384141922,\n        \"Lymphangiectasia\": 0.9938867092132568,\n        \"Normal\": 0.9938946962356567,\n        \"Polyp\": 0.9796339273452759,\n        \"Ulcer\": 0.9998137354850769,\n        \"Worms\": 0.9995056390762329\n    },\n    \"mean_auc\": 0.9893617033958435,\n    \"average_precision_scores\": {\n        \"Angioectasia\": 0.8775784373283386,\n        \"Bleeding\": 0.9170809388160706,\n        \"Erosion\": 0.8245930075645447,\n        \"Erythema\": 0.6719416975975037,\n        \"Foreign Body\": 0.9428654909133911,\n        \"Lymphangiectasia\": 0.9205063581466675,\n        \"Normal\": 0.9981327652931213,\n        \"Polyp\": 0.7527839541435242,\n        \"Ulcer\": 0.9928312301635742,\n        \"Worms\": 0.9867252707481384\n    },\n    \"mean_average_precision\": 0.8885039687156677,\n    \"mean_f1_score\": 0.8396605849266052,\n    \"mean_specificity\": 0.9880864024162292,\n    \"mean_sensitivity\": 0.8467510342597961,\n    \"balanced_accuracy\": 0.8467510342597961\n}"
}