{
    "epoch": 4,
    "train_metrics": "{\n    \"Angioectasia\": {\n        \"precision\": 0.9154511094093323,\n        \"recall\": 0.9022896885871887,\n        \"f1-score\": 0.9088227152824402,\n        \"specificity\": 0.9907535910606384\n    },\n    \"Bleeding\": {\n        \"precision\": 0.9398416876792908,\n        \"recall\": 0.9473404288291931,\n        \"f1-score\": 0.9435761570930481,\n        \"specificity\": 0.9932637810707092\n    },\n    \"Erosion\": {\n        \"precision\": 0.7981283664703369,\n        \"recall\": 0.7966372966766357,\n        \"f1-score\": 0.797382116317749,\n        \"specificity\": 0.9777023196220398\n    },\n    \"Erythema\": {\n        \"precision\": 0.8743873834609985,\n        \"recall\": 0.8867381811141968,\n        \"f1-score\": 0.8805195093154907,\n        \"specificity\": 0.9855849146842957\n    },\n    \"Foreign Body\": {\n        \"precision\": 0.9568711519241333,\n        \"recall\": 0.9573840498924255,\n        \"f1-score\": 0.957127571105957,\n        \"specificity\": 0.9952473640441895\n    },\n    \"Lymphangiectasia\": {\n        \"precision\": 0.9595645666122437,\n        \"recall\": 0.9580745100975037,\n        \"f1-score\": 0.9588189721107483,\n        \"specificity\": 0.9953768253326416\n    },\n    \"Normal\": {\n        \"precision\": 0.9150760769844055,\n        \"recall\": 0.8976933360099792,\n        \"f1-score\": 0.9063013792037964,\n        \"specificity\": 0.990949809551239\n    },\n    \"Polyp\": {\n        \"precision\": 0.8805128335952759,\n        \"recall\": 0.8956702947616577,\n        \"f1-score\": 0.8880268931388855,\n        \"specificity\": 0.9862020015716553\n    },\n    \"Ulcer\": {\n        \"precision\": 0.9865591526031494,\n        \"recall\": 0.9841780662536621,\n        \"f1-score\": 0.9853671789169312,\n        \"specificity\": 0.9985241293907166\n    },\n    \"Worms\": {\n        \"precision\": 0.9953703880310059,\n        \"recall\": 0.9937465786933899,\n        \"f1-score\": 0.994557797908783,\n        \"specificity\": 0.9994989633560181\n    },\n    \"macro avg\": {\n        \"precision\": 0.9221763014793396,\n        \"recall\": 0.9219752550125122,\n        \"f1-score\": 0.9220499992370605,\n        \"specificity\": 0.9913104176521301\n    },\n    \"accuracy\": 0.9218230843544006,\n    \"auc_roc_scores\": {\n        \"Angioectasia\": 0.9955189228057861,\n        \"Bleeding\": 0.9984395503997803,\n        \"Erosion\": 0.9809827208518982,\n        \"Erythema\": 0.9936244487762451,\n        \"Foreign Body\": 0.9988106489181519,\n        \"Lymphangiectasia\": 0.9987771511077881,\n        \"Normal\": 0.9940136671066284,\n        \"Polyp\": 0.9944514036178589,\n        \"Ulcer\": 0.9998542070388794,\n        \"Worms\": 0.9998546242713928\n    },\n    \"mean_auc\": 0.9954326748847961,\n    \"average_precision_scores\": {\n        \"Angioectasia\": 0.9699622392654419,\n        \"Bleeding\": 0.9877793788909912,\n        \"Erosion\": 0.884581983089447,\n        \"Erythema\": 0.9489519596099854,\n        \"Foreign Body\": 0.9920066595077515,\n        \"Lymphangiectasia\": 0.9918456077575684,\n        \"Normal\": 0.964952290058136,\n        \"Polyp\": 0.9606285095214844,\n        \"Ulcer\": 0.9988205432891846,\n        \"Worms\": 0.999487042427063\n    },\n    \"mean_average_precision\": 0.9699016809463501,\n    \"mean_f1_score\": 0.9220499992370605,\n    \"mean_specificity\": 0.9913104176521301,\n    \"mean_sensitivity\": 0.9219752550125122,\n    \"balanced_accuracy\": 0.9219752550125122\n}",
    "test_metrics": "{\n    \"Angioectasia\": {\n        \"precision\": 0.690391480922699,\n        \"recall\": 0.7806841135025024,\n        \"f1-score\": 0.7327667474746704,\n        \"specificity\": 0.9888710975646973\n    },\n    \"Bleeding\": {\n        \"precision\": 0.791773796081543,\n        \"recall\": 0.8579387068748474,\n        \"f1-score\": 0.8235294222831726,\n        \"specificity\": 0.9948646426200867\n    },\n    \"Erosion\": {\n        \"precision\": 0.583264946937561,\n        \"recall\": 0.6155844330787659,\n        \"f1-score\": 0.5989890694618225,\n        \"specificity\": 0.9660813212394714\n    },\n    \"Erythema\": {\n        \"precision\": 0.3040103614330292,\n        \"recall\": 0.7912458181381226,\n        \"f1-score\": 0.4392523467540741,\n        \"specificity\": 0.96602463722229\n    },\n    \"Foreign Body\": {\n        \"precision\": 0.7815789580345154,\n        \"recall\": 0.8735294342041016,\n        \"f1-score\": 0.824999988079071,\n        \"specificity\": 0.9947441816329956\n    },\n    \"Lymphangiectasia\": {\n        \"precision\": 0.7339667677879333,\n        \"recall\": 0.9008746147155762,\n        \"f1-score\": 0.8089005351066589,\n        \"specificity\": 0.9929064512252808\n    },\n    \"Normal\": {\n        \"precision\": 0.9926410913467407,\n        \"recall\": 0.900219738483429,\n        \"f1-score\": 0.9441741108894348,\n        \"specificity\": 0.9786735773086548\n    },\n    \"Polyp\": {\n        \"precision\": 0.5026177763938904,\n        \"recall\": 0.7680000066757202,\n        \"f1-score\": 0.607594907283783,\n        \"specificity\": 0.9756909012794495\n    },\n    \"Ulcer\": {\n        \"precision\": 0.6804878115653992,\n        \"recall\": 0.9755244851112366,\n        \"f1-score\": 0.8017241358757019,\n        \"specificity\": 0.9917329549789429\n    },\n    \"Worms\": {\n        \"precision\": 0.9295774698257446,\n        \"recall\": 0.970588207244873,\n        \"f1-score\": 0.9496402740478516,\n        \"specificity\": 0.9996887445449829\n    },\n    \"macro avg\": {\n        \"precision\": 0.6990310549736023,\n        \"recall\": 0.8434190154075623,\n        \"f1-score\": 0.7531571388244629,\n        \"specificity\": 0.9849278330802917\n    },\n    \"accuracy\": 0.8701958656311035,\n    \"auc_roc_scores\": {\n        \"Angioectasia\": 0.9797266721725464,\n        \"Bleeding\": 0.9902511239051819,\n        \"Erosion\": 0.9494331479072571,\n        \"Erythema\": 0.9795568585395813,\n        \"Foreign Body\": 0.9875670671463013,\n        \"Lymphangiectasia\": 0.9913299083709717,\n        \"Normal\": 0.9869263768196106,\n        \"Polyp\": 0.9810971021652222,\n        \"Ulcer\": 0.9982588291168213,\n        \"Worms\": 0.9976847171783447\n    },\n    \"mean_auc\": 0.984183132648468,\n    \"average_precision_scores\": {\n        \"Angioectasia\": 0.8398946523666382,\n        \"Bleeding\": 0.9025877714157104,\n        \"Erosion\": 0.6916615962982178,\n        \"Erythema\": 0.5809565782546997,\n        \"Foreign Body\": 0.9181031584739685,\n        \"Lymphangiectasia\": 0.8969593644142151,\n        \"Normal\": 0.9960276484489441,\n        \"Polyp\": 0.7143787145614624,\n        \"Ulcer\": 0.9765040874481201,\n        \"Worms\": 0.9813008308410645\n    },\n    \"mean_average_precision\": 0.8498374819755554,\n    \"mean_f1_score\": 0.7531571388244629,\n    \"mean_specificity\": 0.9849278330802917,\n    \"mean_sensitivity\": 0.8434190154075623,\n    \"balanced_accuracy\": 0.8434190154075623\n}"
}