{
    "epoch": 5,
    "train_metrics": "{\n    \"Angioectasia\": {\n        \"precision\": 0.9246537685394287,\n        \"recall\": 0.918294370174408,\n        \"f1-score\": 0.9214630722999573,\n        \"specificity\": 0.9919934272766113\n    },\n    \"Bleeding\": {\n        \"precision\": 0.946825385093689,\n        \"recall\": 0.9538912773132324,\n        \"f1-score\": 0.9503452181816101,\n        \"specificity\": 0.9940629005432129\n    },\n    \"Erosion\": {\n        \"precision\": 0.8236734867095947,\n        \"recall\": 0.8134909868240356,\n        \"f1-score\": 0.8185505867004395,\n        \"specificity\": 0.9808770418167114\n    },\n    \"Erythema\": {\n        \"precision\": 0.8956202268600464,\n        \"recall\": 0.9099386930465698,\n        \"f1-score\": 0.9027227163314819,\n        \"specificity\": 0.9882436394691467\n    },\n    \"Foreign Body\": {\n        \"precision\": 0.9656732082366943,\n        \"recall\": 0.9656732082366943,\n        \"f1-score\": 0.9656732082366943,\n        \"specificity\": 0.9961889386177063\n    },\n    \"Lymphangiectasia\": {\n        \"precision\": 0.9533954858779907,\n        \"recall\": 0.955686092376709,\n        \"f1-score\": 0.95453941822052,\n        \"specificity\": 0.9948318004608154\n    },\n    \"Normal\": {\n        \"precision\": 0.9311851263046265,\n        \"recall\": 0.9122525453567505,\n        \"f1-score\": 0.9216216206550598,\n        \"specificity\": 0.992559552192688\n    },\n    \"Polyp\": {\n        \"precision\": 0.9008476734161377,\n        \"recall\": 0.911856472492218,\n        \"f1-score\": 0.9063186645507812,\n        \"specificity\": 0.9885666966438293\n    },\n    \"Ulcer\": {\n        \"precision\": 0.9907967448234558,\n        \"recall\": 0.9905362725257874,\n        \"f1-score\": 0.9906665086746216,\n        \"specificity\": 0.9989646077156067\n    },\n    \"Worms\": {\n        \"precision\": 0.9950751662254333,\n        \"recall\": 0.9961079359054565,\n        \"f1-score\": 0.9955912828445435,\n        \"specificity\": 0.9994370937347412\n    },\n    \"macro avg\": {\n        \"precision\": 0.9327746629714966,\n        \"recall\": 0.9327728152275085,\n        \"f1-score\": 0.9327492117881775,\n        \"specificity\": 0.9925726056098938\n    },\n    \"accuracy\": 0.9331241250038147,\n    \"auc_roc_scores\": {\n        \"Angioectasia\": 0.9968318939208984,\n        \"Bleeding\": 0.9986546635627747,\n        \"Erosion\": 0.9849306344985962,\n        \"Erythema\": 0.995495080947876,\n        \"Foreign Body\": 0.9990238547325134,\n        \"Lymphangiectasia\": 0.998795747756958,\n        \"Normal\": 0.9943847060203552,\n        \"Polyp\": 0.9958045482635498,\n        \"Ulcer\": 0.9997565150260925,\n        \"Worms\": 0.9999820590019226\n    },\n    \"mean_auc\": 0.9963659644126892,\n    \"average_precision_scores\": {\n        \"Angioectasia\": 0.9776296019554138,\n        \"Bleeding\": 0.9896731972694397,\n        \"Erosion\": 0.9065330624580383,\n        \"Erythema\": 0.9597434997558594,\n        \"Foreign Body\": 0.9937371015548706,\n        \"Lymphangiectasia\": 0.9905474185943604,\n        \"Normal\": 0.9721081256866455,\n        \"Polyp\": 0.9671878814697266,\n        \"Ulcer\": 0.9991813898086548,\n        \"Worms\": 0.9998466968536377\n    },\n    \"mean_average_precision\": 0.9756187796592712,\n    \"mean_f1_score\": 0.9327492117881775,\n    \"mean_specificity\": 0.9925726056098938,\n    \"mean_sensitivity\": 0.9327728152275085,\n    \"balanced_accuracy\": 0.9327728152275085\n}",
    "test_metrics": "{\n    \"Angioectasia\": {\n        \"precision\": 0.6128000020980835,\n        \"recall\": 0.7706237435340881,\n        \"f1-score\": 0.6827094554901123,\n        \"specificity\": 0.9845219254493713\n    },\n    \"Bleeding\": {\n        \"precision\": 0.8416422009468079,\n        \"recall\": 0.7994428873062134,\n        \"f1-score\": 0.8199999928474426,\n        \"specificity\": 0.9965764284133911\n    },\n    \"Erosion\": {\n        \"precision\": 0.5545454621315002,\n        \"recall\": 0.739393949508667,\n        \"f1-score\": 0.633766233921051,\n        \"specificity\": 0.9541964530944824\n    },\n    \"Erythema\": {\n        \"precision\": 0.4960629940032959,\n        \"recall\": 0.6363636255264282,\n        \"f1-score\": 0.5575221180915833,\n        \"specificity\": 0.9878749847412109\n    },\n    \"Foreign Body\": {\n        \"precision\": 0.8042895197868347,\n        \"recall\": 0.8823529481887817,\n        \"f1-score\": 0.8415147066116333,\n        \"specificity\": 0.9953774213790894\n    },\n    \"Lymphangiectasia\": {\n        \"precision\": 0.819242000579834,\n        \"recall\": 0.819242000579834,\n        \"f1-score\": 0.819242000579834,\n        \"specificity\": 0.9960731863975525\n    },\n    \"Normal\": {\n        \"precision\": 0.9872506260871887,\n        \"recall\": 0.9264262914657593,\n        \"f1-score\": 0.9558718800544739,\n        \"specificity\": 0.9617685079574585\n    },\n    \"Polyp\": {\n        \"precision\": 0.5583596229553223,\n        \"recall\": 0.7080000042915344,\n        \"f1-score\": 0.6243386268615723,\n        \"specificity\": 0.982088029384613\n    },\n    \"Ulcer\": {\n        \"precision\": 0.9256756901741028,\n        \"recall\": 0.9580419659614563,\n        \"f1-score\": 0.9415807723999023,\n        \"specificity\": 0.9986116290092468\n    },\n    \"Worms\": {\n        \"precision\": 0.9420289993286133,\n        \"recall\": 0.9558823704719543,\n        \"f1-score\": 0.9489051103591919,\n        \"specificity\": 0.9997509717941284\n    },\n    \"macro avg\": {\n        \"precision\": 0.754189670085907,\n        \"recall\": 0.8195770382881165,\n        \"f1-score\": 0.7825450897216797,\n        \"specificity\": 0.9856840372085571\n    },\n    \"accuracy\": 0.8907760977745056,\n    \"auc_roc_scores\": {\n        \"Angioectasia\": 0.9773505926132202,\n        \"Bleeding\": 0.9914379119873047,\n        \"Erosion\": 0.9632326364517212,\n        \"Erythema\": 0.9802751541137695,\n        \"Foreign Body\": 0.9857351183891296,\n        \"Lymphangiectasia\": 0.9894877076148987,\n        \"Normal\": 0.9873226284980774,\n        \"Polyp\": 0.979330837726593,\n        \"Ulcer\": 0.9986234903335571,\n        \"Worms\": 0.996085524559021\n    },\n    \"mean_auc\": 0.9848881959915161,\n    \"average_precision_scores\": {\n        \"Angioectasia\": 0.8107491731643677,\n        \"Bleeding\": 0.8967310190200806,\n        \"Erosion\": 0.741120457649231,\n        \"Erythema\": 0.5974045991897583,\n        \"Foreign Body\": 0.9196707010269165,\n        \"Lymphangiectasia\": 0.8788657784461975,\n        \"Normal\": 0.9959374070167542,\n        \"Polyp\": 0.7219292521476746,\n        \"Ulcer\": 0.9856152534484863,\n        \"Worms\": 0.9759007692337036\n    },\n    \"mean_average_precision\": 0.8523924946784973,\n    \"mean_f1_score\": 0.7825450897216797,\n    \"mean_specificity\": 0.9856840372085571,\n    \"mean_sensitivity\": 0.8195770382881165,\n    \"balanced_accuracy\": 0.8195770382881165\n}"
}