{
    "epoch": 12,
    "train_metrics": "{\n    \"Angioectasia\": {\n        \"precision\": 0.9668874144554138,\n        \"recall\": 0.9702286124229431,\n        \"f1-score\": 0.9685551524162292,\n        \"specificity\": 0.9963067173957825\n    },\n    \"Bleeding\": {\n        \"precision\": 0.9623135328292847,\n        \"recall\": 0.9719799160957336,\n        \"f1-score\": 0.9671225547790527,\n        \"specificity\": 0.995742678642273\n    },\n    \"Erosion\": {\n        \"precision\": 0.9339103102684021,\n        \"recall\": 0.9201550483703613,\n        \"f1-score\": 0.9269816279411316,\n        \"specificity\": 0.9925304651260376\n    },\n    \"Erythema\": {\n        \"precision\": 0.9435654282569885,\n        \"recall\": 0.9559177160263062,\n        \"f1-score\": 0.9497013688087463,\n        \"specificity\": 0.9936805963516235\n    },\n    \"Foreign Body\": {\n        \"precision\": 0.9746901988983154,\n        \"recall\": 0.9757192134857178,\n        \"f1-score\": 0.9752044081687927,\n        \"specificity\": 0.9971612691879272\n    },\n    \"Lymphangiectasia\": {\n        \"precision\": 0.9766082167625427,\n        \"recall\": 0.9745358228683472,\n        \"f1-score\": 0.9755709171295166,\n        \"specificity\": 0.9973992705345154\n    },\n    \"Normal\": {\n        \"precision\": 0.9726141095161438,\n        \"recall\": 0.9549158215522766,\n        \"f1-score\": 0.9636837244033813,\n        \"specificity\": 0.9970818161964417\n    },\n    \"Polyp\": {\n        \"precision\": 0.9540106654167175,\n        \"recall\": 0.9619843363761902,\n        \"f1-score\": 0.9579809308052063,\n        \"specificity\": 0.9949259757995605\n    },\n    \"Ulcer\": {\n        \"precision\": 0.9986677169799805,\n        \"recall\": 0.9981358051300049,\n        \"f1-score\": 0.9984017014503479,\n        \"specificity\": 0.9998522996902466\n    },\n    \"Worms\": {\n        \"precision\": 0.9991984963417053,\n        \"recall\": 0.9989316463470459,\n        \"f1-score\": 0.9990650415420532,\n        \"specificity\": 0.9999114274978638\n    },\n    \"macro avg\": {\n        \"precision\": 0.9682466387748718,\n        \"recall\": 0.9682503938674927,\n        \"f1-score\": 0.9682268500328064,\n        \"specificity\": 0.9964593052864075\n    },\n    \"accuracy\": 0.9681442379951477,\n    \"auc_roc_scores\": {\n        \"Angioectasia\": 0.999518871307373,\n        \"Bleeding\": 0.9995542764663696,\n        \"Erosion\": 0.9971193075180054,\n        \"Erythema\": 0.9990260601043701,\n        \"Foreign Body\": 0.9997027516365051,\n        \"Lymphangiectasia\": 0.9997508525848389,\n        \"Normal\": 0.9986910223960876,\n        \"Polyp\": 0.9992564916610718,\n        \"Ulcer\": 0.9999987483024597,\n        \"Worms\": 0.999999463558197\n    },\n    \"mean_auc\": 0.9992617964744568,\n    \"average_precision_scores\": {\n        \"Angioectasia\": 0.996060311794281,\n        \"Bleeding\": 0.996605396270752,\n        \"Erosion\": 0.9790422916412354,\n        \"Erythema\": 0.9912610650062561,\n        \"Foreign Body\": 0.9978559017181396,\n        \"Lymphangiectasia\": 0.998083233833313,\n        \"Normal\": 0.9919983744621277,\n        \"Polyp\": 0.9937127828598022,\n        \"Ulcer\": 0.9999884366989136,\n        \"Worms\": 0.9999951124191284\n    },\n    \"mean_average_precision\": 0.9944602847099304,\n    \"mean_f1_score\": 0.9682268500328064,\n    \"mean_specificity\": 0.9964593052864075,\n    \"mean_sensitivity\": 0.9682503938674927,\n    \"balanced_accuracy\": 0.9682503938674927\n}",
    "test_metrics": "{\n    \"Angioectasia\": {\n        \"precision\": 0.784466028213501,\n        \"recall\": 0.8128772377967834,\n        \"f1-score\": 0.7984189987182617,\n        \"specificity\": 0.992900550365448\n    },\n    \"Bleeding\": {\n        \"precision\": 0.7488038539886475,\n        \"recall\": 0.8718662858009338,\n        \"f1-score\": 0.8056628108024597,\n        \"specificity\": 0.9933430552482605\n    },\n    \"Erosion\": {\n        \"precision\": 0.6548148393630981,\n        \"recall\": 0.7653679847717285,\n        \"f1-score\": 0.7057884335517883,\n        \"specificity\": 0.968885600566864\n    },\n    \"Erythema\": {\n        \"precision\": 0.5422740578651428,\n        \"recall\": 0.6262626051902771,\n        \"f1-score\": 0.581250011920929,\n        \"specificity\": 0.990085244178772\n    },\n    \"Foreign Body\": {\n        \"precision\": 0.8446327447891235,\n        \"recall\": 0.8794117569923401,\n        \"f1-score\": 0.8616714477539062,\n        \"specificity\": 0.9965172410011292\n    },\n    \"Lymphangiectasia\": {\n        \"precision\": 0.6928406357765198,\n        \"recall\": 0.8746355772018433,\n        \"f1-score\": 0.7731958627700806,\n        \"specificity\": 0.9915764331817627\n    },\n    \"Normal\": {\n        \"precision\": 0.9866907000541687,\n        \"recall\": 0.9352160692214966,\n        \"f1-score\": 0.9602640867233276,\n        \"specificity\": 0.9596878886222839\n    },\n    \"Polyp\": {\n        \"precision\": 0.6382978558540344,\n        \"recall\": 0.7200000286102295,\n        \"f1-score\": 0.6766917109489441,\n        \"specificity\": 0.9869498610496521\n    },\n    \"Ulcer\": {\n        \"precision\": 0.6318181753158569,\n        \"recall\": 0.9720279574394226,\n        \"f1-score\": 0.7658402323722839,\n        \"specificity\": 0.989776611328125\n    },\n    \"Worms\": {\n        \"precision\": 0.95652174949646,\n        \"recall\": 0.970588207244873,\n        \"f1-score\": 0.9635036587715149,\n        \"specificity\": 0.9998132586479187\n    },\n    \"macro avg\": {\n        \"precision\": 0.748116135597229,\n        \"recall\": 0.8428254127502441,\n        \"f1-score\": 0.7892287373542786,\n        \"specificity\": 0.9869535565376282\n    },\n    \"accuracy\": 0.9038556814193726,\n    \"auc_roc_scores\": {\n        \"Angioectasia\": 0.9782495498657227,\n        \"Bleeding\": 0.9900096654891968,\n        \"Erosion\": 0.9683758616447449,\n        \"Erythema\": 0.9674303531646729,\n        \"Foreign Body\": 0.9854476451873779,\n        \"Lymphangiectasia\": 0.9913038611412048,\n        \"Normal\": 0.9898951649665833,\n        \"Polyp\": 0.978425920009613,\n        \"Ulcer\": 0.9985668063163757,\n        \"Worms\": 0.9977927803993225\n    },\n    \"mean_auc\": 0.9845497012138367,\n    \"average_precision_scores\": {\n        \"Angioectasia\": 0.8611904978752136,\n        \"Bleeding\": 0.9092664122581482,\n        \"Erosion\": 0.7883082032203674,\n        \"Erythema\": 0.6315492987632751,\n        \"Foreign Body\": 0.918938398361206,\n        \"Lymphangiectasia\": 0.8958805799484253,\n        \"Normal\": 0.996871829032898,\n        \"Polyp\": 0.7544491291046143,\n        \"Ulcer\": 0.9702228307723999,\n        \"Worms\": 0.9829083681106567\n    },\n    \"mean_average_precision\": 0.8709585070610046,\n    \"mean_f1_score\": 0.7892287373542786,\n    \"mean_specificity\": 0.9869535565376282,\n    \"mean_sensitivity\": 0.8428254127502441,\n    \"balanced_accuracy\": 0.8428254127502441\n}"
}