{
    "epoch": 1,
    "train_metrics": "{\n    \"Angioectasia\": {\n        \"precision\": 0.7816455960273743,\n        \"recall\": 0.7297878265380859,\n        \"f1-score\": 0.754827082157135,\n        \"specificity\": 0.9776000380516052\n    },\n    \"Bleeding\": {\n        \"precision\": 0.840587317943573,\n        \"recall\": 0.8377318978309631,\n        \"f1-score\": 0.8391571640968323,\n        \"specificity\": 0.9820011854171753\n    },\n    \"Erosion\": {\n        \"precision\": 0.5409965515136719,\n        \"recall\": 0.5580636262893677,\n        \"f1-score\": 0.5493975877761841,\n        \"specificity\": 0.9486884474754333\n    },\n    \"Erythema\": {\n        \"precision\": 0.6490384340286255,\n        \"recall\": 0.6523489952087402,\n        \"f1-score\": 0.6506895422935486,\n        \"specificity\": 0.9612183570861816\n    },\n    \"Foreign Body\": {\n        \"precision\": 0.8829962015151978,\n        \"recall\": 0.8576739430427551,\n        \"f1-score\": 0.8701508641242981,\n        \"specificity\": 0.9873526096343994\n    },\n    \"Lymphangiectasia\": {\n        \"precision\": 0.8705440759658813,\n        \"recall\": 0.8495945334434509,\n        \"f1-score\": 0.8599417805671692,\n        \"specificity\": 0.9857032895088196\n    },\n    \"Normal\": {\n        \"precision\": 0.790365993976593,\n        \"recall\": 0.7850841879844666,\n        \"f1-score\": 0.787716269493103,\n        \"specificity\": 0.9769975543022156\n    },\n    \"Polyp\": {\n        \"precision\": 0.6483973860740662,\n        \"recall\": 0.7098848223686218,\n        \"f1-score\": 0.6777493357658386,\n        \"specificity\": 0.9575780630111694\n    },\n    \"Ulcer\": {\n        \"precision\": 0.9354322552680969,\n        \"recall\": 0.9236037731170654,\n        \"f1-score\": 0.9294803738594055,\n        \"specificity\": 0.9928425550460815\n    },\n    \"Worms\": {\n        \"precision\": 0.9528645873069763,\n        \"recall\": 0.963909387588501,\n        \"f1-score\": 0.958355188369751,\n        \"specificity\": 0.9946467280387878\n    },\n    \"macro avg\": {\n        \"precision\": 0.7892868518829346,\n        \"recall\": 0.7867683172225952,\n        \"f1-score\": 0.7877464890480042,\n        \"specificity\": 0.9764629602432251\n    },\n    \"accuracy\": 0.7880181670188904,\n    \"auc_roc_scores\": {\n        \"Angioectasia\": 0.9632911682128906,\n        \"Bleeding\": 0.9847056269645691,\n        \"Erosion\": 0.9130717515945435,\n        \"Erythema\": 0.9520923495292664,\n        \"Foreign Body\": 0.988145649433136,\n        \"Lymphangiectasia\": 0.9846124649047852,\n        \"Normal\": 0.9709211587905884,\n        \"Polyp\": 0.9603195190429688,\n        \"Ulcer\": 0.9959736466407776,\n        \"Worms\": 0.9991123676300049\n    },\n    \"mean_auc\": 0.9712246060371399,\n    \"average_precision_scores\": {\n        \"Angioectasia\": 0.8486447334289551,\n        \"Bleeding\": 0.9170624613761902,\n        \"Erosion\": 0.5935391187667847,\n        \"Erythema\": 0.7262545824050903,\n        \"Foreign Body\": 0.9418858289718628,\n        \"Lymphangiectasia\": 0.9305928349494934,\n        \"Normal\": 0.8661677837371826,\n        \"Polyp\": 0.7611318826675415,\n        \"Ulcer\": 0.975601315498352,\n        \"Worms\": 0.9936686754226685\n    },\n    \"mean_average_precision\": 0.8554549217224121,\n    \"mean_f1_score\": 0.7877464890480042,\n    \"mean_specificity\": 0.9764629602432251,\n    \"mean_sensitivity\": 0.7867683172225952,\n    \"balanced_accuracy\": 0.7867683172225952\n}",
    "test_metrics": "{\n    \"Angioectasia\": {\n        \"precision\": 0.5480226278305054,\n        \"recall\": 0.7806841135025024,\n        \"f1-score\": 0.6439834237098694,\n        \"specificity\": 0.9795330762863159\n    },\n    \"Bleeding\": {\n        \"precision\": 0.6885964870452881,\n        \"recall\": 0.8746517896652222,\n        \"f1-score\": 0.7705521583557129,\n        \"specificity\": 0.9909972548484802\n    },\n    \"Erosion\": {\n        \"precision\": 0.5582298040390015,\n        \"recall\": 0.6225108504295349,\n        \"f1-score\": 0.5886205434799194,\n        \"specificity\": 0.9620084166526794\n    },\n    \"Erythema\": {\n        \"precision\": 0.34315425157546997,\n        \"recall\": 0.6666666865348816,\n        \"f1-score\": 0.45308923721313477,\n        \"specificity\": 0.9760656952857971\n    },\n    \"Foreign Body\": {\n        \"precision\": 0.5632184147834778,\n        \"recall\": 0.8647058606147766,\n        \"f1-score\": 0.6821345686912537,\n        \"specificity\": 0.9855623245239258\n    },\n    \"Lymphangiectasia\": {\n        \"precision\": 0.723809540271759,\n        \"recall\": 0.8862974047660828,\n        \"f1-score\": 0.7968544960021973,\n        \"specificity\": 0.9926531314849854\n    },\n    \"Normal\": {\n        \"precision\": 0.9879305362701416,\n        \"recall\": 0.8660372495651245,\n        \"f1-score\": 0.9229768514633179,\n        \"specificity\": 0.9661898612976074\n    },\n    \"Polyp\": {\n        \"precision\": 0.39441341161727905,\n        \"recall\": 0.7059999704360962,\n        \"f1-score\": 0.5060932040214539,\n        \"specificity\": 0.9653275609016418\n    },\n    \"Ulcer\": {\n        \"precision\": 0.721485435962677,\n        \"recall\": 0.9510489702224731,\n        \"f1-score\": 0.8205128312110901,\n        \"specificity\": 0.9933737516403198\n    },\n    \"Worms\": {\n        \"precision\": 0.5593220591545105,\n        \"recall\": 0.970588207244873,\n        \"f1-score\": 0.7096773982048035,\n        \"specificity\": 0.9967629313468933\n    },\n    \"macro avg\": {\n        \"precision\": 0.6088182926177979,\n        \"recall\": 0.8189191222190857,\n        \"f1-score\": 0.6894494891166687,\n        \"specificity\": 0.9808473587036133\n    },\n    \"accuracy\": 0.8398834466934204,\n    \"auc_roc_scores\": {\n        \"Angioectasia\": 0.9748957753181458,\n        \"Bleeding\": 0.9924201369285583,\n        \"Erosion\": 0.9525741338729858,\n        \"Erythema\": 0.968941330909729,\n        \"Foreign Body\": 0.9826244711875916,\n        \"Lymphangiectasia\": 0.9934204816818237,\n        \"Normal\": 0.9777698516845703,\n        \"Polyp\": 0.9724429249763489,\n        \"Ulcer\": 0.9960170984268188,\n        \"Worms\": 0.999741792678833\n    },\n    \"mean_auc\": 0.9810848236083984,\n    \"average_precision_scores\": {\n        \"Angioectasia\": 0.7969857454299927,\n        \"Bleeding\": 0.8792890310287476,\n        \"Erosion\": 0.6723670959472656,\n        \"Erythema\": 0.5223183631896973,\n        \"Foreign Body\": 0.84812992811203,\n        \"Lymphangiectasia\": 0.8973825573921204,\n        \"Normal\": 0.9928576350212097,\n        \"Polyp\": 0.5915431976318359,\n        \"Ulcer\": 0.9486825466156006,\n        \"Worms\": 0.9759465456008911\n    },\n    \"mean_average_precision\": 0.8125502467155457,\n    \"mean_f1_score\": 0.6894494891166687,\n    \"mean_specificity\": 0.9808473587036133,\n    \"mean_sensitivity\": 0.8189191222190857,\n    \"balanced_accuracy\": 0.8189191222190857\n}"
}