{
    "epoch": 11,
    "train_metrics": "{\n    \"Angioectasia\": {\n        \"precision\": 0.9651923775672913,\n        \"recall\": 0.9654450416564941,\n        \"f1-score\": 0.9653186798095703,\n        \"specificity\": 0.9960635900497437\n    },\n    \"Bleeding\": {\n        \"precision\": 0.9676401019096375,\n        \"recall\": 0.9737887382507324,\n        \"f1-score\": 0.9707046747207642,\n        \"specificity\": 0.996364176273346\n    },\n    \"Erosion\": {\n        \"precision\": 0.9140560030937195,\n        \"recall\": 0.8976313471794128,\n        \"f1-score\": 0.9057692289352417,\n        \"specificity\": 0.990864634513855\n    },\n    \"Erythema\": {\n        \"precision\": 0.934241533279419,\n        \"recall\": 0.9476481676101685,\n        \"f1-score\": 0.9408971071243286,\n        \"specificity\": 0.9925836324691772\n    },\n    \"Foreign Body\": {\n        \"precision\": 0.9739845991134644,\n        \"recall\": 0.9783999919891357,\n        \"f1-score\": 0.9761872887611389,\n        \"specificity\": 0.9971054792404175\n    },\n    \"Lymphangiectasia\": {\n        \"precision\": 0.975832462310791,\n        \"recall\": 0.9781965017318726,\n        \"f1-score\": 0.9770130515098572,\n        \"specificity\": 0.9973444938659668\n    },\n    \"Normal\": {\n        \"precision\": 0.9636460542678833,\n        \"recall\": 0.9514383673667908,\n        \"f1-score\": 0.9575033187866211,\n        \"specificity\": 0.9959784746170044\n    },\n    \"Polyp\": {\n        \"precision\": 0.9510489702224731,\n        \"recall\": 0.9528428912162781,\n        \"f1-score\": 0.9519450664520264,\n        \"specificity\": 0.9946306347846985\n    },\n    \"Ulcer\": {\n        \"precision\": 0.9968253970146179,\n        \"recall\": 0.997089147567749,\n        \"f1-score\": 0.9969572424888611,\n        \"specificity\": 0.9996452927589417\n    },\n    \"Worms\": {\n        \"precision\": 0.9989559054374695,\n        \"recall\": 0.9992167353630066,\n        \"f1-score\": 0.9990862607955933,\n        \"specificity\": 0.9998815655708313\n    },\n    \"macro avg\": {\n        \"precision\": 0.9641423225402832,\n        \"recall\": 0.9641696810722351,\n        \"f1-score\": 0.9641382098197937,\n        \"specificity\": 0.996046245098114\n    },\n    \"accuracy\": 0.9643949270248413,\n    \"auc_roc_scores\": {\n        \"Angioectasia\": 0.9994193315505981,\n        \"Bleeding\": 0.9996163845062256,\n        \"Erosion\": 0.9960256814956665,\n        \"Erythema\": 0.998691201210022,\n        \"Foreign Body\": 0.9996957778930664,\n        \"Lymphangiectasia\": 0.9997323751449585,\n        \"Normal\": 0.9982945919036865,\n        \"Polyp\": 0.9990979433059692,\n        \"Ulcer\": 0.9999872446060181,\n        \"Worms\": 0.9999993443489075\n    },\n    \"mean_auc\": 0.9990559816360474,\n    \"average_precision_scores\": {\n        \"Angioectasia\": 0.9952850341796875,\n        \"Bleeding\": 0.9967962503433228,\n        \"Erosion\": 0.9705895185470581,\n        \"Erythema\": 0.9879145622253418,\n        \"Foreign Body\": 0.9977561235427856,\n        \"Lymphangiectasia\": 0.9978148937225342,\n        \"Normal\": 0.9901360869407654,\n        \"Polyp\": 0.9922648668289185,\n        \"Ulcer\": 0.999904990196228,\n        \"Worms\": 0.9999947547912598\n    },\n    \"mean_average_precision\": 0.9928457140922546,\n    \"mean_f1_score\": 0.9641382098197937,\n    \"mean_specificity\": 0.996046245098114,\n    \"mean_sensitivity\": 0.9641696810722351,\n    \"balanced_accuracy\": 0.9641696810722351\n}",
    "test_metrics": "{\n    \"Angioectasia\": {\n        \"precision\": 0.759036123752594,\n        \"recall\": 0.7605633735656738,\n        \"f1-score\": 0.7597990036010742,\n        \"specificity\": 0.9923248887062073\n    },\n    \"Bleeding\": {\n        \"precision\": 0.6458752751350403,\n        \"recall\": 0.89415043592453,\n        \"f1-score\": 0.75,\n        \"specificity\": 0.988841712474823\n    },\n    \"Erosion\": {\n        \"precision\": 0.6140231490135193,\n        \"recall\": 0.7809523940086365,\n        \"f1-score\": 0.6875,\n        \"specificity\": 0.9621419310569763\n    },\n    \"Erythema\": {\n        \"precision\": 0.4922737181186676,\n        \"recall\": 0.7508417367935181,\n        \"f1-score\": 0.5946666598320007,\n        \"specificity\": 0.9854752421379089\n    },\n    \"Foreign Body\": {\n        \"precision\": 0.8931750655174255,\n        \"recall\": 0.8852941393852234,\n        \"f1-score\": 0.8892171382904053,\n        \"specificity\": 0.9977203607559204\n    },\n    \"Lymphangiectasia\": {\n        \"precision\": 0.8194444179534912,\n        \"recall\": 0.8600583076477051,\n        \"f1-score\": 0.8392603397369385,\n        \"specificity\": 0.9958832263946533\n    },\n    \"Normal\": {\n        \"precision\": 0.9920297861099243,\n        \"recall\": 0.9319605827331543,\n        \"f1-score\": 0.9610574841499329,\n        \"specificity\": 0.9760728478431702\n    },\n    \"Polyp\": {\n        \"precision\": 0.5679611563682556,\n        \"recall\": 0.7020000219345093,\n        \"f1-score\": 0.6279069781303406,\n        \"specificity\": 0.9829196333885193\n    },\n    \"Ulcer\": {\n        \"precision\": 0.9551724195480347,\n        \"recall\": 0.9685314893722534,\n        \"f1-score\": 0.9618055820465088,\n        \"specificity\": 0.9991796016693115\n    },\n    \"Worms\": {\n        \"precision\": 0.9850746393203735,\n        \"recall\": 0.970588207244873,\n        \"f1-score\": 0.9777777791023254,\n        \"specificity\": 0.9999377727508545\n    },\n    \"macro avg\": {\n        \"precision\": 0.7724065780639648,\n        \"recall\": 0.8504940271377563,\n        \"f1-score\": 0.8048991560935974,\n        \"specificity\": 0.9880496859550476\n    },\n    \"accuracy\": 0.9028638601303101,\n    \"auc_roc_scores\": {\n        \"Angioectasia\": 0.9756444692611694,\n        \"Bleeding\": 0.9903203248977661,\n        \"Erosion\": 0.971619725227356,\n        \"Erythema\": 0.9772019386291504,\n        \"Foreign Body\": 0.991050660610199,\n        \"Lymphangiectasia\": 0.9921442270278931,\n        \"Normal\": 0.9918414354324341,\n        \"Polyp\": 0.9761139750480652,\n        \"Ulcer\": 0.99909508228302,\n        \"Worms\": 0.9999945163726807\n    },\n    \"mean_auc\": 0.9865026473999023,\n    \"average_precision_scores\": {\n        \"Angioectasia\": 0.8260139226913452,\n        \"Bleeding\": 0.9021012783050537,\n        \"Erosion\": 0.7899621725082397,\n        \"Erythema\": 0.6108487844467163,\n        \"Foreign Body\": 0.9377756118774414,\n        \"Lymphangiectasia\": 0.9099944829940796,\n        \"Normal\": 0.997472882270813,\n        \"Polyp\": 0.7069861888885498,\n        \"Ulcer\": 0.9885118007659912,\n        \"Worms\": 0.9987472295761108\n    },\n    \"mean_average_precision\": 0.8668414354324341,\n    \"mean_f1_score\": 0.8048991560935974,\n    \"mean_specificity\": 0.9880496859550476,\n    \"mean_sensitivity\": 0.8504940271377563,\n    \"balanced_accuracy\": 0.8504940271377563\n}"
}