{
    "epoch": 2,
    "train_metrics": "{\n    \"Angioectasia\": {\n        \"precision\": 0.8700873255729675,\n        \"recall\": 0.8438327312469482,\n        \"f1-score\": 0.8567589521408081,\n        \"specificity\": 0.9859292507171631\n    },\n    \"Bleeding\": {\n        \"precision\": 0.9024776220321655,\n        \"recall\": 0.9128232598304749,\n        \"f1-score\": 0.9076209664344788,\n        \"specificity\": 0.9890713691711426\n    },\n    \"Erosion\": {\n        \"precision\": 0.6993154287338257,\n        \"recall\": 0.7015319466590881,\n        \"f1-score\": 0.700421929359436,\n        \"specificity\": 0.9662339687347412\n    },\n    \"Erythema\": {\n        \"precision\": 0.7974914908409119,\n        \"recall\": 0.8071938753128052,\n        \"f1-score\": 0.8023133277893066,\n        \"specificity\": 0.9770886301994324\n    },\n    \"Foreign Body\": {\n        \"precision\": 0.933917224407196,\n        \"recall\": 0.9326795935630798,\n        \"f1-score\": 0.9332979917526245,\n        \"specificity\": 0.9926405549049377\n    },\n    \"Lymphangiectasia\": {\n        \"precision\": 0.9381133913993835,\n        \"recall\": 0.925000011920929,\n        \"f1-score\": 0.9315105676651001,\n        \"specificity\": 0.993301272392273\n    },\n    \"Normal\": {\n        \"precision\": 0.8881524205207825,\n        \"recall\": 0.859663188457489,\n        \"f1-score\": 0.8736756443977356,\n        \"specificity\": 0.9880411028862\n    },\n    \"Polyp\": {\n        \"precision\": 0.7967742085456848,\n        \"recall\": 0.838162362575531,\n        \"f1-score\": 0.816944420337677,\n        \"specificity\": 0.9757519960403442\n    },\n    \"Ulcer\": {\n        \"precision\": 0.9816689491271973,\n        \"recall\": 0.9771241545677185,\n        \"f1-score\": 0.9793912768363953,\n        \"specificity\": 0.99802565574646\n    },\n    \"Worms\": {\n        \"precision\": 0.9894235730171204,\n        \"recall\": 0.9915209412574768,\n        \"f1-score\": 0.9904711246490479,\n        \"specificity\": 0.9988177418708801\n    },\n    \"macro avg\": {\n        \"precision\": 0.8797421455383301,\n        \"recall\": 0.8789531588554382,\n        \"f1-score\": 0.8792406320571899,\n        \"specificity\": 0.9864901900291443\n    },\n    \"accuracy\": 0.878480076789856,\n    \"auc_roc_scores\": {\n        \"Angioectasia\": 0.9884051084518433,\n        \"Bleeding\": 0.9950541853904724,\n        \"Erosion\": 0.9602392911911011,\n        \"Erythema\": 0.984072208404541,\n        \"Foreign Body\": 0.9974561929702759,\n        \"Lymphangiectasia\": 0.9964014887809753,\n        \"Normal\": 0.9883227348327637,\n        \"Polyp\": 0.9861111640930176,\n        \"Ulcer\": 0.9995449781417847,\n        \"Worms\": 0.9997650384902954\n    },\n    \"mean_auc\": 0.989537239074707,\n    \"average_precision_scores\": {\n        \"Angioectasia\": 0.9366334676742554,\n        \"Bleeding\": 0.9675809144973755,\n        \"Erosion\": 0.7815041542053223,\n        \"Erythema\": 0.8875699043273926,\n        \"Foreign Body\": 0.9830904006958008,\n        \"Lymphangiectasia\": 0.978811502456665,\n        \"Normal\": 0.9406815767288208,\n        \"Polyp\": 0.900757372379303,\n        \"Ulcer\": 0.9962068796157837,\n        \"Worms\": 0.999163031578064\n    },\n    \"mean_average_precision\": 0.9372000098228455,\n    \"mean_f1_score\": 0.8792406320571899,\n    \"mean_specificity\": 0.9864901900291443,\n    \"mean_sensitivity\": 0.8789531588554382,\n    \"balanced_accuracy\": 0.8789531588554382\n}",
    "test_metrics": "{\n    \"Angioectasia\": {\n        \"precision\": 0.560178279876709,\n        \"recall\": 0.758551299571991,\n        \"f1-score\": 0.644444465637207,\n        \"specificity\": 0.9810681343078613\n    },\n    \"Bleeding\": {\n        \"precision\": 0.8305084705352783,\n        \"recall\": 0.8189415335655212,\n        \"f1-score\": 0.8246844410896301,\n        \"specificity\": 0.9961960315704346\n    },\n    \"Erosion\": {\n        \"precision\": 0.49623188376426697,\n        \"recall\": 0.7411255240440369,\n        \"f1-score\": 0.5944444537162781,\n        \"specificity\": 0.9419776797294617\n    },\n    \"Erythema\": {\n        \"precision\": 0.48520711064338684,\n        \"recall\": 0.5521885752677917,\n        \"f1-score\": 0.5165354609489441,\n        \"specificity\": 0.9890117049217224\n    },\n    \"Foreign Body\": {\n        \"precision\": 0.3754556477069855,\n        \"recall\": 0.908823549747467,\n        \"f1-score\": 0.5313843488693237,\n        \"specificity\": 0.9674518704414368\n    },\n    \"Lymphangiectasia\": {\n        \"precision\": 0.5295169949531555,\n        \"recall\": 0.8629737496376038,\n        \"f1-score\": 0.6563193202018738,\n        \"specificity\": 0.9833428263664246\n    },\n    \"Normal\": {\n        \"precision\": 0.9920604228973389,\n        \"recall\": 0.8338894844055176,\n        \"f1-score\": 0.9061242341995239,\n        \"specificity\": 0.9786735773086548\n    },\n    \"Polyp\": {\n        \"precision\": 0.4436781704425812,\n        \"recall\": 0.7720000147819519,\n        \"f1-score\": 0.563503623008728,\n        \"specificity\": 0.9690378904342651\n    },\n    \"Ulcer\": {\n        \"precision\": 0.7561643719673157,\n        \"recall\": 0.9650349617004395,\n        \"f1-score\": 0.8479262590408325,\n        \"specificity\": 0.9943834543228149\n    },\n    \"Worms\": {\n        \"precision\": 0.6701030731201172,\n        \"recall\": 0.9558823704719543,\n        \"f1-score\": 0.7878788113594055,\n        \"specificity\": 0.9980079531669617\n    },\n    \"macro avg\": {\n        \"precision\": 0.613910436630249,\n        \"recall\": 0.8169410824775696,\n        \"f1-score\": 0.6873245239257812,\n        \"specificity\": 0.9799150824546814\n    },\n    \"accuracy\": 0.8225266337394714,\n    \"auc_roc_scores\": {\n        \"Angioectasia\": 0.9598910808563232,\n        \"Bleeding\": 0.9808477163314819,\n        \"Erosion\": 0.9491809010505676,\n        \"Erythema\": 0.9647218585014343,\n        \"Foreign Body\": 0.9793059825897217,\n        \"Lymphangiectasia\": 0.9843661785125732,\n        \"Normal\": 0.9808145761489868,\n        \"Polyp\": 0.9734902381896973,\n        \"Ulcer\": 0.9983048439025879,\n        \"Worms\": 0.9951956868171692\n    },\n    \"mean_auc\": 0.9766119122505188,\n    \"average_precision_scores\": {\n        \"Angioectasia\": 0.7621113061904907,\n        \"Bleeding\": 0.8834095597267151,\n        \"Erosion\": 0.6933624148368835,\n        \"Erythema\": 0.5463098883628845,\n        \"Foreign Body\": 0.8496884107589722,\n        \"Lymphangiectasia\": 0.8283816576004028,\n        \"Normal\": 0.993883490562439,\n        \"Polyp\": 0.689112663269043,\n        \"Ulcer\": 0.9735196828842163,\n        \"Worms\": 0.9632155299186707\n    },\n    \"mean_average_precision\": 0.8182994723320007,\n    \"mean_f1_score\": 0.6873245239257812,\n    \"mean_specificity\": 0.9799150824546814,\n    \"mean_sensitivity\": 0.8169410824775696,\n    \"balanced_accuracy\": 0.8169410824775696\n}"
}