{
    "epoch": 13,
    "train_metrics": "{\n    \"Angioectasia\": {\n        \"precision\": 0.9655172228813171,\n        \"recall\": 0.9701137542724609,\n        \"f1-score\": 0.9678100347518921,\n        \"specificity\": 0.9961272478103638\n    },\n    \"Bleeding\": {\n        \"precision\": 0.9601805210113525,\n        \"recall\": 0.9712674617767334,\n        \"f1-score\": 0.9656921625137329,\n        \"specificity\": 0.9955729842185974\n    },\n    \"Erosion\": {\n        \"precision\": 0.9350828528404236,\n        \"recall\": 0.9116617441177368,\n        \"f1-score\": 0.9232237935066223,\n        \"specificity\": 0.9930666089057922\n    },\n    \"Erythema\": {\n        \"precision\": 0.9453145265579224,\n        \"recall\": 0.960354745388031,\n        \"f1-score\": 0.952775239944458,\n        \"specificity\": 0.9936931729316711\n    },\n    \"Foreign Body\": {\n        \"precision\": 0.9755144715309143,\n        \"recall\": 0.9813941121101379,\n        \"f1-score\": 0.9784454703330994,\n        \"specificity\": 0.9972181916236877\n    },\n    \"Lymphangiectasia\": {\n        \"precision\": 0.9815013408660889,\n        \"recall\": 0.9788770079612732,\n        \"f1-score\": 0.9801874160766602,\n        \"specificity\": 0.9979625940322876\n    },\n    \"Normal\": {\n        \"precision\": 0.9783711433410645,\n        \"recall\": 0.9670097827911377,\n        \"f1-score\": 0.9726572632789612,\n        \"specificity\": 0.9976048469543457\n    },\n    \"Polyp\": {\n        \"precision\": 0.963208019733429,\n        \"recall\": 0.9644845128059387,\n        \"f1-score\": 0.9638458490371704,\n        \"specificity\": 0.9958916902542114\n    },\n    \"Ulcer\": {\n        \"precision\": 0.9991852045059204,\n        \"recall\": 0.9989139437675476,\n        \"f1-score\": 0.9990495443344116,\n        \"specificity\": 0.9999115467071533\n    },\n    \"Worms\": {\n        \"precision\": 0.9997334480285645,\n        \"recall\": 0.9992008805274963,\n        \"f1-score\": 0.9994670748710632,\n        \"specificity\": 0.9999704360961914\n    },\n    \"macro avg\": {\n        \"precision\": 0.9703608751296997,\n        \"recall\": 0.9703277945518494,\n        \"f1-score\": 0.9703153967857361,\n        \"specificity\": 0.9967020153999329\n    },\n    \"accuracy\": 0.970324695110321,\n    \"auc_roc_scores\": {\n        \"Angioectasia\": 0.9996017217636108,\n        \"Bleeding\": 0.9995956420898438,\n        \"Erosion\": 0.9972753524780273,\n        \"Erythema\": 0.9991611838340759,\n        \"Foreign Body\": 0.9997917413711548,\n        \"Lymphangiectasia\": 0.999856173992157,\n        \"Normal\": 0.9991046786308289,\n        \"Polyp\": 0.9993389248847961,\n        \"Ulcer\": 0.9999986886978149,\n        \"Worms\": 0.9999995231628418\n    },\n    \"mean_auc\": 0.9993724226951599,\n    \"average_precision_scores\": {\n        \"Angioectasia\": 0.9966612458229065,\n        \"Bleeding\": 0.9963573217391968,\n        \"Erosion\": 0.9792990684509277,\n        \"Erythema\": 0.9925610423088074,\n        \"Foreign Body\": 0.9983046650886536,\n        \"Lymphangiectasia\": 0.9988361597061157,\n        \"Normal\": 0.9946495294570923,\n        \"Polyp\": 0.9946272969245911,\n        \"Ulcer\": 0.9999881982803345,\n        \"Worms\": 0.9999960660934448\n    },\n    \"mean_average_precision\": 0.9951280951499939,\n    \"mean_f1_score\": 0.9703153967857361,\n    \"mean_specificity\": 0.9967020153999329,\n    \"mean_sensitivity\": 0.9703277945518494,\n    \"balanced_accuracy\": 0.9703277945518494\n}",
    "test_metrics": "{\n    \"Angioectasia\": {\n        \"precision\": 0.7791411280632019,\n        \"recall\": 0.7665995955467224,\n        \"f1-score\": 0.772819459438324,\n        \"specificity\": 0.99309241771698\n    },\n    \"Bleeding\": {\n        \"precision\": 0.8042327761650085,\n        \"recall\": 0.8467966318130493,\n        \"f1-score\": 0.8249660730361938,\n        \"specificity\": 0.9953084588050842\n    },\n    \"Erosion\": {\n        \"precision\": 0.7050359845161438,\n        \"recall\": 0.7636363506317139,\n        \"f1-score\": 0.7331671118736267,\n        \"specificity\": 0.975362241268158\n    },\n    \"Erythema\": {\n        \"precision\": 0.4977477490901947,\n        \"recall\": 0.744107723236084,\n        \"f1-score\": 0.5964912176132202,\n        \"specificity\": 0.9859172701835632\n    },\n    \"Foreign Body\": {\n        \"precision\": 0.8607954382896423,\n        \"recall\": 0.8911764621734619,\n        \"f1-score\": 0.8757225275039673,\n        \"specificity\": 0.9968971610069275\n    },\n    \"Lymphangiectasia\": {\n        \"precision\": 0.8477011322975159,\n        \"recall\": 0.8600583076477051,\n        \"f1-score\": 0.8538350462913513,\n        \"specificity\": 0.9966432452201843\n    },\n    \"Normal\": {\n        \"precision\": 0.9836448431015015,\n        \"recall\": 0.9593879580497742,\n        \"f1-score\": 0.9713649749755859,\n        \"specificity\": 0.9490247368812561\n    },\n    \"Polyp\": {\n        \"precision\": 0.6594488024711609,\n        \"recall\": 0.6700000166893005,\n        \"f1-score\": 0.6646825671195984,\n        \"specificity\": 0.9889329671859741\n    },\n    \"Ulcer\": {\n        \"precision\": 0.915032684803009,\n        \"recall\": 0.9790209531784058,\n        \"f1-score\": 0.9459459185600281,\n        \"specificity\": 0.998359203338623\n    },\n    \"Worms\": {\n        \"precision\": 0.9166666865348816,\n        \"recall\": 0.970588207244873,\n        \"f1-score\": 0.9428571462631226,\n        \"specificity\": 0.9996265172958374\n    },\n    \"macro avg\": {\n        \"precision\": 0.7969447374343872,\n        \"recall\": 0.8451372385025024,\n        \"f1-score\": 0.8181852698326111,\n        \"specificity\": 0.9879164099693298\n    },\n    \"accuracy\": 0.9208405613899231,\n    \"auc_roc_scores\": {\n        \"Angioectasia\": 0.98771071434021,\n        \"Bleeding\": 0.9915276169776917,\n        \"Erosion\": 0.9776050448417664,\n        \"Erythema\": 0.9776426553726196,\n        \"Foreign Body\": 0.9923306703567505,\n        \"Lymphangiectasia\": 0.9946480989456177,\n        \"Normal\": 0.9927624464035034,\n        \"Polyp\": 0.9797767400741577,\n        \"Ulcer\": 0.9990943670272827,\n        \"Worms\": 0.9994817972183228\n    },\n    \"mean_auc\": 0.9892579913139343,\n    \"average_precision_scores\": {\n        \"Angioectasia\": 0.8586018681526184,\n        \"Bleeding\": 0.9137723445892334,\n        \"Erosion\": 0.8207100033760071,\n        \"Erythema\": 0.6814907789230347,\n        \"Foreign Body\": 0.9351414442062378,\n        \"Lymphangiectasia\": 0.9252891540527344,\n        \"Normal\": 0.9977644085884094,\n        \"Polyp\": 0.7324155569076538,\n        \"Ulcer\": 0.9889236092567444,\n        \"Worms\": 0.9844323396682739\n    },\n    \"mean_average_precision\": 0.88385409116745,\n    \"mean_f1_score\": 0.8181852698326111,\n    \"mean_specificity\": 0.9879164099693298,\n    \"mean_sensitivity\": 0.8451372385025024,\n    \"balanced_accuracy\": 0.8451372385025024\n}"
}