{
    "epoch": 4,
    "train_metrics": "{\n    \"Angioectasia\": {\n        \"precision\": 0.9185303449630737,\n        \"recall\": 0.9182858467102051,\n        \"f1-score\": 0.9184080958366394,\n        \"specificity\": 0.9909601211547852\n    },\n    \"Bleeding\": {\n        \"precision\": 0.9420212507247925,\n        \"recall\": 0.9478191137313843,\n        \"f1-score\": 0.9449113011360168,\n        \"specificity\": 0.9935636520385742\n    },\n    \"Erosion\": {\n        \"precision\": 0.8205128312110901,\n        \"recall\": 0.8048716187477112,\n        \"f1-score\": 0.8126169443130493,\n        \"specificity\": 0.9803428649902344\n    },\n    \"Erythema\": {\n        \"precision\": 0.8885090947151184,\n        \"recall\": 0.8989092707633972,\n        \"f1-score\": 0.8936789035797119,\n        \"specificity\": 0.9874734282493591\n    },\n    \"Foreign Body\": {\n        \"precision\": 0.9489305019378662,\n        \"recall\": 0.9542887806892395,\n        \"f1-score\": 0.9516021013259888,\n        \"specificity\": 0.9943637847900391\n    },\n    \"Lymphangiectasia\": {\n        \"precision\": 0.959430992603302,\n        \"recall\": 0.9591782689094543,\n        \"f1-score\": 0.9593046307563782,\n        \"specificity\": 0.9954451322555542\n    },\n    \"Normal\": {\n        \"precision\": 0.9242383241653442,\n        \"recall\": 0.9063987135887146,\n        \"f1-score\": 0.9152315855026245,\n        \"specificity\": 0.9916925430297852\n    },\n    \"Polyp\": {\n        \"precision\": 0.8940345644950867,\n        \"recall\": 0.909018337726593,\n        \"f1-score\": 0.9014641642570496,\n        \"specificity\": 0.988034725189209\n    },\n    \"Ulcer\": {\n        \"precision\": 0.9886209964752197,\n        \"recall\": 0.9875507354736328,\n        \"f1-score\": 0.9880855679512024,\n        \"specificity\": 0.9987614750862122\n    },\n    \"Worms\": {\n        \"precision\": 0.9939869046211243,\n        \"recall\": 0.9939869046211243,\n        \"f1-score\": 0.9939869046211243,\n        \"specificity\": 0.9993191361427307\n    },\n    \"macro avg\": {\n        \"precision\": 0.92788165807724,\n        \"recall\": 0.928030788898468,\n        \"f1-score\": 0.9279290437698364,\n        \"specificity\": 0.991995632648468\n    },\n    \"accuracy\": 0.927965521812439,\n    \"auc_roc_scores\": {\n        \"Angioectasia\": 0.9956376552581787,\n        \"Bleeding\": 0.9982489347457886,\n        \"Erosion\": 0.983289897441864,\n        \"Erythema\": 0.9949634075164795,\n        \"Foreign Body\": 0.9984643459320068,\n        \"Lymphangiectasia\": 0.9988784193992615,\n        \"Normal\": 0.9947533011436462,\n        \"Polyp\": 0.9952394962310791,\n        \"Ulcer\": 0.9999275207519531,\n        \"Worms\": 0.9999802708625793\n    },\n    \"mean_auc\": 0.9959383010864258,\n    \"average_precision_scores\": {\n        \"Angioectasia\": 0.9744817018508911,\n        \"Bleeding\": 0.9875960946083069,\n        \"Erosion\": 0.8968037366867065,\n        \"Erythema\": 0.9543473124504089,\n        \"Foreign Body\": 0.9904558658599854,\n        \"Lymphangiectasia\": 0.9920478463172913,\n        \"Normal\": 0.970054030418396,\n        \"Polyp\": 0.9642661809921265,\n        \"Ulcer\": 0.9993525743484497,\n        \"Worms\": 0.9998267889022827\n    },\n    \"mean_average_precision\": 0.9729232788085938,\n    \"mean_f1_score\": 0.9279290437698364,\n    \"mean_specificity\": 0.991995632648468,\n    \"mean_sensitivity\": 0.928030788898468,\n    \"balanced_accuracy\": 0.928030788898468\n}",
    "test_metrics": "{\n    \"Angioectasia\": {\n        \"precision\": 0.5724043846130371,\n        \"recall\": 0.8430583477020264,\n        \"f1-score\": 0.6818551421165466,\n        \"specificity\": 0.9799808263778687\n    },\n    \"Bleeding\": {\n        \"precision\": 0.7628361582756042,\n        \"recall\": 0.8690807819366455,\n        \"f1-score\": 0.8125,\n        \"specificity\": 0.9938502311706543\n    },\n    \"Erosion\": {\n        \"precision\": 0.7477203607559204,\n        \"recall\": 0.6389610171318054,\n        \"f1-score\": 0.6890756487846375,\n        \"specificity\": 0.9833745360374451\n    },\n    \"Erythema\": {\n        \"precision\": 0.5143603086471558,\n        \"recall\": 0.6632996797561646,\n        \"f1-score\": 0.5794117450714111,\n        \"specificity\": 0.9882538914680481\n    },\n    \"Foreign Body\": {\n        \"precision\": 0.8240000009536743,\n        \"recall\": 0.908823549747467,\n        \"f1-score\": 0.8643356561660767,\n        \"specificity\": 0.9958206415176392\n    },\n    \"Lymphangiectasia\": {\n        \"precision\": 0.7557252049446106,\n        \"recall\": 0.8658891916275024,\n        \"f1-score\": 0.8070651888847351,\n        \"specificity\": 0.9939197897911072\n    },\n    \"Normal\": {\n        \"precision\": 0.9867458343505859,\n        \"recall\": 0.9331000447273254,\n        \"f1-score\": 0.9591734409332275,\n        \"specificity\": 0.9599480032920837\n    },\n    \"Polyp\": {\n        \"precision\": 0.44622424244880676,\n        \"recall\": 0.7799999713897705,\n        \"f1-score\": 0.567685604095459,\n        \"specificity\": 0.9690378904342651\n    },\n    \"Ulcer\": {\n        \"precision\": 0.9650349617004395,\n        \"recall\": 0.9650349617004395,\n        \"f1-score\": 0.9650349617004395,\n        \"specificity\": 0.9993689060211182\n    },\n    \"Worms\": {\n        \"precision\": 0.9189189076423645,\n        \"recall\": 1.0,\n        \"f1-score\": 0.9577465057373047,\n        \"specificity\": 0.9996265172958374\n    },\n    \"macro avg\": {\n        \"precision\": 0.7493970394134521,\n        \"recall\": 0.846724808216095,\n        \"f1-score\": 0.7883884310722351,\n        \"specificity\": 0.9863181114196777\n    },\n    \"accuracy\": 0.8970369696617126,\n    \"auc_roc_scores\": {\n        \"Angioectasia\": 0.9798784255981445,\n        \"Bleeding\": 0.9879230260848999,\n        \"Erosion\": 0.9639452695846558,\n        \"Erythema\": 0.9731683731079102,\n        \"Foreign Body\": 0.992812991142273,\n        \"Lymphangiectasia\": 0.9884786009788513,\n        \"Normal\": 0.9872865080833435,\n        \"Polyp\": 0.9777714014053345,\n        \"Ulcer\": 0.9975886344909668,\n        \"Worms\": 0.999989926815033\n    },\n    \"mean_auc\": 0.9848842620849609,\n    \"average_precision_scores\": {\n        \"Angioectasia\": 0.8344160914421082,\n        \"Bleeding\": 0.8809163570404053,\n        \"Erosion\": 0.7690960764884949,\n        \"Erythema\": 0.5889652967453003,\n        \"Foreign Body\": 0.941923975944519,\n        \"Lymphangiectasia\": 0.8891878128051758,\n        \"Normal\": 0.99579918384552,\n        \"Polyp\": 0.6548770666122437,\n        \"Ulcer\": 0.9853314161300659,\n        \"Worms\": 0.997571587562561\n    },\n    \"mean_average_precision\": 0.8538085222244263,\n    \"mean_f1_score\": 0.7883884310722351,\n    \"mean_specificity\": 0.9863181114196777,\n    \"mean_sensitivity\": 0.846724808216095,\n    \"balanced_accuracy\": 0.846724808216095\n}"
}