{
    "epoch": 7,
    "train_metrics": "{\n    \"Angioectasia\": {\n        \"precision\": 0.9455378651618958,\n        \"recall\": 0.9424885511398315,\n        \"f1-score\": 0.9440107941627502,\n        \"specificity\": 0.9940388202667236\n    },\n    \"Bleeding\": {\n        \"precision\": 0.9548254609107971,\n        \"recall\": 0.9659828543663025,\n        \"f1-score\": 0.960371732711792,\n        \"specificity\": 0.9947860836982727\n    },\n    \"Erosion\": {\n        \"precision\": 0.8867102265357971,\n        \"recall\": 0.8629737496376038,\n        \"f1-score\": 0.8746809959411621,\n        \"specificity\": 0.9877046942710876\n    },\n    \"Erythema\": {\n        \"precision\": 0.9164893627166748,\n        \"recall\": 0.9275908470153809,\n        \"f1-score\": 0.9220066666603088,\n        \"specificity\": 0.9907352924346924\n    },\n    \"Foreign Body\": {\n        \"precision\": 0.965906023979187,\n        \"recall\": 0.9698113203048706,\n        \"f1-score\": 0.9678547382354736,\n        \"specificity\": 0.9962533712387085\n    },\n    \"Lymphangiectasia\": {\n        \"precision\": 0.968478262424469,\n        \"recall\": 0.9690048694610596,\n        \"f1-score\": 0.9687414765357971,\n        \"specificity\": 0.9965810775756836\n    },\n    \"Normal\": {\n        \"precision\": 0.9475101232528687,\n        \"recall\": 0.9384164214134216,\n        \"f1-score\": 0.9429413080215454,\n        \"specificity\": 0.9942402839660645\n    },\n    \"Polyp\": {\n        \"precision\": 0.9295519590377808,\n        \"recall\": 0.9415005445480347,\n        \"f1-score\": 0.9354881048202515,\n        \"specificity\": 0.9919514656066895\n    },\n    \"Ulcer\": {\n        \"precision\": 0.9934314489364624,\n        \"recall\": 0.9936925172805786,\n        \"f1-score\": 0.9935619235038757,\n        \"specificity\": 0.999260425567627\n    },\n    \"Worms\": {\n        \"precision\": 0.9984139800071716,\n        \"recall\": 0.9963070154190063,\n        \"f1-score\": 0.9973593950271606,\n        \"specificity\": 0.9998225569725037\n    },\n    \"macro avg\": {\n        \"precision\": 0.9506855010986328,\n        \"recall\": 0.9507768750190735,\n        \"f1-score\": 0.9507017135620117,\n        \"specificity\": 0.994537353515625\n    },\n    \"accuracy\": 0.9508336186408997,\n    \"auc_roc_scores\": {\n        \"Angioectasia\": 0.9982889890670776,\n        \"Bleeding\": 0.9992375373840332,\n        \"Erosion\": 0.991696834564209,\n        \"Erythema\": 0.9973956346511841,\n        \"Foreign Body\": 0.9994642734527588,\n        \"Lymphangiectasia\": 0.999496579170227,\n        \"Normal\": 0.9973843693733215,\n        \"Polyp\": 0.9979845285415649,\n        \"Ulcer\": 0.9999763369560242,\n        \"Worms\": 0.9998794794082642\n    },\n    \"mean_auc\": 0.9980804324150085,\n    \"average_precision_scores\": {\n        \"Angioectasia\": 0.9877966642379761,\n        \"Bleeding\": 0.994124710559845,\n        \"Erosion\": 0.9458019733428955,\n        \"Erythema\": 0.9769247174263,\n        \"Foreign Body\": 0.9958505630493164,\n        \"Lymphangiectasia\": 0.9958884119987488,\n        \"Normal\": 0.9850949048995972,\n        \"Polyp\": 0.983902096748352,\n        \"Ulcer\": 0.99979567527771,\n        \"Worms\": 0.9996472001075745\n    },\n    \"mean_average_precision\": 0.9864827394485474,\n    \"mean_f1_score\": 0.9507017135620117,\n    \"mean_specificity\": 0.994537353515625,\n    \"mean_sensitivity\": 0.9507768750190735,\n    \"balanced_accuracy\": 0.9507768750190735\n}",
    "test_metrics": "{\n    \"Angioectasia\": {\n        \"precision\": 0.646967351436615,\n        \"recall\": 0.8370221257209778,\n        \"f1-score\": 0.7298245429992676,\n        \"specificity\": 0.9854812622070312\n    },\n    \"Bleeding\": {\n        \"precision\": 0.7126436829566956,\n        \"recall\": 0.8635097742080688,\n        \"f1-score\": 0.7808564305305481,\n        \"specificity\": 0.9920750856399536\n    },\n    \"Erosion\": {\n        \"precision\": 0.7111913561820984,\n        \"recall\": 0.6822510957717896,\n        \"f1-score\": 0.6964206695556641,\n        \"specificity\": 0.9786338806152344\n    },\n    \"Erythema\": {\n        \"precision\": 0.515625,\n        \"recall\": 0.6666666865348816,\n        \"f1-score\": 0.5814977884292603,\n        \"specificity\": 0.9882538914680481\n    },\n    \"Foreign Body\": {\n        \"precision\": 0.7445255517959595,\n        \"recall\": 0.8999999761581421,\n        \"f1-score\": 0.8149134516716003,\n        \"specificity\": 0.9933510422706604\n    },\n    \"Lymphangiectasia\": {\n        \"precision\": 0.6450939178466797,\n        \"recall\": 0.9008746147155762,\n        \"f1-score\": 0.7518247961997986,\n        \"specificity\": 0.9892330169677734\n    },\n    \"Normal\": {\n        \"precision\": 0.9888679385185242,\n        \"recall\": 0.93985515832901,\n        \"f1-score\": 0.9637387990951538,\n        \"specificity\": 0.9661898612976074\n    },\n    \"Polyp\": {\n        \"precision\": 0.5828025341033936,\n        \"recall\": 0.7319999933242798,\n        \"f1-score\": 0.6489361524581909,\n        \"specificity\": 0.9832395315170288\n    },\n    \"Ulcer\": {\n        \"precision\": 0.9488054513931274,\n        \"recall\": 0.9720279574394226,\n        \"f1-score\": 0.9602763652801514,\n        \"specificity\": 0.999053418636322\n    },\n    \"Worms\": {\n        \"precision\": 0.9178082346916199,\n        \"recall\": 0.9852941036224365,\n        \"f1-score\": 0.9503546357154846,\n        \"specificity\": 0.9996265172958374\n    },\n    \"macro avg\": {\n        \"precision\": 0.7414330840110779,\n        \"recall\": 0.8479501605033875,\n        \"f1-score\": 0.7878643870353699,\n        \"specificity\": 0.9875137209892273\n    },\n    \"accuracy\": 0.9041656255722046,\n    \"auc_roc_scores\": {\n        \"Angioectasia\": 0.9851713180541992,\n        \"Bleeding\": 0.9878085851669312,\n        \"Erosion\": 0.9668923616409302,\n        \"Erythema\": 0.9711246490478516,\n        \"Foreign Body\": 0.9896451830863953,\n        \"Lymphangiectasia\": 0.9906361699104309,\n        \"Normal\": 0.9904477596282959,\n        \"Polyp\": 0.9766247272491455,\n        \"Ulcer\": 0.9998561143875122,\n        \"Worms\": 0.9999963045120239\n    },\n    \"mean_auc\": 0.9858202934265137,\n    \"average_precision_scores\": {\n        \"Angioectasia\": 0.8544536232948303,\n        \"Bleeding\": 0.8756026029586792,\n        \"Erosion\": 0.7509208917617798,\n        \"Erythema\": 0.6045449376106262,\n        \"Foreign Body\": 0.9151363372802734,\n        \"Lymphangiectasia\": 0.9079012274742126,\n        \"Normal\": 0.9970088005065918,\n        \"Polyp\": 0.7207083702087402,\n        \"Ulcer\": 0.9826495051383972,\n        \"Worms\": 0.9991829991340637\n    },\n    \"mean_average_precision\": 0.8608109354972839,\n    \"mean_f1_score\": 0.7878643870353699,\n    \"mean_specificity\": 0.9875137209892273,\n    \"mean_sensitivity\": 0.8479501605033875,\n    \"balanced_accuracy\": 0.8479501605033875\n}"
}