{
    "epoch": 16,
    "train_metrics": "{\n    \"Angioectasia\": {\n        \"precision\": 0.9764391183853149,\n        \"recall\": 0.9756554365158081,\n        \"f1-score\": 0.9760470986366272,\n        \"specificity\": 0.997401773929596\n    },\n    \"Bleeding\": {\n        \"precision\": 0.97388756275177,\n        \"recall\": 0.9806815385818481,\n        \"f1-score\": 0.9772727489471436,\n        \"specificity\": 0.9971074461936951\n    },\n    \"Erosion\": {\n        \"precision\": 0.9587685465812683,\n        \"recall\": 0.9271664023399353,\n        \"f1-score\": 0.9427027106285095,\n        \"specificity\": 0.995568037033081\n    },\n    \"Erythema\": {\n        \"precision\": 0.9510632753372192,\n        \"recall\": 0.9699503779411316,\n        \"f1-score\": 0.9604139924049377,\n        \"specificity\": 0.9943457841873169\n    },\n    \"Foreign Body\": {\n        \"precision\": 0.9802244901657104,\n        \"recall\": 0.9870828986167908,\n        \"f1-score\": 0.9836417436599731,\n        \"specificity\": 0.9978165030479431\n    },\n    \"Lymphangiectasia\": {\n        \"precision\": 0.9839710593223572,\n        \"recall\": 0.9872892498970032,\n        \"f1-score\": 0.9856273531913757,\n        \"specificity\": 0.9981630444526672\n    },\n    \"Normal\": {\n        \"precision\": 0.9800319671630859,\n        \"recall\": 0.9743250608444214,\n        \"f1-score\": 0.9771701693534851,\n        \"specificity\": 0.9977829456329346\n    },\n    \"Polyp\": {\n        \"precision\": 0.9687085747718811,\n        \"recall\": 0.9710260629653931,\n        \"f1-score\": 0.9698659181594849,\n        \"specificity\": 0.9965135455131531\n    },\n    \"Ulcer\": {\n        \"precision\": 0.998374879360199,\n        \"recall\": 0.9981045126914978,\n        \"f1-score\": 0.9982396960258484,\n        \"specificity\": 0.9998230934143066\n    },\n    \"Worms\": {\n        \"precision\": 0.9994665384292603,\n        \"recall\": 0.9994665384292603,\n        \"f1-score\": 0.9994665384292603,\n        \"specificity\": 0.9999409317970276\n    },\n    \"macro avg\": {\n        \"precision\": 0.9770936369895935,\n        \"recall\": 0.9770748019218445,\n        \"f1-score\": 0.9770447611808777,\n        \"specificity\": 0.9974463582038879\n    },\n    \"accuracy\": 0.97702556848526,\n    \"auc_roc_scores\": {\n        \"Angioectasia\": 0.9997930526733398,\n        \"Bleeding\": 0.9998064041137695,\n        \"Erosion\": 0.9981078505516052,\n        \"Erythema\": 0.9994437098503113,\n        \"Foreign Body\": 0.9998700022697449,\n        \"Lymphangiectasia\": 0.9998737573623657,\n        \"Normal\": 0.999321460723877,\n        \"Polyp\": 0.9996662139892578,\n        \"Ulcer\": 0.9999969005584717,\n        \"Worms\": 0.9999992847442627\n    },\n    \"mean_auc\": 0.9995878338813782,\n    \"average_precision_scores\": {\n        \"Angioectasia\": 0.9982281923294067,\n        \"Bleeding\": 0.9982424974441528,\n        \"Erosion\": 0.9861490726470947,\n        \"Erythema\": 0.9950777292251587,\n        \"Foreign Body\": 0.9989005923271179,\n        \"Lymphangiectasia\": 0.9990769624710083,\n        \"Normal\": 0.9959716200828552,\n        \"Polyp\": 0.9970372915267944,\n        \"Ulcer\": 0.9999713897705078,\n        \"Worms\": 0.9999938011169434\n    },\n    \"mean_average_precision\": 0.996864914894104,\n    \"mean_f1_score\": 0.9770447611808777,\n    \"mean_specificity\": 0.9974463582038879,\n    \"mean_sensitivity\": 0.9770748019218445,\n    \"balanced_accuracy\": 0.9770748019218445\n}",
    "test_metrics": "{\n    \"Angioectasia\": {\n        \"precision\": 0.716006875038147,\n        \"recall\": 0.8370221257209778,\n        \"f1-score\": 0.771799623966217,\n        \"specificity\": 0.989446759223938\n    },\n    \"Bleeding\": {\n        \"precision\": 0.8265582919120789,\n        \"recall\": 0.8495821952819824,\n        \"f1-score\": 0.8379120826721191,\n        \"specificity\": 0.9959424138069153\n    },\n    \"Erosion\": {\n        \"precision\": 0.7258193492889404,\n        \"recall\": 0.7861471772193909,\n        \"f1-score\": 0.7547796964645386,\n        \"specificity\": 0.9770982265472412\n    },\n    \"Erythema\": {\n        \"precision\": 0.6554054021835327,\n        \"recall\": 0.6531986594200134,\n        \"f1-score\": 0.6543001532554626,\n        \"specificity\": 0.9935585856437683\n    },\n    \"Foreign Body\": {\n        \"precision\": 0.8373333215713501,\n        \"recall\": 0.9235293865203857,\n        \"f1-score\": 0.8783217072486877,\n        \"specificity\": 0.996137261390686\n    },\n    \"Lymphangiectasia\": {\n        \"precision\": 0.7978436946868896,\n        \"recall\": 0.8629737496376038,\n        \"f1-score\": 0.8291316628456116,\n        \"specificity\": 0.99524986743927\n    },\n    \"Normal\": {\n        \"precision\": 0.9874968528747559,\n        \"recall\": 0.9641897678375244,\n        \"f1-score\": 0.9757041931152344,\n        \"specificity\": 0.9609882831573486\n    },\n    \"Polyp\": {\n        \"precision\": 0.6785714030265808,\n        \"recall\": 0.722000002861023,\n        \"f1-score\": 0.6996123790740967,\n        \"specificity\": 0.9890608787536621\n    },\n    \"Ulcer\": {\n        \"precision\": 0.9689655303955078,\n        \"recall\": 0.9825174808502197,\n        \"f1-score\": 0.9756944179534912,\n        \"specificity\": 0.9994320273399353\n    },\n    \"Worms\": {\n        \"precision\": 0.9714285731315613,\n        \"recall\": 1.0,\n        \"f1-score\": 0.9855072498321533,\n        \"specificity\": 0.9998754858970642\n    },\n    \"macro avg\": {\n        \"precision\": 0.81654292345047,\n        \"recall\": 0.858116090297699,\n        \"f1-score\": 0.8362762331962585,\n        \"specificity\": 0.9896789789199829\n    },\n    \"accuracy\": 0.9292090535163879,\n    \"auc_roc_scores\": {\n        \"Angioectasia\": 0.9842122793197632,\n        \"Bleeding\": 0.985024094581604,\n        \"Erosion\": 0.9747236967086792,\n        \"Erythema\": 0.9724547863006592,\n        \"Foreign Body\": 0.9945058226585388,\n        \"Lymphangiectasia\": 0.9902275204658508,\n        \"Normal\": 0.9940410256385803,\n        \"Polyp\": 0.9795663356781006,\n        \"Ulcer\": 0.9999439716339111,\n        \"Worms\": 1.0\n    },\n    \"mean_auc\": 0.9874699711799622,\n    \"average_precision_scores\": {\n        \"Angioectasia\": 0.8740328550338745,\n        \"Bleeding\": 0.9051388502120972,\n        \"Erosion\": 0.8257060647010803,\n        \"Erythema\": 0.643983006477356,\n        \"Foreign Body\": 0.9475815296173096,\n        \"Lymphangiectasia\": 0.9058905839920044,\n        \"Normal\": 0.9981269240379333,\n        \"Polyp\": 0.7512013912200928,\n        \"Ulcer\": 0.9973440170288086,\n        \"Worms\": 1.0\n    },\n    \"mean_average_precision\": 0.8849005103111267,\n    \"mean_f1_score\": 0.8362762331962585,\n    \"mean_specificity\": 0.9896789789199829,\n    \"mean_sensitivity\": 0.858116090297699,\n    \"balanced_accuracy\": 0.858116090297699\n}"
}