{
    "epoch": 8,
    "train_metrics": "{\n    \"Angioectasia\": {\n        \"precision\": 0.9530676603317261,\n        \"recall\": 0.9520691633224487,\n        \"f1-score\": 0.9525681138038635,\n        \"specificity\": 0.9947023987770081\n    },\n    \"Bleeding\": {\n        \"precision\": 0.9522793889045715,\n        \"recall\": 0.9630628228187561,\n        \"f1-score\": 0.9576407670974731,\n        \"specificity\": 0.9947194457054138\n    },\n    \"Erosion\": {\n        \"precision\": 0.8907766938209534,\n        \"recall\": 0.8710442781448364,\n        \"f1-score\": 0.8808000087738037,\n        \"specificity\": 0.988023042678833\n    },\n    \"Erythema\": {\n        \"precision\": 0.9191892147064209,\n        \"recall\": 0.9338275790214539,\n        \"f1-score\": 0.9264505505561829,\n        \"specificity\": 0.9911968111991882\n    },\n    \"Foreign Body\": {\n        \"precision\": 0.9674580097198486,\n        \"recall\": 0.9721254110336304,\n        \"f1-score\": 0.9697861075401306,\n        \"specificity\": 0.9963986277580261\n    },\n    \"Lymphangiectasia\": {\n        \"precision\": 0.9744400382041931,\n        \"recall\": 0.9726459980010986,\n        \"f1-score\": 0.9735422134399414,\n        \"specificity\": 0.9971305727958679\n    },\n    \"Normal\": {\n        \"precision\": 0.9526431560516357,\n        \"recall\": 0.9412404894828796,\n        \"f1-score\": 0.9469075202941895,\n        \"specificity\": 0.9949308633804321\n    },\n    \"Polyp\": {\n        \"precision\": 0.9369117021560669,\n        \"recall\": 0.9421846866607666,\n        \"f1-score\": 0.9395408034324646,\n        \"specificity\": 0.992640495300293\n    },\n    \"Ulcer\": {\n        \"precision\": 0.9944148659706116,\n        \"recall\": 0.9936221241950989,\n        \"f1-score\": 0.9940183162689209,\n        \"specificity\": 0.9993795156478882\n    },\n    \"Worms\": {\n        \"precision\": 0.9978762865066528,\n        \"recall\": 0.9984063506126404,\n        \"f1-score\": 0.9981412887573242,\n        \"specificity\": 0.9997636079788208\n    },\n    \"macro avg\": {\n        \"precision\": 0.9539057016372681,\n        \"recall\": 0.9540228843688965,\n        \"f1-score\": 0.9539396166801453,\n        \"specificity\": 0.9948884844779968\n    },\n    \"accuracy\": 0.9539979100227356,\n    \"auc_roc_scores\": {\n        \"Angioectasia\": 0.9987891912460327,\n        \"Bleeding\": 0.9992804527282715,\n        \"Erosion\": 0.9932123422622681,\n        \"Erythema\": 0.9977912902832031,\n        \"Foreign Body\": 0.9995452761650085,\n        \"Lymphangiectasia\": 0.9996751546859741,\n        \"Normal\": 0.9977244734764099,\n        \"Polyp\": 0.9983159899711609,\n        \"Ulcer\": 0.9999272227287292,\n        \"Worms\": 0.9999980330467224\n    },\n    \"mean_auc\": 0.9984259009361267,\n    \"average_precision_scores\": {\n        \"Angioectasia\": 0.9911024570465088,\n        \"Bleeding\": 0.9933842420578003,\n        \"Erosion\": 0.9536828994750977,\n        \"Erythema\": 0.9796565771102905,\n        \"Foreign Body\": 0.9964050054550171,\n        \"Lymphangiectasia\": 0.9974150061607361,\n        \"Normal\": 0.9863550066947937,\n        \"Polyp\": 0.9870795011520386,\n        \"Ulcer\": 0.9996440410614014,\n        \"Worms\": 0.9999823570251465\n    },\n    \"mean_average_precision\": 0.988470733165741,\n    \"mean_f1_score\": 0.9539396166801453,\n    \"mean_specificity\": 0.9948884844779968,\n    \"mean_sensitivity\": 0.9540228843688965,\n    \"balanced_accuracy\": 0.9540228843688965\n}",
    "test_metrics": "{\n    \"Angioectasia\": {\n        \"precision\": 0.6544585824012756,\n        \"recall\": 0.8269617557525635,\n        \"f1-score\": 0.7306666374206543,\n        \"specificity\": 0.986120879650116\n    },\n    \"Bleeding\": {\n        \"precision\": 0.7774935960769653,\n        \"recall\": 0.8467966318130493,\n        \"f1-score\": 0.8106666803359985,\n        \"specificity\": 0.9944842457771301\n    },\n    \"Erosion\": {\n        \"precision\": 0.690152108669281,\n        \"recall\": 0.746320366859436,\n        \"f1-score\": 0.7171381115913391,\n        \"specificity\": 0.974160373210907\n    },\n    \"Erythema\": {\n        \"precision\": 0.5446686148643494,\n        \"recall\": 0.6363636255264282,\n        \"f1-score\": 0.5869565010070801,\n        \"specificity\": 0.9900221228599548\n    },\n    \"Foreign Body\": {\n        \"precision\": 0.8177083134651184,\n        \"recall\": 0.9235293865203857,\n        \"f1-score\": 0.8674033284187317,\n        \"specificity\": 0.9955673813819885\n    },\n    \"Lymphangiectasia\": {\n        \"precision\": 0.6433120965957642,\n        \"recall\": 0.8833819031715393,\n        \"f1-score\": 0.7444717288017273,\n        \"specificity\": 0.9893596768379211\n    },\n    \"Normal\": {\n        \"precision\": 0.9910721778869629,\n        \"recall\": 0.9396109580993652,\n        \"f1-score\": 0.9646557569503784,\n        \"specificity\": 0.9729518890380859\n    },\n    \"Polyp\": {\n        \"precision\": 0.5912636518478394,\n        \"recall\": 0.7580000162124634,\n        \"f1-score\": 0.6643295288085938,\n        \"specificity\": 0.9832395315170288\n    },\n    \"Ulcer\": {\n        \"precision\": 0.9463087320327759,\n        \"recall\": 0.9860140085220337,\n        \"f1-score\": 0.965753436088562,\n        \"specificity\": 0.9989902973175049\n    },\n    \"Worms\": {\n        \"precision\": 0.9189189076423645,\n        \"recall\": 1.0,\n        \"f1-score\": 0.9577465057373047,\n        \"specificity\": 0.9996265172958374\n    },\n    \"macro avg\": {\n        \"precision\": 0.7575356960296631,\n        \"recall\": 0.8546978831291199,\n        \"f1-score\": 0.8009788393974304,\n        \"specificity\": 0.9884523749351501\n    },\n    \"accuracy\": 0.9085668325424194,\n    \"auc_roc_scores\": {\n        \"Angioectasia\": 0.9794639945030212,\n        \"Bleeding\": 0.9793882369995117,\n        \"Erosion\": 0.9686090350151062,\n        \"Erythema\": 0.9724926352500916,\n        \"Foreign Body\": 0.9943875074386597,\n        \"Lymphangiectasia\": 0.9911890029907227,\n        \"Normal\": 0.9922507405281067,\n        \"Polyp\": 0.9811599254608154,\n        \"Ulcer\": 0.9998565912246704,\n        \"Worms\": 1.0\n    },\n    \"mean_auc\": 0.9858797192573547,\n    \"average_precision_scores\": {\n        \"Angioectasia\": 0.8466687202453613,\n        \"Bleeding\": 0.8862894773483276,\n        \"Erosion\": 0.784777045249939,\n        \"Erythema\": 0.5947961211204529,\n        \"Foreign Body\": 0.949840247631073,\n        \"Lymphangiectasia\": 0.8990170955657959,\n        \"Normal\": 0.9976312518119812,\n        \"Polyp\": 0.7134279608726501,\n        \"Ulcer\": 0.9902244210243225,\n        \"Worms\": 1.0\n    },\n    \"mean_average_precision\": 0.866267204284668,\n    \"mean_f1_score\": 0.8009788393974304,\n    \"mean_specificity\": 0.9884523749351501,\n    \"mean_sensitivity\": 0.8546978831291199,\n    \"balanced_accuracy\": 0.8546978831291199\n}"
}