{
    "epoch": 9,
    "train_metrics": "{\n    \"Angioectasia\": {\n        \"precision\": 0.9605193138122559,\n        \"recall\": 0.953445553779602,\n        \"f1-score\": 0.9569693803787231,\n        \"specificity\": 0.9955923557281494\n    },\n    \"Bleeding\": {\n        \"precision\": 0.96100914478302,\n        \"recall\": 0.9651907086372375,\n        \"f1-score\": 0.9630953669548035,\n        \"specificity\": 0.9954599142074585\n    },\n    \"Erosion\": {\n        \"precision\": 0.8922908902168274,\n        \"recall\": 0.8809716701507568,\n        \"f1-score\": 0.8865951299667358,\n        \"specificity\": 0.9883782863616943\n    },\n    \"Erythema\": {\n        \"precision\": 0.9284393787384033,\n        \"recall\": 0.9451612830162048,\n        \"f1-score\": 0.9367257356643677,\n        \"specificity\": 0.9920028448104858\n    },\n    \"Foreign Body\": {\n        \"precision\": 0.9685466289520264,\n        \"recall\": 0.9725020527839661,\n        \"f1-score\": 0.9705203175544739,\n        \"specificity\": 0.9965816140174866\n    },\n    \"Lymphangiectasia\": {\n        \"precision\": 0.9731110334396362,\n        \"recall\": 0.9741588234901428,\n        \"f1-score\": 0.973634660243988,\n        \"specificity\": 0.9970494508743286\n    },\n    \"Normal\": {\n        \"precision\": 0.9572580456733704,\n        \"recall\": 0.9448129534721375,\n        \"f1-score\": 0.9509947896003723,\n        \"specificity\": 0.9953011274337769\n    },\n    \"Polyp\": {\n        \"precision\": 0.9442220330238342,\n        \"recall\": 0.9497986435890198,\n        \"f1-score\": 0.947002112865448,\n        \"specificity\": 0.9938315153121948\n    },\n    \"Ulcer\": {\n        \"precision\": 0.995353639125824,\n        \"recall\": 0.9958677887916565,\n        \"f1-score\": 0.9956106543540955,\n        \"specificity\": 0.9994664192199707\n    },\n    \"Worms\": {\n        \"precision\": 0.9986544847488403,\n        \"recall\": 0.9978488683700562,\n        \"f1-score\": 0.9982514977455139,\n        \"specificity\": 0.9998524785041809\n    },\n    \"macro avg\": {\n        \"precision\": 0.9579405188560486,\n        \"recall\": 0.9579758644104004,\n        \"f1-score\": 0.9579399228096008,\n        \"specificity\": 0.9953516125679016\n    },\n    \"accuracy\": 0.9581460952758789,\n    \"auc_roc_scores\": {\n        \"Angioectasia\": 0.9990804195404053,\n        \"Bleeding\": 0.9994568228721619,\n        \"Erosion\": 0.9937255382537842,\n        \"Erythema\": 0.9983779788017273,\n        \"Foreign Body\": 0.9995934963226318,\n        \"Lymphangiectasia\": 0.9995773434638977,\n        \"Normal\": 0.9978293180465698,\n        \"Polyp\": 0.9987964034080505,\n        \"Ulcer\": 0.9999869465827942,\n        \"Worms\": 0.9999973773956299\n    },\n    \"mean_auc\": 0.9986421465873718,\n    \"average_precision_scores\": {\n        \"Angioectasia\": 0.9931285381317139,\n        \"Bleeding\": 0.9956730604171753,\n        \"Erosion\": 0.9576469659805298,\n        \"Erythema\": 0.9853426218032837,\n        \"Foreign Body\": 0.9968814849853516,\n        \"Lymphangiectasia\": 0.9973387718200684,\n        \"Normal\": 0.9872732162475586,\n        \"Polyp\": 0.9897165298461914,\n        \"Ulcer\": 0.9998898506164551,\n        \"Worms\": 0.9999761581420898\n    },\n    \"mean_average_precision\": 0.990286648273468,\n    \"mean_f1_score\": 0.9579399228096008,\n    \"mean_specificity\": 0.9953516125679016,\n    \"mean_sensitivity\": 0.9579758644104004,\n    \"balanced_accuracy\": 0.9579758644104004\n}",
    "test_metrics": "{\n    \"Angioectasia\": {\n        \"precision\": 0.6494345664978027,\n        \"recall\": 0.8088530898094177,\n        \"f1-score\": 0.7204301357269287,\n        \"specificity\": 0.986120879650116\n    },\n    \"Bleeding\": {\n        \"precision\": 0.820652186870575,\n        \"recall\": 0.8412256240844727,\n        \"f1-score\": 0.8308115601539612,\n        \"specificity\": 0.995815634727478\n    },\n    \"Erosion\": {\n        \"precision\": 0.7516218423843384,\n        \"recall\": 0.7021645307540894,\n        \"f1-score\": 0.726051926612854,\n        \"specificity\": 0.9821059107780457\n    },\n    \"Erythema\": {\n        \"precision\": 0.5457227230072021,\n        \"recall\": 0.6228955984115601,\n        \"f1-score\": 0.5817610025405884,\n        \"specificity\": 0.9902747273445129\n    },\n    \"Foreign Body\": {\n        \"precision\": 0.715575635433197,\n        \"recall\": 0.9323529601097107,\n        \"f1-score\": 0.8097062706947327,\n        \"specificity\": 0.9920212626457214\n    },\n    \"Lymphangiectasia\": {\n        \"precision\": 0.7948718070983887,\n        \"recall\": 0.9037901163101196,\n        \"f1-score\": 0.8458390235900879,\n        \"specificity\": 0.9949331879615784\n    },\n    \"Normal\": {\n        \"precision\": 0.9800519943237305,\n        \"recall\": 0.9516562223434448,\n        \"f1-score\": 0.9656453728675842,\n        \"specificity\": 0.9381014108657837\n    },\n    \"Polyp\": {\n        \"precision\": 0.6247934103012085,\n        \"recall\": 0.7559999823570251,\n        \"f1-score\": 0.6841629147529602,\n        \"specificity\": 0.9854785203933716\n    },\n    \"Ulcer\": {\n        \"precision\": 0.9754385948181152,\n        \"recall\": 0.9720279574394226,\n        \"f1-score\": 0.9737303256988525,\n        \"specificity\": 0.9995582699775696\n    },\n    \"Worms\": {\n        \"precision\": 0.931506872177124,\n        \"recall\": 1.0,\n        \"f1-score\": 0.9645389914512634,\n        \"specificity\": 0.9996887445449829\n    },\n    \"macro avg\": {\n        \"precision\": 0.778967022895813,\n        \"recall\": 0.8490965962409973,\n        \"f1-score\": 0.8102678656578064,\n        \"specificity\": 0.9864098429679871\n    },\n    \"accuracy\": 0.9139598608016968,\n    \"auc_roc_scores\": {\n        \"Angioectasia\": 0.9722365736961365,\n        \"Bleeding\": 0.9857676029205322,\n        \"Erosion\": 0.9674370884895325,\n        \"Erythema\": 0.9630765318870544,\n        \"Foreign Body\": 0.9910247325897217,\n        \"Lymphangiectasia\": 0.9932640790939331,\n        \"Normal\": 0.988990843296051,\n        \"Polyp\": 0.9774618148803711,\n        \"Ulcer\": 0.9998316764831543,\n        \"Worms\": 0.9999954104423523\n    },\n    \"mean_auc\": 0.9839086532592773,\n    \"average_precision_scores\": {\n        \"Angioectasia\": 0.8244996070861816,\n        \"Bleeding\": 0.905464768409729,\n        \"Erosion\": 0.7912263870239258,\n        \"Erythema\": 0.5883802771568298,\n        \"Foreign Body\": 0.9333170652389526,\n        \"Lymphangiectasia\": 0.9241930246353149,\n        \"Normal\": 0.996475875377655,\n        \"Polyp\": 0.7420446872711182,\n        \"Ulcer\": 0.9928253889083862,\n        \"Worms\": 0.9989428520202637\n    },\n    \"mean_average_precision\": 0.8697370886802673,\n    \"mean_f1_score\": 0.8102678656578064,\n    \"mean_specificity\": 0.9864098429679871,\n    \"mean_sensitivity\": 0.8490965962409973,\n    \"balanced_accuracy\": 0.8490965962409973\n}"
}