{
    "epoch": 2,
    "train_metrics": "{\n    \"Angioectasia\": {\n        \"precision\": 0.8655033707618713,\n        \"recall\": 0.844200074672699,\n        \"f1-score\": 0.8547189831733704,\n        \"specificity\": 0.9851722717285156\n    },\n    \"Bleeding\": {\n        \"precision\": 0.903099775314331,\n        \"recall\": 0.9150171279907227,\n        \"f1-score\": 0.909019410610199,\n        \"specificity\": 0.9889999628067017\n    },\n    \"Erosion\": {\n        \"precision\": 0.699384868144989,\n        \"recall\": 0.6859915852546692,\n        \"f1-score\": 0.692623496055603,\n        \"specificity\": 0.9667406678199768\n    },\n    \"Erythema\": {\n        \"precision\": 0.780882716178894,\n        \"recall\": 0.7912145853042603,\n        \"f1-score\": 0.7860147356987,\n        \"specificity\": 0.9751980900764465\n    },\n    \"Foreign Body\": {\n        \"precision\": 0.9318426847457886,\n        \"recall\": 0.9223999977111816,\n        \"f1-score\": 0.9270973205566406,\n        \"specificity\": 0.9925273656845093\n    },\n    \"Lymphangiectasia\": {\n        \"precision\": 0.9256046414375305,\n        \"recall\": 0.9217277765274048,\n        \"f1-score\": 0.9236621260643005,\n        \"specificity\": 0.9916239976882935\n    },\n    \"Normal\": {\n        \"precision\": 0.875403642654419,\n        \"recall\": 0.8594451546669006,\n        \"f1-score\": 0.8673509955406189,\n        \"specificity\": 0.9863106608390808\n    },\n    \"Polyp\": {\n        \"precision\": 0.7847510576248169,\n        \"recall\": 0.8234013319015503,\n        \"f1-score\": 0.8036117553710938,\n        \"specificity\": 0.9755393266677856\n    },\n    \"Ulcer\": {\n        \"precision\": 0.9761329889297485,\n        \"recall\": 0.9769189357757568,\n        \"f1-score\": 0.9765258431434631,\n        \"specificity\": 0.9973731637001038\n    },\n    \"Worms\": {\n        \"precision\": 0.9898852109909058,\n        \"recall\": 0.9915115237236023,\n        \"f1-score\": 0.9906976819038391,\n        \"specificity\": 0.9989103078842163\n    },\n    \"macro avg\": {\n        \"precision\": 0.8732490539550781,\n        \"recall\": 0.8731828927993774,\n        \"f1-score\": 0.8731322288513184,\n        \"specificity\": 0.9858395457267761\n    },\n    \"accuracy\": 0.8726034760475159,\n    \"auc_roc_scores\": {\n        \"Angioectasia\": 0.9877762794494629,\n        \"Bleeding\": 0.9954635500907898,\n        \"Erosion\": 0.9578824043273926,\n        \"Erythema\": 0.9814486503601074,\n        \"Foreign Body\": 0.9962208271026611,\n        \"Lymphangiectasia\": 0.995715856552124,\n        \"Normal\": 0.9863173961639404,\n        \"Polyp\": 0.9846549034118652,\n        \"Ulcer\": 0.9995471239089966,\n        \"Worms\": 0.9999383091926575\n    },\n    \"mean_auc\": 0.9884964823722839,\n    \"average_precision_scores\": {\n        \"Angioectasia\": 0.9342941641807556,\n        \"Bleeding\": 0.9677543044090271,\n        \"Erosion\": 0.7753415107727051,\n        \"Erythema\": 0.8654665946960449,\n        \"Foreign Body\": 0.9767589569091797,\n        \"Lymphangiectasia\": 0.9750284552574158,\n        \"Normal\": 0.9345535039901733,\n        \"Polyp\": 0.8902018070220947,\n        \"Ulcer\": 0.996056079864502,\n        \"Worms\": 0.9994109272956848\n    },\n    \"mean_average_precision\": 0.9314866065979004,\n    \"mean_f1_score\": 0.8731322288513184,\n    \"mean_specificity\": 0.9858395457267761,\n    \"mean_sensitivity\": 0.8731828927993774,\n    \"balanced_accuracy\": 0.8731828927993774\n}",
    "test_metrics": "{\n    \"Angioectasia\": {\n        \"precision\": 0.6176935434341431,\n        \"recall\": 0.786720335483551,\n        \"f1-score\": 0.6920353770256042,\n        \"specificity\": 0.9845219254493713\n    },\n    \"Bleeding\": {\n        \"precision\": 0.6652542352676392,\n        \"recall\": 0.8746517896652222,\n        \"f1-score\": 0.7557160258293152,\n        \"specificity\": 0.9899829030036926\n    },\n    \"Erosion\": {\n        \"precision\": 0.5671405792236328,\n        \"recall\": 0.6216450333595276,\n        \"f1-score\": 0.5931433439254761,\n        \"specificity\": 0.9634105563163757\n    },\n    \"Erythema\": {\n        \"precision\": 0.3977055549621582,\n        \"recall\": 0.7003366947174072,\n        \"f1-score\": 0.507317066192627,\n        \"specificity\": 0.9801073670387268\n    },\n    \"Foreign Body\": {\n        \"precision\": 0.6938775777816772,\n        \"recall\": 0.8999999761581421,\n        \"f1-score\": 0.7836107611656189,\n        \"specificity\": 0.9914513826370239\n    },\n    \"Lymphangiectasia\": {\n        \"precision\": 0.6949541568756104,\n        \"recall\": 0.8833819031715393,\n        \"f1-score\": 0.7779204249382019,\n        \"specificity\": 0.9915764331817627\n    },\n    \"Normal\": {\n        \"precision\": 0.9905981421470642,\n        \"recall\": 0.9003825187683105,\n        \"f1-score\": 0.9433383345603943,\n        \"specificity\": 0.9726918339729309\n    },\n    \"Polyp\": {\n        \"precision\": 0.46182727813720703,\n        \"recall\": 0.7379999756813049,\n        \"f1-score\": 0.568129301071167,\n        \"specificity\": 0.9724923372268677\n    },\n    \"Ulcer\": {\n        \"precision\": 0.8817891478538513,\n        \"recall\": 0.9650349617004395,\n        \"f1-score\": 0.9215359091758728,\n        \"specificity\": 0.9976650476455688\n    },\n    \"Worms\": {\n        \"precision\": 0.8395061492919922,\n        \"recall\": 1.0,\n        \"f1-score\": 0.9127516746520996,\n        \"specificity\": 0.9991907477378845\n    },\n    \"macro avg\": {\n        \"precision\": 0.6810346245765686,\n        \"recall\": 0.8370153307914734,\n        \"f1-score\": 0.7455498576164246,\n        \"specificity\": 0.9843091368675232\n    },\n    \"accuracy\": 0.8688321113586426,\n    \"auc_roc_scores\": {\n        \"Angioectasia\": 0.979900598526001,\n        \"Bleeding\": 0.989377498626709,\n        \"Erosion\": 0.9401036500930786,\n        \"Erythema\": 0.9720320701599121,\n        \"Foreign Body\": 0.9853483438491821,\n        \"Lymphangiectasia\": 0.9874166250228882,\n        \"Normal\": 0.9858406186103821,\n        \"Polyp\": 0.9725539684295654,\n        \"Ulcer\": 0.9982036352157593,\n        \"Worms\": 0.9999853372573853\n    },\n    \"mean_auc\": 0.9810762405395508,\n    \"average_precision_scores\": {\n        \"Angioectasia\": 0.8116523623466492,\n        \"Bleeding\": 0.8811395168304443,\n        \"Erosion\": 0.6623263359069824,\n        \"Erythema\": 0.5645266771316528,\n        \"Foreign Body\": 0.9052917957305908,\n        \"Lymphangiectasia\": 0.8746891021728516,\n        \"Normal\": 0.9954155683517456,\n        \"Polyp\": 0.6505306959152222,\n        \"Ulcer\": 0.9723955392837524,\n        \"Worms\": 0.9965643286705017\n    },\n    \"mean_average_precision\": 0.8314531445503235,\n    \"mean_f1_score\": 0.7455498576164246,\n    \"mean_specificity\": 0.9843091368675232,\n    \"mean_sensitivity\": 0.8370153307914734,\n    \"balanced_accuracy\": 0.8370153307914734\n}"
}