{
    "epoch": 1,
    "train_metrics": "{\n    \"Angioectasia\": {\n        \"precision\": 0.7525325417518616,\n        \"recall\": 0.6792058348655701,\n        \"f1-score\": 0.7139914631843567,\n        \"specificity\": 0.9746884107589722\n    },\n    \"Bleeding\": {\n        \"precision\": 0.7990041971206665,\n        \"recall\": 0.7886704802513123,\n        \"f1-score\": 0.7938036918640137,\n        \"specificity\": 0.9772680401802063\n    },\n    \"Erosion\": {\n        \"precision\": 0.4791722595691681,\n        \"recall\": 0.48662662506103516,\n        \"f1-score\": 0.4828706979751587,\n        \"specificity\": 0.9429042935371399\n    },\n    \"Erythema\": {\n        \"precision\": 0.5848158597946167,\n        \"recall\": 0.6142105460166931,\n        \"f1-score\": 0.5991528630256653,\n        \"specificity\": 0.9509865045547485\n    },\n    \"Foreign Body\": {\n        \"precision\": 0.817176878452301,\n        \"recall\": 0.7894304394721985,\n        \"f1-score\": 0.8030640482902527,\n        \"specificity\": 0.9810042977333069\n    },\n    \"Lymphangiectasia\": {\n        \"precision\": 0.8337188959121704,\n        \"recall\": 0.7677763104438782,\n        \"f1-score\": 0.7993900179862976,\n        \"specificity\": 0.9830142855644226\n    },\n    \"Normal\": {\n        \"precision\": 0.7313781380653381,\n        \"recall\": 0.730998694896698,\n        \"f1-score\": 0.7311883568763733,\n        \"specificity\": 0.96933513879776\n    },\n    \"Polyp\": {\n        \"precision\": 0.6071861982345581,\n        \"recall\": 0.6674672961235046,\n        \"f1-score\": 0.6359013319015503,\n        \"specificity\": 0.9522150158882141\n    },\n    \"Ulcer\": {\n        \"precision\": 0.8764737248420715,\n        \"recall\": 0.8888586759567261,\n        \"f1-score\": 0.8826227784156799,\n        \"specificity\": 0.986411988735199\n    },\n    \"Worms\": {\n        \"precision\": 0.9021352529525757,\n        \"recall\": 0.9438830018043518,\n        \"f1-score\": 0.9225370287895203,\n        \"specificity\": 0.9886252880096436\n    },\n    \"macro avg\": {\n        \"precision\": 0.7383594512939453,\n        \"recall\": 0.7357127666473389,\n        \"f1-score\": 0.7364522814750671,\n        \"specificity\": 0.9706453680992126\n    },\n    \"accuracy\": 0.7357938885688782,\n    \"auc_roc_scores\": {\n        \"Angioectasia\": 0.9508407115936279,\n        \"Bleeding\": 0.9764268398284912,\n        \"Erosion\": 0.8890809416770935,\n        \"Erythema\": 0.9349050521850586,\n        \"Foreign Body\": 0.977266788482666,\n        \"Lymphangiectasia\": 0.9721560478210449,\n        \"Normal\": 0.9554378986358643,\n        \"Polyp\": 0.9460710287094116,\n        \"Ulcer\": 0.992318868637085,\n        \"Worms\": 0.9974446892738342\n    },\n    \"mean_auc\": 0.9591949582099915,\n    \"average_precision_scores\": {\n        \"Angioectasia\": 0.8069970011711121,\n        \"Bleeding\": 0.8837231397628784,\n        \"Erosion\": 0.5219939947128296,\n        \"Erythema\": 0.6674166321754456,\n        \"Foreign Body\": 0.8922520875930786,\n        \"Lymphangiectasia\": 0.8813723921775818,\n        \"Normal\": 0.813138484954834,\n        \"Polyp\": 0.7062736749649048,\n        \"Ulcer\": 0.956501841545105,\n        \"Worms\": 0.9834665656089783\n    },\n    \"mean_average_precision\": 0.8113135695457458,\n    \"mean_f1_score\": 0.7364522814750671,\n    \"mean_specificity\": 0.9706453680992126,\n    \"mean_sensitivity\": 0.7357127666473389,\n    \"balanced_accuracy\": 0.7357127666473389\n}",
    "test_metrics": "{\n    \"Angioectasia\": {\n        \"precision\": 0.6535009145736694,\n        \"recall\": 0.7323943376541138,\n        \"f1-score\": 0.6907020807266235,\n        \"specificity\": 0.9876558780670166\n    },\n    \"Bleeding\": {\n        \"precision\": 0.6411290168762207,\n        \"recall\": 0.8857938647270203,\n        \"f1-score\": 0.7438596487045288,\n        \"specificity\": 0.988714873790741\n    },\n    \"Erosion\": {\n        \"precision\": 0.4837799668312073,\n        \"recall\": 0.5939394235610962,\n        \"f1-score\": 0.5332297086715698,\n        \"specificity\": 0.9511250853538513\n    },\n    \"Erythema\": {\n        \"precision\": 0.2959866225719452,\n        \"recall\": 0.5959596037864685,\n        \"f1-score\": 0.39553073048591614,\n        \"specificity\": 0.973413348197937\n    },\n    \"Foreign Body\": {\n        \"precision\": 0.5428571701049805,\n        \"recall\": 0.8941176533699036,\n        \"f1-score\": 0.6755555272102356,\n        \"specificity\": 0.9837892651557922\n    },\n    \"Lymphangiectasia\": {\n        \"precision\": 0.6161616444587708,\n        \"recall\": 0.8892128467559814,\n        \"f1-score\": 0.7279236316680908,\n        \"specificity\": 0.9879662990570068\n    },\n    \"Normal\": {\n        \"precision\": 0.9895219206809998,\n        \"recall\": 0.8608285188674927,\n        \"f1-score\": 0.9206998348236084,\n        \"specificity\": 0.9708712697029114\n    },\n    \"Polyp\": {\n        \"precision\": 0.38822245597839355,\n        \"recall\": 0.7120000123977661,\n        \"f1-score\": 0.5024700164794922,\n        \"specificity\": 0.9641121029853821\n    },\n    \"Ulcer\": {\n        \"precision\": 0.8338461518287659,\n        \"recall\": 0.9475524425506592,\n        \"f1-score\": 0.88707035779953,\n        \"specificity\": 0.9965922236442566\n    },\n    \"Worms\": {\n        \"precision\": 0.8701298832893372,\n        \"recall\": 0.9852941036224365,\n        \"f1-score\": 0.9241379499435425,\n        \"specificity\": 0.9993774890899658\n    },\n    \"macro avg\": {\n        \"precision\": 0.6315135955810547,\n        \"recall\": 0.8097092509269714,\n        \"f1-score\": 0.7001180052757263,\n        \"specificity\": 0.9803617596626282\n    },\n    \"accuracy\": 0.8321968913078308,\n    \"auc_roc_scores\": {\n        \"Angioectasia\": 0.964428186416626,\n        \"Bleeding\": 0.9865288734436035,\n        \"Erosion\": 0.9135441184043884,\n        \"Erythema\": 0.9638272523880005,\n        \"Foreign Body\": 0.9846924543380737,\n        \"Lymphangiectasia\": 0.9895880818367004,\n        \"Normal\": 0.9790511131286621,\n        \"Polyp\": 0.9665578603744507,\n        \"Ulcer\": 0.9985703825950623,\n        \"Worms\": 0.999981701374054\n    },\n    \"mean_auc\": 0.9746770262718201,\n    \"average_precision_scores\": {\n        \"Angioectasia\": 0.7738486528396606,\n        \"Bleeding\": 0.8682020306587219,\n        \"Erosion\": 0.5773053169250488,\n        \"Erythema\": 0.421966016292572,\n        \"Foreign Body\": 0.8655174970626831,\n        \"Lymphangiectasia\": 0.8518157005310059,\n        \"Normal\": 0.993412435054779,\n        \"Polyp\": 0.5974141359329224,\n        \"Ulcer\": 0.9523429870605469,\n        \"Worms\": 0.9962795376777649\n    },\n    \"mean_average_precision\": 0.7898104190826416,\n    \"mean_f1_score\": 0.7001180052757263,\n    \"mean_specificity\": 0.9803617596626282,\n    \"mean_sensitivity\": 0.8097092509269714,\n    \"balanced_accuracy\": 0.8097092509269714\n}"
}