{
    "epoch": 14,
    "train_metrics": "{\n    \"Angioectasia\": {\n        \"precision\": 0.9780046939849854,\n        \"recall\": 0.9757053256034851,\n        \"f1-score\": 0.9768536686897278,\n        \"specificity\": 0.9975132346153259\n    },\n    \"Bleeding\": {\n        \"precision\": 0.9636315107345581,\n        \"recall\": 0.9773828983306885,\n        \"f1-score\": 0.9704585075378418,\n        \"specificity\": 0.9959578514099121\n    },\n    \"Erosion\": {\n        \"precision\": 0.9442451000213623,\n        \"recall\": 0.9166666865348816,\n        \"f1-score\": 0.9302515387535095,\n        \"specificity\": 0.9940369129180908\n    },\n    \"Erythema\": {\n        \"precision\": 0.9471895694732666,\n        \"recall\": 0.960243821144104,\n        \"f1-score\": 0.9536719918251038,\n        \"specificity\": 0.994029700756073\n    },\n    \"Foreign Body\": {\n        \"precision\": 0.9765480756759644,\n        \"recall\": 0.9838067293167114,\n        \"f1-score\": 0.9801639914512634,\n        \"specificity\": 0.9973700046539307\n    },\n    \"Lymphangiectasia\": {\n        \"precision\": 0.9803400635719299,\n        \"recall\": 0.9813829660415649,\n        \"f1-score\": 0.980861246585846,\n        \"specificity\": 0.9978137016296387\n    },\n    \"Normal\": {\n        \"precision\": 0.9767315983772278,\n        \"recall\": 0.9657570719718933,\n        \"f1-score\": 0.9712133407592773,\n        \"specificity\": 0.9974607825279236\n    },\n    \"Polyp\": {\n        \"precision\": 0.9623598456382751,\n        \"recall\": 0.9683051109313965,\n        \"f1-score\": 0.9653233289718628,\n        \"specificity\": 0.9958387613296509\n    },\n    \"Ulcer\": {\n        \"precision\": 0.9989520311355591,\n        \"recall\": 0.9986904263496399,\n        \"f1-score\": 0.9988211989402771,\n        \"specificity\": 0.9998816251754761\n    },\n    \"Worms\": {\n        \"precision\": 0.9986684322357178,\n        \"recall\": 0.9989344477653503,\n        \"f1-score\": 0.9988014101982117,\n        \"specificity\": 0.9998522996902466\n    },\n    \"macro avg\": {\n        \"precision\": 0.9726671576499939,\n        \"recall\": 0.9726875424385071,\n        \"f1-score\": 0.9726420640945435,\n        \"specificity\": 0.9969755411148071\n    },\n    \"accuracy\": 0.9727710485458374,\n    \"auc_roc_scores\": {\n        \"Angioectasia\": 0.9997914433479309,\n        \"Bleeding\": 0.9996797442436218,\n        \"Erosion\": 0.9974306225776672,\n        \"Erythema\": 0.9992228746414185,\n        \"Foreign Body\": 0.9997473955154419,\n        \"Lymphangiectasia\": 0.9998300075531006,\n        \"Normal\": 0.999205470085144,\n        \"Polyp\": 0.999483585357666,\n        \"Ulcer\": 0.9999985694885254,\n        \"Worms\": 0.9999995827674866\n    },\n    \"mean_auc\": 0.9994389414787292,\n    \"average_precision_scores\": {\n        \"Angioectasia\": 0.9982396960258484,\n        \"Bleeding\": 0.997108519077301,\n        \"Erosion\": 0.9816627502441406,\n        \"Erythema\": 0.993090808391571,\n        \"Foreign Body\": 0.998111367225647,\n        \"Lymphangiectasia\": 0.9985942244529724,\n        \"Normal\": 0.994834840297699,\n        \"Polyp\": 0.9958376884460449,\n        \"Ulcer\": 0.9999876618385315,\n        \"Worms\": 0.9999956488609314\n    },\n    \"mean_average_precision\": 0.9957463145256042,\n    \"mean_f1_score\": 0.9726420640945435,\n    \"mean_specificity\": 0.9969755411148071,\n    \"mean_sensitivity\": 0.9726875424385071,\n    \"balanced_accuracy\": 0.9726875424385071\n}",
    "test_metrics": "{\n    \"Angioectasia\": {\n        \"precision\": 0.7616387605667114,\n        \"recall\": 0.8229376077651978,\n        \"f1-score\": 0.7911025285720825,\n        \"specificity\": 0.9918132424354553\n    },\n    \"Bleeding\": {\n        \"precision\": 0.8278688788414001,\n        \"recall\": 0.844011127948761,\n        \"f1-score\": 0.8358620405197144,\n        \"specificity\": 0.9960058331489563\n    },\n    \"Erosion\": {\n        \"precision\": 0.7190742492675781,\n        \"recall\": 0.7800865769386292,\n        \"f1-score\": 0.7483388781547546,\n        \"specificity\": 0.9764972925186157\n    },\n    \"Erythema\": {\n        \"precision\": 0.6198630332946777,\n        \"recall\": 0.6094276309013367,\n        \"f1-score\": 0.6146010160446167,\n        \"specificity\": 0.9929901957511902\n    },\n    \"Foreign Body\": {\n        \"precision\": 0.8328912258148193,\n        \"recall\": 0.9235293865203857,\n        \"f1-score\": 0.8758716583251953,\n        \"specificity\": 0.9960106611251831\n    },\n    \"Lymphangiectasia\": {\n        \"precision\": 0.7629629373550415,\n        \"recall\": 0.9008746147155762,\n        \"f1-score\": 0.8262032270431519,\n        \"specificity\": 0.9939197897911072\n    },\n    \"Normal\": {\n        \"precision\": 0.9878416657447815,\n        \"recall\": 0.958818256855011,\n        \"f1-score\": 0.9731135964393616,\n        \"specificity\": 0.9622886776924133\n    },\n    \"Polyp\": {\n        \"precision\": 0.6211382150650024,\n        \"recall\": 0.7639999985694885,\n        \"f1-score\": 0.6852017641067505,\n        \"specificity\": 0.9850946664810181\n    },\n    \"Ulcer\": {\n        \"precision\": 0.975944995880127,\n        \"recall\": 0.9930070042610168,\n        \"f1-score\": 0.984402060508728,\n        \"specificity\": 0.9995582699775696\n    },\n    \"Worms\": {\n        \"precision\": 0.9714285731315613,\n        \"recall\": 1.0,\n        \"f1-score\": 0.9855072498321533,\n        \"specificity\": 0.9998754858970642\n    },\n    \"macro avg\": {\n        \"precision\": 0.8080652356147766,\n        \"recall\": 0.8596692085266113,\n        \"f1-score\": 0.8320204019546509,\n        \"specificity\": 0.9894054532051086\n    },\n    \"accuracy\": 0.9256137013435364,\n    \"auc_roc_scores\": {\n        \"Angioectasia\": 0.9873401522636414,\n        \"Bleeding\": 0.9887442588806152,\n        \"Erosion\": 0.9762340784072876,\n        \"Erythema\": 0.9574173092842102,\n        \"Foreign Body\": 0.9938847422599792,\n        \"Lymphangiectasia\": 0.9898911714553833,\n        \"Normal\": 0.993401050567627,\n        \"Polyp\": 0.9789614081382751,\n        \"Ulcer\": 0.9998986721038818,\n        \"Worms\": 0.9999972581863403\n    },\n    \"mean_auc\": 0.986577033996582,\n    \"average_precision_scores\": {\n        \"Angioectasia\": 0.8681293725967407,\n        \"Bleeding\": 0.9046419262886047,\n        \"Erosion\": 0.8164384365081787,\n        \"Erythema\": 0.6179094314575195,\n        \"Foreign Body\": 0.9480324387550354,\n        \"Lymphangiectasia\": 0.9188240766525269,\n        \"Normal\": 0.9979516267776489,\n        \"Polyp\": 0.7567508220672607,\n        \"Ulcer\": 0.9960616827011108,\n        \"Worms\": 0.9993510842323303\n    },\n    \"mean_average_precision\": 0.8824090957641602,\n    \"mean_f1_score\": 0.8320204019546509,\n    \"mean_specificity\": 0.9894054532051086,\n    \"mean_sensitivity\": 0.8596692085266113,\n    \"balanced_accuracy\": 0.8596692085266113\n}"
}