{
    "epoch": 15,
    "train_metrics": "{\n    \"Angioectasia\": {\n        \"precision\": 0.9775369763374329,\n        \"recall\": 0.9747035503387451,\n        \"f1-score\": 0.9761182069778442,\n        \"specificity\": 0.9974861145019531\n    },\n    \"Bleeding\": {\n        \"precision\": 0.9680736064910889,\n        \"recall\": 0.9738704562187195,\n        \"f1-score\": 0.9709633588790894,\n        \"specificity\": 0.9965225458145142\n    },\n    \"Erosion\": {\n        \"precision\": 0.9451860189437866,\n        \"recall\": 0.9168044328689575,\n        \"f1-score\": 0.9307789206504822,\n        \"specificity\": 0.9943196773529053\n    },\n    \"Erythema\": {\n        \"precision\": 0.9402717351913452,\n        \"recall\": 0.9632353186607361,\n        \"f1-score\": 0.9516149759292603,\n        \"specificity\": 0.9931063055992126\n    },\n    \"Foreign Body\": {\n        \"precision\": 0.9756870865821838,\n        \"recall\": 0.9824374914169312,\n        \"f1-score\": 0.9790506362915039,\n        \"specificity\": 0.9972820281982422\n    },\n    \"Lymphangiectasia\": {\n        \"precision\": 0.9808399081230164,\n        \"recall\": 0.9847167134284973,\n        \"f1-score\": 0.9827744960784912,\n        \"specificity\": 0.9978410005569458\n    },\n    \"Normal\": {\n        \"precision\": 0.9791889190673828,\n        \"recall\": 0.9696168899536133,\n        \"f1-score\": 0.9743794202804565,\n        \"specificity\": 0.9976938366889954\n    },\n    \"Polyp\": {\n        \"precision\": 0.9684625267982483,\n        \"recall\": 0.9682080745697021,\n        \"f1-score\": 0.9683353304862976,\n        \"specificity\": 0.9964498281478882\n    },\n    \"Ulcer\": {\n        \"precision\": 0.9978891611099243,\n        \"recall\": 0.9981525540351868,\n        \"f1-score\": 0.9980208277702332,\n        \"specificity\": 0.9997634291648865\n    },\n    \"Worms\": {\n        \"precision\": 0.9992038011550903,\n        \"recall\": 0.9994691014289856,\n        \"f1-score\": 0.9993364214897156,\n        \"specificity\": 0.999911367893219\n    },\n    \"macro avg\": {\n        \"precision\": 0.9732339978218079,\n        \"recall\": 0.9731214642524719,\n        \"f1-score\": 0.9731373190879822,\n        \"specificity\": 0.9970377087593079\n    },\n    \"accuracy\": 0.9733294248580933,\n    \"auc_roc_scores\": {\n        \"Angioectasia\": 0.9997507929801941,\n        \"Bleeding\": 0.9997531175613403,\n        \"Erosion\": 0.9977955222129822,\n        \"Erythema\": 0.9992075562477112,\n        \"Foreign Body\": 0.999853789806366,\n        \"Lymphangiectasia\": 0.999847412109375,\n        \"Normal\": 0.999214231967926,\n        \"Polyp\": 0.9996297359466553,\n        \"Ulcer\": 0.9999969005584717,\n        \"Worms\": 0.9999998211860657\n    },\n    \"mean_auc\": 0.9995048642158508,\n    \"average_precision_scores\": {\n        \"Angioectasia\": 0.9978487491607666,\n        \"Bleeding\": 0.9977574944496155,\n        \"Erosion\": 0.9830706119537354,\n        \"Erythema\": 0.9928719997406006,\n        \"Foreign Body\": 0.9986844062805176,\n        \"Lymphangiectasia\": 0.9988501071929932,\n        \"Normal\": 0.9958535432815552,\n        \"Polyp\": 0.99681556224823,\n        \"Ulcer\": 0.9999719858169556,\n        \"Worms\": 0.9999988675117493\n    },\n    \"mean_average_precision\": 0.9961723685264587,\n    \"mean_f1_score\": 0.9731373190879822,\n    \"mean_specificity\": 0.9970377087593079,\n    \"mean_sensitivity\": 0.9731214642524719,\n    \"balanced_accuracy\": 0.9731214642524719\n}",
    "test_metrics": "{\n    \"Angioectasia\": {\n        \"precision\": 0.748106062412262,\n        \"recall\": 0.7947686314582825,\n        \"f1-score\": 0.7707316875457764,\n        \"specificity\": 0.9914934635162354\n    },\n    \"Bleeding\": {\n        \"precision\": 0.8203753232955933,\n        \"recall\": 0.8523676991462708,\n        \"f1-score\": 0.8360655903816223,\n        \"specificity\": 0.995752215385437\n    },\n    \"Erosion\": {\n        \"precision\": 0.7033831477165222,\n        \"recall\": 0.7740259766578674,\n        \"f1-score\": 0.7370156645774841,\n        \"specificity\": 0.9748280644416809\n    },\n    \"Erythema\": {\n        \"precision\": 0.5552238821983337,\n        \"recall\": 0.6262626051902771,\n        \"f1-score\": 0.5886076092720032,\n        \"specificity\": 0.9905904531478882\n    },\n    \"Foreign Body\": {\n        \"precision\": 0.8387096524238586,\n        \"recall\": 0.9176470637321472,\n        \"f1-score\": 0.8764045238494873,\n        \"specificity\": 0.9962006211280823\n    },\n    \"Lymphangiectasia\": {\n        \"precision\": 0.75,\n        \"recall\": 0.8833819031715393,\n        \"f1-score\": 0.8112449645996094,\n        \"specificity\": 0.9936031699180603\n    },\n    \"Normal\": {\n        \"precision\": 0.9874277114868164,\n        \"recall\": 0.958818256855011,\n        \"f1-score\": 0.9729127287864685,\n        \"specificity\": 0.9609882831573486\n    },\n    \"Polyp\": {\n        \"precision\": 0.6727272868156433,\n        \"recall\": 0.7400000095367432,\n        \"f1-score\": 0.7047619223594666,\n        \"specificity\": 0.9884851574897766\n    },\n    \"Ulcer\": {\n        \"precision\": 0.9530201554298401,\n        \"recall\": 0.9930070042610168,\n        \"f1-score\": 0.9726027250289917,\n        \"specificity\": 0.9991164803504944\n    },\n    \"Worms\": {\n        \"precision\": 0.9714285731315613,\n        \"recall\": 1.0,\n        \"f1-score\": 0.9855072498321533,\n        \"specificity\": 0.9998754858970642\n    },\n    \"macro avg\": {\n        \"precision\": 0.8000401854515076,\n        \"recall\": 0.8540279269218445,\n        \"f1-score\": 0.8255854845046997,\n        \"specificity\": 0.9890934228897095\n    },\n    \"accuracy\": 0.923568069934845,\n    \"auc_roc_scores\": {\n        \"Angioectasia\": 0.9839938879013062,\n        \"Bleeding\": 0.9861099123954773,\n        \"Erosion\": 0.974556565284729,\n        \"Erythema\": 0.9702860116958618,\n        \"Foreign Body\": 0.9922391772270203,\n        \"Lymphangiectasia\": 0.9937551021575928,\n        \"Normal\": 0.9935817718505859,\n        \"Polyp\": 0.9777010679244995,\n        \"Ulcer\": 0.9995704293251038,\n        \"Worms\": 0.9999945163726807\n    },\n    \"mean_auc\": 0.9871789216995239,\n    \"average_precision_scores\": {\n        \"Angioectasia\": 0.8552838563919067,\n        \"Bleeding\": 0.9039971828460693,\n        \"Erosion\": 0.8041068315505981,\n        \"Erythema\": 0.5847774744033813,\n        \"Foreign Body\": 0.9453608393669128,\n        \"Lymphangiectasia\": 0.9199148416519165,\n        \"Normal\": 0.9980041980743408,\n        \"Polyp\": 0.7612654566764832,\n        \"Ulcer\": 0.9951185584068298,\n        \"Worms\": 0.9987112283706665\n    },\n    \"mean_average_precision\": 0.8766540884971619,\n    \"mean_f1_score\": 0.8255854845046997,\n    \"mean_specificity\": 0.9890934228897095,\n    \"mean_sensitivity\": 0.8540279269218445,\n    \"balanced_accuracy\": 0.8540279269218445\n}"
}