{
    "epoch": 10,
    "train_metrics": "{\n    \"Angioectasia\": {\n        \"precision\": 0.9617274403572083,\n        \"recall\": 0.959246814250946,\n        \"f1-score\": 0.9604855179786682,\n        \"specificity\": 0.9956122040748596\n    },\n    \"Bleeding\": {\n        \"precision\": 0.9568193554878235,\n        \"recall\": 0.9688082933425903,\n        \"f1-score\": 0.9627765417098999,\n        \"specificity\": 0.995155930519104\n    },\n    \"Erosion\": {\n        \"precision\": 0.9095890522003174,\n        \"recall\": 0.8877005577087402,\n        \"f1-score\": 0.898511528968811,\n        \"specificity\": 0.9902560114860535\n    },\n    \"Erythema\": {\n        \"precision\": 0.930195689201355,\n        \"recall\": 0.9426580667495728,\n        \"f1-score\": 0.9363853931427002,\n        \"specificity\": 0.9922066330909729\n    },\n    \"Foreign Body\": {\n        \"precision\": 0.9724324345588684,\n        \"recall\": 0.9724324345588684,\n        \"f1-score\": 0.9724324345588684,\n        \"specificity\": 0.996991753578186\n    },\n    \"Lymphangiectasia\": {\n        \"precision\": 0.977910578250885,\n        \"recall\": 0.9786735773086548,\n        \"f1-score\": 0.978291928768158,\n        \"specificity\": 0.9974823594093323\n    },\n    \"Normal\": {\n        \"precision\": 0.9588744640350342,\n        \"recall\": 0.9458233118057251,\n        \"f1-score\": 0.9523041844367981,\n        \"specificity\": 0.9955109357833862\n    },\n    \"Polyp\": {\n        \"precision\": 0.9413802027702332,\n        \"recall\": 0.9543489813804626,\n        \"f1-score\": 0.947820246219635,\n        \"specificity\": 0.9935112595558167\n    },\n    \"Ulcer\": {\n        \"precision\": 0.9960338473320007,\n        \"recall\": 0.996297299861908,\n        \"f1-score\": 0.9961655139923096,\n        \"specificity\": 0.9995565414428711\n    },\n    \"Worms\": {\n        \"precision\": 0.998927891254425,\n        \"recall\": 0.9986602067947388,\n        \"f1-score\": 0.9987940788269043,\n        \"specificity\": 0.9998819231987\n    },\n    \"macro avg\": {\n        \"precision\": 0.9603891372680664,\n        \"recall\": 0.9604649543762207,\n        \"f1-score\": 0.9603967666625977,\n        \"specificity\": 0.9956165552139282\n    },\n    \"accuracy\": 0.9605392813682556,\n    \"auc_roc_scores\": {\n        \"Angioectasia\": 0.9992210268974304,\n        \"Bleeding\": 0.9994862079620361,\n        \"Erosion\": 0.995125949382782,\n        \"Erythema\": 0.9984128475189209,\n        \"Foreign Body\": 0.9996926188468933,\n        \"Lymphangiectasia\": 0.9996716976165771,\n        \"Normal\": 0.998224139213562,\n        \"Polyp\": 0.9987773895263672,\n        \"Ulcer\": 0.9999802112579346,\n        \"Worms\": 0.9999983310699463\n    },\n    \"mean_auc\": 0.9988590478897095,\n    \"average_precision_scores\": {\n        \"Angioectasia\": 0.9940037727355957,\n        \"Bleeding\": 0.9954841136932373,\n        \"Erosion\": 0.9665819406509399,\n        \"Erythema\": 0.986374020576477,\n        \"Foreign Body\": 0.9973459243774414,\n        \"Lymphangiectasia\": 0.9978705644607544,\n        \"Normal\": 0.9888976812362671,\n        \"Polyp\": 0.9892911911010742,\n        \"Ulcer\": 0.999815821647644,\n        \"Worms\": 0.9999850988388062\n    },\n    \"mean_average_precision\": 0.991564929485321,\n    \"mean_f1_score\": 0.9603967666625977,\n    \"mean_specificity\": 0.9956165552139282,\n    \"mean_sensitivity\": 0.9604649543762207,\n    \"balanced_accuracy\": 0.9604649543762207\n}",
    "test_metrics": "{\n    \"Angioectasia\": {\n        \"precision\": 0.6899999976158142,\n        \"recall\": 0.8329979777336121,\n        \"f1-score\": 0.7547857761383057,\n        \"specificity\": 0.9881036281585693\n    },\n    \"Bleeding\": {\n        \"precision\": 0.7698019742965698,\n        \"recall\": 0.8662952780723572,\n        \"f1-score\": 0.8152031302452087,\n        \"specificity\": 0.9941038489341736\n    },\n    \"Erosion\": {\n        \"precision\": 0.6540386080741882,\n        \"recall\": 0.7922077775001526,\n        \"f1-score\": 0.7165231108665466,\n        \"specificity\": 0.9676837921142578\n    },\n    \"Erythema\": {\n        \"precision\": 0.6098360419273376,\n        \"recall\": 0.6262626051902771,\n        \"f1-score\": 0.6179401874542236,\n        \"specificity\": 0.992484986782074\n    },\n    \"Foreign Body\": {\n        \"precision\": 0.8823529481887817,\n        \"recall\": 0.9264705777168274,\n        \"f1-score\": 0.9038737416267395,\n        \"specificity\": 0.9973404407501221\n    },\n    \"Lymphangiectasia\": {\n        \"precision\": 0.8269230723381042,\n        \"recall\": 0.8775510191917419,\n        \"f1-score\": 0.8514851331710815,\n        \"specificity\": 0.996009886264801\n    },\n    \"Normal\": {\n        \"precision\": 0.9909871816635132,\n        \"recall\": 0.9485635161399841,\n        \"f1-score\": 0.9693113565444946,\n        \"specificity\": 0.9724317193031311\n    },\n    \"Polyp\": {\n        \"precision\": 0.628227174282074,\n        \"recall\": 0.7300000190734863,\n        \"f1-score\": 0.675300657749176,\n        \"specificity\": 0.9861822128295898\n    },\n    \"Ulcer\": {\n        \"precision\": 0.965753436088562,\n        \"recall\": 0.9860140085220337,\n        \"f1-score\": 0.9757785201072693,\n        \"specificity\": 0.9993689060211182\n    },\n    \"Worms\": {\n        \"precision\": 0.9710144996643066,\n        \"recall\": 0.9852941036224365,\n        \"f1-score\": 0.9781022071838379,\n        \"specificity\": 0.9998754858970642\n    },\n    \"macro avg\": {\n        \"precision\": 0.7988934516906738,\n        \"recall\": 0.8571657538414001,\n        \"f1-score\": 0.8258304595947266,\n        \"specificity\": 0.9893585443496704\n    },\n    \"accuracy\": 0.9181130528450012,\n    \"auc_roc_scores\": {\n        \"Angioectasia\": 0.9844333529472351,\n        \"Bleeding\": 0.9882770776748657,\n        \"Erosion\": 0.9754981994628906,\n        \"Erythema\": 0.9748567342758179,\n        \"Foreign Body\": 0.9920130968093872,\n        \"Lymphangiectasia\": 0.9946891069412231,\n        \"Normal\": 0.9931007623672485,\n        \"Polyp\": 0.9783504009246826,\n        \"Ulcer\": 0.9999421834945679,\n        \"Worms\": 0.9999963641166687\n    },\n    \"mean_auc\": 0.9881157279014587,\n    \"average_precision_scores\": {\n        \"Angioectasia\": 0.8554694652557373,\n        \"Bleeding\": 0.8952703475952148,\n        \"Erosion\": 0.7904207706451416,\n        \"Erythema\": 0.6133273839950562,\n        \"Foreign Body\": 0.9450535774230957,\n        \"Lymphangiectasia\": 0.9284142255783081,\n        \"Normal\": 0.9978939890861511,\n        \"Polyp\": 0.7500067949295044,\n        \"Ulcer\": 0.9969321489334106,\n        \"Worms\": 0.9991623163223267\n    },\n    \"mean_average_precision\": 0.8771950602531433,\n    \"mean_f1_score\": 0.8258304595947266,\n    \"mean_specificity\": 0.9893585443496704,\n    \"mean_sensitivity\": 0.8571657538414001,\n    \"balanced_accuracy\": 0.8571657538414001\n}"
}