{
    "epoch": 3,
    "train_metrics": "{\n    \"Angioectasia\": {\n        \"precision\": 0.8970026969909668,\n        \"recall\": 0.8866146206855774,\n        \"f1-score\": 0.8917784094810486,\n        \"specificity\": 0.9888476133346558\n    },\n    \"Bleeding\": {\n        \"precision\": 0.9267139434814453,\n        \"recall\": 0.9373007416725159,\n        \"f1-score\": 0.9319772720336914,\n        \"specificity\": 0.991756021976471\n    },\n    \"Erosion\": {\n        \"precision\": 0.7728662490844727,\n        \"recall\": 0.7574931979179382,\n        \"f1-score\": 0.7651025056838989,\n        \"specificity\": 0.9759259819984436\n    },\n    \"Erythema\": {\n        \"precision\": 0.8542099595069885,\n        \"recall\": 0.8625032901763916,\n        \"f1-score\": 0.8583365678787231,\n        \"specificity\": 0.9834004044532776\n    },\n    \"Foreign Body\": {\n        \"precision\": 0.9500796794891357,\n        \"recall\": 0.95033198595047,\n        \"f1-score\": 0.9502058029174805,\n        \"specificity\": 0.9944447875022888\n    },\n    \"Lymphangiectasia\": {\n        \"precision\": 0.9456067085266113,\n        \"recall\": 0.9428943991661072,\n        \"f1-score\": 0.944248616695404,\n        \"specificity\": 0.9938410520553589\n    },\n    \"Normal\": {\n        \"precision\": 0.8980609178543091,\n        \"recall\": 0.8785907626152039,\n        \"f1-score\": 0.8882191777229309,\n        \"specificity\": 0.9891499876976013\n    },\n    \"Polyp\": {\n        \"precision\": 0.8616940379142761,\n        \"recall\": 0.890282154083252,\n        \"f1-score\": 0.8757548332214355,\n        \"specificity\": 0.9838064908981323\n    },\n    \"Ulcer\": {\n        \"precision\": 0.9851694703102112,\n        \"recall\": 0.9841269850730896,\n        \"f1-score\": 0.9846479892730713,\n        \"specificity\": 0.9983445405960083\n    },\n    \"Worms\": {\n        \"precision\": 0.9930740594863892,\n        \"recall\": 0.9938682913780212,\n        \"f1-score\": 0.9934710264205933,\n        \"specificity\": 0.9992320537567139\n    },\n    \"macro avg\": {\n        \"precision\": 0.9084477424621582,\n        \"recall\": 0.9084007143974304,\n        \"f1-score\": 0.9083742499351501,\n        \"specificity\": 0.9898748397827148\n    },\n    \"accuracy\": 0.9088467359542847,\n    \"auc_roc_scores\": {\n        \"Angioectasia\": 0.9940023422241211,\n        \"Bleeding\": 0.9974914193153381,\n        \"Erosion\": 0.9729568362236023,\n        \"Erythema\": 0.9910625219345093,\n        \"Foreign Body\": 0.9983453750610352,\n        \"Lymphangiectasia\": 0.9980034232139587,\n        \"Normal\": 0.9905703663825989,\n        \"Polyp\": 0.9924485683441162,\n        \"Ulcer\": 0.9997659921646118,\n        \"Worms\": 0.9998847246170044\n    },\n    \"mean_auc\": 0.9934532046318054,\n    \"average_precision_scores\": {\n        \"Angioectasia\": 0.962012529373169,\n        \"Bleeding\": 0.980381965637207,\n        \"Erosion\": 0.8465443253517151,\n        \"Erythema\": 0.9270592927932739,\n        \"Foreign Body\": 0.9886966943740845,\n        \"Lymphangiectasia\": 0.9862380027770996,\n        \"Normal\": 0.9518317580223083,\n        \"Polyp\": 0.9467236995697021,\n        \"Ulcer\": 0.9978834390640259,\n        \"Worms\": 0.9996311068534851\n    },\n    \"mean_average_precision\": 0.9587002992630005,\n    \"mean_f1_score\": 0.9083742499351501,\n    \"mean_specificity\": 0.9898748397827148,\n    \"mean_sensitivity\": 0.9084007143974304,\n    \"balanced_accuracy\": 0.9084007143974304\n}",
    "test_metrics": "{\n    \"Angioectasia\": {\n        \"precision\": 0.5577957034111023,\n        \"recall\": 0.8350100517272949,\n        \"f1-score\": 0.6688154935836792,\n        \"specificity\": 0.97895747423172\n    },\n    \"Bleeding\": {\n        \"precision\": 0.761904776096344,\n        \"recall\": 0.8467966318130493,\n        \"f1-score\": 0.8021107912063599,\n        \"specificity\": 0.9939770698547363\n    },\n    \"Erosion\": {\n        \"precision\": 0.6318914294242859,\n        \"recall\": 0.6450216174125671,\n        \"f1-score\": 0.6383890509605408,\n        \"specificity\": 0.9710222482681274\n    },\n    \"Erythema\": {\n        \"precision\": 0.3980952501296997,\n        \"recall\": 0.7037037014961243,\n        \"f1-score\": 0.5085158348083496,\n        \"specificity\": 0.9800441861152649\n    },\n    \"Foreign Body\": {\n        \"precision\": 0.725806474685669,\n        \"recall\": 0.9264705777168274,\n        \"f1-score\": 0.8139534592628479,\n        \"specificity\": 0.992464542388916\n    },\n    \"Lymphangiectasia\": {\n        \"precision\": 0.6962617039680481,\n        \"recall\": 0.8688046932220459,\n        \"f1-score\": 0.7730220556259155,\n        \"specificity\": 0.9917663931846619\n    },\n    \"Normal\": {\n        \"precision\": 0.9890215992927551,\n        \"recall\": 0.9164971113204956,\n        \"f1-score\": 0.9513791799545288,\n        \"specificity\": 0.9674902558326721\n    },\n    \"Polyp\": {\n        \"precision\": 0.5397815704345703,\n        \"recall\": 0.6919999718666077,\n        \"f1-score\": 0.6064855456352234,\n        \"specificity\": 0.981128454208374\n    },\n    \"Ulcer\": {\n        \"precision\": 0.8553845882415771,\n        \"recall\": 0.9720279574394226,\n        \"f1-score\": 0.9099836349487305,\n        \"specificity\": 0.997033953666687\n    },\n    \"Worms\": {\n        \"precision\": 0.9436619877815247,\n        \"recall\": 0.9852941036224365,\n        \"f1-score\": 0.9640287756919861,\n        \"specificity\": 0.9997509717941284\n    },\n    \"macro avg\": {\n        \"precision\": 0.7099605798721313,\n        \"recall\": 0.8391626477241516,\n        \"f1-score\": 0.763668417930603,\n        \"specificity\": 0.9853636026382446\n    },\n    \"accuracy\": 0.8825936317443848,\n    \"auc_roc_scores\": {\n        \"Angioectasia\": 0.9832344055175781,\n        \"Bleeding\": 0.9889079332351685,\n        \"Erosion\": 0.9475076198577881,\n        \"Erythema\": 0.9758029580116272,\n        \"Foreign Body\": 0.9879125356674194,\n        \"Lymphangiectasia\": 0.9891148805618286,\n        \"Normal\": 0.988332211971283,\n        \"Polyp\": 0.9795831441879272,\n        \"Ulcer\": 0.998620867729187,\n        \"Worms\": 0.999975323677063\n    },\n    \"mean_auc\": 0.9838991165161133,\n    \"average_precision_scores\": {\n        \"Angioectasia\": 0.8355765342712402,\n        \"Bleeding\": 0.8820626735687256,\n        \"Erosion\": 0.7048876285552979,\n        \"Erythema\": 0.5722756385803223,\n        \"Foreign Body\": 0.9266232252120972,\n        \"Lymphangiectasia\": 0.8887609839439392,\n        \"Normal\": 0.9964010715484619,\n        \"Polyp\": 0.6795809864997864,\n        \"Ulcer\": 0.9817894697189331,\n        \"Worms\": 0.9947333335876465\n    },\n    \"mean_average_precision\": 0.8462691307067871,\n    \"mean_f1_score\": 0.763668417930603,\n    \"mean_specificity\": 0.9853636026382446,\n    \"mean_sensitivity\": 0.8391626477241516,\n    \"balanced_accuracy\": 0.8391626477241516\n}"
}