{
    "epoch": 6,
    "train_metrics": "{\n    \"Angioectasia\": {\n        \"precision\": 0.939584493637085,\n        \"recall\": 0.9367675185203552,\n        \"f1-score\": 0.9381738901138306,\n        \"specificity\": 0.9934881329536438\n    },\n    \"Bleeding\": {\n        \"precision\": 0.9476562738418579,\n        \"recall\": 0.9599050283432007,\n        \"f1-score\": 0.9537413120269775,\n        \"specificity\": 0.9940560460090637\n    },\n    \"Erosion\": {\n        \"precision\": 0.8654360771179199,\n        \"recall\": 0.8594580292701721,\n        \"f1-score\": 0.8624367117881775,\n        \"specificity\": 0.9851372241973877\n    },\n    \"Erythema\": {\n        \"precision\": 0.9133734703063965,\n        \"recall\": 0.9249933958053589,\n        \"f1-score\": 0.919146716594696,\n        \"specificity\": 0.9902169704437256\n    },\n    \"Foreign Body\": {\n        \"precision\": 0.9654353857040405,\n        \"recall\": 0.9651806950569153,\n        \"f1-score\": 0.9653080105781555,\n        \"specificity\": 0.996126115322113\n    },\n    \"Lymphangiectasia\": {\n        \"precision\": 0.96760094165802,\n        \"recall\": 0.9703455567359924,\n        \"f1-score\": 0.968971312046051,\n        \"specificity\": 0.9962643384933472\n    },\n    \"Normal\": {\n        \"precision\": 0.937061071395874,\n        \"recall\": 0.9221159219741821,\n        \"f1-score\": 0.9295284152030945,\n        \"specificity\": 0.9931156635284424\n    },\n    \"Polyp\": {\n        \"precision\": 0.9276618957519531,\n        \"recall\": 0.9249054789543152,\n        \"f1-score\": 0.9262816309928894,\n        \"specificity\": 0.9921250343322754\n    },\n    \"Ulcer\": {\n        \"precision\": 0.9914255142211914,\n        \"recall\": 0.9924892783164978,\n        \"f1-score\": 0.9919571280479431,\n        \"specificity\": 0.9990554451942444\n    },\n    \"Worms\": {\n        \"precision\": 0.9973304867744446,\n        \"recall\": 0.9965323805809021,\n        \"f1-score\": 0.9969313144683838,\n        \"specificity\": 0.9997046589851379\n    },\n    \"macro avg\": {\n        \"precision\": 0.9452565312385559,\n        \"recall\": 0.9452692866325378,\n        \"f1-score\": 0.9452476501464844,\n        \"specificity\": 0.9939289093017578\n    },\n    \"accuracy\": 0.9453558921813965,\n    \"auc_roc_scores\": {\n        \"Angioectasia\": 0.9980834722518921,\n        \"Bleeding\": 0.9989554286003113,\n        \"Erosion\": 0.9903339147567749,\n        \"Erythema\": 0.9966756105422974,\n        \"Foreign Body\": 0.9994112253189087,\n        \"Lymphangiectasia\": 0.9992989897727966,\n        \"Normal\": 0.9964452981948853,\n        \"Polyp\": 0.9973530173301697,\n        \"Ulcer\": 0.999958872795105,\n        \"Worms\": 0.9999948143959045\n    },\n    \"mean_auc\": 0.9976511001586914,\n    \"average_precision_scores\": {\n        \"Angioectasia\": 0.9864312410354614,\n        \"Bleeding\": 0.991037130355835,\n        \"Erosion\": 0.9379264712333679,\n        \"Erythema\": 0.9711987376213074,\n        \"Foreign Body\": 0.9950595498085022,\n        \"Lymphangiectasia\": 0.9950755834579468,\n        \"Normal\": 0.9800574779510498,\n        \"Polyp\": 0.9795442819595337,\n        \"Ulcer\": 0.999635636806488,\n        \"Worms\": 0.9999542236328125\n    },\n    \"mean_average_precision\": 0.9835920333862305,\n    \"mean_f1_score\": 0.9452476501464844,\n    \"mean_specificity\": 0.9939289093017578,\n    \"mean_sensitivity\": 0.9452692866325378,\n    \"balanced_accuracy\": 0.9452692866325378\n}",
    "test_metrics": "{\n    \"Angioectasia\": {\n        \"precision\": 0.6758957505226135,\n        \"recall\": 0.8350100517272949,\n        \"f1-score\": 0.7470747232437134,\n        \"specificity\": 0.9872721433639526\n    },\n    \"Bleeding\": {\n        \"precision\": 0.7908847332000732,\n        \"recall\": 0.8217270374298096,\n        \"f1-score\": 0.806010901927948,\n        \"specificity\": 0.9950548410415649\n    },\n    \"Erosion\": {\n        \"precision\": 0.6304503083229065,\n        \"recall\": 0.7636363506317139,\n        \"f1-score\": 0.6906812787055969,\n        \"specificity\": 0.965480387210846\n    },\n    \"Erythema\": {\n        \"precision\": 0.5196374654769897,\n        \"recall\": 0.5791245698928833,\n        \"f1-score\": 0.5477706789970398,\n        \"specificity\": 0.9899589419364929\n    },\n    \"Foreign Body\": {\n        \"precision\": 0.7022222280502319,\n        \"recall\": 0.929411768913269,\n        \"f1-score\": 0.800000011920929,\n        \"specificity\": 0.9915146827697754\n    },\n    \"Lymphangiectasia\": {\n        \"precision\": 0.7967032790184021,\n        \"recall\": 0.8454810380935669,\n        \"f1-score\": 0.8203677535057068,\n        \"specificity\": 0.9953131675720215\n    },\n    \"Normal\": {\n        \"precision\": 0.9919944405555725,\n        \"recall\": 0.9278098940849304,\n        \"f1-score\": 0.9588292241096497,\n        \"specificity\": 0.9760728478431702\n    },\n    \"Polyp\": {\n        \"precision\": 0.5363881587982178,\n        \"recall\": 0.7960000038146973,\n        \"f1-score\": 0.6409017443656921,\n        \"specificity\": 0.9779938459396362\n    },\n    \"Ulcer\": {\n        \"precision\": 0.939393937587738,\n        \"recall\": 0.9755244851112366,\n        \"f1-score\": 0.9571183323860168,\n        \"specificity\": 0.9988640546798706\n    },\n    \"Worms\": {\n        \"precision\": 0.9714285731315613,\n        \"recall\": 1.0,\n        \"f1-score\": 0.9855072498321533,\n        \"specificity\": 0.9998754858970642\n    },\n    \"macro avg\": {\n        \"precision\": 0.7554998993873596,\n        \"recall\": 0.8473725318908691,\n        \"f1-score\": 0.7954261898994446,\n        \"specificity\": 0.9877400398254395\n    },\n    \"accuracy\": 0.8997644186019897,\n    \"auc_roc_scores\": {\n        \"Angioectasia\": 0.9801992177963257,\n        \"Bleeding\": 0.9883330464363098,\n        \"Erosion\": 0.9633723497390747,\n        \"Erythema\": 0.9654464721679688,\n        \"Foreign Body\": 0.9926813244819641,\n        \"Lymphangiectasia\": 0.9914805889129639,\n        \"Normal\": 0.9907613396644592,\n        \"Polyp\": 0.9769638180732727,\n        \"Ulcer\": 0.999693751335144,\n        \"Worms\": 1.0\n    },\n    \"mean_auc\": 0.984893262386322,\n    \"average_precision_scores\": {\n        \"Angioectasia\": 0.8517726063728333,\n        \"Bleeding\": 0.8793413639068604,\n        \"Erosion\": 0.7796303033828735,\n        \"Erythema\": 0.566527783870697,\n        \"Foreign Body\": 0.9349795579910278,\n        \"Lymphangiectasia\": 0.8993239998817444,\n        \"Normal\": 0.9971181154251099,\n        \"Polyp\": 0.6973064541816711,\n        \"Ulcer\": 0.9883968234062195,\n        \"Worms\": 1.0\n    },\n    \"mean_average_precision\": 0.8594397902488708,\n    \"mean_f1_score\": 0.7954261898994446,\n    \"mean_specificity\": 0.9877400398254395,\n    \"mean_sensitivity\": 0.8473725318908691,\n    \"balanced_accuracy\": 0.8473725318908691\n}"
}