{
    "epoch": 18,
    "train_metrics": "{\n    \"Angioectasia\": {\n        \"precision\": 0.9772605895996094,\n        \"recall\": 0.9751735329627991,\n        \"f1-score\": 0.9762158989906311,\n        \"specificity\": 0.9974897503852844\n    },\n    \"Bleeding\": {\n        \"precision\": 0.9683869481086731,\n        \"recall\": 0.9819177985191345,\n        \"f1-score\": 0.9751054048538208,\n        \"specificity\": 0.9965544939041138\n    },\n    \"Erosion\": {\n        \"precision\": 0.9617237448692322,\n        \"recall\": 0.9296248555183411,\n        \"f1-score\": 0.9454019069671631,\n        \"specificity\": 0.9957619309425354\n    },\n    \"Erythema\": {\n        \"precision\": 0.9535061120986938,\n        \"recall\": 0.9710220098495483,\n        \"f1-score\": 0.9621843099594116,\n        \"specificity\": 0.9945765137672424\n    },\n    \"Foreign Body\": {\n        \"precision\": 0.9764363169670105,\n        \"recall\": 0.9871520400047302,\n        \"f1-score\": 0.9817649126052856,\n        \"specificity\": 0.9973723888397217\n    },\n    \"Lymphangiectasia\": {\n        \"precision\": 0.9860851168632507,\n        \"recall\": 0.9837159514427185,\n        \"f1-score\": 0.98489910364151,\n        \"specificity\": 0.9984642863273621\n    },\n    \"Normal\": {\n        \"precision\": 0.9832023978233337,\n        \"recall\": 0.9739667177200317,\n        \"f1-score\": 0.9785627722740173,\n        \"specificity\": 0.9981700778007507\n    },\n    \"Polyp\": {\n        \"precision\": 0.9689819812774658,\n        \"recall\": 0.9723330736160278,\n        \"f1-score\": 0.9706546068191528,\n        \"specificity\": 0.9965433478355408\n    },\n    \"Ulcer\": {\n        \"precision\": 0.9981651306152344,\n        \"recall\": 0.9984268546104431,\n        \"f1-score\": 0.9982959628105164,\n        \"specificity\": 0.9997928738594055\n    },\n    \"Worms\": {\n        \"precision\": 0.9983801245689392,\n        \"recall\": 0.999459445476532,\n        \"f1-score\": 0.9989194869995117,\n        \"specificity\": 0.9998230338096619\n    },\n    \"macro avg\": {\n        \"precision\": 0.9772129058837891,\n        \"recall\": 0.9772791862487793,\n        \"f1-score\": 0.977200448513031,\n        \"specificity\": 0.997454822063446\n    },\n    \"accuracy\": 0.9771053194999695,\n    \"auc_roc_scores\": {\n        \"Angioectasia\": 0.9998031258583069,\n        \"Bleeding\": 0.9998018145561218,\n        \"Erosion\": 0.9985342025756836,\n        \"Erythema\": 0.9994876384735107,\n        \"Foreign Body\": 0.9998700618743896,\n        \"Lymphangiectasia\": 0.9998219013214111,\n        \"Normal\": 0.9993435740470886,\n        \"Polyp\": 0.9996652007102966,\n        \"Ulcer\": 0.9999949932098389,\n        \"Worms\": 0.9999997615814209\n    },\n    \"mean_auc\": 0.9996322989463806,\n    \"average_precision_scores\": {\n        \"Angioectasia\": 0.9983459711074829,\n        \"Bleeding\": 0.9981659650802612,\n        \"Erosion\": 0.9890199303627014,\n        \"Erythema\": 0.9955132603645325,\n        \"Foreign Body\": 0.9988161325454712,\n        \"Lymphangiectasia\": 0.9991087317466736,\n        \"Normal\": 0.9964188933372498,\n        \"Polyp\": 0.9968135356903076,\n        \"Ulcer\": 0.999958872795105,\n        \"Worms\": 0.9999978542327881\n    },\n    \"mean_average_precision\": 0.9972159266471863,\n    \"mean_f1_score\": 0.977200448513031,\n    \"mean_specificity\": 0.997454822063446,\n    \"mean_sensitivity\": 0.9772791862487793,\n    \"balanced_accuracy\": 0.9772791862487793\n}",
    "test_metrics": "{\n    \"Angioectasia\": {\n        \"precision\": 0.767175555229187,\n        \"recall\": 0.8088530898094177,\n        \"f1-score\": 0.7874632477760315,\n        \"specificity\": 0.9921969771385193\n    },\n    \"Bleeding\": {\n        \"precision\": 0.8131579160690308,\n        \"recall\": 0.8607242107391357,\n        \"f1-score\": 0.8362652063369751,\n        \"specificity\": 0.9954986572265625\n    },\n    \"Erosion\": {\n        \"precision\": 0.7047184109687805,\n        \"recall\": 0.8017315864562988,\n        \"f1-score\": 0.7501012682914734,\n        \"specificity\": 0.9740936160087585\n    },\n    \"Erythema\": {\n        \"precision\": 0.611801266670227,\n        \"recall\": 0.6632996797561646,\n        \"f1-score\": 0.6365104913711548,\n        \"specificity\": 0.9921060800552368\n    },\n    \"Foreign Body\": {\n        \"precision\": 0.8694444298744202,\n        \"recall\": 0.9205882549285889,\n        \"f1-score\": 0.8942857384681702,\n        \"specificity\": 0.9970238208770752\n    },\n    \"Lymphangiectasia\": {\n        \"precision\": 0.8118279576301575,\n        \"recall\": 0.8804664611816406,\n        \"f1-score\": 0.844755232334137,\n        \"specificity\": 0.9955665469169617\n    },\n    \"Normal\": {\n        \"precision\": 0.9867819547653198,\n        \"recall\": 0.9660617113113403,\n        \"f1-score\": 0.9763119220733643,\n        \"specificity\": 0.958647608757019\n    },\n    \"Polyp\": {\n        \"precision\": 0.7350427508354187,\n        \"recall\": 0.6880000233650208,\n        \"f1-score\": 0.71074378490448,\n        \"specificity\": 0.9920675754547119\n    },\n    \"Ulcer\": {\n        \"precision\": 0.9656357169151306,\n        \"recall\": 0.9825174808502197,\n        \"f1-score\": 0.9740034937858582,\n        \"specificity\": 0.9993689060211182\n    },\n    \"Worms\": {\n        \"precision\": 0.9444444179534912,\n        \"recall\": 1.0,\n        \"f1-score\": 0.9714285731315613,\n        \"specificity\": 0.9997509717941284\n    },\n    \"macro avg\": {\n        \"precision\": 0.8210030794143677,\n        \"recall\": 0.8572242856025696,\n        \"f1-score\": 0.8381869196891785,\n        \"specificity\": 0.9896320700645447\n    },\n    \"accuracy\": 0.9305727481842041,\n    \"auc_roc_scores\": {\n        \"Angioectasia\": 0.98564213514328,\n        \"Bleeding\": 0.9817327857017517,\n        \"Erosion\": 0.9755655527114868,\n        \"Erythema\": 0.9723169207572937,\n        \"Foreign Body\": 0.9924710392951965,\n        \"Lymphangiectasia\": 0.9926967024803162,\n        \"Normal\": 0.994089663028717,\n        \"Polyp\": 0.9774175882339478,\n        \"Ulcer\": 0.9985466003417969,\n        \"Worms\": 0.9999917149543762\n    },\n    \"mean_auc\": 0.987047016620636,\n    \"average_precision_scores\": {\n        \"Angioectasia\": 0.8725794553756714,\n        \"Bleeding\": 0.9023734331130981,\n        \"Erosion\": 0.8181585073471069,\n        \"Erythema\": 0.62847501039505,\n        \"Foreign Body\": 0.9466003179550171,\n        \"Lymphangiectasia\": 0.922734260559082,\n        \"Normal\": 0.9981310367584229,\n        \"Polyp\": 0.7561759948730469,\n        \"Ulcer\": 0.9943705797195435,\n        \"Worms\": 0.9980558156967163\n    },\n    \"mean_average_precision\": 0.8837653994560242,\n    \"mean_f1_score\": 0.8381869196891785,\n    \"mean_specificity\": 0.9896320700645447,\n    \"mean_sensitivity\": 0.8572242856025696,\n    \"balanced_accuracy\": 0.8572242856025696\n}"
}