{
    "epoch": 17,
    "train_metrics": "{\n    \"Angioectasia\": {\n        \"precision\": 0.9756684303283691,\n        \"recall\": 0.9754076600074768,\n        \"f1-score\": 0.9755380153656006,\n        \"specificity\": 0.9973129630088806\n    },\n    \"Bleeding\": {\n        \"precision\": 0.9687334299087524,\n        \"recall\": 0.9801608324050903,\n        \"f1-score\": 0.9744136333465576,\n        \"specificity\": 0.9965168237686157\n    },\n    \"Erosion\": {\n        \"precision\": 0.9584832787513733,\n        \"recall\": 0.9224826693534851,\n        \"f1-score\": 0.9401384592056274,\n        \"specificity\": 0.9955690503120422\n    },\n    \"Erythema\": {\n        \"precision\": 0.9423571825027466,\n        \"recall\": 0.9675033092498779,\n        \"f1-score\": 0.954764723777771,\n        \"specificity\": 0.9933770895004272\n    },\n    \"Foreign Body\": {\n        \"precision\": 0.9736495614051819,\n        \"recall\": 0.9834975004196167,\n        \"f1-score\": 0.9785487055778503,\n        \"specificity\": 0.9970458149909973\n    },\n    \"Lymphangiectasia\": {\n        \"precision\": 0.9860215187072754,\n        \"recall\": 0.9860215187072754,\n        \"f1-score\": 0.9860215187072754,\n        \"specificity\": 0.9984654784202576\n    },\n    \"Normal\": {\n        \"precision\": 0.9852309226989746,\n        \"recall\": 0.9778784513473511,\n        \"f1-score\": 0.9815409183502197,\n        \"specificity\": 0.998375415802002\n    },\n    \"Polyp\": {\n        \"precision\": 0.9742589592933655,\n        \"recall\": 0.9719844460487366,\n        \"f1-score\": 0.973120391368866,\n        \"specificity\": 0.997066855430603\n    },\n    \"Ulcer\": {\n        \"precision\": 0.9981343150138855,\n        \"recall\": 0.9978683590888977,\n        \"f1-score\": 0.9980013370513916,\n        \"specificity\": 0.9997932314872742\n    },\n    \"Worms\": {\n        \"precision\": 0.9997338056564331,\n        \"recall\": 0.9989361763000488,\n        \"f1-score\": 0.9993348121643066,\n        \"specificity\": 0.9999704360961914\n    },\n    \"macro avg\": {\n        \"precision\": 0.9762272238731384,\n        \"recall\": 0.9761741757392883,\n        \"f1-score\": 0.9761422276496887,\n        \"specificity\": 0.9973493814468384\n    },\n    \"accuracy\": 0.9761480689048767,\n    \"auc_roc_scores\": {\n        \"Angioectasia\": 0.9997771978378296,\n        \"Bleeding\": 0.9997736215591431,\n        \"Erosion\": 0.9982205629348755,\n        \"Erythema\": 0.9993644952774048,\n        \"Foreign Body\": 0.99985671043396,\n        \"Lymphangiectasia\": 0.9999315738677979,\n        \"Normal\": 0.9996015429496765,\n        \"Polyp\": 0.9997245073318481,\n        \"Ulcer\": 0.9999977350234985,\n        \"Worms\": 0.9999999403953552\n    },\n    \"mean_auc\": 0.9996247291564941,\n    \"average_precision_scores\": {\n        \"Angioectasia\": 0.9981611371040344,\n        \"Bleeding\": 0.9979302883148193,\n        \"Erosion\": 0.9862927794456482,\n        \"Erythema\": 0.99429851770401,\n        \"Foreign Body\": 0.9987179636955261,\n        \"Lymphangiectasia\": 0.9993892312049866,\n        \"Normal\": 0.997328519821167,\n        \"Polyp\": 0.9977316856384277,\n        \"Ulcer\": 0.9999800324440002,\n        \"Worms\": 0.9999992847442627\n    },\n    \"mean_average_precision\": 0.996982991695404,\n    \"mean_f1_score\": 0.9761422276496887,\n    \"mean_specificity\": 0.9973493814468384,\n    \"mean_sensitivity\": 0.9761741757392883,\n    \"balanced_accuracy\": 0.9761741757392883\n}",
    "test_metrics": "{\n    \"Angioectasia\": {\n        \"precision\": 0.7232142686843872,\n        \"recall\": 0.8148893117904663,\n        \"f1-score\": 0.766319751739502,\n        \"specificity\": 0.9900863170623779\n    },\n    \"Bleeding\": {\n        \"precision\": 0.8211382031440735,\n        \"recall\": 0.844011127948761,\n        \"f1-score\": 0.8324176073074341,\n        \"specificity\": 0.995815634727478\n    },\n    \"Erosion\": {\n        \"precision\": 0.7015945315361023,\n        \"recall\": 0.800000011920929,\n        \"f1-score\": 0.7475728392601013,\n        \"specificity\": 0.9737597703933716\n    },\n    \"Erythema\": {\n        \"precision\": 0.6038338541984558,\n        \"recall\": 0.6363636255264282,\n        \"f1-score\": 0.6196721196174622,\n        \"specificity\": 0.9921692609786987\n    },\n    \"Foreign Body\": {\n        \"precision\": 0.8364115953445435,\n        \"recall\": 0.9323529601097107,\n        \"f1-score\": 0.8817802667617798,\n        \"specificity\": 0.9960739612579346\n    },\n    \"Lymphangiectasia\": {\n        \"precision\": 0.8385269045829773,\n        \"recall\": 0.8629737496376038,\n        \"f1-score\": 0.8505747318267822,\n        \"specificity\": 0.9963898658752441\n    },\n    \"Normal\": {\n        \"precision\": 0.9884557723999023,\n        \"recall\": 0.9616668224334717,\n        \"f1-score\": 0.9748772978782654,\n        \"specificity\": 0.9641092419624329\n    },\n    \"Polyp\": {\n        \"precision\": 0.7044146060943604,\n        \"recall\": 0.734000027179718,\n        \"f1-score\": 0.7189030647277832,\n        \"specificity\": 0.9901484251022339\n    },\n    \"Ulcer\": {\n        \"precision\": 0.9562289714813232,\n        \"recall\": 0.9930070042610168,\n        \"f1-score\": 0.9742709994316101,\n        \"specificity\": 0.9991796016693115\n    },\n    \"Worms\": {\n        \"precision\": 0.9855072498321533,\n        \"recall\": 1.0,\n        \"f1-score\": 0.9927007555961609,\n        \"specificity\": 0.9999377727508545\n    },\n    \"macro avg\": {\n        \"precision\": 0.8159326910972595,\n        \"recall\": 0.8579264879226685,\n        \"f1-score\": 0.8359088897705078,\n        \"specificity\": 0.9897670149803162\n    },\n    \"accuracy\": 0.9279072880744934,\n    \"auc_roc_scores\": {\n        \"Angioectasia\": 0.9818174839019775,\n        \"Bleeding\": 0.9828780889511108,\n        \"Erosion\": 0.9737607836723328,\n        \"Erythema\": 0.9700226783752441,\n        \"Foreign Body\": 0.9913720488548279,\n        \"Lymphangiectasia\": 0.9929184317588806,\n        \"Normal\": 0.9941943883895874,\n        \"Polyp\": 0.977042019367218,\n        \"Ulcer\": 0.9999304413795471,\n        \"Worms\": 1.0\n    },\n    \"mean_auc\": 0.9863935708999634,\n    \"average_precision_scores\": {\n        \"Angioectasia\": 0.8548102378845215,\n        \"Bleeding\": 0.8993003964424133,\n        \"Erosion\": 0.8154874444007874,\n        \"Erythema\": 0.6199656128883362,\n        \"Foreign Body\": 0.9445559978485107,\n        \"Lymphangiectasia\": 0.9157727360725403,\n        \"Normal\": 0.998160719871521,\n        \"Polyp\": 0.7425810098648071,\n        \"Ulcer\": 0.9966129064559937,\n        \"Worms\": 1.0\n    },\n    \"mean_average_precision\": 0.8787246942520142,\n    \"mean_f1_score\": 0.8359088897705078,\n    \"mean_specificity\": 0.9897670149803162,\n    \"mean_sensitivity\": 0.8579264879226685,\n    \"balanced_accuracy\": 0.8579264879226685\n}"
}