{
    "epoch": 5,
    "train_metrics": "{\n    \"Angioectasia\": {\n        \"precision\": 0.9307382702827454,\n        \"recall\": 0.9247799515724182,\n        \"f1-score\": 0.927749514579773,\n        \"specificity\": 0.9923799633979797\n    },\n    \"Bleeding\": {\n        \"precision\": 0.9474647045135498,\n        \"recall\": 0.9574748873710632,\n        \"f1-score\": 0.9524434804916382,\n        \"specificity\": 0.9940569400787354\n    },\n    \"Erosion\": {\n        \"precision\": 0.8505997657775879,\n        \"recall\": 0.8317781686782837,\n        \"f1-score\": 0.8410837054252625,\n        \"specificity\": 0.9838138222694397\n    },\n    \"Erythema\": {\n        \"precision\": 0.9038461446762085,\n        \"recall\": 0.9171940684318542,\n        \"f1-score\": 0.9104712009429932,\n        \"specificity\": 0.9890581369400024\n    },\n    \"Foreign Body\": {\n        \"precision\": 0.961927592754364,\n        \"recall\": 0.9670770764350891,\n        \"f1-score\": 0.9644954800605774,\n        \"specificity\": 0.9957780838012695\n    },\n    \"Lymphangiectasia\": {\n        \"precision\": 0.9615991711616516,\n        \"recall\": 0.9626119136810303,\n        \"f1-score\": 0.9621052742004395,\n        \"specificity\": 0.995681643486023\n    },\n    \"Normal\": {\n        \"precision\": 0.9318728446960449,\n        \"recall\": 0.9183781147003174,\n        \"f1-score\": 0.9250762462615967,\n        \"specificity\": 0.9924576282501221\n    },\n    \"Polyp\": {\n        \"precision\": 0.9164309501647949,\n        \"recall\": 0.9252336621284485,\n        \"f1-score\": 0.9208112359046936,\n        \"specificity\": 0.990371823310852\n    },\n    \"Ulcer\": {\n        \"precision\": 0.9908307790756226,\n        \"recall\": 0.9916573762893677,\n        \"f1-score\": 0.9912438988685608,\n        \"specificity\": 0.9990296959877014\n    },\n    \"Worms\": {\n        \"precision\": 0.9954679012298584,\n        \"recall\": 0.9959989190101624,\n        \"f1-score\": 0.9957333207130432,\n        \"specificity\": 0.9994978904724121\n    },\n    \"macro avg\": {\n        \"precision\": 0.9390777945518494,\n        \"recall\": 0.9392183423042297,\n        \"f1-score\": 0.9391213655471802,\n        \"specificity\": 0.9932125210762024\n    },\n    \"accuracy\": 0.9389475584030151,\n    \"auc_roc_scores\": {\n        \"Angioectasia\": 0.9972825646400452,\n        \"Bleeding\": 0.9988394975662231,\n        \"Erosion\": 0.9868752956390381,\n        \"Erythema\": 0.9960501194000244,\n        \"Foreign Body\": 0.999104380607605,\n        \"Lymphangiectasia\": 0.9991033673286438,\n        \"Normal\": 0.9951814413070679,\n        \"Polyp\": 0.9965712428092957,\n        \"Ulcer\": 0.9999091625213623,\n        \"Worms\": 0.99998939037323\n    },\n    \"mean_auc\": 0.996890664100647,\n    \"average_precision_scores\": {\n        \"Angioectasia\": 0.9812808036804199,\n        \"Bleeding\": 0.9902309775352478,\n        \"Erosion\": 0.9198812246322632,\n        \"Erythema\": 0.9669061899185181,\n        \"Foreign Body\": 0.994397759437561,\n        \"Lymphangiectasia\": 0.9933543801307678,\n        \"Normal\": 0.9746919870376587,\n        \"Polyp\": 0.9737690687179565,\n        \"Ulcer\": 0.9993152618408203,\n        \"Worms\": 0.9999038577079773\n    },\n    \"mean_average_precision\": 0.9793731570243835,\n    \"mean_f1_score\": 0.9391213655471802,\n    \"mean_specificity\": 0.9932125210762024,\n    \"mean_sensitivity\": 0.9392183423042297,\n    \"balanced_accuracy\": 0.9392183423042297\n}",
    "test_metrics": "{\n    \"Angioectasia\": {\n        \"precision\": 0.8133047223091125,\n        \"recall\": 0.7625754475593567,\n        \"f1-score\": 0.7871235609054565,\n        \"specificity\": 0.9944355487823486\n    },\n    \"Bleeding\": {\n        \"precision\": 0.7647058963775635,\n        \"recall\": 0.8328690528869629,\n        \"f1-score\": 0.7973333597183228,\n        \"specificity\": 0.9941672682762146\n    },\n    \"Erosion\": {\n        \"precision\": 0.6367098093032837,\n        \"recall\": 0.723809540271759,\n        \"f1-score\": 0.6774716377258301,\n        \"specificity\": 0.9681511521339417\n    },\n    \"Erythema\": {\n        \"precision\": 0.49100255966186523,\n        \"recall\": 0.6430976390838623,\n        \"f1-score\": 0.556851327419281,\n        \"specificity\": 0.9874960780143738\n    },\n    \"Foreign Body\": {\n        \"precision\": 0.6817204356193542,\n        \"recall\": 0.9323529601097107,\n        \"f1-score\": 0.7875776290893555,\n        \"specificity\": 0.990628182888031\n    },\n    \"Lymphangiectasia\": {\n        \"precision\": 0.625250518321991,\n        \"recall\": 0.909621000289917,\n        \"f1-score\": 0.7410926222801208,\n        \"specificity\": 0.9881563186645508\n    },\n    \"Normal\": {\n        \"precision\": 0.9879102110862732,\n        \"recall\": 0.9310653805732727,\n        \"f1-score\": 0.9586458206176758,\n        \"specificity\": 0.963589072227478\n    },\n    \"Polyp\": {\n        \"precision\": 0.5601851940155029,\n        \"recall\": 0.7260000109672546,\n        \"f1-score\": 0.6324042081832886,\n        \"specificity\": 0.9817681908607483\n    },\n    \"Ulcer\": {\n        \"precision\": 0.8903225660324097,\n        \"recall\": 0.9650349617004395,\n        \"f1-score\": 0.926174521446228,\n        \"specificity\": 0.9978543519973755\n    },\n    \"Worms\": {\n        \"precision\": 0.9577465057373047,\n        \"recall\": 1.0,\n        \"f1-score\": 0.9784172773361206,\n        \"specificity\": 0.9998132586479187\n    },\n    \"macro avg\": {\n        \"precision\": 0.740885853767395,\n        \"recall\": 0.842642605304718,\n        \"f1-score\": 0.7843092083930969,\n        \"specificity\": 0.9866059422492981\n    },\n    \"accuracy\": 0.8976568579673767,\n    \"auc_roc_scores\": {\n        \"Angioectasia\": 0.9780195951461792,\n        \"Bleeding\": 0.9894852042198181,\n        \"Erosion\": 0.9605380892753601,\n        \"Erythema\": 0.974699079990387,\n        \"Foreign Body\": 0.991560697555542,\n        \"Lymphangiectasia\": 0.9934683442115784,\n        \"Normal\": 0.9897529482841492,\n        \"Polyp\": 0.9804229140281677,\n        \"Ulcer\": 0.9985864162445068,\n        \"Worms\": 0.9999963641166687\n    },\n    \"mean_auc\": 0.9856529235839844,\n    \"average_precision_scores\": {\n        \"Angioectasia\": 0.8469423651695251,\n        \"Bleeding\": 0.8862413167953491,\n        \"Erosion\": 0.7529962062835693,\n        \"Erythema\": 0.5883623361587524,\n        \"Foreign Body\": 0.9297692775726318,\n        \"Lymphangiectasia\": 0.9047166109085083,\n        \"Normal\": 0.9967753887176514,\n        \"Polyp\": 0.6843724846839905,\n        \"Ulcer\": 0.9715569019317627,\n        \"Worms\": 0.9991536140441895\n    },\n    \"mean_average_precision\": 0.8560886383056641,\n    \"mean_f1_score\": 0.7843092083930969,\n    \"mean_specificity\": 0.9866059422492981,\n    \"mean_sensitivity\": 0.842642605304718,\n    \"balanced_accuracy\": 0.842642605304718\n}"
}