{
    "epoch": 13,
    "train_metrics": "{\n    \"Angioectasia\": {\n        \"precision\": 0.970302402973175,\n        \"recall\": 0.9713513255119324,\n        \"f1-score\": 0.9708265662193298,\n        \"specificity\": 0.996755838394165\n    },\n    \"Bleeding\": {\n        \"precision\": 0.9620355367660522,\n        \"recall\": 0.9735694527626038,\n        \"f1-score\": 0.967768132686615,\n        \"specificity\": 0.9958452582359314\n    },\n    \"Erosion\": {\n        \"precision\": 0.9413196444511414,\n        \"recall\": 0.9143682718276978,\n        \"f1-score\": 0.9276482462882996,\n        \"specificity\": 0.9935798645019531\n    },\n    \"Erythema\": {\n        \"precision\": 0.9396751523017883,\n        \"recall\": 0.9536891579627991,\n        \"f1-score\": 0.9466302990913391,\n        \"specificity\": 0.9930738210678101\n    },\n    \"Foreign Body\": {\n        \"precision\": 0.9740362167358398,\n        \"recall\": 0.9799472093582153,\n        \"f1-score\": 0.9769827723503113,\n        \"specificity\": 0.9970724582672119\n    },\n    \"Lymphangiectasia\": {\n        \"precision\": 0.9793432354927063,\n        \"recall\": 0.9775310754776001,\n        \"f1-score\": 0.978436291217804,\n        \"specificity\": 0.9976939558982849\n    },\n    \"Normal\": {\n        \"precision\": 0.9728767275810242,\n        \"recall\": 0.9649456739425659,\n        \"f1-score\": 0.9688949584960938,\n        \"specificity\": 0.997081995010376\n    },\n    \"Polyp\": {\n        \"precision\": 0.9575533866882324,\n        \"recall\": 0.9613552093505859,\n        \"f1-score\": 0.9594505429267883,\n        \"specificity\": 0.9952407479286194\n    },\n    \"Ulcer\": {\n        \"precision\": 0.9984399080276489,\n        \"recall\": 0.9989594221115112,\n        \"f1-score\": 0.9986996054649353,\n        \"specificity\": 0.9998223185539246\n    },\n    \"Worms\": {\n        \"precision\": 0.9991965889930725,\n        \"recall\": 0.999464213848114,\n        \"f1-score\": 0.9993304014205933,\n        \"specificity\": 0.9999114274978638\n    },\n    \"macro avg\": {\n        \"precision\": 0.9694778323173523,\n        \"recall\": 0.9695181250572205,\n        \"f1-score\": 0.9694668054580688,\n        \"specificity\": 0.996607780456543\n    },\n    \"accuracy\": 0.9694737792015076,\n    \"auc_roc_scores\": {\n        \"Angioectasia\": 0.9996427297592163,\n        \"Bleeding\": 0.9996652603149414,\n        \"Erosion\": 0.9973012804985046,\n        \"Erythema\": 0.9990147948265076,\n        \"Foreign Body\": 0.9998270869255066,\n        \"Lymphangiectasia\": 0.9997937679290771,\n        \"Normal\": 0.9993039965629578,\n        \"Polyp\": 0.9994251728057861,\n        \"Ulcer\": 0.999998927116394,\n        \"Worms\": 0.9999998807907104\n    },\n    \"mean_auc\": 0.9993972778320312,\n    \"average_precision_scores\": {\n        \"Angioectasia\": 0.9971082210540771,\n        \"Bleeding\": 0.9969213604927063,\n        \"Erosion\": 0.9807374477386475,\n        \"Erythema\": 0.9913058876991272,\n        \"Foreign Body\": 0.998481273651123,\n        \"Lymphangiectasia\": 0.9984538555145264,\n        \"Normal\": 0.9949310421943665,\n        \"Polyp\": 0.9953083395957947,\n        \"Ulcer\": 0.9999903440475464,\n        \"Worms\": 0.9999989867210388\n    },\n    \"mean_average_precision\": 0.9953237771987915,\n    \"mean_f1_score\": 0.9694668054580688,\n    \"mean_specificity\": 0.996607780456543,\n    \"mean_sensitivity\": 0.9695181250572205,\n    \"balanced_accuracy\": 0.9695181250572205\n}",
    "test_metrics": "{\n    \"Angioectasia\": {\n        \"precision\": 0.7385740280151367,\n        \"recall\": 0.8128772377967834,\n        \"f1-score\": 0.7739463448524475,\n        \"specificity\": 0.9908538460731506\n    },\n    \"Bleeding\": {\n        \"precision\": 0.7673267126083374,\n        \"recall\": 0.8635097742080688,\n        \"f1-score\": 0.8125818967819214,\n        \"specificity\": 0.9940404295921326\n    },\n    \"Erosion\": {\n        \"precision\": 0.6952595710754395,\n        \"recall\": 0.800000011920929,\n        \"f1-score\": 0.7439613342285156,\n        \"specificity\": 0.9729585647583008\n    },\n    \"Erythema\": {\n        \"precision\": 0.6060606241226196,\n        \"recall\": 0.6060606241226196,\n        \"f1-score\": 0.6060606241226196,\n        \"specificity\": 0.992611289024353\n    },\n    \"Foreign Body\": {\n        \"precision\": 0.8428184390068054,\n        \"recall\": 0.9147058725357056,\n        \"f1-score\": 0.8772919774055481,\n        \"specificity\": 0.99632728099823\n    },\n    \"Lymphangiectasia\": {\n        \"precision\": 0.7847769260406494,\n        \"recall\": 0.8717201352119446,\n        \"f1-score\": 0.8259668350219727,\n        \"specificity\": 0.9948065280914307\n    },\n    \"Normal\": {\n        \"precision\": 0.9868133664131165,\n        \"recall\": 0.9562138915061951,\n        \"f1-score\": 0.9712727069854736,\n        \"specificity\": 0.9591677784919739\n    },\n    \"Polyp\": {\n        \"precision\": 0.6802973747253418,\n        \"recall\": 0.7319999933242798,\n        \"f1-score\": 0.7052023410797119,\n        \"specificity\": 0.9889969229698181\n    },\n    \"Ulcer\": {\n        \"precision\": 0.9625850319862366,\n        \"recall\": 0.9895104765892029,\n        \"f1-score\": 0.9758620858192444,\n        \"specificity\": 0.9993058443069458\n    },\n    \"Worms\": {\n        \"precision\": 1.0,\n        \"recall\": 0.9852941036224365,\n        \"f1-score\": 0.9925925731658936,\n        \"specificity\": 1.0\n    },\n    \"macro avg\": {\n        \"precision\": 0.8064512610435486,\n        \"recall\": 0.8531892895698547,\n        \"f1-score\": 0.8284738659858704,\n        \"specificity\": 0.9889068603515625\n    },\n    \"accuracy\": 0.9231961369514465,\n    \"auc_roc_scores\": {\n        \"Angioectasia\": 0.9795104265213013,\n        \"Bleeding\": 0.9895150661468506,\n        \"Erosion\": 0.9725577235221863,\n        \"Erythema\": 0.9737268686294556,\n        \"Foreign Body\": 0.9928523302078247,\n        \"Lymphangiectasia\": 0.991469144821167,\n        \"Normal\": 0.9929766058921814,\n        \"Polyp\": 0.9786322712898254,\n        \"Ulcer\": 0.9998501539230347,\n        \"Worms\": 1.0\n    },\n    \"mean_auc\": 0.9871090054512024,\n    \"average_precision_scores\": {\n        \"Angioectasia\": 0.8575960397720337,\n        \"Bleeding\": 0.900518000125885,\n        \"Erosion\": 0.8197458982467651,\n        \"Erythema\": 0.6116483807563782,\n        \"Foreign Body\": 0.9421940445899963,\n        \"Lymphangiectasia\": 0.924030601978302,\n        \"Normal\": 0.9977484941482544,\n        \"Polyp\": 0.7565096616744995,\n        \"Ulcer\": 0.9946978092193604,\n        \"Worms\": 1.0\n    },\n    \"mean_average_precision\": 0.8804689645767212,\n    \"mean_f1_score\": 0.8284738659858704,\n    \"mean_specificity\": 0.9889068603515625,\n    \"mean_sensitivity\": 0.8531892895698547,\n    \"balanced_accuracy\": 0.8531892895698547\n}"
}