{
    "epoch": 15,
    "train_metrics": "{\n    \"Angioectasia\": {\n        \"precision\": 0.9612629413604736,\n        \"recall\": 0.9610079526901245,\n        \"f1-score\": 0.9611354470252991,\n        \"specificity\": 0.9956852197647095\n    },\n    \"Bleeding\": {\n        \"precision\": 0.9574798941612244,\n        \"recall\": 0.9723538756370544,\n        \"f1-score\": 0.9648595452308655,\n        \"specificity\": 0.9951491951942444\n    },\n    \"Erosion\": {\n        \"precision\": 0.9033921360969543,\n        \"recall\": 0.8823217749595642,\n        \"f1-score\": 0.8927326202392578,\n        \"specificity\": 0.9894780516624451\n    },\n    \"Erythema\": {\n        \"precision\": 0.9315977692604065,\n        \"recall\": 0.9505208134651184,\n        \"f1-score\": 0.9409641623497009,\n        \"specificity\": 0.9920632839202881\n    },\n    \"Foreign Body\": {\n        \"precision\": 0.9732675552368164,\n        \"recall\": 0.9752925634384155,\n        \"f1-score\": 0.9742790460586548,\n        \"specificity\": 0.9969492554664612\n    },\n    \"Lymphangiectasia\": {\n        \"precision\": 0.9778748750686646,\n        \"recall\": 0.9773409962654114,\n        \"f1-score\": 0.9776078462600708,\n        \"specificity\": 0.9976137280464172\n    },\n    \"Normal\": {\n        \"precision\": 0.9603633284568787,\n        \"recall\": 0.9406847953796387,\n        \"f1-score\": 0.9504222273826599,\n        \"specificity\": 0.9957519769668579\n    },\n    \"Polyp\": {\n        \"precision\": 0.9410005211830139,\n        \"recall\": 0.9482191801071167,\n        \"f1-score\": 0.9445960521697998,\n        \"specificity\": 0.9936095476150513\n    },\n    \"Ulcer\": {\n        \"precision\": 0.9951884746551514,\n        \"recall\": 0.9943910241127014,\n        \"f1-score\": 0.9947896003723145,\n        \"specificity\": 0.9994684457778931\n    },\n    \"Worms\": {\n        \"precision\": 0.997114360332489,\n        \"recall\": 0.9963302612304688,\n        \"f1-score\": 0.9967221617698669,\n        \"specificity\": 0.9996744990348816\n    },\n    \"macro avg\": {\n        \"precision\": 0.9598541259765625,\n        \"recall\": 0.9598463177680969,\n        \"f1-score\": 0.9598108530044556,\n        \"specificity\": 0.9955442547798157\n    },\n    \"accuracy\": 0.9599010944366455,\n    \"auc_roc_scores\": {\n        \"Angioectasia\": 0.9992260932922363,\n        \"Bleeding\": 0.9994969367980957,\n        \"Erosion\": 0.9940466284751892,\n        \"Erythema\": 0.9985042810440063,\n        \"Foreign Body\": 0.999643862247467,\n        \"Lymphangiectasia\": 0.9996888637542725,\n        \"Normal\": 0.9977831840515137,\n        \"Polyp\": 0.9989148378372192,\n        \"Ulcer\": 0.9999822378158569,\n        \"Worms\": 0.9999966025352478\n    },\n    \"mean_auc\": 0.9987283945083618,\n    \"average_precision_scores\": {\n        \"Angioectasia\": 0.9939594268798828,\n        \"Bleeding\": 0.9957491755485535,\n        \"Erosion\": 0.9610562324523926,\n        \"Erythema\": 0.986925482749939,\n        \"Foreign Body\": 0.9970787763595581,\n        \"Lymphangiectasia\": 0.9974335432052612,\n        \"Normal\": 0.9869062900543213,\n        \"Polyp\": 0.9905375242233276,\n        \"Ulcer\": 0.9998430609703064,\n        \"Worms\": 0.9999700784683228\n    },\n    \"mean_average_precision\": 0.9909459948539734,\n    \"mean_f1_score\": 0.9598108530044556,\n    \"mean_specificity\": 0.9955442547798157,\n    \"mean_sensitivity\": 0.9598463177680969,\n    \"balanced_accuracy\": 0.9598463177680969\n}",
    "test_metrics": "{\n    \"Angioectasia\": {\n        \"precision\": 0.7115043997764587,\n        \"recall\": 0.8088530898094177,\n        \"f1-score\": 0.7570621371269226,\n        \"specificity\": 0.989574670791626\n    },\n    \"Bleeding\": {\n        \"precision\": 0.8048128485679626,\n        \"recall\": 0.8384401202201843,\n        \"f1-score\": 0.8212823867797852,\n        \"specificity\": 0.9953718185424805\n    },\n    \"Erosion\": {\n        \"precision\": 0.6584269404411316,\n        \"recall\": 0.7610389590263367,\n        \"f1-score\": 0.7060241103172302,\n        \"specificity\": 0.9695532917976379\n    },\n    \"Erythema\": {\n        \"precision\": 0.545714259147644,\n        \"recall\": 0.6430976390838623,\n        \"f1-score\": 0.5904173254966736,\n        \"specificity\": 0.9899589419364929\n    },\n    \"Foreign Body\": {\n        \"precision\": 0.7076566219329834,\n        \"recall\": 0.8970588445663452,\n        \"f1-score\": 0.7911803126335144,\n        \"specificity\": 0.9920212626457214\n    },\n    \"Lymphangiectasia\": {\n        \"precision\": 0.7431421279907227,\n        \"recall\": 0.8688046932220459,\n        \"f1-score\": 0.801075279712677,\n        \"specificity\": 0.9934764504432678\n    },\n    \"Normal\": {\n        \"precision\": 0.9869358539581299,\n        \"recall\": 0.9468544125556946,\n        \"f1-score\": 0.9664797782897949,\n        \"specificity\": 0.9599480032920837\n    },\n    \"Polyp\": {\n        \"precision\": 0.6515151262283325,\n        \"recall\": 0.6880000233650208,\n        \"f1-score\": 0.6692606806755066,\n        \"specificity\": 0.9882292747497559\n    },\n    \"Ulcer\": {\n        \"precision\": 0.9618055820465088,\n        \"recall\": 0.9685314893722534,\n        \"f1-score\": 0.9651567935943604,\n        \"specificity\": 0.9993058443069458\n    },\n    \"Worms\": {\n        \"precision\": 0.9305555820465088,\n        \"recall\": 0.9852941036224365,\n        \"f1-score\": 0.9571428298950195,\n        \"specificity\": 0.9996887445449829\n    },\n    \"macro avg\": {\n        \"precision\": 0.7702069282531738,\n        \"recall\": 0.8405973315238953,\n        \"f1-score\": 0.8025081753730774,\n        \"specificity\": 0.9877128601074219\n    },\n    \"accuracy\": 0.9111083745956421,\n    \"auc_roc_scores\": {\n        \"Angioectasia\": 0.9802860617637634,\n        \"Bleeding\": 0.9879975318908691,\n        \"Erosion\": 0.9670650959014893,\n        \"Erythema\": 0.9714187383651733,\n        \"Foreign Body\": 0.9906916618347168,\n        \"Lymphangiectasia\": 0.9888930320739746,\n        \"Normal\": 0.9914317727088928,\n        \"Polyp\": 0.977375864982605,\n        \"Ulcer\": 0.9985424280166626,\n        \"Worms\": 0.9999634027481079\n    },\n    \"mean_auc\": 0.9853665232658386,\n    \"average_precision_scores\": {\n        \"Angioectasia\": 0.8401738405227661,\n        \"Bleeding\": 0.8881368637084961,\n        \"Erosion\": 0.7821630239486694,\n        \"Erythema\": 0.5967240333557129,\n        \"Foreign Body\": 0.9177505970001221,\n        \"Lymphangiectasia\": 0.8932428359985352,\n        \"Normal\": 0.997368574142456,\n        \"Polyp\": 0.7226338386535645,\n        \"Ulcer\": 0.9895572662353516,\n        \"Worms\": 0.9936832785606384\n    },\n    \"mean_average_precision\": 0.8621434569358826,\n    \"mean_f1_score\": 0.8025081753730774,\n    \"mean_specificity\": 0.9877128601074219,\n    \"mean_sensitivity\": 0.8405973315238953,\n    \"balanced_accuracy\": 0.8405973315238953\n}"
}