{
    "epoch": 17,
    "train_metrics": "{\n    \"Angioectasia\": {\n        \"precision\": 0.966329038143158,\n        \"recall\": 0.9623773097991943,\n        \"f1-score\": 0.9643491506576538,\n        \"specificity\": 0.9963758587837219\n    },\n    \"Bleeding\": {\n        \"precision\": 0.9619171023368835,\n        \"recall\": 0.9732634425163269,\n        \"f1-score\": 0.9675570130348206,\n        \"specificity\": 0.9956498742103577\n    },\n    \"Erosion\": {\n        \"precision\": 0.9149875640869141,\n        \"recall\": 0.895461916923523,\n        \"f1-score\": 0.9051194787025452,\n        \"specificity\": 0.9909157752990723\n    },\n    \"Erythema\": {\n        \"precision\": 0.9312155246734619,\n        \"recall\": 0.9496653079986572,\n        \"f1-score\": 0.9403499364852905,\n        \"specificity\": 0.992264986038208\n    },\n    \"Foreign Body\": {\n        \"precision\": 0.9732716679573059,\n        \"recall\": 0.9760309457778931,\n        \"f1-score\": 0.9746493101119995,\n        \"specificity\": 0.9969164133071899\n    },\n    \"Lymphangiectasia\": {\n        \"precision\": 0.9780982732772827,\n        \"recall\": 0.9760127663612366,\n        \"f1-score\": 0.9770544171333313,\n        \"specificity\": 0.9975779056549072\n    },\n    \"Normal\": {\n        \"precision\": 0.9687920212745667,\n        \"recall\": 0.9511357545852661,\n        \"f1-score\": 0.9598827362060547,\n        \"specificity\": 0.9965701699256897\n    },\n    \"Polyp\": {\n        \"precision\": 0.9463210105895996,\n        \"recall\": 0.9550740122795105,\n        \"f1-score\": 0.9506773352622986,\n        \"specificity\": 0.9939390420913696\n    },\n    \"Ulcer\": {\n        \"precision\": 0.9953488111495972,\n        \"recall\": 0.9964393377304077,\n        \"f1-score\": 0.9958937764167786,\n        \"specificity\": 0.9994993805885315\n    },\n    \"Worms\": {\n        \"precision\": 0.9976537823677063,\n        \"recall\": 0.998174250125885,\n        \"f1-score\": 0.9979139566421509,\n        \"specificity\": 0.9997335076332092\n    },\n    \"macro avg\": {\n        \"precision\": 0.96339350938797,\n        \"recall\": 0.9633634686470032,\n        \"f1-score\": 0.9633447527885437,\n        \"specificity\": 0.9959443211555481\n    },\n    \"accuracy\": 0.9634908437728882,\n    \"auc_roc_scores\": {\n        \"Angioectasia\": 0.9993035197257996,\n        \"Bleeding\": 0.9995507597923279,\n        \"Erosion\": 0.9956578016281128,\n        \"Erythema\": 0.9987701177597046,\n        \"Foreign Body\": 0.9996718764305115,\n        \"Lymphangiectasia\": 0.9997361898422241,\n        \"Normal\": 0.9983478784561157,\n        \"Polyp\": 0.9991142153739929,\n        \"Ulcer\": 0.9999921917915344,\n        \"Worms\": 0.9999977350234985\n    },\n    \"mean_auc\": 0.9990141987800598,\n    \"average_precision_scores\": {\n        \"Angioectasia\": 0.9947671294212341,\n        \"Bleeding\": 0.9961035251617432,\n        \"Erosion\": 0.9688158631324768,\n        \"Erythema\": 0.9891136288642883,\n        \"Foreign Body\": 0.9975996613502502,\n        \"Lymphangiectasia\": 0.9979940056800842,\n        \"Normal\": 0.990323543548584,\n        \"Polyp\": 0.9924513101577759,\n        \"Ulcer\": 0.9999282360076904,\n        \"Worms\": 0.9999796152114868\n    },\n    \"mean_average_precision\": 0.9927076697349548,\n    \"mean_f1_score\": 0.9633447527885437,\n    \"mean_specificity\": 0.9959443211555481,\n    \"mean_sensitivity\": 0.9633634686470032,\n    \"balanced_accuracy\": 0.9633634686470032\n}",
    "test_metrics": "{\n    \"Angioectasia\": {\n        \"precision\": 0.7405303120613098,\n        \"recall\": 0.786720335483551,\n        \"f1-score\": 0.7629268169403076,\n        \"specificity\": 0.9912375807762146\n    },\n    \"Bleeding\": {\n        \"precision\": 0.7831632494926453,\n        \"recall\": 0.8551532030105591,\n        \"f1-score\": 0.8175765872001648,\n        \"specificity\": 0.9946110248565674\n    },\n    \"Erosion\": {\n        \"precision\": 0.6559701561927795,\n        \"recall\": 0.7610389590263367,\n        \"f1-score\": 0.704609215259552,\n        \"specificity\": 0.969219446182251\n    },\n    \"Erythema\": {\n        \"precision\": 0.5138121843338013,\n        \"recall\": 0.6262626051902771,\n        \"f1-score\": 0.5644916296005249,\n        \"specificity\": 0.9888854026794434\n    },\n    \"Foreign Body\": {\n        \"precision\": 0.8236914873123169,\n        \"recall\": 0.8794117569923401,\n        \"f1-score\": 0.8506401181221008,\n        \"specificity\": 0.9959473013877869\n    },\n    \"Lymphangiectasia\": {\n        \"precision\": 0.8005390763282776,\n        \"recall\": 0.8658891916275024,\n        \"f1-score\": 0.831932783126831,\n        \"specificity\": 0.9953131675720215\n    },\n    \"Normal\": {\n        \"precision\": 0.985716700553894,\n        \"recall\": 0.9492146372795105,\n        \"f1-score\": 0.9671213626861572,\n        \"specificity\": 0.9560468196868896\n    },\n    \"Polyp\": {\n        \"precision\": 0.6333333253860474,\n        \"recall\": 0.722000002861023,\n        \"f1-score\": 0.6747663617134094,\n        \"specificity\": 0.9866299629211426\n    },\n    \"Ulcer\": {\n        \"precision\": 0.9238410592079163,\n        \"recall\": 0.9755244851112366,\n        \"f1-score\": 0.9489796161651611,\n        \"specificity\": 0.9985485076904297\n    },\n    \"Worms\": {\n        \"precision\": 0.9444444179534912,\n        \"recall\": 1.0,\n        \"f1-score\": 0.9714285731315613,\n        \"specificity\": 0.9997509717941284\n    },\n    \"macro avg\": {\n        \"precision\": 0.7805042266845703,\n        \"recall\": 0.8421215415000916,\n        \"f1-score\": 0.8094472885131836,\n        \"specificity\": 0.9876190423965454\n    },\n    \"accuracy\": 0.9130920171737671,\n    \"auc_roc_scores\": {\n        \"Angioectasia\": 0.9803129434585571,\n        \"Bleeding\": 0.9878712892532349,\n        \"Erosion\": 0.9650934934616089,\n        \"Erythema\": 0.9636305570602417,\n        \"Foreign Body\": 0.9887783527374268,\n        \"Lymphangiectasia\": 0.989561140537262,\n        \"Normal\": 0.9918709993362427,\n        \"Polyp\": 0.9746823310852051,\n        \"Ulcer\": 0.9997279047966003,\n        \"Worms\": 0.999983549118042\n    },\n    \"mean_auc\": 0.984151303768158,\n    \"average_precision_scores\": {\n        \"Angioectasia\": 0.8333810567855835,\n        \"Bleeding\": 0.8845307230949402,\n        \"Erosion\": 0.7805112600326538,\n        \"Erythema\": 0.576628565788269,\n        \"Foreign Body\": 0.9199124574661255,\n        \"Lymphangiectasia\": 0.9037922620773315,\n        \"Normal\": 0.9974936842918396,\n        \"Polyp\": 0.7441597580909729,\n        \"Ulcer\": 0.9913934469223022,\n        \"Worms\": 0.9962189197540283\n    },\n    \"mean_average_precision\": 0.8628022074699402,\n    \"mean_f1_score\": 0.8094472885131836,\n    \"mean_specificity\": 0.9876190423965454,\n    \"mean_sensitivity\": 0.8421215415000916,\n    \"balanced_accuracy\": 0.8421215415000916\n}"
}