{
    "epoch": 2,
    "train_metrics": "{\n    \"Angioectasia\": {\n        \"precision\": 0.8284204602241516,\n        \"recall\": 0.7878867983818054,\n        \"f1-score\": 0.8076453804969788,\n        \"specificity\": 0.9817596077919006\n    },\n    \"Bleeding\": {\n        \"precision\": 0.8655126690864563,\n        \"recall\": 0.8685194849967957,\n        \"f1-score\": 0.8670134544372559,\n        \"specificity\": 0.9850878715515137\n    },\n    \"Erosion\": {\n        \"precision\": 0.5860088467597961,\n        \"recall\": 0.5972332954406738,\n        \"f1-score\": 0.591567873954773,\n        \"specificity\": 0.9531434774398804\n    },\n    \"Erythema\": {\n        \"precision\": 0.6963135004043579,\n        \"recall\": 0.712476909160614,\n        \"f1-score\": 0.7043024897575378,\n        \"specificity\": 0.9651644229888916\n    },\n    \"Foreign Body\": {\n        \"precision\": 0.8969321846961975,\n        \"recall\": 0.8833819031715393,\n        \"f1-score\": 0.8901054859161377,\n        \"specificity\": 0.9886800050735474\n    },\n    \"Lymphangiectasia\": {\n        \"precision\": 0.9013698697090149,\n        \"recall\": 0.878270149230957,\n        \"f1-score\": 0.8896700739860535,\n        \"specificity\": 0.9893683195114136\n    },\n    \"Normal\": {\n        \"precision\": 0.8086768984794617,\n        \"recall\": 0.7835509181022644,\n        \"f1-score\": 0.7959156632423401,\n        \"specificity\": 0.978979766368866\n    },\n    \"Polyp\": {\n        \"precision\": 0.7023326754570007,\n        \"recall\": 0.7510846257209778,\n        \"f1-score\": 0.7258909940719604,\n        \"specificity\": 0.9653881192207336\n    },\n    \"Ulcer\": {\n        \"precision\": 0.9568827152252197,\n        \"recall\": 0.9530541300773621,\n        \"f1-score\": 0.9549645781517029,\n        \"specificity\": 0.9952448606491089\n    },\n    \"Worms\": {\n        \"precision\": 0.9694012403488159,\n        \"recall\": 0.9805229306221008,\n        \"f1-score\": 0.9749303460121155,\n        \"specificity\": 0.9965740442276001\n    },\n    \"macro avg\": {\n        \"precision\": 0.8211851119995117,\n        \"recall\": 0.8195981383323669,\n        \"f1-score\": 0.8202006220817566,\n        \"specificity\": 0.9799391031265259\n    },\n    \"accuracy\": 0.8194485306739807,\n    \"auc_roc_scores\": {\n        \"Angioectasia\": 0.9767235517501831,\n        \"Bleeding\": 0.9904972314834595,\n        \"Erosion\": 0.9315944910049438,\n        \"Erythema\": 0.9667843580245972,\n        \"Foreign Body\": 0.991540789604187,\n        \"Lymphangiectasia\": 0.9901732206344604,\n        \"Normal\": 0.9736630916595459,\n        \"Polyp\": 0.9701395034790039,\n        \"Ulcer\": 0.9983910322189331,\n        \"Worms\": 0.9995790123939514\n    },\n    \"mean_auc\": 0.9789086580276489,\n    \"average_precision_scores\": {\n        \"Angioectasia\": 0.89455246925354,\n        \"Bleeding\": 0.9417915940284729,\n        \"Erosion\": 0.6578159928321838,\n        \"Erythema\": 0.7830744385719299,\n        \"Foreign Body\": 0.9541901350021362,\n        \"Lymphangiectasia\": 0.9494197964668274,\n        \"Normal\": 0.8806297779083252,\n        \"Polyp\": 0.8074648380279541,\n        \"Ulcer\": 0.9895637035369873,\n        \"Worms\": 0.9967900514602661\n    },\n    \"mean_average_precision\": 0.8855293393135071,\n    \"mean_f1_score\": 0.8202006220817566,\n    \"mean_specificity\": 0.9799391031265259,\n    \"mean_sensitivity\": 0.8195981383323669,\n    \"balanced_accuracy\": 0.8195981383323669\n}",
    "test_metrics": "{\n    \"Angioectasia\": {\n        \"precision\": 0.5947825908660889,\n        \"recall\": 0.6881287693977356,\n        \"f1-score\": 0.638059675693512,\n        \"specificity\": 0.9850975275039673\n    },\n    \"Bleeding\": {\n        \"precision\": 0.6811926364898682,\n        \"recall\": 0.8272980451583862,\n        \"f1-score\": 0.7471697926521301,\n        \"specificity\": 0.9911874532699585\n    },\n    \"Erosion\": {\n        \"precision\": 0.4465648829936981,\n        \"recall\": 0.6077921986579895,\n        \"f1-score\": 0.5148515105247498,\n        \"specificity\": 0.9419109225273132\n    },\n    \"Erythema\": {\n        \"precision\": 0.2859450578689575,\n        \"recall\": 0.5959596037864685,\n        \"f1-score\": 0.38646286725997925,\n        \"specificity\": 0.9720871448516846\n    },\n    \"Foreign Body\": {\n        \"precision\": 0.4301675856113434,\n        \"recall\": 0.9058823585510254,\n        \"f1-score\": 0.5833333134651184,\n        \"specificity\": 0.9741641283035278\n    },\n    \"Lymphangiectasia\": {\n        \"precision\": 0.5025125741958618,\n        \"recall\": 0.8746355772018433,\n        \"f1-score\": 0.6382978558540344,\n        \"specificity\": 0.9811894297599792\n    },\n    \"Normal\": {\n        \"precision\": 0.987821638584137,\n        \"recall\": 0.8185887336730957,\n        \"f1-score\": 0.8952779173851013,\n        \"specificity\": 0.9677503108978271\n    },\n    \"Polyp\": {\n        \"precision\": 0.38646286725997925,\n        \"recall\": 0.7080000042915344,\n        \"f1-score\": 0.5,\n        \"specificity\": 0.9640480875968933\n    },\n    \"Ulcer\": {\n        \"precision\": 0.6875,\n        \"recall\": 0.9230769276618958,\n        \"f1-score\": 0.7880597114562988,\n        \"specificity\": 0.9924271106719971\n    },\n    \"Worms\": {\n        \"precision\": 0.4962962865829468,\n        \"recall\": 0.9852941036224365,\n        \"f1-score\": 0.6600984930992126,\n        \"specificity\": 0.9957669377326965\n    },\n    \"macro avg\": {\n        \"precision\": 0.5499246716499329,\n        \"recall\": 0.7934656143188477,\n        \"f1-score\": 0.6351611018180847,\n        \"specificity\": 0.9765629172325134\n    },\n    \"accuracy\": 0.7977312207221985,\n    \"auc_roc_scores\": {\n        \"Angioectasia\": 0.9477103352546692,\n        \"Bleeding\": 0.9848771691322327,\n        \"Erosion\": 0.918060302734375,\n        \"Erythema\": 0.9460358619689941,\n        \"Foreign Body\": 0.9849989414215088,\n        \"Lymphangiectasia\": 0.9819267988204956,\n        \"Normal\": 0.9731214046478271,\n        \"Polyp\": 0.9663352370262146,\n        \"Ulcer\": 0.9937843084335327,\n        \"Worms\": 0.9998288154602051\n    },\n    \"mean_auc\": 0.969667911529541,\n    \"average_precision_scores\": {\n        \"Angioectasia\": 0.711645245552063,\n        \"Bleeding\": 0.8594233989715576,\n        \"Erosion\": 0.5030514001846313,\n        \"Erythema\": 0.39791667461395264,\n        \"Foreign Body\": 0.85029137134552,\n        \"Lymphangiectasia\": 0.8282831311225891,\n        \"Normal\": 0.9915052652359009,\n        \"Polyp\": 0.6027126312255859,\n        \"Ulcer\": 0.929520308971405,\n        \"Worms\": 0.9735387563705444\n    },\n    \"mean_average_precision\": 0.764788806438446,\n    \"mean_f1_score\": 0.6351611018180847,\n    \"mean_specificity\": 0.9765629172325134,\n    \"mean_sensitivity\": 0.7934656143188477,\n    \"balanced_accuracy\": 0.7934656143188477\n}"
}