{
    "epoch": 3,
    "train_metrics": "{\n    \"Angioectasia\": {\n        \"precision\": 0.8579848408699036,\n        \"recall\": 0.82398921251297,\n        \"f1-score\": 0.8406434655189514,\n        \"specificity\": 0.9850724339485168\n    },\n    \"Bleeding\": {\n        \"precision\": 0.8892439007759094,\n        \"recall\": 0.8920940160751343,\n        \"f1-score\": 0.890666663646698,\n        \"specificity\": 0.9877151846885681\n    },\n    \"Erosion\": {\n        \"precision\": 0.6604215502738953,\n        \"recall\": 0.6623173356056213,\n        \"f1-score\": 0.6613680720329285,\n        \"specificity\": 0.9613619446754456\n    },\n    \"Erythema\": {\n        \"precision\": 0.7613695859909058,\n        \"recall\": 0.7741163969039917,\n        \"f1-score\": 0.7676900625228882,\n        \"specificity\": 0.9730232954025269\n    },\n    \"Foreign Body\": {\n        \"precision\": 0.9213051795959473,\n        \"recall\": 0.9093369245529175,\n        \"f1-score\": 0.9152819514274597,\n        \"specificity\": 0.9915369153022766\n    },\n    \"Lymphangiectasia\": {\n        \"precision\": 0.9209054708480835,\n        \"recall\": 0.9121603965759277,\n        \"f1-score\": 0.9165120720863342,\n        \"specificity\": 0.9912171959877014\n    },\n    \"Normal\": {\n        \"precision\": 0.8532775640487671,\n        \"recall\": 0.8296718001365662,\n        \"f1-score\": 0.841309130191803,\n        \"specificity\": 0.9844928979873657\n    },\n    \"Polyp\": {\n        \"precision\": 0.7692118287086487,\n        \"recall\": 0.8141292929649353,\n        \"f1-score\": 0.7910334467887878,\n        \"specificity\": 0.9722542762756348\n    },\n    \"Ulcer\": {\n        \"precision\": 0.9669724702835083,\n        \"recall\": 0.9674796462059021,\n        \"f1-score\": 0.9672260284423828,\n        \"specificity\": 0.996271550655365\n    },\n    \"Worms\": {\n        \"precision\": 0.978706419467926,\n        \"recall\": 0.9842076897621155,\n        \"f1-score\": 0.9814493656158447,\n        \"specificity\": 0.9976381063461304\n    },\n    \"macro avg\": {\n        \"precision\": 0.8579398989677429,\n        \"recall\": 0.8569502830505371,\n        \"f1-score\": 0.8573180437088013,\n        \"specificity\": 0.9840583801269531\n    },\n    \"accuracy\": 0.8565958738327026,\n    \"auc_roc_scores\": {\n        \"Angioectasia\": 0.9845396280288696,\n        \"Bleeding\": 0.9934741258621216,\n        \"Erosion\": 0.9492548704147339,\n        \"Erythema\": 0.978487491607666,\n        \"Foreign Body\": 0.9952672719955444,\n        \"Lymphangiectasia\": 0.9945172071456909,\n        \"Normal\": 0.9823330640792847,\n        \"Polyp\": 0.9814542531967163,\n        \"Ulcer\": 0.9988714456558228,\n        \"Worms\": 0.9996930360794067\n    },\n    \"mean_auc\": 0.9857892990112305,\n    \"average_precision_scores\": {\n        \"Angioectasia\": 0.9223577976226807,\n        \"Bleeding\": 0.9557493329048157,\n        \"Erosion\": 0.7427015900611877,\n        \"Erythema\": 0.848423957824707,\n        \"Foreign Body\": 0.9711242914199829,\n        \"Lymphangiectasia\": 0.9689657688140869,\n        \"Normal\": 0.9122002720832825,\n        \"Polyp\": 0.8760973215103149,\n        \"Ulcer\": 0.9943794012069702,\n        \"Worms\": 0.9979447722434998\n    },\n    \"mean_average_precision\": 0.9189945459365845,\n    \"mean_f1_score\": 0.8573180437088013,\n    \"mean_specificity\": 0.9840583801269531,\n    \"mean_sensitivity\": 0.8569502830505371,\n    \"balanced_accuracy\": 0.8569502830505371\n}",
    "test_metrics": "{\n    \"Angioectasia\": {\n        \"precision\": 0.535251796245575,\n        \"recall\": 0.7484909296035767,\n        \"f1-score\": 0.6241610646247864,\n        \"specificity\": 0.9793412089347839\n    },\n    \"Bleeding\": {\n        \"precision\": 0.6946386694908142,\n        \"recall\": 0.8300835490226746,\n        \"f1-score\": 0.7563451528549194,\n        \"specificity\": 0.9916946887969971\n    },\n    \"Erosion\": {\n        \"precision\": 0.5069444179534912,\n        \"recall\": 0.6320346593856812,\n        \"f1-score\": 0.5626204013824463,\n        \"specificity\": 0.952593982219696\n    },\n    \"Erythema\": {\n        \"precision\": 0.3652482330799103,\n        \"recall\": 0.6936026811599731,\n        \"f1-score\": 0.47851336002349854,\n        \"specificity\": 0.9773918390274048\n    },\n    \"Foreign Body\": {\n        \"precision\": 0.5872092843055725,\n        \"recall\": 0.8911764621734619,\n        \"f1-score\": 0.7079439163208008,\n        \"specificity\": 0.9865121841430664\n    },\n    \"Lymphangiectasia\": {\n        \"precision\": 0.6369863152503967,\n        \"recall\": 0.8134110569953918,\n        \"f1-score\": 0.7144686579704285,\n        \"specificity\": 0.9899296760559082\n    },\n    \"Normal\": {\n        \"precision\": 0.9889201521873474,\n        \"recall\": 0.8862212300300598,\n        \"f1-score\": 0.9347583651542664,\n        \"specificity\": 0.968270480632782\n    },\n    \"Polyp\": {\n        \"precision\": 0.46188339591026306,\n        \"recall\": 0.6179999709129333,\n        \"f1-score\": 0.5286569595336914,\n        \"specificity\": 0.9769703149795532\n    },\n    \"Ulcer\": {\n        \"precision\": 0.8959731459617615,\n        \"recall\": 0.9335664510726929,\n        \"f1-score\": 0.914383590221405,\n        \"specificity\": 0.9980436563491821\n    },\n    \"Worms\": {\n        \"precision\": 0.9027777910232544,\n        \"recall\": 0.9558823704719543,\n        \"f1-score\": 0.9285714030265808,\n        \"specificity\": 0.9995642304420471\n    },\n    \"macro avg\": {\n        \"precision\": 0.6575833559036255,\n        \"recall\": 0.8002468943595886,\n        \"f1-score\": 0.7150422930717468,\n        \"specificity\": 0.9820311665534973\n    },\n    \"accuracy\": 0.8503595590591431,\n    \"auc_roc_scores\": {\n        \"Angioectasia\": 0.9684646725654602,\n        \"Bleeding\": 0.9902915954589844,\n        \"Erosion\": 0.9473373889923096,\n        \"Erythema\": 0.9709619283676147,\n        \"Foreign Body\": 0.9837961196899414,\n        \"Lymphangiectasia\": 0.9854112863540649,\n        \"Normal\": 0.9795173406600952,\n        \"Polyp\": 0.9690771102905273,\n        \"Ulcer\": 0.999127984046936,\n        \"Worms\": 0.9998728036880493\n    },\n    \"mean_auc\": 0.9793857932090759,\n    \"average_precision_scores\": {\n        \"Angioectasia\": 0.7648435235023499,\n        \"Bleeding\": 0.8589141368865967,\n        \"Erosion\": 0.6480599045753479,\n        \"Erythema\": 0.504230260848999,\n        \"Foreign Body\": 0.8913812041282654,\n        \"Lymphangiectasia\": 0.811252236366272,\n        \"Normal\": 0.9936132431030273,\n        \"Polyp\": 0.5975635051727295,\n        \"Ulcer\": 0.9769055843353271,\n        \"Worms\": 0.983913242816925\n    },\n    \"mean_average_precision\": 0.803067684173584,\n    \"mean_f1_score\": 0.7150422930717468,\n    \"mean_specificity\": 0.9820311665534973,\n    \"mean_sensitivity\": 0.8002468943595886,\n    \"balanced_accuracy\": 0.8002468943595886\n}"
}