{
    "epoch": 6,
    "train_metrics": "{\n    \"Angioectasia\": {\n        \"precision\": 0.9026864171028137,\n        \"recall\": 0.8887988924980164,\n        \"f1-score\": 0.8956888318061829,\n        \"specificity\": 0.9895286560058594\n    },\n    \"Bleeding\": {\n        \"precision\": 0.9225277900695801,\n        \"recall\": 0.9318910241127014,\n        \"f1-score\": 0.9271857738494873,\n        \"specificity\": 0.9913474917411804\n    },\n    \"Erosion\": {\n        \"precision\": 0.7743966579437256,\n        \"recall\": 0.7699530720710754,\n        \"f1-score\": 0.7721684575080872,\n        \"specificity\": 0.9745358824729919\n    },\n    \"Erythema\": {\n        \"precision\": 0.8529646396636963,\n        \"recall\": 0.8674959540367126,\n        \"f1-score\": 0.8601689338684082,\n        \"specificity\": 0.9836916327476501\n    },\n    \"Foreign Body\": {\n        \"precision\": 0.9475366473197937,\n        \"recall\": 0.9513369202613831,\n        \"f1-score\": 0.9494329690933228,\n        \"specificity\": 0.9941831231117249\n    },\n    \"Lymphangiectasia\": {\n        \"precision\": 0.9486768245697021,\n        \"recall\": 0.9489305019378662,\n        \"f1-score\": 0.9488036632537842,\n        \"specificity\": 0.9943307638168335\n    },\n    \"Normal\": {\n        \"precision\": 0.9101343750953674,\n        \"recall\": 0.8729860186576843,\n        \"f1-score\": 0.891173243522644,\n        \"specificity\": 0.9905261993408203\n    },\n    \"Polyp\": {\n        \"precision\": 0.8603953123092651,\n        \"recall\": 0.885655403137207,\n        \"f1-score\": 0.8728426098823547,\n        \"specificity\": 0.9834539294242859\n    },\n    \"Ulcer\": {\n        \"precision\": 0.9828049540519714,\n        \"recall\": 0.9806970357894897,\n        \"f1-score\": 0.9817498922348022,\n        \"specificity\": 0.998110830783844\n    },\n    \"Worms\": {\n        \"precision\": 0.9866387248039246,\n        \"recall\": 0.9887109398841858,\n        \"f1-score\": 0.9876737594604492,\n        \"specificity\": 0.9984910488128662\n    },\n    \"macro avg\": {\n        \"precision\": 0.9088762402534485,\n        \"recall\": 0.9086455702781677,\n        \"f1-score\": 0.9086888432502747,\n        \"specificity\": 0.9898200035095215\n    },\n    \"accuracy\": 0.9084212779998779,\n    \"auc_roc_scores\": {\n        \"Angioectasia\": 0.9934430718421936,\n        \"Bleeding\": 0.9974837303161621,\n        \"Erosion\": 0.9752736687660217,\n        \"Erythema\": 0.9912416338920593,\n        \"Foreign Body\": 0.998259425163269,\n        \"Lymphangiectasia\": 0.9980034828186035,\n        \"Normal\": 0.9901219606399536,\n        \"Polyp\": 0.9926192760467529,\n        \"Ulcer\": 0.9996894598007202,\n        \"Worms\": 0.9998130798339844\n    },\n    \"mean_auc\": 0.9935948252677917,\n    \"average_precision_scores\": {\n        \"Angioectasia\": 0.9610260725021362,\n        \"Bleeding\": 0.9797916412353516,\n        \"Erosion\": 0.8580891489982605,\n        \"Erythema\": 0.929839015007019,\n        \"Foreign Body\": 0.9880211353302002,\n        \"Lymphangiectasia\": 0.9871484041213989,\n        \"Normal\": 0.9507713913917542,\n        \"Polyp\": 0.9463320374488831,\n        \"Ulcer\": 0.997830867767334,\n        \"Worms\": 0.9990872144699097\n    },\n    \"mean_average_precision\": 0.9597936868667603,\n    \"mean_f1_score\": 0.9086888432502747,\n    \"mean_specificity\": 0.9898200035095215,\n    \"mean_sensitivity\": 0.9086455702781677,\n    \"balanced_accuracy\": 0.9086455702781677\n}",
    "test_metrics": "{\n    \"Angioectasia\": {\n        \"precision\": 0.5,\n        \"recall\": 0.7766599655151367,\n        \"f1-score\": 0.6083530187606812,\n        \"specificity\": 0.975311815738678\n    },\n    \"Bleeding\": {\n        \"precision\": 0.6361746191978455,\n        \"recall\": 0.8523676991462708,\n        \"f1-score\": 0.7285714149475098,\n        \"specificity\": 0.9889050722122192\n    },\n    \"Erosion\": {\n        \"precision\": 0.5899614095687866,\n        \"recall\": 0.6614718437194824,\n        \"f1-score\": 0.6236734986305237,\n        \"specificity\": 0.9645456075668335\n    },\n    \"Erythema\": {\n        \"precision\": 0.3947368562221527,\n        \"recall\": 0.6565656661987305,\n        \"f1-score\": 0.4930467903614044,\n        \"specificity\": 0.9811177849769592\n    },\n    \"Foreign Body\": {\n        \"precision\": 0.6100000143051147,\n        \"recall\": 0.8970588445663452,\n        \"f1-score\": 0.726190447807312,\n        \"specificity\": 0.9876520037651062\n    },\n    \"Lymphangiectasia\": {\n        \"precision\": 0.7624309659004211,\n        \"recall\": 0.8046647310256958,\n        \"f1-score\": 0.7829787135124207,\n        \"specificity\": 0.9945531487464905\n    },\n    \"Normal\": {\n        \"precision\": 0.987464189529419,\n        \"recall\": 0.8975339531898499,\n        \"f1-score\": 0.9403538703918457,\n        \"specificity\": 0.963589072227478\n    },\n    \"Polyp\": {\n        \"precision\": 0.5189504623413086,\n        \"recall\": 0.7120000123977661,\n        \"f1-score\": 0.6003372669219971,\n        \"specificity\": 0.9788894653320312\n    },\n    \"Ulcer\": {\n        \"precision\": 0.926174521446228,\n        \"recall\": 0.9650349617004395,\n        \"f1-score\": 0.9452054500579834,\n        \"specificity\": 0.9986116290092468\n    },\n    \"Worms\": {\n        \"precision\": 0.8684210777282715,\n        \"recall\": 0.970588207244873,\n        \"f1-score\": 0.9166666865348816,\n        \"specificity\": 0.9993774890899658\n    },\n    \"macro avg\": {\n        \"precision\": 0.6794314384460449,\n        \"recall\": 0.819394588470459,\n        \"f1-score\": 0.736537754535675,\n        \"specificity\": 0.9832553267478943\n    },\n    \"accuracy\": 0.8652368187904358,\n    \"auc_roc_scores\": {\n        \"Angioectasia\": 0.9684020280838013,\n        \"Bleeding\": 0.9877276420593262,\n        \"Erosion\": 0.9401780366897583,\n        \"Erythema\": 0.9662929773330688,\n        \"Foreign Body\": 0.9868320226669312,\n        \"Lymphangiectasia\": 0.9829208850860596,\n        \"Normal\": 0.9842383861541748,\n        \"Polyp\": 0.9739410877227783,\n        \"Ulcer\": 0.9986996650695801,\n        \"Worms\": 0.9995120763778687\n    },\n    \"mean_auc\": 0.9788743853569031,\n    \"average_precision_scores\": {\n        \"Angioectasia\": 0.7667089700698853,\n        \"Bleeding\": 0.849422812461853,\n        \"Erosion\": 0.6889338493347168,\n        \"Erythema\": 0.5219677090644836,\n        \"Foreign Body\": 0.8741319179534912,\n        \"Lymphangiectasia\": 0.8589847087860107,\n        \"Normal\": 0.9950412511825562,\n        \"Polyp\": 0.6738548278808594,\n        \"Ulcer\": 0.9828311204910278,\n        \"Worms\": 0.9785243272781372\n    },\n    \"mean_average_precision\": 0.8190401196479797,\n    \"mean_f1_score\": 0.736537754535675,\n    \"mean_specificity\": 0.9832553267478943,\n    \"mean_sensitivity\": 0.819394588470459,\n    \"balanced_accuracy\": 0.819394588470459\n}"
}