{
    "epoch": 13,
    "train_metrics": "{\n    \"Angioectasia\": {\n        \"precision\": 0.9506680369377136,\n        \"recall\": 0.95140141248703,\n        \"f1-score\": 0.9510345458984375,\n        \"specificity\": 0.9943057298660278\n    },\n    \"Bleeding\": {\n        \"precision\": 0.9566630721092224,\n        \"recall\": 0.9613500237464905,\n        \"f1-score\": 0.959000825881958,\n        \"specificity\": 0.9952848553657532\n    },\n    \"Erosion\": {\n        \"precision\": 0.8863028287887573,\n        \"recall\": 0.8725309371948242,\n        \"f1-score\": 0.8793630003929138,\n        \"specificity\": 0.9874297380447388\n    },\n    \"Erythema\": {\n        \"precision\": 0.9188123941421509,\n        \"recall\": 0.9350267648696899,\n        \"f1-score\": 0.9268486499786377,\n        \"specificity\": 0.9908760786056519\n    },\n    \"Foreign Body\": {\n        \"precision\": 0.9651848077774048,\n        \"recall\": 0.9649263620376587,\n        \"f1-score\": 0.9650555849075317,\n        \"specificity\": 0.9961619973182678\n    },\n    \"Lymphangiectasia\": {\n        \"precision\": 0.9710619449615479,\n        \"recall\": 0.9707969427108765,\n        \"f1-score\": 0.9709294438362122,\n        \"specificity\": 0.996877133846283\n    },\n    \"Normal\": {\n        \"precision\": 0.9496480822563171,\n        \"recall\": 0.9302572011947632,\n        \"f1-score\": 0.9398526549339294,\n        \"specificity\": 0.9945029020309448\n    },\n    \"Polyp\": {\n        \"precision\": 0.932896077632904,\n        \"recall\": 0.9455382227897644,\n        \"f1-score\": 0.9391745924949646,\n        \"specificity\": 0.9921059012413025\n    },\n    \"Ulcer\": {\n        \"precision\": 0.9944459199905396,\n        \"recall\": 0.9926082491874695,\n        \"f1-score\": 0.9935262203216553,\n        \"specificity\": 0.99937903881073\n    },\n    \"Worms\": {\n        \"precision\": 0.9953334927558899,\n        \"recall\": 0.9967014789581299,\n        \"f1-score\": 0.9960170388221741,\n        \"specificity\": 0.9994995594024658\n    },\n    \"macro avg\": {\n        \"precision\": 0.9521017074584961,\n        \"recall\": 0.9521137475967407,\n        \"f1-score\": 0.9520803689956665,\n        \"specificity\": 0.9946422576904297\n    },\n    \"accuracy\": 0.9518174529075623,\n    \"auc_roc_scores\": {\n        \"Angioectasia\": 0.9986363649368286,\n        \"Bleeding\": 0.9993213415145874,\n        \"Erosion\": 0.9928051829338074,\n        \"Erythema\": 0.9980638027191162,\n        \"Foreign Body\": 0.9993934035301208,\n        \"Lymphangiectasia\": 0.9995324015617371,\n        \"Normal\": 0.9966580867767334,\n        \"Polyp\": 0.9984251260757446,\n        \"Ulcer\": 0.9999783039093018,\n        \"Worms\": 0.9999890923500061\n    },\n    \"mean_auc\": 0.9982803463935852,\n    \"average_precision_scores\": {\n        \"Angioectasia\": 0.9906179904937744,\n        \"Bleeding\": 0.9937929511070251,\n        \"Erosion\": 0.9533324241638184,\n        \"Erythema\": 0.9830248355865479,\n        \"Foreign Body\": 0.9955397248268127,\n        \"Lymphangiectasia\": 0.9964336156845093,\n        \"Normal\": 0.9810712337493896,\n        \"Polyp\": 0.9873393774032593,\n        \"Ulcer\": 0.999808669090271,\n        \"Worms\": 0.9999014139175415\n    },\n    \"mean_average_precision\": 0.9880861639976501,\n    \"mean_f1_score\": 0.9520803689956665,\n    \"mean_specificity\": 0.9946422576904297,\n    \"mean_sensitivity\": 0.9521137475967407,\n    \"balanced_accuracy\": 0.9521137475967407\n}",
    "test_metrics": "{\n    \"Angioectasia\": {\n        \"precision\": 0.6815834641456604,\n        \"recall\": 0.7967807054519653,\n        \"f1-score\": 0.7346938848495483,\n        \"specificity\": 0.9881675839424133\n    },\n    \"Bleeding\": {\n        \"precision\": 0.75,\n        \"recall\": 0.8272980451583862,\n        \"f1-score\": 0.7867549657821655,\n        \"specificity\": 0.993723452091217\n    },\n    \"Erosion\": {\n        \"precision\": 0.6365007758140564,\n        \"recall\": 0.7307359576225281,\n        \"f1-score\": 0.6803708076477051,\n        \"specificity\": 0.9678173065185547\n    },\n    \"Erythema\": {\n        \"precision\": 0.5,\n        \"recall\": 0.6599326729774475,\n        \"f1-score\": 0.5689405202865601,\n        \"specificity\": 0.9876223802566528\n    },\n    \"Foreign Body\": {\n        \"precision\": 0.8264462947845459,\n        \"recall\": 0.8823529481887817,\n        \"f1-score\": 0.8534850478172302,\n        \"specificity\": 0.9960106611251831\n    },\n    \"Lymphangiectasia\": {\n        \"precision\": 0.7591623067855835,\n        \"recall\": 0.8454810380935669,\n        \"f1-score\": 0.800000011920929,\n        \"specificity\": 0.9941731691360474\n    },\n    \"Normal\": {\n        \"precision\": 0.9880399107933044,\n        \"recall\": 0.934565007686615,\n        \"f1-score\": 0.9605587720870972,\n        \"specificity\": 0.9638491272926331\n    },\n    \"Polyp\": {\n        \"precision\": 0.558867335319519,\n        \"recall\": 0.75,\n        \"f1-score\": 0.640478253364563,\n        \"specificity\": 0.98106449842453\n    },\n    \"Ulcer\": {\n        \"precision\": 0.8742138147354126,\n        \"recall\": 0.9720279574394226,\n        \"f1-score\": 0.9205297827720642,\n        \"specificity\": 0.9974756836891174\n    },\n    \"Worms\": {\n        \"precision\": 0.8148148059844971,\n        \"recall\": 0.970588207244873,\n        \"f1-score\": 0.8859060406684875,\n        \"specificity\": 0.9990662336349487\n    },\n    \"macro avg\": {\n        \"precision\": 0.7389628887176514,\n        \"recall\": 0.8369762301445007,\n        \"f1-score\": 0.7831718325614929,\n        \"specificity\": 0.9868969917297363\n    },\n    \"accuracy\": 0.9003843069076538,\n    \"auc_roc_scores\": {\n        \"Angioectasia\": 0.9820061326026917,\n        \"Bleeding\": 0.9877336025238037,\n        \"Erosion\": 0.9593104124069214,\n        \"Erythema\": 0.9698930382728577,\n        \"Foreign Body\": 0.9846402406692505,\n        \"Lymphangiectasia\": 0.9876097440719604,\n        \"Normal\": 0.9908943772315979,\n        \"Polyp\": 0.9712775349617004,\n        \"Ulcer\": 0.9987564086914062,\n        \"Worms\": 0.9998874068260193\n    },\n    \"mean_auc\": 0.9832008481025696,\n    \"average_precision_scores\": {\n        \"Angioectasia\": 0.8363655805587769,\n        \"Bleeding\": 0.8700034618377686,\n        \"Erosion\": 0.7549512386322021,\n        \"Erythema\": 0.5665910243988037,\n        \"Foreign Body\": 0.9045380353927612,\n        \"Lymphangiectasia\": 0.8837015628814697,\n        \"Normal\": 0.9971824884414673,\n        \"Polyp\": 0.7288006544113159,\n        \"Ulcer\": 0.9835456609725952,\n        \"Worms\": 0.9820297956466675\n    },\n    \"mean_average_precision\": 0.8507709503173828,\n    \"mean_f1_score\": 0.7831718325614929,\n    \"mean_specificity\": 0.9868969917297363,\n    \"mean_sensitivity\": 0.8369762301445007,\n    \"balanced_accuracy\": 0.8369762301445007\n}"
}