{
    "epoch": 16,
    "train_metrics": "{\n    \"Angioectasia\": {\n        \"precision\": 0.9655172228813171,\n        \"recall\": 0.9611155986785889,\n        \"f1-score\": 0.9633113741874695,\n        \"specificity\": 0.9962217211723328\n    },\n    \"Bleeding\": {\n        \"precision\": 0.958164632320404,\n        \"recall\": 0.9620596170425415,\n        \"f1-score\": 0.9601081609725952,\n        \"specificity\": 0.9954299926757812\n    },\n    \"Erosion\": {\n        \"precision\": 0.9135769605636597,\n        \"recall\": 0.8926244378089905,\n        \"f1-score\": 0.9029791951179504,\n        \"specificity\": 0.9904056787490845\n    },\n    \"Erythema\": {\n        \"precision\": 0.928243100643158,\n        \"recall\": 0.950823962688446,\n        \"f1-score\": 0.9393978714942932,\n        \"specificity\": 0.9916824698448181\n    },\n    \"Foreign Body\": {\n        \"precision\": 0.9704563617706299,\n        \"recall\": 0.97456955909729,\n        \"f1-score\": 0.9725086092948914,\n        \"specificity\": 0.99668949842453\n    },\n    \"Lymphangiectasia\": {\n        \"precision\": 0.9745671153068542,\n        \"recall\": 0.9758872985839844,\n        \"f1-score\": 0.9752267599105835,\n        \"specificity\": 0.9972284436225891\n    },\n    \"Normal\": {\n        \"precision\": 0.9578279852867126,\n        \"recall\": 0.942500650882721,\n        \"f1-score\": 0.9501025080680847,\n        \"specificity\": 0.9954893589019775\n    },\n    \"Polyp\": {\n        \"precision\": 0.9431021213531494,\n        \"recall\": 0.9540078639984131,\n        \"f1-score\": 0.9485236406326294,\n        \"specificity\": 0.9935210943222046\n    },\n    \"Ulcer\": {\n        \"precision\": 0.9965654015541077,\n        \"recall\": 0.9939393997192383,\n        \"f1-score\": 0.9952506422996521,\n        \"specificity\": 0.9996155500411987\n    },\n    \"Worms\": {\n        \"precision\": 0.9984109997749329,\n        \"recall\": 0.998675525188446,\n        \"f1-score\": 0.9985432624816895,\n        \"specificity\": 0.9998226761817932\n    },\n    \"macro avg\": {\n        \"precision\": 0.9606432318687439,\n        \"recall\": 0.9606203436851501,\n        \"f1-score\": 0.9605952501296997,\n        \"specificity\": 0.9956106543540955\n    },\n    \"accuracy\": 0.9605126976966858,\n    \"auc_roc_scores\": {\n        \"Angioectasia\": 0.9992689490318298,\n        \"Bleeding\": 0.9994547367095947,\n        \"Erosion\": 0.9952733516693115,\n        \"Erythema\": 0.9986217021942139,\n        \"Foreign Body\": 0.9995743036270142,\n        \"Lymphangiectasia\": 0.9997904300689697,\n        \"Normal\": 0.9971675276756287,\n        \"Polyp\": 0.9989401698112488,\n        \"Ulcer\": 0.9999712705612183,\n        \"Worms\": 0.9999988079071045\n    },\n    \"mean_auc\": 0.9988061785697937,\n    \"average_precision_scores\": {\n        \"Angioectasia\": 0.9950326085090637,\n        \"Bleeding\": 0.9951233863830566,\n        \"Erosion\": 0.9668334126472473,\n        \"Erythema\": 0.9878889918327332,\n        \"Foreign Body\": 0.9969102144241333,\n        \"Lymphangiectasia\": 0.9981610178947449,\n        \"Normal\": 0.9850680828094482,\n        \"Polyp\": 0.9909203052520752,\n        \"Ulcer\": 0.9997943043708801,\n        \"Worms\": 0.99998939037323\n    },\n    \"mean_average_precision\": 0.9915722012519836,\n    \"mean_f1_score\": 0.9605952501296997,\n    \"mean_specificity\": 0.9956106543540955,\n    \"mean_sensitivity\": 0.9606203436851501,\n    \"balanced_accuracy\": 0.9606203436851501\n}",
    "test_metrics": "{\n    \"Angioectasia\": {\n        \"precision\": 0.6767169237136841,\n        \"recall\": 0.8128772377967834,\n        \"f1-score\": 0.7385740280151367,\n        \"specificity\": 0.9876558780670166\n    },\n    \"Bleeding\": {\n        \"precision\": 0.7896103858947754,\n        \"recall\": 0.8467966318130493,\n        \"f1-score\": 0.8172042965888977,\n        \"specificity\": 0.9948646426200867\n    },\n    \"Erosion\": {\n        \"precision\": 0.6222537159919739,\n        \"recall\": 0.7601731419563293,\n        \"f1-score\": 0.6843336224555969,\n        \"specificity\": 0.9644120931625366\n    },\n    \"Erythema\": {\n        \"precision\": 0.5321637392044067,\n        \"recall\": 0.6127946376800537,\n        \"f1-score\": 0.569640040397644,\n        \"specificity\": 0.9898958206176758\n    },\n    \"Foreign Body\": {\n        \"precision\": 0.8236914873123169,\n        \"recall\": 0.8794117569923401,\n        \"f1-score\": 0.8506401181221008,\n        \"specificity\": 0.9959473013877869\n    },\n    \"Lymphangiectasia\": {\n        \"precision\": 0.7967914342880249,\n        \"recall\": 0.8688046932220459,\n        \"f1-score\": 0.8312413096427917,\n        \"specificity\": 0.9951865077018738\n    },\n    \"Normal\": {\n        \"precision\": 0.9904696345329285,\n        \"recall\": 0.9388784766197205,\n        \"f1-score\": 0.9639843106269836,\n        \"specificity\": 0.9711313247680664\n    },\n    \"Polyp\": {\n        \"precision\": 0.5740740895271301,\n        \"recall\": 0.7440000176429749,\n        \"f1-score\": 0.6480836272239685,\n        \"specificity\": 0.9823439121246338\n    },\n    \"Ulcer\": {\n        \"precision\": 0.9525423645973206,\n        \"recall\": 0.9825174808502197,\n        \"f1-score\": 0.9672977328300476,\n        \"specificity\": 0.9991164803504944\n    },\n    \"Worms\": {\n        \"precision\": 0.9571428298950195,\n        \"recall\": 0.9852941036224365,\n        \"f1-score\": 0.9710144996643066,\n        \"specificity\": 0.9998132586479187\n    },\n    \"macro avg\": {\n        \"precision\": 0.7715456485748291,\n        \"recall\": 0.8431548476219177,\n        \"f1-score\": 0.8042013049125671,\n        \"specificity\": 0.9880367517471313\n    },\n    \"accuracy\": 0.9063352346420288,\n    \"auc_roc_scores\": {\n        \"Angioectasia\": 0.9813483953475952,\n        \"Bleeding\": 0.9880996346473694,\n        \"Erosion\": 0.9661028981208801,\n        \"Erythema\": 0.9691828489303589,\n        \"Foreign Body\": 0.9924332499504089,\n        \"Lymphangiectasia\": 0.9902899265289307,\n        \"Normal\": 0.9921936392784119,\n        \"Polyp\": 0.973312497138977,\n        \"Ulcer\": 0.999708890914917,\n        \"Worms\": 0.9999780058860779\n    },\n    \"mean_auc\": 0.9852649569511414,\n    \"average_precision_scores\": {\n        \"Angioectasia\": 0.850002110004425,\n        \"Bleeding\": 0.8979240655899048,\n        \"Erosion\": 0.7703918814659119,\n        \"Erythema\": 0.5988785624504089,\n        \"Foreign Body\": 0.9172216653823853,\n        \"Lymphangiectasia\": 0.9057086706161499,\n        \"Normal\": 0.9976125955581665,\n        \"Polyp\": 0.7255709171295166,\n        \"Ulcer\": 0.9938091039657593,\n        \"Worms\": 0.9954227209091187\n    },\n    \"mean_average_precision\": 0.8652542233467102,\n    \"mean_f1_score\": 0.8042013049125671,\n    \"mean_specificity\": 0.9880367517471313,\n    \"mean_sensitivity\": 0.8431548476219177,\n    \"balanced_accuracy\": 0.8431548476219177\n}"
}