{
    "epoch": 4,
    "train_metrics": "{\n    \"Angioectasia\": {\n        \"precision\": 0.8746942281723022,\n        \"recall\": 0.8544875383377075,\n        \"f1-score\": 0.8644728064537048,\n        \"specificity\": 0.986377477645874\n    },\n    \"Bleeding\": {\n        \"precision\": 0.9042887091636658,\n        \"recall\": 0.915541410446167,\n        \"f1-score\": 0.9098802804946899,\n        \"specificity\": 0.9891812205314636\n    },\n    \"Erosion\": {\n        \"precision\": 0.712284505367279,\n        \"recall\": 0.6991010308265686,\n        \"f1-score\": 0.7056311964988708,\n        \"specificity\": 0.9684256911277771\n    },\n    \"Erythema\": {\n        \"precision\": 0.7992177605628967,\n        \"recall\": 0.8265911340713501,\n        \"f1-score\": 0.8126739859580994,\n        \"specificity\": 0.9772854447364807\n    },\n    \"Foreign Body\": {\n        \"precision\": 0.9265734553337097,\n        \"recall\": 0.9235925078392029,\n        \"f1-score\": 0.9250805377960205,\n        \"specificity\": 0.9919414520263672\n    },\n    \"Lymphangiectasia\": {\n        \"precision\": 0.9299895763397217,\n        \"recall\": 0.9246753454208374,\n        \"f1-score\": 0.9273248314857483,\n        \"specificity\": 0.9920608997344971\n    },\n    \"Normal\": {\n        \"precision\": 0.8613600134849548,\n        \"recall\": 0.8461936712265015,\n        \"f1-score\": 0.8537095189094543,\n        \"specificity\": 0.9844124913215637\n    },\n    \"Polyp\": {\n        \"precision\": 0.8198316693305969,\n        \"recall\": 0.84243243932724,\n        \"f1-score\": 0.8309783935546875,\n        \"specificity\": 0.9797976613044739\n    },\n    \"Ulcer\": {\n        \"precision\": 0.9747945070266724,\n        \"recall\": 0.9718655943870544,\n        \"f1-score\": 0.9733278751373291,\n        \"specificity\": 0.9972898364067078\n    },\n    \"Worms\": {\n        \"precision\": 0.9869853854179382,\n        \"recall\": 0.985414981842041,\n        \"f1-score\": 0.9861995577812195,\n        \"specificity\": 0.9985518455505371\n    },\n    \"macro avg\": {\n        \"precision\": 0.879002034664154,\n        \"recall\": 0.8789896368980408,\n        \"f1-score\": 0.8789278864860535,\n        \"specificity\": 0.9865323901176453\n    },\n    \"accuracy\": 0.8787991404533386,\n    \"auc_roc_scores\": {\n        \"Angioectasia\": 0.9896634817123413,\n        \"Bleeding\": 0.9953120946884155,\n        \"Erosion\": 0.9610466957092285,\n        \"Erythema\": 0.9860888123512268,\n        \"Foreign Body\": 0.9964863061904907,\n        \"Lymphangiectasia\": 0.9964118599891663,\n        \"Normal\": 0.9847511053085327,\n        \"Polyp\": 0.9881443977355957,\n        \"Ulcer\": 0.9994418621063232,\n        \"Worms\": 0.9998971223831177\n    },\n    \"mean_auc\": 0.989724338054657,\n    \"average_precision_scores\": {\n        \"Angioectasia\": 0.94208824634552,\n        \"Bleeding\": 0.9681469202041626,\n        \"Erosion\": 0.7929306626319885,\n        \"Erythema\": 0.8913384079933167,\n        \"Foreign Body\": 0.976874589920044,\n        \"Lymphangiectasia\": 0.9776290655136108,\n        \"Normal\": 0.9288718104362488,\n        \"Polyp\": 0.9137594103813171,\n        \"Ulcer\": 0.9949277639389038,\n        \"Worms\": 0.9991279244422913\n    },\n    \"mean_average_precision\": 0.9385694861412048,\n    \"mean_f1_score\": 0.8789278864860535,\n    \"mean_specificity\": 0.9865323901176453,\n    \"mean_sensitivity\": 0.8789896368980408,\n    \"balanced_accuracy\": 0.8789896368980408\n}",
    "test_metrics": "{\n    \"Angioectasia\": {\n        \"precision\": 0.5457063913345337,\n        \"recall\": 0.7927565574645996,\n        \"f1-score\": 0.6464315056800842,\n        \"specificity\": 0.979021430015564\n    },\n    \"Bleeding\": {\n        \"precision\": 0.6344969272613525,\n        \"recall\": 0.8607242107391357,\n        \"f1-score\": 0.7304964661598206,\n        \"specificity\": 0.988714873790741\n    },\n    \"Erosion\": {\n        \"precision\": 0.5557324886322021,\n        \"recall\": 0.604328989982605,\n        \"f1-score\": 0.5790128707885742,\n        \"specificity\": 0.9627428650856018\n    },\n    \"Erythema\": {\n        \"precision\": 0.32248061895370483,\n        \"recall\": 0.7003366947174072,\n        \"f1-score\": 0.4416135847568512,\n        \"specificity\": 0.9724029302597046\n    },\n    \"Foreign Body\": {\n        \"precision\": 0.554731011390686,\n        \"recall\": 0.8794117569923401,\n        \"f1-score\": 0.6803185343742371,\n        \"specificity\": 0.9848024249076843\n    },\n    \"Lymphangiectasia\": {\n        \"precision\": 0.4664371907711029,\n        \"recall\": 0.7900874614715576,\n        \"f1-score\": 0.5865800976753235,\n        \"specificity\": 0.980366051197052\n    },\n    \"Normal\": {\n        \"precision\": 0.9888524413108826,\n        \"recall\": 0.8591194152832031,\n        \"f1-score\": 0.9194321036338806,\n        \"specificity\": 0.9690507054328918\n    },\n    \"Polyp\": {\n        \"precision\": 0.45408162474632263,\n        \"recall\": 0.7120000123977661,\n        \"f1-score\": 0.5545171499252319,\n        \"specificity\": 0.9726202487945557\n    },\n    \"Ulcer\": {\n        \"precision\": 0.7834757566452026,\n        \"recall\": 0.9615384340286255,\n        \"f1-score\": 0.8634222745895386,\n        \"specificity\": 0.9952038526535034\n    },\n    \"Worms\": {\n        \"precision\": 0.739130437374115,\n        \"recall\": 1.0,\n        \"f1-score\": 0.8500000238418579,\n        \"specificity\": 0.9985059499740601\n    },\n    \"macro avg\": {\n        \"precision\": 0.6045125126838684,\n        \"recall\": 0.8160303235054016,\n        \"f1-score\": 0.685182511806488,\n        \"specificity\": 0.9803431630134583\n    },\n    \"accuracy\": 0.8327547907829285,\n    \"auc_roc_scores\": {\n        \"Angioectasia\": 0.9702432155609131,\n        \"Bleeding\": 0.9861093759536743,\n        \"Erosion\": 0.9377641677856445,\n        \"Erythema\": 0.9591957926750183,\n        \"Foreign Body\": 0.9864782691001892,\n        \"Lymphangiectasia\": 0.9762946367263794,\n        \"Normal\": 0.981147050857544,\n        \"Polyp\": 0.9717850685119629,\n        \"Ulcer\": 0.9987617135047913,\n        \"Worms\": 0.9999771118164062\n    },\n    \"mean_auc\": 0.9767756462097168,\n    \"average_precision_scores\": {\n        \"Angioectasia\": 0.7985599637031555,\n        \"Bleeding\": 0.8341602087020874,\n        \"Erosion\": 0.6326881647109985,\n        \"Erythema\": 0.5179832577705383,\n        \"Foreign Body\": 0.8712142705917358,\n        \"Lymphangiectasia\": 0.7471764087677002,\n        \"Normal\": 0.9938992261886597,\n        \"Polyp\": 0.5893128514289856,\n        \"Ulcer\": 0.9712904095649719,\n        \"Worms\": 0.994887113571167\n    },\n    \"mean_average_precision\": 0.795117199420929,\n    \"mean_f1_score\": 0.685182511806488,\n    \"mean_specificity\": 0.9803431630134583,\n    \"mean_sensitivity\": 0.8160303235054016,\n    \"balanced_accuracy\": 0.8160303235054016\n}"
}