{
    "epoch": 7,
    "train_metrics": "{\n    \"Angioectasia\": {\n        \"precision\": 0.9092373847961426,\n        \"recall\": 0.8969536423683167,\n        \"f1-score\": 0.9030537605285645,\n        \"specificity\": 0.9900094866752625\n    },\n    \"Bleeding\": {\n        \"precision\": 0.9290155172348022,\n        \"recall\": 0.9407135248184204,\n        \"f1-score\": 0.9348279237747192,\n        \"specificity\": 0.9918922781944275\n    },\n    \"Erosion\": {\n        \"precision\": 0.7915748953819275,\n        \"recall\": 0.7745150923728943,\n        \"f1-score\": 0.782952070236206,\n        \"specificity\": 0.9776663184165955\n    },\n    \"Erythema\": {\n        \"precision\": 0.8566344976425171,\n        \"recall\": 0.8760072588920593,\n        \"f1-score\": 0.8662125468254089,\n        \"specificity\": 0.9832938313484192\n    },\n    \"Foreign Body\": {\n        \"precision\": 0.9422613978385925,\n        \"recall\": 0.9437751173973083,\n        \"f1-score\": 0.9430176615715027,\n        \"specificity\": 0.9936230778694153\n    },\n    \"Lymphangiectasia\": {\n        \"precision\": 0.9530823826789856,\n        \"recall\": 0.946370542049408,\n        \"f1-score\": 0.9497146010398865,\n        \"specificity\": 0.9949284791946411\n    },\n    \"Normal\": {\n        \"precision\": 0.907427966594696,\n        \"recall\": 0.8846257925033569,\n        \"f1-score\": 0.8958817720413208,\n        \"specificity\": 0.9901492595672607\n    },\n    \"Polyp\": {\n        \"precision\": 0.8594704866409302,\n        \"recall\": 0.8872536420822144,\n        \"f1-score\": 0.8731411099433899,\n        \"specificity\": 0.9836695790290833\n    },\n    \"Ulcer\": {\n        \"precision\": 0.9840884804725647,\n        \"recall\": 0.9822341799736023,\n        \"f1-score\": 0.9831604361534119,\n        \"specificity\": 0.9982591867446899\n    },\n    \"Worms\": {\n        \"precision\": 0.9929059147834778,\n        \"recall\": 0.9910831451416016,\n        \"f1-score\": 0.9919937252998352,\n        \"specificity\": 0.9992010593414307\n    },\n    \"macro avg\": {\n        \"precision\": 0.9125699400901794,\n        \"recall\": 0.9123531579971313,\n        \"f1-score\": 0.9123955965042114,\n        \"specificity\": 0.9902693033218384\n    },\n    \"accuracy\": 0.9124364852905273,\n    \"auc_roc_scores\": {\n        \"Angioectasia\": 0.994385302066803,\n        \"Bleeding\": 0.9978184103965759,\n        \"Erosion\": 0.9794532060623169,\n        \"Erythema\": 0.9928760528564453,\n        \"Foreign Body\": 0.9984179735183716,\n        \"Lymphangiectasia\": 0.9980818629264832,\n        \"Normal\": 0.9921709299087524,\n        \"Polyp\": 0.9933960437774658,\n        \"Ulcer\": 0.99970543384552,\n        \"Worms\": 0.9999580383300781\n    },\n    \"mean_auc\": 0.9946263432502747,\n    \"average_precision_scores\": {\n        \"Angioectasia\": 0.968254566192627,\n        \"Bleeding\": 0.9826120734214783,\n        \"Erosion\": 0.8735886812210083,\n        \"Erythema\": 0.941495418548584,\n        \"Foreign Body\": 0.9884378910064697,\n        \"Lymphangiectasia\": 0.9879250526428223,\n        \"Normal\": 0.9577159285545349,\n        \"Polyp\": 0.9510480761528015,\n        \"Ulcer\": 0.998260498046875,\n        \"Worms\": 0.9996623992919922\n    },\n    \"mean_average_precision\": 0.964900016784668,\n    \"mean_f1_score\": 0.9123955965042114,\n    \"mean_specificity\": 0.9902693033218384,\n    \"mean_sensitivity\": 0.9123531579971313,\n    \"balanced_accuracy\": 0.9123531579971313\n}",
    "test_metrics": "{\n    \"Angioectasia\": {\n        \"precision\": 0.617977499961853,\n        \"recall\": 0.7746478915214539,\n        \"f1-score\": 0.6875,\n        \"specificity\": 0.9847777485847473\n    },\n    \"Bleeding\": {\n        \"precision\": 0.7647058963775635,\n        \"recall\": 0.796657383441925,\n        \"f1-score\": 0.7803546786308289,\n        \"specificity\": 0.9944208264350891\n    },\n    \"Erosion\": {\n        \"precision\": 0.5346177220344543,\n        \"recall\": 0.768831193447113,\n        \"f1-score\": 0.6306818127632141,\n        \"specificity\": 0.9483875036239624\n    },\n    \"Erythema\": {\n        \"precision\": 0.42626726627349854,\n        \"recall\": 0.6228955984115601,\n        \"f1-score\": 0.5061559677124023,\n        \"specificity\": 0.9842753410339355\n    },\n    \"Foreign Body\": {\n        \"precision\": 0.7125604152679443,\n        \"recall\": 0.8676470518112183,\n        \"f1-score\": 0.7824933528900146,\n        \"specificity\": 0.992464542388916\n    },\n    \"Lymphangiectasia\": {\n        \"precision\": 0.6937798857688904,\n        \"recall\": 0.8454810380935669,\n        \"f1-score\": 0.7621550559997559,\n        \"specificity\": 0.9918931126594543\n    },\n    \"Normal\": {\n        \"precision\": 0.9926726818084717,\n        \"recall\": 0.9041262865066528,\n        \"f1-score\": 0.9463327527046204,\n        \"specificity\": 0.9786735773086548\n    },\n    \"Polyp\": {\n        \"precision\": 0.5387045741081238,\n        \"recall\": 0.6819999814033508,\n        \"f1-score\": 0.6019417643547058,\n        \"specificity\": 0.9813203811645508\n    },\n    \"Ulcer\": {\n        \"precision\": 0.896774172782898,\n        \"recall\": 0.9720279574394226,\n        \"f1-score\": 0.9328858852386475,\n        \"specificity\": 0.997980535030365\n    },\n    \"Worms\": {\n        \"precision\": 0.8918918967247009,\n        \"recall\": 0.970588207244873,\n        \"f1-score\": 0.9295774698257446,\n        \"specificity\": 0.9995020031929016\n    },\n    \"macro avg\": {\n        \"precision\": 0.7069951891899109,\n        \"recall\": 0.820490300655365,\n        \"f1-score\": 0.7560078501701355,\n        \"specificity\": 0.9853696227073669\n    },\n    \"accuracy\": 0.875464916229248,\n    \"auc_roc_scores\": {\n        \"Angioectasia\": 0.9769047498703003,\n        \"Bleeding\": 0.9873601794242859,\n        \"Erosion\": 0.9642952680587769,\n        \"Erythema\": 0.9691120386123657,\n        \"Foreign Body\": 0.9823282957077026,\n        \"Lymphangiectasia\": 0.9850654602050781,\n        \"Normal\": 0.9864018559455872,\n        \"Polyp\": 0.9732670187950134,\n        \"Ulcer\": 0.9994534254074097,\n        \"Worms\": 0.9999780654907227\n    },\n    \"mean_auc\": 0.9824166297912598,\n    \"average_precision_scores\": {\n        \"Angioectasia\": 0.8066864013671875,\n        \"Bleeding\": 0.8737657070159912,\n        \"Erosion\": 0.7284867763519287,\n        \"Erythema\": 0.5527428388595581,\n        \"Foreign Body\": 0.8824447393417358,\n        \"Lymphangiectasia\": 0.8376947641372681,\n        \"Normal\": 0.9958196878433228,\n        \"Polyp\": 0.6571188569068909,\n        \"Ulcer\": 0.9829152226448059,\n        \"Worms\": 0.9956512451171875\n    },\n    \"mean_average_precision\": 0.8313326239585876,\n    \"mean_f1_score\": 0.7560078501701355,\n    \"mean_specificity\": 0.9853696227073669,\n    \"mean_sensitivity\": 0.820490300655365,\n    \"balanced_accuracy\": 0.820490300655365\n}"
}