{
    "epoch": 9,
    "train_metrics": "{\n    \"Angioectasia\": {\n        \"precision\": 0.9326174259185791,\n        \"recall\": 0.9209968447685242,\n        \"f1-score\": 0.9267706871032715,\n        \"specificity\": 0.9925816655158997\n    },\n    \"Bleeding\": {\n        \"precision\": 0.9384171962738037,\n        \"recall\": 0.949615478515625,\n        \"f1-score\": 0.9439831376075745,\n        \"specificity\": 0.9930547475814819\n    },\n    \"Erosion\": {\n        \"precision\": 0.8198419213294983,\n        \"recall\": 0.8105632066726685,\n        \"f1-score\": 0.8151761293411255,\n        \"specificity\": 0.9804991483688354\n    },\n    \"Erythema\": {\n        \"precision\": 0.8937148451805115,\n        \"recall\": 0.9114121794700623,\n        \"f1-score\": 0.9024767875671387,\n        \"specificity\": 0.9876810312271118\n    },\n    \"Foreign Body\": {\n        \"precision\": 0.9526386857032776,\n        \"recall\": 0.9531546235084534,\n        \"f1-score\": 0.9528965950012207,\n        \"specificity\": 0.9948399066925049\n    },\n    \"Lymphangiectasia\": {\n        \"precision\": 0.9590272307395935,\n        \"recall\": 0.953983724117279,\n        \"f1-score\": 0.9564988017082214,\n        \"specificity\": 0.9954147338867188\n    },\n    \"Normal\": {\n        \"precision\": 0.9188891649246216,\n        \"recall\": 0.8926281929016113,\n        \"f1-score\": 0.9055683612823486,\n        \"specificity\": 0.991288423538208\n    },\n    \"Polyp\": {\n        \"precision\": 0.892459511756897,\n        \"recall\": 0.913257360458374,\n        \"f1-score\": 0.9027386903762817,\n        \"specificity\": 0.98740553855896\n    },\n    \"Ulcer\": {\n        \"precision\": 0.9910617470741272,\n        \"recall\": 0.9902570843696594,\n        \"f1-score\": 0.990659236907959,\n        \"specificity\": 0.999026894569397\n    },\n    \"Worms\": {\n        \"precision\": 0.9930182695388794,\n        \"recall\": 0.9946207404136658,\n        \"f1-score\": 0.9938188791275024,\n        \"specificity\": 0.9992327690124512\n    },\n    \"macro avg\": {\n        \"precision\": 0.9291686415672302,\n        \"recall\": 0.9290489554405212,\n        \"f1-score\": 0.9290587306022644,\n        \"specificity\": 0.9921025633811951\n    },\n    \"accuracy\": 0.9289494156837463,\n    \"auc_roc_scores\": {\n        \"Angioectasia\": 0.9968624711036682,\n        \"Bleeding\": 0.9985455274581909,\n        \"Erosion\": 0.9832510948181152,\n        \"Erythema\": 0.9957907199859619,\n        \"Foreign Body\": 0.99895179271698,\n        \"Lymphangiectasia\": 0.9987356662750244,\n        \"Normal\": 0.9936670064926147,\n        \"Polyp\": 0.9956639409065247,\n        \"Ulcer\": 0.9998934268951416,\n        \"Worms\": 0.9998823404312134\n    },\n    \"mean_auc\": 0.9961244463920593,\n    \"average_precision_scores\": {\n        \"Angioectasia\": 0.9800859689712524,\n        \"Bleeding\": 0.9882993698120117,\n        \"Erosion\": 0.8981195688247681,\n        \"Erythema\": 0.965663731098175,\n        \"Foreign Body\": 0.9917978048324585,\n        \"Lymphangiectasia\": 0.9917441606521606,\n        \"Normal\": 0.9648485779762268,\n        \"Polyp\": 0.9673328399658203,\n        \"Ulcer\": 0.9990260004997253,\n        \"Worms\": 0.9995718002319336\n    },\n    \"mean_average_precision\": 0.9746490716934204,\n    \"mean_f1_score\": 0.9290587306022644,\n    \"mean_specificity\": 0.9921025633811951,\n    \"mean_sensitivity\": 0.9290489554405212,\n    \"balanced_accuracy\": 0.9290489554405212\n}",
    "test_metrics": "{\n    \"Angioectasia\": {\n        \"precision\": 0.6000000238418579,\n        \"recall\": 0.7967807054519653,\n        \"f1-score\": 0.6845289468765259,\n        \"specificity\": 0.9831147789955139\n    },\n    \"Bleeding\": {\n        \"precision\": 0.7309644818305969,\n        \"recall\": 0.8022283911705017,\n        \"f1-score\": 0.7649402618408203,\n        \"specificity\": 0.9932796359062195\n    },\n    \"Erosion\": {\n        \"precision\": 0.579023003578186,\n        \"recall\": 0.6978355050086975,\n        \"f1-score\": 0.6329014301300049,\n        \"specificity\": 0.9608733654022217\n    },\n    \"Erythema\": {\n        \"precision\": 0.38333332538604736,\n        \"recall\": 0.6969696879386902,\n        \"f1-score\": 0.49462366104125977,\n        \"specificity\": 0.9789706468582153\n    },\n    \"Foreign Body\": {\n        \"precision\": 0.6291666626930237,\n        \"recall\": 0.8882352709770203,\n        \"f1-score\": 0.7365853786468506,\n        \"specificity\": 0.9887284636497498\n    },\n    \"Lymphangiectasia\": {\n        \"precision\": 0.5665399432182312,\n        \"recall\": 0.8688046932220459,\n        \"f1-score\": 0.6858457922935486,\n        \"specificity\": 0.9855595827102661\n    },\n    \"Normal\": {\n        \"precision\": 0.9939201474189758,\n        \"recall\": 0.8914299607276917,\n        \"f1-score\": 0.9398893117904663,\n        \"specificity\": 0.9825747609138489\n    },\n    \"Polyp\": {\n        \"precision\": 0.4957983195781708,\n        \"recall\": 0.7080000042915344,\n        \"f1-score\": 0.5831960439682007,\n        \"specificity\": 0.9769703149795532\n    },\n    \"Ulcer\": {\n        \"precision\": 0.8860759735107422,\n        \"recall\": 0.9790209531784058,\n        \"f1-score\": 0.930232584476471,\n        \"specificity\": 0.9977281093597412\n    },\n    \"Worms\": {\n        \"precision\": 0.7333333492279053,\n        \"recall\": 0.970588207244873,\n        \"f1-score\": 0.8354430198669434,\n        \"specificity\": 0.9985059499740601\n    },\n    \"macro avg\": {\n        \"precision\": 0.6598154902458191,\n        \"recall\": 0.8299893736839294,\n        \"f1-score\": 0.7288186550140381,\n        \"specificity\": 0.9846305847167969\n    },\n    \"accuracy\": 0.8647409081459045,\n    \"auc_roc_scores\": {\n        \"Angioectasia\": 0.9684949517250061,\n        \"Bleeding\": 0.986873984336853,\n        \"Erosion\": 0.9506841897964478,\n        \"Erythema\": 0.9598641395568848,\n        \"Foreign Body\": 0.9855636358261108,\n        \"Lymphangiectasia\": 0.9781776666641235,\n        \"Normal\": 0.987012505531311,\n        \"Polyp\": 0.9675639867782593,\n        \"Ulcer\": 0.9983798265457153,\n        \"Worms\": 0.9998910427093506\n    },\n    \"mean_auc\": 0.9782506227493286,\n    \"average_precision_scores\": {\n        \"Angioectasia\": 0.8069512844085693,\n        \"Bleeding\": 0.86109459400177,\n        \"Erosion\": 0.7133933305740356,\n        \"Erythema\": 0.5249764919281006,\n        \"Foreign Body\": 0.8915377855300903,\n        \"Lymphangiectasia\": 0.856530487537384,\n        \"Normal\": 0.996029257774353,\n        \"Polyp\": 0.6198258399963379,\n        \"Ulcer\": 0.9830546379089355,\n        \"Worms\": 0.9794213175773621\n    },\n    \"mean_average_precision\": 0.823281466960907,\n    \"mean_f1_score\": 0.7288186550140381,\n    \"mean_specificity\": 0.9846305847167969,\n    \"mean_sensitivity\": 0.8299893736839294,\n    \"balanced_accuracy\": 0.8299893736839294\n}"
}