{
    "epoch": 8,
    "train_metrics": "{\n    \"Angioectasia\": {\n        \"precision\": 0.920634925365448,\n        \"recall\": 0.9093284606933594,\n        \"f1-score\": 0.9149467349052429,\n        \"specificity\": 0.9911190271377563\n    },\n    \"Bleeding\": {\n        \"precision\": 0.9375166296958923,\n        \"recall\": 0.9465771913528442,\n        \"f1-score\": 0.9420251250267029,\n        \"specificity\": 0.9930641651153564\n    },\n    \"Erosion\": {\n        \"precision\": 0.8129675984382629,\n        \"recall\": 0.8031754493713379,\n        \"f1-score\": 0.8080418705940247,\n        \"specificity\": 0.9801201820373535\n    },\n    \"Erythema\": {\n        \"precision\": 0.8718944191932678,\n        \"recall\": 0.896248996257782,\n        \"f1-score\": 0.883903980255127,\n        \"specificity\": 0.9853758215904236\n    },\n    \"Foreign Body\": {\n        \"precision\": 0.9547379612922668,\n        \"recall\": 0.9504611492156982,\n        \"f1-score\": 0.9525947570800781,\n        \"specificity\": 0.9949426054954529\n    },\n    \"Lymphangiectasia\": {\n        \"precision\": 0.959231972694397,\n        \"recall\": 0.9564647078514099,\n        \"f1-score\": 0.9578463435173035,\n        \"specificity\": 0.9954133629798889\n    },\n    \"Normal\": {\n        \"precision\": 0.9183895587921143,\n        \"recall\": 0.8931217193603516,\n        \"f1-score\": 0.9055793881416321,\n        \"specificity\": 0.9911313652992249\n    },\n    \"Polyp\": {\n        \"precision\": 0.8836148977279663,\n        \"recall\": 0.9034823179244995,\n        \"f1-score\": 0.8934381604194641,\n        \"specificity\": 0.987220287322998\n    },\n    \"Ulcer\": {\n        \"precision\": 0.9881889820098877,\n        \"recall\": 0.9866352081298828,\n        \"f1-score\": 0.9874114990234375,\n        \"specificity\": 0.9986683130264282\n    },\n    \"Worms\": {\n        \"precision\": 0.9947340488433838,\n        \"recall\": 0.9963080286979675,\n        \"f1-score\": 0.9955204129219055,\n        \"specificity\": 0.9994085431098938\n    },\n    \"macro avg\": {\n        \"precision\": 0.9241911172866821,\n        \"recall\": 0.9241803288459778,\n        \"f1-score\": 0.9241308569908142,\n        \"specificity\": 0.991646409034729\n    },\n    \"accuracy\": 0.9247480630874634,\n    \"auc_roc_scores\": {\n        \"Angioectasia\": 0.9960657954216003,\n        \"Bleeding\": 0.9983700513839722,\n        \"Erosion\": 0.9830338954925537,\n        \"Erythema\": 0.994175374507904,\n        \"Foreign Body\": 0.998729407787323,\n        \"Lymphangiectasia\": 0.9987560510635376,\n        \"Normal\": 0.9934574365615845,\n        \"Polyp\": 0.9947807192802429,\n        \"Ulcer\": 0.999850869178772,\n        \"Worms\": 0.9999858140945435\n    },\n    \"mean_auc\": 0.9957205057144165,\n    \"average_precision_scores\": {\n        \"Angioectasia\": 0.9741679430007935,\n        \"Bleeding\": 0.9872866868972778,\n        \"Erosion\": 0.8949015140533447,\n        \"Erythema\": 0.9521710872650146,\n        \"Foreign Body\": 0.9903731942176819,\n        \"Lymphangiectasia\": 0.9910773634910583,\n        \"Normal\": 0.9636995792388916,\n        \"Polyp\": 0.9604899883270264,\n        \"Ulcer\": 0.9989496469497681,\n        \"Worms\": 0.9998701214790344\n    },\n    \"mean_average_precision\": 0.9712988138198853,\n    \"mean_f1_score\": 0.9241308569908142,\n    \"mean_specificity\": 0.991646409034729,\n    \"mean_sensitivity\": 0.9241803288459778,\n    \"balanced_accuracy\": 0.9241803288459778\n}",
    "test_metrics": "{\n    \"Angioectasia\": {\n        \"precision\": 0.6099397540092468,\n        \"recall\": 0.8148893117904663,\n        \"f1-score\": 0.6976743936538696,\n        \"specificity\": 0.9834346175193787\n    },\n    \"Bleeding\": {\n        \"precision\": 0.7678571343421936,\n        \"recall\": 0.8384401202201843,\n        \"f1-score\": 0.8015978932380676,\n        \"specificity\": 0.9942306280136108\n    },\n    \"Erosion\": {\n        \"precision\": 0.6171810030937195,\n        \"recall\": 0.6406926512718201,\n        \"f1-score\": 0.6287170648574829,\n        \"specificity\": 0.9693530201911926\n    },\n    \"Erythema\": {\n        \"precision\": 0.4116465747356415,\n        \"recall\": 0.6902356743812561,\n        \"f1-score\": 0.5157232880592346,\n        \"specificity\": 0.9814966917037964\n    },\n    \"Foreign Body\": {\n        \"precision\": 0.5836575627326965,\n        \"recall\": 0.8823529481887817,\n        \"f1-score\": 0.7025761008262634,\n        \"specificity\": 0.9864488244056702\n    },\n    \"Lymphangiectasia\": {\n        \"precision\": 0.7565445303916931,\n        \"recall\": 0.8425655961036682,\n        \"f1-score\": 0.7972413897514343,\n        \"specificity\": 0.9941098093986511\n    },\n    \"Normal\": {\n        \"precision\": 0.988448977470398,\n        \"recall\": 0.912346363067627,\n        \"f1-score\": 0.9488742351531982,\n        \"specificity\": 0.9659298062324524\n    },\n    \"Polyp\": {\n        \"precision\": 0.4868420958518982,\n        \"recall\": 0.7400000095367432,\n        \"f1-score\": 0.5873016119003296,\n        \"specificity\": 0.9750511646270752\n    },\n    \"Ulcer\": {\n        \"precision\": 0.9189189076423645,\n        \"recall\": 0.9510489702224731,\n        \"f1-score\": 0.9347078800201416,\n        \"specificity\": 0.9984854459762573\n    },\n    \"Worms\": {\n        \"precision\": 0.7790697813034058,\n        \"recall\": 0.9852941036224365,\n        \"f1-score\": 0.8701298832893372,\n        \"specificity\": 0.9988172054290771\n    },\n    \"macro avg\": {\n        \"precision\": 0.6920106410980225,\n        \"recall\": 0.8297865986824036,\n        \"f1-score\": 0.7484543919563293,\n        \"specificity\": 0.9847356677055359\n    },\n    \"accuracy\": 0.8776965141296387,\n    \"auc_roc_scores\": {\n        \"Angioectasia\": 0.9778757095336914,\n        \"Bleeding\": 0.9920417666435242,\n        \"Erosion\": 0.9538722038269043,\n        \"Erythema\": 0.9639071822166443,\n        \"Foreign Body\": 0.985874354839325,\n        \"Lymphangiectasia\": 0.9819262027740479,\n        \"Normal\": 0.9868786334991455,\n        \"Polyp\": 0.9751627445220947,\n        \"Ulcer\": 0.9972991943359375,\n        \"Worms\": 0.9999505281448364\n    },\n    \"mean_auc\": 0.9814788699150085,\n    \"average_precision_scores\": {\n        \"Angioectasia\": 0.8193749189376831,\n        \"Bleeding\": 0.8758107423782349,\n        \"Erosion\": 0.6910673975944519,\n        \"Erythema\": 0.5533739328384399,\n        \"Foreign Body\": 0.881393551826477,\n        \"Lymphangiectasia\": 0.8681566715240479,\n        \"Normal\": 0.9958730936050415,\n        \"Polyp\": 0.6738623380661011,\n        \"Ulcer\": 0.977827787399292,\n        \"Worms\": 0.9889670610427856\n    },\n    \"mean_average_precision\": 0.8325707316398621,\n    \"mean_f1_score\": 0.7484543919563293,\n    \"mean_specificity\": 0.9847356677055359,\n    \"mean_sensitivity\": 0.8297865986824036,\n    \"balanced_accuracy\": 0.8297865986824036\n}"
}