{
    "epoch": 18,
    "train_metrics": "{\n    \"Angioectasia\": {\n        \"precision\": 0.9641039371490479,\n        \"recall\": 0.9607581496238708,\n        \"f1-score\": 0.9624281525611877,\n        \"specificity\": 0.9960426688194275\n    },\n    \"Bleeding\": {\n        \"precision\": 0.9628937244415283,\n        \"recall\": 0.9714516401290894,\n        \"f1-score\": 0.967153787612915,\n        \"specificity\": 0.995898962020874\n    },\n    \"Erosion\": {\n        \"precision\": 0.9248915314674377,\n        \"recall\": 0.9038155674934387,\n        \"f1-score\": 0.9142321348190308,\n        \"specificity\": 0.9918127059936523\n    },\n    \"Erythema\": {\n        \"precision\": 0.9323928952217102,\n        \"recall\": 0.94803786277771,\n        \"f1-score\": 0.9401503205299377,\n        \"specificity\": 0.9925100207328796\n    },\n    \"Foreign Body\": {\n        \"precision\": 0.9709129929542542,\n        \"recall\": 0.9774945974349976,\n        \"f1-score\": 0.9741926789283752,\n        \"specificity\": 0.9968159198760986\n    },\n    \"Lymphangiectasia\": {\n        \"precision\": 0.9803459048271179,\n        \"recall\": 0.9803459048271179,\n        \"f1-score\": 0.9803459048271179,\n        \"specificity\": 0.9977805018424988\n    },\n    \"Normal\": {\n        \"precision\": 0.970392107963562,\n        \"recall\": 0.9511111378669739,\n        \"f1-score\": 0.9606548547744751,\n        \"specificity\": 0.9967142343521118\n    },\n    \"Polyp\": {\n        \"precision\": 0.9432027339935303,\n        \"recall\": 0.9578104019165039,\n        \"f1-score\": 0.9504504799842834,\n        \"specificity\": 0.9936211705207825\n    },\n    \"Ulcer\": {\n        \"precision\": 0.9957817196846008,\n        \"recall\": 0.9957817196846008,\n        \"f1-score\": 0.9957817196846008,\n        \"specificity\": 0.9995267987251282\n    },\n    \"Worms\": {\n        \"precision\": 0.998424768447876,\n        \"recall\": 0.9976390600204468,\n        \"f1-score\": 0.998031735420227,\n        \"specificity\": 0.9998224377632141\n    },\n    \"macro avg\": {\n        \"precision\": 0.9643343091011047,\n        \"recall\": 0.9644246101379395,\n        \"f1-score\": 0.9643421173095703,\n        \"specificity\": 0.9960545897483826\n    },\n    \"accuracy\": 0.9644746780395508,\n    \"auc_roc_scores\": {\n        \"Angioectasia\": 0.9994204044342041,\n        \"Bleeding\": 0.99958336353302,\n        \"Erosion\": 0.9964948892593384,\n        \"Erythema\": 0.9988869428634644,\n        \"Foreign Body\": 0.9997819662094116,\n        \"Lymphangiectasia\": 0.9998100996017456,\n        \"Normal\": 0.9982408881187439,\n        \"Polyp\": 0.9991264939308167,\n        \"Ulcer\": 0.999978244304657,\n        \"Worms\": 0.9999978542327881\n    },\n    \"mean_auc\": 0.9991321563720703,\n    \"average_precision_scores\": {\n        \"Angioectasia\": 0.9952303171157837,\n        \"Bleeding\": 0.9964087605476379,\n        \"Erosion\": 0.9750131368637085,\n        \"Erythema\": 0.9900834560394287,\n        \"Foreign Body\": 0.998004138469696,\n        \"Lymphangiectasia\": 0.9984457492828369,\n        \"Normal\": 0.9906469583511353,\n        \"Polyp\": 0.9929637908935547,\n        \"Ulcer\": 0.9998325109481812,\n        \"Worms\": 0.9999812841415405\n    },\n    \"mean_average_precision\": 0.9936610460281372,\n    \"mean_f1_score\": 0.9643421173095703,\n    \"mean_specificity\": 0.9960545897483826,\n    \"mean_sensitivity\": 0.9644246101379395,\n    \"balanced_accuracy\": 0.9644246101379395\n}",
    "test_metrics": "{\n    \"Angioectasia\": {\n        \"precision\": 0.7307692170143127,\n        \"recall\": 0.8028169274330139,\n        \"f1-score\": 0.7651006579399109,\n        \"specificity\": 0.9905980229377747\n    },\n    \"Bleeding\": {\n        \"precision\": 0.784415602684021,\n        \"recall\": 0.8412256240844727,\n        \"f1-score\": 0.8118279576301575,\n        \"specificity\": 0.9947378635406494\n    },\n    \"Erosion\": {\n        \"precision\": 0.6247437000274658,\n        \"recall\": 0.79134202003479,\n        \"f1-score\": 0.6982429623603821,\n        \"specificity\": 0.9633437991142273\n    },\n    \"Erythema\": {\n        \"precision\": 0.5519287586212158,\n        \"recall\": 0.6262626051902771,\n        \"f1-score\": 0.5867508053779602,\n        \"specificity\": 0.9904641509056091\n    },\n    \"Foreign Body\": {\n        \"precision\": 0.783715009689331,\n        \"recall\": 0.9058823585510254,\n        \"f1-score\": 0.8403819799423218,\n        \"specificity\": 0.9946175217628479\n    },\n    \"Lymphangiectasia\": {\n        \"precision\": 0.7862796783447266,\n        \"recall\": 0.8688046932220459,\n        \"f1-score\": 0.8254847526550293,\n        \"specificity\": 0.9948698282241821\n    },\n    \"Normal\": {\n        \"precision\": 0.9905362725257874,\n        \"recall\": 0.9455522298812866,\n        \"f1-score\": 0.9675216674804688,\n        \"specificity\": 0.9711313247680664\n    },\n    \"Polyp\": {\n        \"precision\": 0.6439114212989807,\n        \"recall\": 0.6980000138282776,\n        \"f1-score\": 0.6698656678199768,\n        \"specificity\": 0.9876535534858704\n    },\n    \"Ulcer\": {\n        \"precision\": 0.9790209531784058,\n        \"recall\": 0.9790209531784058,\n        \"f1-score\": 0.9790209531784058,\n        \"specificity\": 0.9996213316917419\n    },\n    \"Worms\": {\n        \"precision\": 0.9444444179534912,\n        \"recall\": 1.0,\n        \"f1-score\": 0.9714285731315613,\n        \"specificity\": 0.9997509717941284\n    },\n    \"macro avg\": {\n        \"precision\": 0.7819765210151672,\n        \"recall\": 0.8458908200263977,\n        \"f1-score\": 0.8115625381469727,\n        \"specificity\": 0.9886788725852966\n    },\n    \"accuracy\": 0.9125961065292358,\n    \"auc_roc_scores\": {\n        \"Angioectasia\": 0.9842429161071777,\n        \"Bleeding\": 0.9848184585571289,\n        \"Erosion\": 0.9662518501281738,\n        \"Erythema\": 0.9726667404174805,\n        \"Foreign Body\": 0.9899438619613647,\n        \"Lymphangiectasia\": 0.991439938545227,\n        \"Normal\": 0.9927739500999451,\n        \"Polyp\": 0.9744378328323364,\n        \"Ulcer\": 0.9982080459594727,\n        \"Worms\": 0.9999880790710449\n    },\n    \"mean_auc\": 0.9854771494865417,\n    \"average_precision_scores\": {\n        \"Angioectasia\": 0.8420138359069824,\n        \"Bleeding\": 0.8988734483718872,\n        \"Erosion\": 0.7838140726089478,\n        \"Erythema\": 0.6243941783905029,\n        \"Foreign Body\": 0.9243111610412598,\n        \"Lymphangiectasia\": 0.9138551950454712,\n        \"Normal\": 0.9977704882621765,\n        \"Polyp\": 0.7156021595001221,\n        \"Ulcer\": 0.9916204810142517,\n        \"Worms\": 0.9970492124557495\n    },\n    \"mean_average_precision\": 0.868930459022522,\n    \"mean_f1_score\": 0.8115625381469727,\n    \"mean_specificity\": 0.9886788725852966,\n    \"mean_sensitivity\": 0.8458908200263977,\n    \"balanced_accuracy\": 0.8458908200263977\n}"
}