{
    "epoch": 11,
    "train_metrics": "{\n    \"Angioectasia\": {\n        \"precision\": 0.9376004338264465,\n        \"recall\": 0.9348464608192444,\n        \"f1-score\": 0.9362214207649231,\n        \"specificity\": 0.9931191205978394\n    },\n    \"Bleeding\": {\n        \"precision\": 0.9489743709564209,\n        \"recall\": 0.9665709137916565,\n        \"f1-score\": 0.9576917886734009,\n        \"specificity\": 0.9941086173057556\n    },\n    \"Erosion\": {\n        \"precision\": 0.8644395470619202,\n        \"recall\": 0.8485094904899597,\n        \"f1-score\": 0.8564004302024841,\n        \"specificity\": 0.9855234622955322\n    },\n    \"Erythema\": {\n        \"precision\": 0.9097368717193604,\n        \"recall\": 0.9268096685409546,\n        \"f1-score\": 0.9181938767433167,\n        \"specificity\": 0.9898751378059387\n    },\n    \"Foreign Body\": {\n        \"precision\": 0.9633758068084717,\n        \"recall\": 0.9654255509376526,\n        \"f1-score\": 0.9643995761871338,\n        \"specificity\": 0.9959228038787842\n    },\n    \"Lymphangiectasia\": {\n        \"precision\": 0.9630801677703857,\n        \"recall\": 0.9635884165763855,\n        \"f1-score\": 0.9633342027664185,\n        \"specificity\": 0.9958600997924805\n    },\n    \"Normal\": {\n        \"precision\": 0.9426717162132263,\n        \"recall\": 0.9190614223480225,\n        \"f1-score\": 0.930716872215271,\n        \"specificity\": 0.9937304258346558\n    },\n    \"Polyp\": {\n        \"precision\": 0.9162176847457886,\n        \"recall\": 0.9231812953948975,\n        \"f1-score\": 0.9196863174438477,\n        \"specificity\": 0.9908321499824524\n    },\n    \"Ulcer\": {\n        \"precision\": 0.9931865930557251,\n        \"recall\": 0.991108775138855,\n        \"f1-score\": 0.9921466112136841,\n        \"specificity\": 0.9992303848266602\n    },\n    \"Worms\": {\n        \"precision\": 0.9962815642356873,\n        \"recall\": 0.9970760345458984,\n        \"f1-score\": 0.9966786503791809,\n        \"specificity\": 0.9995863437652588\n    },\n    \"macro avg\": {\n        \"precision\": 0.9435564875602722,\n        \"recall\": 0.9436178207397461,\n        \"f1-score\": 0.9435469508171082,\n        \"specificity\": 0.9937788248062134\n    },\n    \"accuracy\": 0.943973183631897,\n    \"auc_roc_scores\": {\n        \"Angioectasia\": 0.9980981349945068,\n        \"Bleeding\": 0.9990882873535156,\n        \"Erosion\": 0.990071177482605,\n        \"Erythema\": 0.9970585107803345,\n        \"Foreign Body\": 0.999396800994873,\n        \"Lymphangiectasia\": 0.9991825819015503,\n        \"Normal\": 0.995940089225769,\n        \"Polyp\": 0.9972274303436279,\n        \"Ulcer\": 0.9999054670333862,\n        \"Worms\": 0.9999940395355225\n    },\n    \"mean_auc\": 0.997596263885498,\n    \"average_precision_scores\": {\n        \"Angioectasia\": 0.9861277937889099,\n        \"Bleeding\": 0.9922997355461121,\n        \"Erosion\": 0.9336844086647034,\n        \"Erythema\": 0.9745513200759888,\n        \"Foreign Body\": 0.9951799511909485,\n        \"Lymphangiectasia\": 0.9942125082015991,\n        \"Normal\": 0.978739857673645,\n        \"Polyp\": 0.9768906831741333,\n        \"Ulcer\": 0.9995101690292358,\n        \"Worms\": 0.9999469518661499\n    },\n    \"mean_average_precision\": 0.9831143617630005,\n    \"mean_f1_score\": 0.9435469508171082,\n    \"mean_specificity\": 0.9937788248062134,\n    \"mean_sensitivity\": 0.9436178207397461,\n    \"balanced_accuracy\": 0.9436178207397461\n}",
    "test_metrics": "{\n    \"Angioectasia\": {\n        \"precision\": 0.6849315166473389,\n        \"recall\": 0.8048290014266968,\n        \"f1-score\": 0.740055501461029,\n        \"specificity\": 0.9882315397262573\n    },\n    \"Bleeding\": {\n        \"precision\": 0.7331671118736267,\n        \"recall\": 0.8189415335655212,\n        \"f1-score\": 0.7736842036247253,\n        \"specificity\": 0.9932162761688232\n    },\n    \"Erosion\": {\n        \"precision\": 0.6251830458641052,\n        \"recall\": 0.739393949508667,\n        \"f1-score\": 0.6775089502334595,\n        \"specificity\": 0.9658142328262329\n    },\n    \"Erythema\": {\n        \"precision\": 0.45642203092575073,\n        \"recall\": 0.6700336933135986,\n        \"f1-score\": 0.542974054813385,\n        \"specificity\": 0.9850331544876099\n    },\n    \"Foreign Body\": {\n        \"precision\": 0.8232043981552124,\n        \"recall\": 0.8764705657958984,\n        \"f1-score\": 0.8490028381347656,\n        \"specificity\": 0.9959473013877869\n    },\n    \"Lymphangiectasia\": {\n        \"precision\": 0.7002288103103638,\n        \"recall\": 0.8921282887458801,\n        \"f1-score\": 0.7846153974533081,\n        \"specificity\": 0.9917030930519104\n    },\n    \"Normal\": {\n        \"precision\": 0.9897800087928772,\n        \"recall\": 0.9300886988639832,\n        \"f1-score\": 0.9590064287185669,\n        \"specificity\": 0.9693108201026917\n    },\n    \"Polyp\": {\n        \"precision\": 0.5625990629196167,\n        \"recall\": 0.7099999785423279,\n        \"f1-score\": 0.627763032913208,\n        \"specificity\": 0.9823439121246338\n    },\n    \"Ulcer\": {\n        \"precision\": 0.9554794430732727,\n        \"recall\": 0.9755244851112366,\n        \"f1-score\": 0.9653978943824768,\n        \"specificity\": 0.9991796016693115\n    },\n    \"Worms\": {\n        \"precision\": 0.8571428656578064,\n        \"recall\": 0.970588207244873,\n        \"f1-score\": 0.9103448390960693,\n        \"specificity\": 0.9993152618408203\n    },\n    \"macro avg\": {\n        \"precision\": 0.7388138175010681,\n        \"recall\": 0.8387998938560486,\n        \"f1-score\": 0.7830352783203125,\n        \"specificity\": 0.9870095252990723\n    },\n    \"accuracy\": 0.8975328803062439,\n    \"auc_roc_scores\": {\n        \"Angioectasia\": 0.9838946461677551,\n        \"Bleeding\": 0.982356071472168,\n        \"Erosion\": 0.9645535945892334,\n        \"Erythema\": 0.972680389881134,\n        \"Foreign Body\": 0.9825495481491089,\n        \"Lymphangiectasia\": 0.991915225982666,\n        \"Normal\": 0.9903658628463745,\n        \"Polyp\": 0.9753174781799316,\n        \"Ulcer\": 0.9973545670509338,\n        \"Worms\": 0.9999404549598694\n    },\n    \"mean_auc\": 0.9840928316116333,\n    \"average_precision_scores\": {\n        \"Angioectasia\": 0.850043535232544,\n        \"Bleeding\": 0.8611311316490173,\n        \"Erosion\": 0.7630918025970459,\n        \"Erythema\": 0.586225688457489,\n        \"Foreign Body\": 0.905290424823761,\n        \"Lymphangiectasia\": 0.9080504179000854,\n        \"Normal\": 0.9970074892044067,\n        \"Polyp\": 0.7041993141174316,\n        \"Ulcer\": 0.9850417971611023,\n        \"Worms\": 0.9906573295593262\n    },\n    \"mean_average_precision\": 0.8550739288330078,\n    \"mean_f1_score\": 0.7830352783203125,\n    \"mean_specificity\": 0.9870095252990723,\n    \"mean_sensitivity\": 0.8387998938560486,\n    \"balanced_accuracy\": 0.8387998938560486\n}"
}