{
    "epoch": 5,
    "train_metrics": "{\n    \"Angioectasia\": {\n        \"precision\": 0.8906506299972534,\n        \"recall\": 0.8736926913261414,\n        \"f1-score\": 0.882090151309967,\n        \"specificity\": 0.9881929159164429\n    },\n    \"Bleeding\": {\n        \"precision\": 0.9140521883964539,\n        \"recall\": 0.9206054210662842,\n        \"f1-score\": 0.9173170924186707,\n        \"specificity\": 0.9903666973114014\n    },\n    \"Erosion\": {\n        \"precision\": 0.7321189641952515,\n        \"recall\": 0.7344799637794495,\n        \"f1-score\": 0.73329758644104,\n        \"specificity\": 0.9704892635345459\n    },\n    \"Erythema\": {\n        \"precision\": 0.8295836448669434,\n        \"recall\": 0.8495762944221497,\n        \"f1-score\": 0.8394609689712524,\n        \"specificity\": 0.9805208444595337\n    },\n    \"Foreign Body\": {\n        \"precision\": 0.9466135501861572,\n        \"recall\": 0.9366622567176819,\n        \"f1-score\": 0.941611647605896,\n        \"specificity\": 0.9940536022186279\n    },\n    \"Lymphangiectasia\": {\n        \"precision\": 0.9384816884994507,\n        \"recall\": 0.9360313415527344,\n        \"f1-score\": 0.9372549057006836,\n        \"specificity\": 0.9930425882339478\n    },\n    \"Normal\": {\n        \"precision\": 0.8884073495864868,\n        \"recall\": 0.8566205501556396,\n        \"f1-score\": 0.8722244501113892,\n        \"specificity\": 0.9878026843070984\n    },\n    \"Polyp\": {\n        \"precision\": 0.8272870779037476,\n        \"recall\": 0.8549306988716125,\n        \"f1-score\": 0.8408817648887634,\n        \"specificity\": 0.980634331703186\n    },\n    \"Ulcer\": {\n        \"precision\": 0.9773533344268799,\n        \"recall\": 0.976287841796875,\n        \"f1-score\": 0.9768202900886536,\n        \"specificity\": 0.997554361820221\n    },\n    \"Worms\": {\n        \"precision\": 0.987139105796814,\n        \"recall\": 0.9894764423370361,\n        \"f1-score\": 0.9883064031600952,\n        \"specificity\": 0.998550534248352\n    },\n    \"macro avg\": {\n        \"precision\": 0.8931687474250793,\n        \"recall\": 0.8928363919258118,\n        \"f1-score\": 0.8929266333580017,\n        \"specificity\": 0.9881208539009094\n    },\n    \"accuracy\": 0.89305180311203,\n    \"auc_roc_scores\": {\n        \"Angioectasia\": 0.9925371408462524,\n        \"Bleeding\": 0.9966169595718384,\n        \"Erosion\": 0.9687908887863159,\n        \"Erythema\": 0.988860011100769,\n        \"Foreign Body\": 0.997968316078186,\n        \"Lymphangiectasia\": 0.9974734783172607,\n        \"Normal\": 0.9876559972763062,\n        \"Polyp\": 0.9894107580184937,\n        \"Ulcer\": 0.9996469020843506,\n        \"Worms\": 0.9999209642410278\n    },\n    \"mean_auc\": 0.991888165473938,\n    \"average_precision_scores\": {\n        \"Angioectasia\": 0.9560425281524658,\n        \"Bleeding\": 0.9740481376647949,\n        \"Erosion\": 0.8199580907821655,\n        \"Erythema\": 0.9163460731506348,\n        \"Foreign Body\": 0.9856847524642944,\n        \"Lymphangiectasia\": 0.9837347865104675,\n        \"Normal\": 0.9404081106185913,\n        \"Polyp\": 0.9211685657501221,\n        \"Ulcer\": 0.997355580329895,\n        \"Worms\": 0.9993406534194946\n    },\n    \"mean_average_precision\": 0.9494087100028992,\n    \"mean_f1_score\": 0.8929266333580017,\n    \"mean_specificity\": 0.9881208539009094,\n    \"mean_sensitivity\": 0.8928363919258118,\n    \"balanced_accuracy\": 0.8928363919258118\n}",
    "test_metrics": "{\n    \"Angioectasia\": {\n        \"precision\": 0.5927602052688599,\n        \"recall\": 0.7907444834709167,\n        \"f1-score\": 0.6775861978530884,\n        \"specificity\": 0.98273104429245\n    },\n    \"Bleeding\": {\n        \"precision\": 0.628230631351471,\n        \"recall\": 0.8802228569984436,\n        \"f1-score\": 0.7331786751747131,\n        \"specificity\": 0.9881442785263062\n    },\n    \"Erosion\": {\n        \"precision\": 0.478608101606369,\n        \"recall\": 0.7264069318771362,\n        \"f1-score\": 0.5770288705825806,\n        \"specificity\": 0.938973069190979\n    },\n    \"Erythema\": {\n        \"precision\": 0.3699551522731781,\n        \"recall\": 0.5555555820465088,\n        \"f1-score\": 0.4441453516483307,\n        \"specificity\": 0.9822545051574707\n    },\n    \"Foreign Body\": {\n        \"precision\": 0.6726862192153931,\n        \"recall\": 0.8764705657958984,\n        \"f1-score\": 0.7611749768257141,\n        \"specificity\": 0.9908181428909302\n    },\n    \"Lymphangiectasia\": {\n        \"precision\": 0.5008576512336731,\n        \"recall\": 0.851311981678009,\n        \"f1-score\": 0.6306695342063904,\n        \"specificity\": 0.9815694689750671\n    },\n    \"Normal\": {\n        \"precision\": 0.9947876930236816,\n        \"recall\": 0.8543175458908081,\n        \"f1-score\": 0.9192171096801758,\n        \"specificity\": 0.9856957197189331\n    },\n    \"Polyp\": {\n        \"precision\": 0.46828609704971313,\n        \"recall\": 0.6940000057220459,\n        \"f1-score\": 0.5592264533042908,\n        \"specificity\": 0.9747952818870544\n    },\n    \"Ulcer\": {\n        \"precision\": 0.7486486434936523,\n        \"recall\": 0.9685314893722534,\n        \"f1-score\": 0.8445122241973877,\n        \"specificity\": 0.9941310286521912\n    },\n    \"Worms\": {\n        \"precision\": 0.8205128312110901,\n        \"recall\": 0.9411764740943909,\n        \"f1-score\": 0.8767123222351074,\n        \"specificity\": 0.9991284608840942\n    },\n    \"macro avg\": {\n        \"precision\": 0.6275333762168884,\n        \"recall\": 0.8138737678527832,\n        \"f1-score\": 0.7023451924324036,\n        \"specificity\": 0.9818241000175476\n    },\n    \"accuracy\": 0.8361021280288696,\n    \"auc_roc_scores\": {\n        \"Angioectasia\": 0.9766523838043213,\n        \"Bleeding\": 0.9856953620910645,\n        \"Erosion\": 0.9422462582588196,\n        \"Erythema\": 0.956859827041626,\n        \"Foreign Body\": 0.9771997332572937,\n        \"Lymphangiectasia\": 0.9807631969451904,\n        \"Normal\": 0.9829012751579285,\n        \"Polyp\": 0.968919038772583,\n        \"Ulcer\": 0.9983091354370117,\n        \"Worms\": 0.9998471736907959\n    },\n    \"mean_auc\": 0.9769393801689148,\n    \"average_precision_scores\": {\n        \"Angioectasia\": 0.812972903251648,\n        \"Bleeding\": 0.8810731768608093,\n        \"Erosion\": 0.6452136635780334,\n        \"Erythema\": 0.4961945116519928,\n        \"Foreign Body\": 0.8765690922737122,\n        \"Lymphangiectasia\": 0.823045551776886,\n        \"Normal\": 0.9946380257606506,\n        \"Polyp\": 0.6270663738250732,\n        \"Ulcer\": 0.9716945886611938,\n        \"Worms\": 0.9745647311210632\n    },\n    \"mean_average_precision\": 0.8103033304214478,\n    \"mean_f1_score\": 0.7023451924324036,\n    \"mean_specificity\": 0.9818241000175476,\n    \"mean_sensitivity\": 0.8138737678527832,\n    \"balanced_accuracy\": 0.8138737678527832\n}"
}