{
    "epoch": 1,
    "train_metrics": "{\n    \"Angioectasia\": {\n        \"precision\": 0.7062706351280212,\n        \"recall\": 0.625564694404602,\n        \"f1-score\": 0.6634723544120789,\n        \"specificity\": 0.9710731506347656\n    },\n    \"Bleeding\": {\n        \"precision\": 0.7485364079475403,\n        \"recall\": 0.7368276715278625,\n        \"f1-score\": 0.7426358461380005,\n        \"specificity\": 0.9734416604042053\n    },\n    \"Erosion\": {\n        \"precision\": 0.42108023166656494,\n        \"recall\": 0.4267871379852295,\n        \"f1-score\": 0.42391449213027954,\n        \"specificity\": 0.9347594976425171\n    },\n    \"Erythema\": {\n        \"precision\": 0.5378885269165039,\n        \"recall\": 0.5455966591835022,\n        \"f1-score\": 0.541715145111084,\n        \"specificity\": 0.9467262625694275\n    },\n    \"Foreign Body\": {\n        \"precision\": 0.8012372255325317,\n        \"recall\": 0.7761855125427246,\n        \"f1-score\": 0.7885124683380127,\n        \"specificity\": 0.9781160354614258\n    },\n    \"Lymphangiectasia\": {\n        \"precision\": 0.7639272212982178,\n        \"recall\": 0.7622454762458801,\n        \"f1-score\": 0.7630854249000549,\n        \"specificity\": 0.9748035073280334\n    },\n    \"Normal\": {\n        \"precision\": 0.6907808780670166,\n        \"recall\": 0.6801234483718872,\n        \"f1-score\": 0.685410737991333,\n        \"specificity\": 0.9648852348327637\n    },\n    \"Polyp\": {\n        \"precision\": 0.5549160838127136,\n        \"recall\": 0.6067121028900146,\n        \"f1-score\": 0.5796593427658081,\n        \"specificity\": 0.9450773596763611\n    },\n    \"Ulcer\": {\n        \"precision\": 0.8773756623268127,\n        \"recall\": 0.8815066814422607,\n        \"f1-score\": 0.8794363141059875,\n        \"specificity\": 0.9860584735870361\n    },\n    \"Worms\": {\n        \"precision\": 0.8804004192352295,\n        \"recall\": 0.9280755519866943,\n        \"f1-score\": 0.903609573841095,\n        \"specificity\": 0.9866493940353394\n    },\n    \"macro avg\": {\n        \"precision\": 0.6982413530349731,\n        \"recall\": 0.6969625353813171,\n        \"f1-score\": 0.6971451640129089,\n        \"specificity\": 0.9661590456962585\n    },\n    \"accuracy\": 0.6955885887145996,\n    \"auc_roc_scores\": {\n        \"Angioectasia\": 0.934837818145752,\n        \"Bleeding\": 0.9655077457427979,\n        \"Erosion\": 0.8642883896827698,\n        \"Erythema\": 0.9182425737380981,\n        \"Foreign Body\": 0.9719865322113037,\n        \"Lymphangiectasia\": 0.9662328958511353,\n        \"Normal\": 0.9386462569236755,\n        \"Polyp\": 0.92644202709198,\n        \"Ulcer\": 0.9887027740478516,\n        \"Worms\": 0.9960298538208008\n    },\n    \"mean_auc\": 0.9470916986465454,\n    \"average_precision_scores\": {\n        \"Angioectasia\": 0.7508256435394287,\n        \"Bleeding\": 0.83724445104599,\n        \"Erosion\": 0.444866418838501,\n        \"Erythema\": 0.5911089777946472,\n        \"Foreign Body\": 0.8763861060142517,\n        \"Lymphangiectasia\": 0.8525570631027222,\n        \"Normal\": 0.7510054111480713,\n        \"Polyp\": 0.6293832063674927,\n        \"Ulcer\": 0.9449201226234436,\n        \"Worms\": 0.9725518822669983\n    },\n    \"mean_average_precision\": 0.7650849223136902,\n    \"mean_f1_score\": 0.6971451640129089,\n    \"mean_specificity\": 0.9661590456962585,\n    \"mean_sensitivity\": 0.6969625353813171,\n    \"balanced_accuracy\": 0.6969625353813171\n}",
    "test_metrics": "{\n    \"Angioectasia\": {\n        \"precision\": 0.3708542585372925,\n        \"recall\": 0.7424547076225281,\n        \"f1-score\": 0.494638055562973,\n        \"specificity\": 0.9599616527557373\n    },\n    \"Bleeding\": {\n        \"precision\": 0.7131578922271729,\n        \"recall\": 0.7548746466636658,\n        \"f1-score\": 0.7334235310554504,\n        \"specificity\": 0.9930894374847412\n    },\n    \"Erosion\": {\n        \"precision\": 0.4454183280467987,\n        \"recall\": 0.4839826822280884,\n        \"f1-score\": 0.4639004170894623,\n        \"specificity\": 0.9535287618637085\n    },\n    \"Erythema\": {\n        \"precision\": 0.18778908252716064,\n        \"recall\": 0.683501660823822,\n        \"f1-score\": 0.29462990164756775,\n        \"specificity\": 0.9445531964302063\n    },\n    \"Foreign Body\": {\n        \"precision\": 0.3464285731315613,\n        \"recall\": 0.8558823466300964,\n        \"f1-score\": 0.49322032928466797,\n        \"specificity\": 0.9652355909347534\n    },\n    \"Lymphangiectasia\": {\n        \"precision\": 0.49275362491607666,\n        \"recall\": 0.7930029034614563,\n        \"f1-score\": 0.6078212261199951,\n        \"specificity\": 0.9822661280632019\n    },\n    \"Normal\": {\n        \"precision\": 0.9897324442863464,\n        \"recall\": 0.7766745090484619,\n        \"f1-score\": 0.8703543543815613,\n        \"specificity\": 0.9742522835731506\n    },\n    \"Polyp\": {\n        \"precision\": 0.34276729822158813,\n        \"recall\": 0.6539999842643738,\n        \"f1-score\": 0.44979366660118103,\n        \"specificity\": 0.9598899483680725\n    },\n    \"Ulcer\": {\n        \"precision\": 0.8042168617248535,\n        \"recall\": 0.9335664510726929,\n        \"f1-score\": 0.8640776872634888,\n        \"specificity\": 0.9958980083465576\n    },\n    \"Worms\": {\n        \"precision\": 0.6336633563041687,\n        \"recall\": 0.9411764740943909,\n        \"f1-score\": 0.7573964595794678,\n        \"specificity\": 0.9976966977119446\n    },\n    \"macro avg\": {\n        \"precision\": 0.5326781868934631,\n        \"recall\": 0.7619116306304932,\n        \"f1-score\": 0.6029255986213684,\n        \"specificity\": 0.9726371765136719\n    },\n    \"accuracy\": 0.7541532516479492,\n    \"auc_roc_scores\": {\n        \"Angioectasia\": 0.9403142929077148,\n        \"Bleeding\": 0.9810193181037903,\n        \"Erosion\": 0.9014540314674377,\n        \"Erythema\": 0.9485602378845215,\n        \"Foreign Body\": 0.9663370847702026,\n        \"Lymphangiectasia\": 0.9733803868293762,\n        \"Normal\": 0.9628587365150452,\n        \"Polyp\": 0.9601256251335144,\n        \"Ulcer\": 0.9971032738685608,\n        \"Worms\": 0.9993911981582642\n    },\n    \"mean_auc\": 0.9630544781684875,\n    \"average_precision_scores\": {\n        \"Angioectasia\": 0.6483136415481567,\n        \"Bleeding\": 0.8198942542076111,\n        \"Erosion\": 0.4833725094795227,\n        \"Erythema\": 0.34737759828567505,\n        \"Foreign Body\": 0.7964555025100708,\n        \"Lymphangiectasia\": 0.766015887260437,\n        \"Normal\": 0.9880760908126831,\n        \"Polyp\": 0.5033918619155884,\n        \"Ulcer\": 0.938709557056427,\n        \"Worms\": 0.9267679452896118\n    },\n    \"mean_average_precision\": 0.7218374609947205,\n    \"mean_f1_score\": 0.6029255986213684,\n    \"mean_specificity\": 0.9726371765136719,\n    \"mean_sensitivity\": 0.7619116306304932,\n    \"balanced_accuracy\": 0.7619116306304932\n}"
}