{
    "epoch": 11,
    "train_metrics": "{\n    \"Angioectasia\": {\n        \"precision\": 0.9541677832603455,\n        \"recall\": 0.9518716335296631,\n        \"f1-score\": 0.9530183672904968,\n        \"specificity\": 0.9949508309364319\n    },\n    \"Bleeding\": {\n        \"precision\": 0.9577465057373047,\n        \"recall\": 0.9650278687477112,\n        \"f1-score\": 0.9613733887672424,\n        \"specificity\": 0.9950090646743774\n    },\n    \"Erosion\": {\n        \"precision\": 0.8980032205581665,\n        \"recall\": 0.8776371479034424,\n        \"f1-score\": 0.8877033591270447,\n        \"specificity\": 0.9888215065002441\n    },\n    \"Erythema\": {\n        \"precision\": 0.9257112741470337,\n        \"recall\": 0.9448776841163635,\n        \"f1-score\": 0.9351962804794312,\n        \"specificity\": 0.9916784763336182\n    },\n    \"Foreign Body\": {\n        \"precision\": 0.9726136922836304,\n        \"recall\": 0.9726136922836304,\n        \"f1-score\": 0.9726136922836304,\n        \"specificity\": 0.9969568252563477\n    },\n    \"Lymphangiectasia\": {\n        \"precision\": 0.9792948961257935,\n        \"recall\": 0.9752020239830017,\n        \"f1-score\": 0.9772441983222961,\n        \"specificity\": 0.9978246688842773\n    },\n    \"Normal\": {\n        \"precision\": 0.9585152864456177,\n        \"recall\": 0.9491891860961914,\n        \"f1-score\": 0.9538294672966003,\n        \"specificity\": 0.9955171346664429\n    },\n    \"Polyp\": {\n        \"precision\": 0.9446026682853699,\n        \"recall\": 0.9547357559204102,\n        \"f1-score\": 0.9496421813964844,\n        \"specificity\": 0.9936658143997192\n    },\n    \"Ulcer\": {\n        \"precision\": 0.9978678226470947,\n        \"recall\": 0.9973361492156982,\n        \"f1-score\": 0.9976019263267517,\n        \"specificity\": 0.9997636675834656\n    },\n    \"Worms\": {\n        \"precision\": 0.9989429116249084,\n        \"recall\": 0.9989429116249084,\n        \"f1-score\": 0.9989429116249084,\n        \"specificity\": 0.9998817443847656\n    },\n    \"macro avg\": {\n        \"precision\": 0.958746612071991,\n        \"recall\": 0.9587433934211731,\n        \"f1-score\": 0.9587165713310242,\n        \"specificity\": 0.9954069256782532\n    },\n    \"accuracy\": 0.9586778879165649,\n    \"auc_roc_scores\": {\n        \"Angioectasia\": 0.9987279176712036,\n        \"Bleeding\": 0.9994010329246521,\n        \"Erosion\": 0.9944963455200195,\n        \"Erythema\": 0.9983857870101929,\n        \"Foreign Body\": 0.9996726512908936,\n        \"Lymphangiectasia\": 0.9997325539588928,\n        \"Normal\": 0.9983281493186951,\n        \"Polyp\": 0.9986902475357056,\n        \"Ulcer\": 0.9999936819076538,\n        \"Worms\": 0.999998927116394\n    },\n    \"mean_auc\": 0.9987426996231079,\n    \"average_precision_scores\": {\n        \"Angioectasia\": 0.9914342761039734,\n        \"Bleeding\": 0.9948481321334839,\n        \"Erosion\": 0.961776614189148,\n        \"Erythema\": 0.9848767518997192,\n        \"Foreign Body\": 0.9972820281982422,\n        \"Lymphangiectasia\": 0.9977372288703918,\n        \"Normal\": 0.9894485473632812,\n        \"Polyp\": 0.9900254011154175,\n        \"Ulcer\": 0.9999448657035828,\n        \"Worms\": 0.9999899864196777\n    },\n    \"mean_average_precision\": 0.9907364249229431,\n    \"mean_f1_score\": 0.9587165713310242,\n    \"mean_specificity\": 0.9954069256782532,\n    \"mean_sensitivity\": 0.9587433934211731,\n    \"balanced_accuracy\": 0.9587433934211731\n}",
    "test_metrics": "{\n    \"Angioectasia\": {\n        \"precision\": 0.6325300931930542,\n        \"recall\": 0.8450704216957092,\n        \"f1-score\": 0.723514199256897,\n        \"specificity\": 0.9843940138816833\n    },\n    \"Bleeding\": {\n        \"precision\": 0.7944862246513367,\n        \"recall\": 0.8830083608627319,\n        \"f1-score\": 0.8364115953445435,\n        \"specificity\": 0.9948012232780457\n    },\n    \"Erosion\": {\n        \"precision\": 0.6829268336296082,\n        \"recall\": 0.7757575511932373,\n        \"f1-score\": 0.7263883352279663,\n        \"specificity\": 0.9722240567207336\n    },\n    \"Erythema\": {\n        \"precision\": 0.6151419281959534,\n        \"recall\": 0.6565656661987305,\n        \"f1-score\": 0.6351791620254517,\n        \"specificity\": 0.9922955632209778\n    },\n    \"Foreign Body\": {\n        \"precision\": 0.8397790193557739,\n        \"recall\": 0.8941176533699036,\n        \"f1-score\": 0.8660968542098999,\n        \"specificity\": 0.99632728099823\n    },\n    \"Lymphangiectasia\": {\n        \"precision\": 0.8087855577468872,\n        \"recall\": 0.9125364422798157,\n        \"f1-score\": 0.8575342297554016,\n        \"specificity\": 0.9953131675720215\n    },\n    \"Normal\": {\n        \"precision\": 0.9919472336769104,\n        \"recall\": 0.9423781037330627,\n        \"f1-score\": 0.96652752161026,\n        \"specificity\": 0.9755526781082153\n    },\n    \"Polyp\": {\n        \"precision\": 0.5875190496444702,\n        \"recall\": 0.7720000147819519,\n        \"f1-score\": 0.6672428846359253,\n        \"specificity\": 0.9826637506484985\n    },\n    \"Ulcer\": {\n        \"precision\": 0.9653978943824768,\n        \"recall\": 0.9755244851112366,\n        \"f1-score\": 0.9704347848892212,\n        \"specificity\": 0.9993689060211182\n    },\n    \"Worms\": {\n        \"precision\": 0.9444444179534912,\n        \"recall\": 1.0,\n        \"f1-score\": 0.9714285731315613,\n        \"specificity\": 0.9997509717941284\n    },\n    \"macro avg\": {\n        \"precision\": 0.7862958908081055,\n        \"recall\": 0.8656958937644958,\n        \"f1-score\": 0.8220758438110352,\n        \"specificity\": 0.9892691969871521\n    },\n    \"accuracy\": 0.9147656559944153,\n    \"auc_roc_scores\": {\n        \"Angioectasia\": 0.9822207689285278,\n        \"Bleeding\": 0.994481086730957,\n        \"Erosion\": 0.9742503762245178,\n        \"Erythema\": 0.9811168909072876,\n        \"Foreign Body\": 0.9927310347557068,\n        \"Lymphangiectasia\": 0.9927399158477783,\n        \"Normal\": 0.9939333200454712,\n        \"Polyp\": 0.9829674959182739,\n        \"Ulcer\": 0.9998548030853271,\n        \"Worms\": 0.999998152256012\n    },\n    \"mean_auc\": 0.9894294142723083,\n    \"average_precision_scores\": {\n        \"Angioectasia\": 0.8675023317337036,\n        \"Bleeding\": 0.9249020218849182,\n        \"Erosion\": 0.822428286075592,\n        \"Erythema\": 0.667673647403717,\n        \"Foreign Body\": 0.9463069438934326,\n        \"Lymphangiectasia\": 0.9320777654647827,\n        \"Normal\": 0.9981253743171692,\n        \"Polyp\": 0.7623834609985352,\n        \"Ulcer\": 0.9939129948616028,\n        \"Worms\": 0.9995706081390381\n    },\n    \"mean_average_precision\": 0.8914883732795715,\n    \"mean_f1_score\": 0.8220758438110352,\n    \"mean_specificity\": 0.9892691969871521,\n    \"mean_sensitivity\": 0.8656958937644958,\n    \"balanced_accuracy\": 0.8656958937644958\n}"
}