{
    "epoch": 1,
    "train_metrics": "{\n    \"Angioectasia\": {\n        \"precision\": 0.7826700806617737,\n        \"recall\": 0.7318553924560547,\n        \"f1-score\": 0.7564102411270142,\n        \"specificity\": 0.9772310853004456\n    },\n    \"Bleeding\": {\n        \"precision\": 0.8175122737884521,\n        \"recall\": 0.8170665502548218,\n        \"f1-score\": 0.8172893524169922,\n        \"specificity\": 0.9802881479263306\n    },\n    \"Erosion\": {\n        \"precision\": 0.5249143242835999,\n        \"recall\": 0.5356470346450806,\n        \"f1-score\": 0.5302263498306274,\n        \"specificity\": 0.9468279480934143\n    },\n    \"Erythema\": {\n        \"precision\": 0.6159734725952148,\n        \"recall\": 0.6215242147445679,\n        \"f1-score\": 0.6187363862991333,\n        \"specificity\": 0.9553716778755188\n    },\n    \"Foreign Body\": {\n        \"precision\": 0.8698098063468933,\n        \"recall\": 0.8502225875854492,\n        \"f1-score\": 0.8599046468734741,\n        \"specificity\": 0.9856162071228027\n    },\n    \"Lymphangiectasia\": {\n        \"precision\": 0.8811933994293213,\n        \"recall\": 0.8561076521873474,\n        \"f1-score\": 0.8684694170951843,\n        \"specificity\": 0.986782431602478\n    },\n    \"Normal\": {\n        \"precision\": 0.7853591442108154,\n        \"recall\": 0.7669274210929871,\n        \"f1-score\": 0.7760338187217712,\n        \"specificity\": 0.9770796298980713\n    },\n    \"Polyp\": {\n        \"precision\": 0.6333416104316711,\n        \"recall\": 0.7023383975028992,\n        \"f1-score\": 0.6660579442977905,\n        \"specificity\": 0.9564935564994812\n    },\n    \"Ulcer\": {\n        \"precision\": 0.9204575419425964,\n        \"recall\": 0.9243922233581543,\n        \"f1-score\": 0.9224206805229187,\n        \"specificity\": 0.9911705851554871\n    },\n    \"Worms\": {\n        \"precision\": 0.9625231027603149,\n        \"recall\": 0.9645596146583557,\n        \"f1-score\": 0.9635403156280518,\n        \"specificity\": 0.9958020448684692\n    },\n    \"macro avg\": {\n        \"precision\": 0.7793754935264587,\n        \"recall\": 0.7770641446113586,\n        \"f1-score\": 0.7779089212417603,\n        \"specificity\": 0.9752663969993591\n    },\n    \"accuracy\": 0.7773286700248718,\n    \"auc_roc_scores\": {\n        \"Angioectasia\": 0.9644057750701904,\n        \"Bleeding\": 0.9820390343666077,\n        \"Erosion\": 0.9124026894569397,\n        \"Erythema\": 0.9434162378311157,\n        \"Foreign Body\": 0.9859423637390137,\n        \"Lymphangiectasia\": 0.9862632155418396,\n        \"Normal\": 0.969581127166748,\n        \"Polyp\": 0.9590564966201782,\n        \"Ulcer\": 0.9961409568786621,\n        \"Worms\": 0.9991043210029602\n    },\n    \"mean_auc\": 0.9698352813720703,\n    \"average_precision_scores\": {\n        \"Angioectasia\": 0.8460749387741089,\n        \"Bleeding\": 0.9020683765411377,\n        \"Erosion\": 0.5821288824081421,\n        \"Erythema\": 0.6904511451721191,\n        \"Foreign Body\": 0.9350418448448181,\n        \"Lymphangiectasia\": 0.9367595911026001,\n        \"Normal\": 0.8527573943138123,\n        \"Polyp\": 0.7505090236663818,\n        \"Ulcer\": 0.977651834487915,\n        \"Worms\": 0.9943645000457764\n    },\n    \"mean_average_precision\": 0.8467807769775391,\n    \"mean_f1_score\": 0.7779089212417603,\n    \"mean_specificity\": 0.9752663969993591,\n    \"mean_sensitivity\": 0.7770641446113586,\n    \"balanced_accuracy\": 0.7770641446113586\n}",
    "test_metrics": "{\n    \"Angioectasia\": {\n        \"precision\": 0.5830721259117126,\n        \"recall\": 0.7484909296035767,\n        \"f1-score\": 0.6555066108703613,\n        \"specificity\": 0.9829868674278259\n    },\n    \"Bleeding\": {\n        \"precision\": 0.6763392686843872,\n        \"recall\": 0.844011127948761,\n        \"f1-score\": 0.7509293556213379,\n        \"specificity\": 0.990807056427002\n    },\n    \"Erosion\": {\n        \"precision\": 0.45023149251937866,\n        \"recall\": 0.6735930442810059,\n        \"f1-score\": 0.539715588092804,\n        \"specificity\": 0.9365693926811218\n    },\n    \"Erythema\": {\n        \"precision\": 0.2013949453830719,\n        \"recall\": 0.7777777910232544,\n        \"f1-score\": 0.3199445903301239,\n        \"specificity\": 0.9421534538269043\n    },\n    \"Foreign Body\": {\n        \"precision\": 0.6905311942100525,\n        \"recall\": 0.8794117569923401,\n        \"f1-score\": 0.7736093401908875,\n        \"specificity\": 0.9915146827697754\n    },\n    \"Lymphangiectasia\": {\n        \"precision\": 0.4193989038467407,\n        \"recall\": 0.8950437307357788,\n        \"f1-score\": 0.5711628198623657,\n        \"specificity\": 0.9730825424194336\n    },\n    \"Normal\": {\n        \"precision\": 0.9952206611633301,\n        \"recall\": 0.796532928943634,\n        \"f1-score\": 0.8848605155944824,\n        \"specificity\": 0.9877763390541077\n    },\n    \"Polyp\": {\n        \"precision\": 0.5319926738739014,\n        \"recall\": 0.5820000171661377,\n        \"f1-score\": 0.5558739304542542,\n        \"specificity\": 0.9836233258247375\n    },\n    \"Ulcer\": {\n        \"precision\": 0.5119705200195312,\n        \"recall\": 0.9720279574394226,\n        \"f1-score\": 0.6706875562667847,\n        \"specificity\": 0.9832765460014343\n    },\n    \"Worms\": {\n        \"precision\": 0.8292682766914368,\n        \"recall\": 1.0,\n        \"f1-score\": 0.9066666960716248,\n        \"specificity\": 0.9991284608840942\n    },\n    \"macro avg\": {\n        \"precision\": 0.5889420509338379,\n        \"recall\": 0.8168889284133911,\n        \"f1-score\": 0.662895679473877,\n        \"specificity\": 0.977091908454895\n    },\n    \"accuracy\": 0.7881230115890503,\n    \"auc_roc_scores\": {\n        \"Angioectasia\": 0.9677407741546631,\n        \"Bleeding\": 0.9834463596343994,\n        \"Erosion\": 0.924220085144043,\n        \"Erythema\": 0.9588280916213989,\n        \"Foreign Body\": 0.9831364154815674,\n        \"Lymphangiectasia\": 0.9819738864898682,\n        \"Normal\": 0.9787588119506836,\n        \"Polyp\": 0.9626758098602295,\n        \"Ulcer\": 0.9980125427246094,\n        \"Worms\": 0.9999798536300659\n    },\n    \"mean_auc\": 0.9738772511482239,\n    \"average_precision_scores\": {\n        \"Angioectasia\": 0.7719382643699646,\n        \"Bleeding\": 0.8601948618888855,\n        \"Erosion\": 0.5999488830566406,\n        \"Erythema\": 0.48328840732574463,\n        \"Foreign Body\": 0.9041869044303894,\n        \"Lymphangiectasia\": 0.8413898944854736,\n        \"Normal\": 0.9932070970535278,\n        \"Polyp\": 0.617311418056488,\n        \"Ulcer\": 0.9604359865188599,\n        \"Worms\": 0.9959442019462585\n    },\n    \"mean_average_precision\": 0.8027845621109009,\n    \"mean_f1_score\": 0.662895679473877,\n    \"mean_specificity\": 0.977091908454895,\n    \"mean_sensitivity\": 0.8168889284133911,\n    \"balanced_accuracy\": 0.8168889284133911\n}"
}