{
    "epoch": 9,
    "train_metrics": "{\n    \"Angioectasia\": {\n        \"precision\": 0.9442262649536133,\n        \"recall\": 0.9415143728256226,\n        \"f1-score\": 0.9428683519363403,\n        \"specificity\": 0.9936939477920532\n    },\n    \"Bleeding\": {\n        \"precision\": 0.9522156715393066,\n        \"recall\": 0.9591287970542908,\n        \"f1-score\": 0.9556597471237183,\n        \"specificity\": 0.9947178959846497\n    },\n    \"Erosion\": {\n        \"precision\": 0.875778079032898,\n        \"recall\": 0.8620138764381409,\n        \"f1-score\": 0.8688414692878723,\n        \"specificity\": 0.9864413738250732\n    },\n    \"Erythema\": {\n        \"precision\": 0.9223353266716003,\n        \"recall\": 0.9356153011322021,\n        \"f1-score\": 0.9289278388023376,\n        \"specificity\": 0.9914519786834717\n    },\n    \"Foreign Body\": {\n        \"precision\": 0.9675392508506775,\n        \"recall\": 0.9690613746643066,\n        \"f1-score\": 0.9682996869087219,\n        \"specificity\": 0.9963306188583374\n    },\n    \"Lymphangiectasia\": {\n        \"precision\": 0.9707586765289307,\n        \"recall\": 0.9710144996643066,\n        \"f1-score\": 0.9708865880966187,\n        \"specificity\": 0.9967171549797058\n    },\n    \"Normal\": {\n        \"precision\": 0.9508415460586548,\n        \"recall\": 0.9390501379966736,\n        \"f1-score\": 0.9449090957641602,\n        \"specificity\": 0.9945589303970337\n    },\n    \"Polyp\": {\n        \"precision\": 0.937299907207489,\n        \"recall\": 0.9430872201919556,\n        \"f1-score\": 0.9401846528053284,\n        \"specificity\": 0.9930641651153564\n    },\n    \"Ulcer\": {\n        \"precision\": 0.9949129819869995,\n        \"recall\": 0.9959796071052551,\n        \"f1-score\": 0.9954460263252258,\n        \"specificity\": 0.9994391202926636\n    },\n    \"Worms\": {\n        \"precision\": 0.9984089136123657,\n        \"recall\": 0.9992038011550903,\n        \"f1-score\": 0.9988061785697937,\n        \"specificity\": 0.9998226761817932\n    },\n    \"macro avg\": {\n        \"precision\": 0.9514316916465759,\n        \"recall\": 0.9515668749809265,\n        \"f1-score\": 0.9514829516410828,\n        \"specificity\": 0.9946237802505493\n    },\n    \"accuracy\": 0.9516047835350037,\n    \"auc_roc_scores\": {\n        \"Angioectasia\": 0.998548150062561,\n        \"Bleeding\": 0.9992374181747437,\n        \"Erosion\": 0.9910638332366943,\n        \"Erythema\": 0.9975292086601257,\n        \"Foreign Body\": 0.9995540380477905,\n        \"Lymphangiectasia\": 0.9993747472763062,\n        \"Normal\": 0.9973145127296448,\n        \"Polyp\": 0.9983121156692505,\n        \"Ulcer\": 0.9999852180480957,\n        \"Worms\": 0.9999980926513672\n    },\n    \"mean_auc\": 0.9980916976928711,\n    \"average_precision_scores\": {\n        \"Angioectasia\": 0.9890280365943909,\n        \"Bleeding\": 0.9929561614990234,\n        \"Erosion\": 0.9448335766792297,\n        \"Erythema\": 0.9768696427345276,\n        \"Foreign Body\": 0.9963119029998779,\n        \"Lymphangiectasia\": 0.9955913424491882,\n        \"Normal\": 0.985265851020813,\n        \"Polyp\": 0.9864832758903503,\n        \"Ulcer\": 0.9998596906661987,\n        \"Worms\": 0.9999818801879883\n    },\n    \"mean_average_precision\": 0.9867181777954102,\n    \"mean_f1_score\": 0.9514829516410828,\n    \"mean_specificity\": 0.9946237802505493,\n    \"mean_sensitivity\": 0.9515668749809265,\n    \"balanced_accuracy\": 0.9515668749809265\n}",
    "test_metrics": "{\n    \"Angioectasia\": {\n        \"precision\": 0.6817447543144226,\n        \"recall\": 0.849094569683075,\n        \"f1-score\": 0.7562723755836487,\n        \"specificity\": 0.9874000549316406\n    },\n    \"Bleeding\": {\n        \"precision\": 0.7443438768386841,\n        \"recall\": 0.9164345264434814,\n        \"f1-score\": 0.8214731812477112,\n        \"specificity\": 0.9928358793258667\n    },\n    \"Erosion\": {\n        \"precision\": 0.7141680121421814,\n        \"recall\": 0.7506493330001831,\n        \"f1-score\": 0.7319543957710266,\n        \"specificity\": 0.9768311381340027\n    },\n    \"Erythema\": {\n        \"precision\": 0.5762711763381958,\n        \"recall\": 0.6868686676025391,\n        \"f1-score\": 0.6267281174659729,\n        \"specificity\": 0.990527331829071\n    },\n    \"Foreign Body\": {\n        \"precision\": 0.8324176073074341,\n        \"recall\": 0.8911764621734619,\n        \"f1-score\": 0.8607954382896423,\n        \"specificity\": 0.996137261390686\n    },\n    \"Lymphangiectasia\": {\n        \"precision\": 0.691629946231842,\n        \"recall\": 0.9154518842697144,\n        \"f1-score\": 0.7879548072814941,\n        \"specificity\": 0.9911330938339233\n    },\n    \"Normal\": {\n        \"precision\": 0.9898550510406494,\n        \"recall\": 0.9449825286865234,\n        \"f1-score\": 0.9668984413146973,\n        \"specificity\": 0.9690507054328918\n    },\n    \"Polyp\": {\n        \"precision\": 0.6144578456878662,\n        \"recall\": 0.7139999866485596,\n        \"f1-score\": 0.6604995131492615,\n        \"specificity\": 0.9856704473495483\n    },\n    \"Ulcer\": {\n        \"precision\": 0.9245901703834534,\n        \"recall\": 0.9860140085220337,\n        \"f1-score\": 0.9543147087097168,\n        \"specificity\": 0.9985485076904297\n    },\n    \"Worms\": {\n        \"precision\": 0.9710144996643066,\n        \"recall\": 0.9852941036224365,\n        \"f1-score\": 0.9781022071838379,\n        \"specificity\": 0.9998754858970642\n    },\n    \"macro avg\": {\n        \"precision\": 0.7740492820739746,\n        \"recall\": 0.8639966249465942,\n        \"f1-score\": 0.8144993185997009,\n        \"specificity\": 0.9888010025024414\n    },\n    \"accuracy\": 0.9147036671638489,\n    \"auc_roc_scores\": {\n        \"Angioectasia\": 0.9857436418533325,\n        \"Bleeding\": 0.9926903247833252,\n        \"Erosion\": 0.9751501083374023,\n        \"Erythema\": 0.9836953282356262,\n        \"Foreign Body\": 0.9932816028594971,\n        \"Lymphangiectasia\": 0.9910005331039429,\n        \"Normal\": 0.9928803443908691,\n        \"Polyp\": 0.9785781502723694,\n        \"Ulcer\": 0.9999167919158936,\n        \"Worms\": 0.999998152256012\n    },\n    \"mean_auc\": 0.9892935156822205,\n    \"average_precision_scores\": {\n        \"Angioectasia\": 0.8701778650283813,\n        \"Bleeding\": 0.916030764579773,\n        \"Erosion\": 0.8141740560531616,\n        \"Erythema\": 0.6776807308197021,\n        \"Foreign Body\": 0.9428628087043762,\n        \"Lymphangiectasia\": 0.9224587678909302,\n        \"Normal\": 0.9978077411651611,\n        \"Polyp\": 0.7346071004867554,\n        \"Ulcer\": 0.9955809116363525,\n        \"Worms\": 0.9995798468589783\n    },\n    \"mean_average_precision\": 0.8870960474014282,\n    \"mean_f1_score\": 0.8144993185997009,\n    \"mean_specificity\": 0.9888010025024414,\n    \"mean_sensitivity\": 0.8639966249465942,\n    \"balanced_accuracy\": 0.8639966249465942\n}"
}