{
    "epoch": 17,
    "train_metrics": "{\n    \"Angioectasia\": {\n        \"precision\": 0.9769108295440674,\n        \"recall\": 0.9758748412132263,\n        \"f1-score\": 0.9763925671577454,\n        \"specificity\": 0.9974287152290344\n    },\n    \"Bleeding\": {\n        \"precision\": 0.9664618372917175,\n        \"recall\": 0.9789937734603882,\n        \"f1-score\": 0.9726874232292175,\n        \"specificity\": 0.9961186051368713\n    },\n    \"Erosion\": {\n        \"precision\": 0.9516616463661194,\n        \"recall\": 0.9259754419326782,\n        \"f1-score\": 0.9386427998542786,\n        \"specificity\": 0.9948028922080994\n    },\n    \"Erythema\": {\n        \"precision\": 0.9475072622299194,\n        \"recall\": 0.965072512626648,\n        \"f1-score\": 0.9562092423439026,\n        \"specificity\": 0.9941272139549255\n    },\n    \"Foreign Body\": {\n        \"precision\": 0.9790728688240051,\n        \"recall\": 0.9790728688240051,\n        \"f1-score\": 0.9790728688240051,\n        \"specificity\": 0.9976649284362793\n    },\n    \"Lymphangiectasia\": {\n        \"precision\": 0.9854994416236877,\n        \"recall\": 0.9876210689544678,\n        \"f1-score\": 0.9865591526031494,\n        \"specificity\": 0.9984066486358643\n    },\n    \"Normal\": {\n        \"precision\": 0.986881673336029,\n        \"recall\": 0.9783256649971008,\n        \"f1-score\": 0.9825850129127502,\n        \"specificity\": 0.9985847473144531\n    },\n    \"Polyp\": {\n        \"precision\": 0.9690170884132385,\n        \"recall\": 0.9710921049118042,\n        \"f1-score\": 0.970053493976593,\n        \"specificity\": 0.9965752363204956\n    },\n    \"Ulcer\": {\n        \"precision\": 0.9989412426948547,\n        \"recall\": 0.9992057085037231,\n        \"f1-score\": 0.9990734457969666,\n        \"specificity\": 0.9998817443847656\n    },\n    \"Worms\": {\n        \"precision\": 0.9997382760047913,\n        \"recall\": 1.0,\n        \"f1-score\": 0.9998691082000732,\n        \"specificity\": 0.9999703764915466\n    },\n    \"macro avg\": {\n        \"precision\": 0.976169228553772,\n        \"recall\": 0.9761234521865845,\n        \"f1-score\": 0.9761144518852234,\n        \"specificity\": 0.9973560571670532\n    },\n    \"accuracy\": 0.9762012362480164,\n    \"auc_roc_scores\": {\n        \"Angioectasia\": 0.9997949600219727,\n        \"Bleeding\": 0.9997392892837524,\n        \"Erosion\": 0.9981952905654907,\n        \"Erythema\": 0.9993699193000793,\n        \"Foreign Body\": 0.9998653531074524,\n        \"Lymphangiectasia\": 0.999934196472168,\n        \"Normal\": 0.9994468092918396,\n        \"Polyp\": 0.9997109174728394,\n        \"Ulcer\": 0.9999995827674866,\n        \"Worms\": 1.0\n    },\n    \"mean_auc\": 0.9996055960655212,\n    \"average_precision_scores\": {\n        \"Angioectasia\": 0.9982793927192688,\n        \"Bleeding\": 0.9977225661277771,\n        \"Erosion\": 0.9860514402389526,\n        \"Erythema\": 0.9941976070404053,\n        \"Foreign Body\": 0.9988033175468445,\n        \"Lymphangiectasia\": 0.9994196891784668,\n        \"Normal\": 0.9969128370285034,\n        \"Polyp\": 0.9975096583366394,\n        \"Ulcer\": 0.9999960660934448,\n        \"Worms\": 0.9999998807907104\n    },\n    \"mean_average_precision\": 0.9968892335891724,\n    \"mean_f1_score\": 0.9761144518852234,\n    \"mean_specificity\": 0.9973560571670532,\n    \"mean_sensitivity\": 0.9761234521865845,\n    \"balanced_accuracy\": 0.9761234521865845\n}",
    "test_metrics": "{\n    \"Angioectasia\": {\n        \"precision\": 0.7890772223472595,\n        \"recall\": 0.8430583477020264,\n        \"f1-score\": 0.8151751160621643,\n        \"specificity\": 0.992836594581604\n    },\n    \"Bleeding\": {\n        \"precision\": 0.8179419636726379,\n        \"recall\": 0.8635097742080688,\n        \"f1-score\": 0.8401083946228027,\n        \"specificity\": 0.9956254363059998\n    },\n    \"Erosion\": {\n        \"precision\": 0.716317355632782,\n        \"recall\": 0.8285714387893677,\n        \"f1-score\": 0.7683660984039307,\n        \"specificity\": 0.974694550037384\n    },\n    \"Erythema\": {\n        \"precision\": 0.6221498250961304,\n        \"recall\": 0.6430976390838623,\n        \"f1-score\": 0.6324503421783447,\n        \"specificity\": 0.9926744699478149\n    },\n    \"Foreign Body\": {\n        \"precision\": 0.8735954761505127,\n        \"recall\": 0.9147058725357056,\n        \"f1-score\": 0.8936781883239746,\n        \"specificity\": 0.9971504807472229\n    },\n    \"Lymphangiectasia\": {\n        \"precision\": 0.8235294222831726,\n        \"recall\": 0.8979591727256775,\n        \"f1-score\": 0.8591352701187134,\n        \"specificity\": 0.9958198666572571\n    },\n    \"Normal\": {\n        \"precision\": 0.9902247190475464,\n        \"recall\": 0.9645967483520508,\n        \"f1-score\": 0.9772427678108215,\n        \"specificity\": 0.9695708751678467\n    },\n    \"Polyp\": {\n        \"precision\": 0.7321772575378418,\n        \"recall\": 0.7599999904632568,\n        \"f1-score\": 0.7458292245864868,\n        \"specificity\": 0.9911080002784729\n    },\n    \"Ulcer\": {\n        \"precision\": 0.9691780805587769,\n        \"recall\": 0.9895104765892029,\n        \"f1-score\": 0.979238748550415,\n        \"specificity\": 0.9994320273399353\n    },\n    \"Worms\": {\n        \"precision\": 0.9710144996643066,\n        \"recall\": 0.9852941036224365,\n        \"f1-score\": 0.9781022071838379,\n        \"specificity\": 0.9998754858970642\n    },\n    \"macro avg\": {\n        \"precision\": 0.8305206298828125,\n        \"recall\": 0.8690304160118103,\n        \"f1-score\": 0.848932683467865,\n        \"specificity\": 0.9908787608146667\n    },\n    \"accuracy\": 0.9346640110015869,\n    \"auc_roc_scores\": {\n        \"Angioectasia\": 0.9885843396186829,\n        \"Bleeding\": 0.9923020005226135,\n        \"Erosion\": 0.9823473691940308,\n        \"Erythema\": 0.9771902561187744,\n        \"Foreign Body\": 0.991972804069519,\n        \"Lymphangiectasia\": 0.9921456575393677,\n        \"Normal\": 0.99567711353302,\n        \"Polyp\": 0.9848254919052124,\n        \"Ulcer\": 0.9998470544815063,\n        \"Worms\": 0.9999935626983643\n    },\n    \"mean_auc\": 0.9904886484146118,\n    \"average_precision_scores\": {\n        \"Angioectasia\": 0.8958803415298462,\n        \"Bleeding\": 0.9187353849411011,\n        \"Erosion\": 0.8553516268730164,\n        \"Erythema\": 0.6693862676620483,\n        \"Foreign Body\": 0.9492843747138977,\n        \"Lymphangiectasia\": 0.9329375624656677,\n        \"Normal\": 0.9986767172813416,\n        \"Polyp\": 0.8128530979156494,\n        \"Ulcer\": 0.9959985613822937,\n        \"Worms\": 0.9986274242401123\n    },\n    \"mean_average_precision\": 0.9027730822563171,\n    \"mean_f1_score\": 0.848932683467865,\n    \"mean_specificity\": 0.9908787608146667,\n    \"mean_sensitivity\": 0.8690304160118103,\n    \"balanced_accuracy\": 0.8690304160118103\n}"
}