{
    "epoch": 12,
    "train_metrics": "{\n    \"Angioectasia\": {\n        \"precision\": 0.9582887887954712,\n        \"recall\": 0.9624060392379761,\n        \"f1-score\": 0.9603430032730103,\n        \"specificity\": 0.9953958988189697\n    },\n    \"Bleeding\": {\n        \"precision\": 0.9624966979026794,\n        \"recall\": 0.9691048264503479,\n        \"f1-score\": 0.9657894968986511,\n        \"specificity\": 0.9957717061042786\n    },\n    \"Erosion\": {\n        \"precision\": 0.9183266758918762,\n        \"recall\": 0.9001394510269165,\n        \"f1-score\": 0.9091421365737915,\n        \"specificity\": 0.9915642738342285\n    },\n    \"Erythema\": {\n        \"precision\": 0.9370904564857483,\n        \"recall\": 0.9513038992881775,\n        \"f1-score\": 0.9441436529159546,\n        \"specificity\": 0.9929096698760986\n    },\n    \"Foreign Body\": {\n        \"precision\": 0.9749934673309326,\n        \"recall\": 0.9767745137214661,\n        \"f1-score\": 0.9758831858634949,\n        \"specificity\": 0.997157633304596\n    },\n    \"Lymphangiectasia\": {\n        \"precision\": 0.9799792170524597,\n        \"recall\": 0.9804890751838684,\n        \"f1-score\": 0.9802340865135193,\n        \"specificity\": 0.997719407081604\n    },\n    \"Normal\": {\n        \"precision\": 0.9682455658912659,\n        \"recall\": 0.9553524851799011,\n        \"f1-score\": 0.9617558121681213,\n        \"specificity\": 0.9964472651481628\n    },\n    \"Polyp\": {\n        \"precision\": 0.9508196711540222,\n        \"recall\": 0.9549257755279541,\n        \"f1-score\": 0.9528682827949524,\n        \"specificity\": 0.9946020841598511\n    },\n    \"Ulcer\": {\n        \"precision\": 0.9986705780029297,\n        \"recall\": 0.9978746175765991,\n        \"f1-score\": 0.9982724189758301,\n        \"specificity\": 0.9998522400856018\n    },\n    \"Worms\": {\n        \"precision\": 0.9989415407180786,\n        \"recall\": 0.9992059469223022,\n        \"f1-score\": 0.9990736842155457,\n        \"specificity\": 0.9998817443847656\n    },\n    \"macro avg\": {\n        \"precision\": 0.9647852778434753,\n        \"recall\": 0.9647577404975891,\n        \"f1-score\": 0.9647505879402161,\n        \"specificity\": 0.9961301684379578\n    },\n    \"accuracy\": 0.9651394486427307,\n    \"auc_roc_scores\": {\n        \"Angioectasia\": 0.999255895614624,\n        \"Bleeding\": 0.9995073080062866,\n        \"Erosion\": 0.9960881471633911,\n        \"Erythema\": 0.9986109733581543,\n        \"Foreign Body\": 0.9997186660766602,\n        \"Lymphangiectasia\": 0.999754786491394,\n        \"Normal\": 0.9979654550552368,\n        \"Polyp\": 0.9990254640579224,\n        \"Ulcer\": 0.9999983310699463,\n        \"Worms\": 0.9999995231628418\n    },\n    \"mean_auc\": 0.9989924430847168,\n    \"average_precision_scores\": {\n        \"Angioectasia\": 0.9938165545463562,\n        \"Bleeding\": 0.995842456817627,\n        \"Erosion\": 0.9711967706680298,\n        \"Erythema\": 0.9881184101104736,\n        \"Foreign Body\": 0.9978650212287903,\n        \"Lymphangiectasia\": 0.9980717897415161,\n        \"Normal\": 0.9902819991111755,\n        \"Polyp\": 0.9916414618492126,\n        \"Ulcer\": 0.999984860420227,\n        \"Worms\": 0.9999957084655762\n    },\n    \"mean_average_precision\": 0.9926815032958984,\n    \"mean_f1_score\": 0.9647505879402161,\n    \"mean_specificity\": 0.9961301684379578,\n    \"mean_sensitivity\": 0.9647577404975891,\n    \"balanced_accuracy\": 0.9647577404975891\n}",
    "test_metrics": "{\n    \"Angioectasia\": {\n        \"precision\": 0.7784200310707092,\n        \"recall\": 0.8128772377967834,\n        \"f1-score\": 0.7952755689620972,\n        \"specificity\": 0.992644727230072\n    },\n    \"Bleeding\": {\n        \"precision\": 0.8461538553237915,\n        \"recall\": 0.8885793685913086,\n        \"f1-score\": 0.866847813129425,\n        \"specificity\": 0.9963228106498718\n    },\n    \"Erosion\": {\n        \"precision\": 0.7272727489471436,\n        \"recall\": 0.761904776096344,\n        \"f1-score\": 0.7441860437393188,\n        \"specificity\": 0.9779661893844604\n    },\n    \"Erythema\": {\n        \"precision\": 0.5604395866394043,\n        \"recall\": 0.6868686676025391,\n        \"f1-score\": 0.6172465682029724,\n        \"specificity\": 0.9898958206176758\n    },\n    \"Foreign Body\": {\n        \"precision\": 0.8693181872367859,\n        \"recall\": 0.8999999761581421,\n        \"f1-score\": 0.884393036365509,\n        \"specificity\": 0.9970871210098267\n    },\n    \"Lymphangiectasia\": {\n        \"precision\": 0.745192289352417,\n        \"recall\": 0.9037901163101196,\n        \"f1-score\": 0.8168643116950989,\n        \"specificity\": 0.9932864904403687\n    },\n    \"Normal\": {\n        \"precision\": 0.990128219127655,\n        \"recall\": 0.9550744891166687,\n        \"f1-score\": 0.9722855091094971,\n        \"specificity\": 0.9695708751678467\n    },\n    \"Polyp\": {\n        \"precision\": 0.5982142686843872,\n        \"recall\": 0.8040000200271606,\n        \"f1-score\": 0.6860068440437317,\n        \"specificity\": 0.9827277660369873\n    },\n    \"Ulcer\": {\n        \"precision\": 0.9522184133529663,\n        \"recall\": 0.9755244851112366,\n        \"f1-score\": 0.9637305736541748,\n        \"specificity\": 0.9991164803504944\n    },\n    \"Worms\": {\n        \"precision\": 0.8701298832893372,\n        \"recall\": 0.9852941036224365,\n        \"f1-score\": 0.9241379499435425,\n        \"specificity\": 0.9993774890899658\n    },\n    \"macro avg\": {\n        \"precision\": 0.7937487959861755,\n        \"recall\": 0.8673912882804871,\n        \"f1-score\": 0.8270974159240723,\n        \"specificity\": 0.9897996187210083\n    },\n    \"accuracy\": 0.9240019917488098,\n    \"auc_roc_scores\": {\n        \"Angioectasia\": 0.984743058681488,\n        \"Bleeding\": 0.9914416074752808,\n        \"Erosion\": 0.9756512641906738,\n        \"Erythema\": 0.9794369339942932,\n        \"Foreign Body\": 0.9924300909042358,\n        \"Lymphangiectasia\": 0.9957020282745361,\n        \"Normal\": 0.9940779209136963,\n        \"Polyp\": 0.9831693768501282,\n        \"Ulcer\": 0.9998940825462341,\n        \"Worms\": 0.9999771118164062\n    },\n    \"mean_auc\": 0.9896522760391235,\n    \"average_precision_scores\": {\n        \"Angioectasia\": 0.8756871223449707,\n        \"Bleeding\": 0.9186451435089111,\n        \"Erosion\": 0.8283941149711609,\n        \"Erythema\": 0.6693377494812012,\n        \"Foreign Body\": 0.949127197265625,\n        \"Lymphangiectasia\": 0.921843945980072,\n        \"Normal\": 0.9981808662414551,\n        \"Polyp\": 0.7869216203689575,\n        \"Ulcer\": 0.9948558211326599,\n        \"Worms\": 0.9951224327087402\n    },\n    \"mean_average_precision\": 0.8938116431236267,\n    \"mean_f1_score\": 0.8270974159240723,\n    \"mean_specificity\": 0.9897996187210083,\n    \"mean_sensitivity\": 0.8673912882804871,\n    \"balanced_accuracy\": 0.8673912882804871\n}"
}