{
    "epoch": 16,
    "train_metrics": "{\n    \"Angioectasia\": {\n        \"precision\": 0.9743190407752991,\n        \"recall\": 0.9725530743598938,\n        \"f1-score\": 0.9734352827072144,\n        \"specificity\": 0.9970662593841553\n    },\n    \"Bleeding\": {\n        \"precision\": 0.9664934873580933,\n        \"recall\": 0.9781808853149414,\n        \"f1-score\": 0.9723020792007446,\n        \"specificity\": 0.9961837530136108\n    },\n    \"Erosion\": {\n        \"precision\": 0.9479368329048157,\n        \"recall\": 0.9226415157318115,\n        \"f1-score\": 0.9351181387901306,\n        \"specificity\": 0.9944537878036499\n    },\n    \"Erythema\": {\n        \"precision\": 0.9492847919464111,\n        \"recall\": 0.9630606770515442,\n        \"f1-score\": 0.9561231136322021,\n        \"specificity\": 0.9942336678504944\n    },\n    \"Foreign Body\": {\n        \"precision\": 0.9718044996261597,\n        \"recall\": 0.9810246825218201,\n        \"f1-score\": 0.9763928055763245,\n        \"specificity\": 0.9969043135643005\n    },\n    \"Lymphangiectasia\": {\n        \"precision\": 0.9842161536216736,\n        \"recall\": 0.9852705001831055,\n        \"f1-score\": 0.984743058681488,\n        \"specificity\": 0.9982581734657288\n    },\n    \"Normal\": {\n        \"precision\": 0.9816739559173584,\n        \"recall\": 0.9721018671989441,\n        \"f1-score\": 0.9768644571304321,\n        \"specificity\": 0.9980244636535645\n    },\n    \"Polyp\": {\n        \"precision\": 0.96469646692276,\n        \"recall\": 0.96469646692276,\n        \"f1-score\": 0.96469646692276,\n        \"specificity\": 0.996102511882782\n    },\n    \"Ulcer\": {\n        \"precision\": 0.99895179271698,\n        \"recall\": 0.9994755983352661,\n        \"f1-score\": 0.9992136359214783,\n        \"specificity\": 0.9998816251754761\n    },\n    \"Worms\": {\n        \"precision\": 0.9997349381446838,\n        \"recall\": 0.9997349381446838,\n        \"f1-score\": 0.9997349381446838,\n        \"specificity\": 0.9999704360961914\n    },\n    \"macro avg\": {\n        \"precision\": 0.9739112257957458,\n        \"recall\": 0.973874032497406,\n        \"f1-score\": 0.97386234998703,\n        \"specificity\": 0.9971079230308533\n    },\n    \"accuracy\": 0.9739676117897034,\n    \"auc_roc_scores\": {\n        \"Angioectasia\": 0.9997259378433228,\n        \"Bleeding\": 0.9997273683547974,\n        \"Erosion\": 0.9978254437446594,\n        \"Erythema\": 0.9993845224380493,\n        \"Foreign Body\": 0.9998264312744141,\n        \"Lymphangiectasia\": 0.9998877048492432,\n        \"Normal\": 0.9992717504501343,\n        \"Polyp\": 0.9995205998420715,\n        \"Ulcer\": 0.9999829530715942,\n        \"Worms\": 0.9999999403953552\n    },\n    \"mean_auc\": 0.9995152354240417,\n    \"average_precision_scores\": {\n        \"Angioectasia\": 0.9978151321411133,\n        \"Bleeding\": 0.9975630044937134,\n        \"Erosion\": 0.9841752052307129,\n        \"Erythema\": 0.9944450855255127,\n        \"Foreign Body\": 0.998424768447876,\n        \"Lymphangiectasia\": 0.9991474747657776,\n        \"Normal\": 0.9962975382804871,\n        \"Polyp\": 0.9954352378845215,\n        \"Ulcer\": 0.9998961091041565,\n        \"Worms\": 0.999999463558197\n    },\n    \"mean_average_precision\": 0.9963199496269226,\n    \"mean_f1_score\": 0.97386234998703,\n    \"mean_specificity\": 0.9971079230308533,\n    \"mean_sensitivity\": 0.973874032497406,\n    \"balanced_accuracy\": 0.973874032497406\n}",
    "test_metrics": "{\n    \"Angioectasia\": {\n        \"precision\": 0.8003838658332825,\n        \"recall\": 0.8390341997146606,\n        \"f1-score\": 0.8192534446716309,\n        \"specificity\": 0.993348240852356\n    },\n    \"Bleeding\": {\n        \"precision\": 0.8575419187545776,\n        \"recall\": 0.8551532030105591,\n        \"f1-score\": 0.8563458919525146,\n        \"specificity\": 0.9967666268348694\n    },\n    \"Erosion\": {\n        \"precision\": 0.7290015816688538,\n        \"recall\": 0.7965368032455444,\n        \"f1-score\": 0.7612742781639099,\n        \"specificity\": 0.9771649837493896\n    },\n    \"Erythema\": {\n        \"precision\": 0.6170212626457214,\n        \"recall\": 0.683501660823822,\n        \"f1-score\": 0.6485623121261597,\n        \"specificity\": 0.9920429587364197\n    },\n    \"Foreign Body\": {\n        \"precision\": 0.8631284832954407,\n        \"recall\": 0.908823549747467,\n        \"f1-score\": 0.8853868246078491,\n        \"specificity\": 0.9968971610069275\n    },\n    \"Lymphangiectasia\": {\n        \"precision\": 0.8457300066947937,\n        \"recall\": 0.8950437307357788,\n        \"f1-score\": 0.8696883916854858,\n        \"specificity\": 0.9964532256126404\n    },\n    \"Normal\": {\n        \"precision\": 0.9881455898284912,\n        \"recall\": 0.9701310396194458,\n        \"f1-score\": 0.9790554642677307,\n        \"specificity\": 0.9628088474273682\n    },\n    \"Polyp\": {\n        \"precision\": 0.7306201457977295,\n        \"recall\": 0.7540000081062317,\n        \"f1-score\": 0.7421259880065918,\n        \"specificity\": 0.9911080002784729\n    },\n    \"Ulcer\": {\n        \"precision\": 0.9590443968772888,\n        \"recall\": 0.9825174808502197,\n        \"f1-score\": 0.9706390500068665,\n        \"specificity\": 0.9992427229881287\n    },\n    \"Worms\": {\n        \"precision\": 0.9710144996643066,\n        \"recall\": 0.9852941036224365,\n        \"f1-score\": 0.9781022071838379,\n        \"specificity\": 0.9998754858970642\n    },\n    \"macro avg\": {\n        \"precision\": 0.8361631631851196,\n        \"recall\": 0.8670036196708679,\n        \"f1-score\": 0.8510433435440063,\n        \"specificity\": 0.9905708432197571\n    },\n    \"accuracy\": 0.9365236759185791,\n    \"auc_roc_scores\": {\n        \"Angioectasia\": 0.9880641102790833,\n        \"Bleeding\": 0.9894907474517822,\n        \"Erosion\": 0.9810488224029541,\n        \"Erythema\": 0.9825820922851562,\n        \"Foreign Body\": 0.9910383224487305,\n        \"Lymphangiectasia\": 0.9947612881660461,\n        \"Normal\": 0.9954869747161865,\n        \"Polyp\": 0.9842910766601562,\n        \"Ulcer\": 0.9977647066116333,\n        \"Worms\": 0.9999469518661499\n    },\n    \"mean_auc\": 0.990447461605072,\n    \"average_precision_scores\": {\n        \"Angioectasia\": 0.8940714001655579,\n        \"Bleeding\": 0.9144637584686279,\n        \"Erosion\": 0.84223872423172,\n        \"Erythema\": 0.68336021900177,\n        \"Foreign Body\": 0.9442179203033447,\n        \"Lymphangiectasia\": 0.9340377449989319,\n        \"Normal\": 0.9985954165458679,\n        \"Polyp\": 0.8023682832717896,\n        \"Ulcer\": 0.9890344142913818,\n        \"Worms\": 0.9927784204483032\n    },\n    \"mean_average_precision\": 0.8995167016983032,\n    \"mean_f1_score\": 0.8510433435440063,\n    \"mean_specificity\": 0.9905708432197571,\n    \"mean_sensitivity\": 0.8670036196708679,\n    \"balanced_accuracy\": 0.8670036196708679\n}"
}