{
    "epoch": 10,
    "train_metrics": "{\n    \"Angioectasia\": {\n        \"precision\": 0.9463856816291809,\n        \"recall\": 0.941114068031311,\n        \"f1-score\": 0.9437425136566162,\n        \"specificity\": 0.9940597414970398\n    },\n    \"Bleeding\": {\n        \"precision\": 0.9530503749847412,\n        \"recall\": 0.960695207118988,\n        \"f1-score\": 0.9568575024604797,\n        \"specificity\": 0.9947736859321594\n    },\n    \"Erosion\": {\n        \"precision\": 0.8798283338546753,\n        \"recall\": 0.8721084594726562,\n        \"f1-score\": 0.8759514093399048,\n        \"specificity\": 0.986763596534729\n    },\n    \"Erythema\": {\n        \"precision\": 0.9236842393875122,\n        \"recall\": 0.9372496604919434,\n        \"f1-score\": 0.9304174780845642,\n        \"specificity\": 0.9914358258247375\n    },\n    \"Foreign Body\": {\n        \"precision\": 0.9708252549171448,\n        \"recall\": 0.9727171659469604,\n        \"f1-score\": 0.9717702865600586,\n        \"specificity\": 0.9969131350517273\n    },\n    \"Lymphangiectasia\": {\n        \"precision\": 0.9685781598091125,\n        \"recall\": 0.9688318371772766,\n        \"f1-score\": 0.9687049984931946,\n        \"specificity\": 0.9964485764503479\n    },\n    \"Normal\": {\n        \"precision\": 0.9564075469970703,\n        \"recall\": 0.9467117190361023,\n        \"f1-score\": 0.9515349268913269,\n        \"specificity\": 0.9950829148292542\n    },\n    \"Polyp\": {\n        \"precision\": 0.9394103288650513,\n        \"recall\": 0.9394103288650513,\n        \"f1-score\": 0.9394103288650513,\n        \"specificity\": 0.9933942556381226\n    },\n    \"Ulcer\": {\n        \"precision\": 0.9963484406471252,\n        \"recall\": 0.9968684911727905,\n        \"f1-score\": 0.9966083765029907,\n        \"specificity\": 0.9995855093002319\n    },\n    \"Worms\": {\n        \"precision\": 0.9992111325263977,\n        \"recall\": 0.9986859560012817,\n        \"f1-score\": 0.9989484548568726,\n        \"specificity\": 0.9999112486839294\n    },\n    \"macro avg\": {\n        \"precision\": 0.9533729553222656,\n        \"recall\": 0.9534393548965454,\n        \"f1-score\": 0.9533945918083191,\n        \"specificity\": 0.9948369264602661\n    },\n    \"accuracy\": 0.9535192847251892,\n    \"auc_roc_scores\": {\n        \"Angioectasia\": 0.998374879360199,\n        \"Bleeding\": 0.9993017911911011,\n        \"Erosion\": 0.9921161532402039,\n        \"Erythema\": 0.9977614879608154,\n        \"Foreign Body\": 0.9995625019073486,\n        \"Lymphangiectasia\": 0.9995054006576538,\n        \"Normal\": 0.9980940818786621,\n        \"Polyp\": 0.9981992244720459,\n        \"Ulcer\": 0.9997922778129578,\n        \"Worms\": 0.9999991655349731\n    },\n    \"mean_auc\": 0.9982706904411316,\n    \"average_precision_scores\": {\n        \"Angioectasia\": 0.9888197183609009,\n        \"Bleeding\": 0.9936866760253906,\n        \"Erosion\": 0.949082612991333,\n        \"Erythema\": 0.9792370796203613,\n        \"Foreign Body\": 0.9966630935668945,\n        \"Lymphangiectasia\": 0.996263861656189,\n        \"Normal\": 0.9878198504447937,\n        \"Polyp\": 0.9852619171142578,\n        \"Ulcer\": 0.9993979930877686,\n        \"Worms\": 0.9999923706054688\n    },\n    \"mean_average_precision\": 0.9876224398612976,\n    \"mean_f1_score\": 0.9533945918083191,\n    \"mean_specificity\": 0.9948369264602661,\n    \"mean_sensitivity\": 0.9534393548965454,\n    \"balanced_accuracy\": 0.9534393548965454\n}",
    "test_metrics": "{\n    \"Angioectasia\": {\n        \"precision\": 0.7763975262641907,\n        \"recall\": 0.7545271515846252,\n        \"f1-score\": 0.7653061151504517,\n        \"specificity\": 0.99309241771698\n    },\n    \"Bleeding\": {\n        \"precision\": 0.7541766166687012,\n        \"recall\": 0.8802228569984436,\n        \"f1-score\": 0.8123393058776855,\n        \"specificity\": 0.9934698343276978\n    },\n    \"Erosion\": {\n        \"precision\": 0.6621108651161194,\n        \"recall\": 0.754978358745575,\n        \"f1-score\": 0.7055016160011292,\n        \"specificity\": 0.9702877998352051\n    },\n    \"Erythema\": {\n        \"precision\": 0.49047619104385376,\n        \"recall\": 0.6936026811599731,\n        \"f1-score\": 0.5746164321899414,\n        \"specificity\": 0.9864856600761414\n    },\n    \"Foreign Body\": {\n        \"precision\": 0.6736842393875122,\n        \"recall\": 0.9411764740943909,\n        \"f1-score\": 0.7852760553359985,\n        \"specificity\": 0.9901849031448364\n    },\n    \"Lymphangiectasia\": {\n        \"precision\": 0.7979002594947815,\n        \"recall\": 0.8862974047660828,\n        \"f1-score\": 0.8397790193557739,\n        \"specificity\": 0.9951232075691223\n    },\n    \"Normal\": {\n        \"precision\": 0.9899682998657227,\n        \"recall\": 0.9396923780441284,\n        \"f1-score\": 0.9641753435134888,\n        \"specificity\": 0.9695708751678467\n    },\n    \"Polyp\": {\n        \"precision\": 0.6610487103462219,\n        \"recall\": 0.7059999704360962,\n        \"f1-score\": 0.6827852725982666,\n        \"specificity\": 0.9884212017059326\n    },\n    \"Ulcer\": {\n        \"precision\": 0.7656675577163696,\n        \"recall\": 0.9825174808502197,\n        \"f1-score\": 0.860643208026886,\n        \"specificity\": 0.9945727586746216\n    },\n    \"Worms\": {\n        \"precision\": 0.931506872177124,\n        \"recall\": 1.0,\n        \"f1-score\": 0.9645389914512634,\n        \"specificity\": 0.9996887445449829\n    },\n    \"macro avg\": {\n        \"precision\": 0.7502937316894531,\n        \"recall\": 0.8539015054702759,\n        \"f1-score\": 0.7954961657524109,\n        \"specificity\": 0.9880897402763367\n    },\n    \"accuracy\": 0.9075750112533569,\n    \"auc_roc_scores\": {\n        \"Angioectasia\": 0.9792563915252686,\n        \"Bleeding\": 0.9918354749679565,\n        \"Erosion\": 0.9749679565429688,\n        \"Erythema\": 0.977051854133606,\n        \"Foreign Body\": 0.9927331209182739,\n        \"Lymphangiectasia\": 0.9933037757873535,\n        \"Normal\": 0.9917687773704529,\n        \"Polyp\": 0.9812201261520386,\n        \"Ulcer\": 0.9996513724327087,\n        \"Worms\": 1.0\n    },\n    \"mean_auc\": 0.9881788492202759,\n    \"average_precision_scores\": {\n        \"Angioectasia\": 0.8356301784515381,\n        \"Bleeding\": 0.9057949185371399,\n        \"Erosion\": 0.799260139465332,\n        \"Erythema\": 0.6628183722496033,\n        \"Foreign Body\": 0.9496691226959229,\n        \"Lymphangiectasia\": 0.9237926006317139,\n        \"Normal\": 0.9974681735038757,\n        \"Polyp\": 0.7555734515190125,\n        \"Ulcer\": 0.9876806735992432,\n        \"Worms\": 1.0\n    },\n    \"mean_average_precision\": 0.8817688226699829,\n    \"mean_f1_score\": 0.7954961657524109,\n    \"mean_specificity\": 0.9880897402763367,\n    \"mean_sensitivity\": 0.8539015054702759,\n    \"balanced_accuracy\": 0.8539015054702759\n}"
}