{
    "epoch": 6,
    "train_metrics": "{\n    \"Angioectasia\": {\n        \"precision\": 0.9211796522140503,\n        \"recall\": 0.9148029685020447,\n        \"f1-score\": 0.9179802536964417,\n        \"specificity\": 0.9913148880004883\n    },\n    \"Bleeding\": {\n        \"precision\": 0.9410068392753601,\n        \"recall\": 0.9507284760475159,\n        \"f1-score\": 0.9458426833152771,\n        \"specificity\": 0.9933494925498962\n    },\n    \"Erosion\": {\n        \"precision\": 0.8283342123031616,\n        \"recall\": 0.8145904541015625,\n        \"f1-score\": 0.8214048743247986,\n        \"specificity\": 0.9810411334037781\n    },\n    \"Erythema\": {\n        \"precision\": 0.880146861076355,\n        \"recall\": 0.8970863223075867,\n        \"f1-score\": 0.8885358572006226,\n        \"specificity\": 0.9865056276321411\n    },\n    \"Foreign Body\": {\n        \"precision\": 0.9651474356651306,\n        \"recall\": 0.962824285030365,\n        \"f1-score\": 0.963984489440918,\n        \"specificity\": 0.9961615800857544\n    },\n    \"Lymphangiectasia\": {\n        \"precision\": 0.9573057293891907,\n        \"recall\": 0.9557850360870361,\n        \"f1-score\": 0.9565447568893433,\n        \"specificity\": 0.9952409267425537\n    },\n    \"Normal\": {\n        \"precision\": 0.9303334355354309,\n        \"recall\": 0.9139813780784607,\n        \"f1-score\": 0.9220849275588989,\n        \"specificity\": 0.9924081563949585\n    },\n    \"Polyp\": {\n        \"precision\": 0.8965785503387451,\n        \"recall\": 0.9114624261856079,\n        \"f1-score\": 0.9039592146873474,\n        \"specificity\": 0.9881994724273682\n    },\n    \"Ulcer\": {\n        \"precision\": 0.9914369583129883,\n        \"recall\": 0.990641713142395,\n        \"f1-score\": 0.9910392165184021,\n        \"specificity\": 0.9990551471710205\n    },\n    \"Worms\": {\n        \"precision\": 0.9970517158508301,\n        \"recall\": 0.9967845678329468,\n        \"f1-score\": 0.9969181418418884,\n        \"specificity\": 0.9996752738952637\n    },\n    \"macro avg\": {\n        \"precision\": 0.9308521151542664,\n        \"recall\": 0.9308687448501587,\n        \"f1-score\": 0.9308294653892517,\n        \"specificity\": 0.9922952055931091\n    },\n    \"accuracy\": 0.9306777715682983,\n    \"auc_roc_scores\": {\n        \"Angioectasia\": 0.9964268207550049,\n        \"Bleeding\": 0.9982752203941345,\n        \"Erosion\": 0.9838236570358276,\n        \"Erythema\": 0.9941595792770386,\n        \"Foreign Body\": 0.9990993738174438,\n        \"Lymphangiectasia\": 0.9989680647850037,\n        \"Normal\": 0.9946773052215576,\n        \"Polyp\": 0.9955917596817017,\n        \"Ulcer\": 0.9998428225517273,\n        \"Worms\": 0.9999791383743286\n    },\n    \"mean_auc\": 0.9960843920707703,\n    \"average_precision_scores\": {\n        \"Angioectasia\": 0.9754968285560608,\n        \"Bleeding\": 0.9873883724212646,\n        \"Erosion\": 0.9040330648422241,\n        \"Erythema\": 0.9516410827636719,\n        \"Foreign Body\": 0.9938544034957886,\n        \"Lymphangiectasia\": 0.9925132393836975,\n        \"Normal\": 0.9705339670181274,\n        \"Polyp\": 0.9662414789199829,\n        \"Ulcer\": 0.9991763234138489,\n        \"Worms\": 0.9998538494110107\n    },\n    \"mean_average_precision\": 0.9740733504295349,\n    \"mean_f1_score\": 0.9308294653892517,\n    \"mean_specificity\": 0.9922952055931091,\n    \"mean_sensitivity\": 0.9308687448501587,\n    \"balanced_accuracy\": 0.9308687448501587\n}",
    "test_metrics": "{\n    \"Angioectasia\": {\n        \"precision\": 0.7075812220573425,\n        \"recall\": 0.7887324094772339,\n        \"f1-score\": 0.7459562420845032,\n        \"specificity\": 0.98963862657547\n    },\n    \"Bleeding\": {\n        \"precision\": 0.8337801694869995,\n        \"recall\": 0.8662952780723572,\n        \"f1-score\": 0.8497267961502075,\n        \"specificity\": 0.9960692524909973\n    },\n    \"Erosion\": {\n        \"precision\": 0.5966494679450989,\n        \"recall\": 0.8017315864562988,\n        \"f1-score\": 0.6841521859169006,\n        \"specificity\": 0.958202600479126\n    },\n    \"Erythema\": {\n        \"precision\": 0.5476838946342468,\n        \"recall\": 0.6767676472663879,\n        \"f1-score\": 0.6054216623306274,\n        \"specificity\": 0.9895169138908386\n    },\n    \"Foreign Body\": {\n        \"precision\": 0.7249417304992676,\n        \"recall\": 0.9147058725357056,\n        \"f1-score\": 0.808842658996582,\n        \"specificity\": 0.9925278425216675\n    },\n    \"Lymphangiectasia\": {\n        \"precision\": 0.8757764101028442,\n        \"recall\": 0.8221574425697327,\n        \"f1-score\": 0.8481202721595764,\n        \"specificity\": 0.9974665641784668\n    },\n    \"Normal\": {\n        \"precision\": 0.9940418601036072,\n        \"recall\": 0.9233335852622986,\n        \"f1-score\": 0.9573839902877808,\n        \"specificity\": 0.9823147058486938\n    },\n    \"Polyp\": {\n        \"precision\": 0.5152722597122192,\n        \"recall\": 0.7760000228881836,\n        \"f1-score\": 0.619313657283783,\n        \"specificity\": 0.9766504764556885\n    },\n    \"Ulcer\": {\n        \"precision\": 0.951724112033844,\n        \"recall\": 0.9650349617004395,\n        \"f1-score\": 0.9583333134651184,\n        \"specificity\": 0.9991164803504944\n    },\n    \"Worms\": {\n        \"precision\": 0.8607594966888428,\n        \"recall\": 1.0,\n        \"f1-score\": 0.9251700639724731,\n        \"specificity\": 0.9993152618408203\n    },\n    \"macro avg\": {\n        \"precision\": 0.7608210444450378,\n        \"recall\": 0.8534759879112244,\n        \"f1-score\": 0.8002421259880066,\n        \"specificity\": 0.9880818724632263\n    },\n    \"accuracy\": 0.8988345861434937,\n    \"auc_roc_scores\": {\n        \"Angioectasia\": 0.9843096733093262,\n        \"Bleeding\": 0.9904962778091431,\n        \"Erosion\": 0.9659861326217651,\n        \"Erythema\": 0.9812876582145691,\n        \"Foreign Body\": 0.9866913557052612,\n        \"Lymphangiectasia\": 0.9916654825210571,\n        \"Normal\": 0.9921659231185913,\n        \"Polyp\": 0.980087161064148,\n        \"Ulcer\": 0.9945281744003296,\n        \"Worms\": 0.9999991655349731\n    },\n    \"mean_auc\": 0.9867216944694519,\n    \"average_precision_scores\": {\n        \"Angioectasia\": 0.8481025099754333,\n        \"Bleeding\": 0.910480260848999,\n        \"Erosion\": 0.7935235500335693,\n        \"Erythema\": 0.6777734160423279,\n        \"Foreign Body\": 0.9229180812835693,\n        \"Lymphangiectasia\": 0.9090006351470947,\n        \"Normal\": 0.9975652694702148,\n        \"Polyp\": 0.7348986268043518,\n        \"Ulcer\": 0.9879196882247925,\n        \"Worms\": 0.9997868537902832\n    },\n    \"mean_average_precision\": 0.8781968951225281,\n    \"mean_f1_score\": 0.8002421259880066,\n    \"mean_specificity\": 0.9880818724632263,\n    \"mean_sensitivity\": 0.8534759879112244,\n    \"balanced_accuracy\": 0.8534759879112244\n}"
}