{
    "epoch": 5,
    "train_metrics": "{\n    \"Angioectasia\": {\n        \"precision\": 0.9038617610931396,\n        \"recall\": 0.8965979218482971,\n        \"f1-score\": 0.9002151489257812,\n        \"specificity\": 0.9894904494285583\n    },\n    \"Bleeding\": {\n        \"precision\": 0.9435843825340271,\n        \"recall\": 0.952835202217102,\n        \"f1-score\": 0.9481872320175171,\n        \"specificity\": 0.9936452507972717\n    },\n    \"Erosion\": {\n        \"precision\": 0.8094601631164551,\n        \"recall\": 0.7983658313751221,\n        \"f1-score\": 0.8038747310638428,\n        \"specificity\": 0.978913426399231\n    },\n    \"Erythema\": {\n        \"precision\": 0.8713850975036621,\n        \"recall\": 0.8855375051498413,\n        \"f1-score\": 0.8784043192863464,\n        \"specificity\": 0.9849680066108704\n    },\n    \"Foreign Body\": {\n        \"precision\": 0.9550945162773132,\n        \"recall\": 0.9563502669334412,\n        \"f1-score\": 0.9557219743728638,\n        \"specificity\": 0.9949414134025574\n    },\n    \"Lymphangiectasia\": {\n        \"precision\": 0.9609768986701965,\n        \"recall\": 0.9599575996398926,\n        \"f1-score\": 0.9604669809341431,\n        \"specificity\": 0.9956555366516113\n    },\n    \"Normal\": {\n        \"precision\": 0.9242256879806519,\n        \"recall\": 0.9071661233901978,\n        \"f1-score\": 0.9156164526939392,\n        \"specificity\": 0.9919228553771973\n    },\n    \"Polyp\": {\n        \"precision\": 0.8930537104606628,\n        \"recall\": 0.9053946137428284,\n        \"f1-score\": 0.8991818428039551,\n        \"specificity\": 0.9879446625709534\n    },\n    \"Ulcer\": {\n        \"precision\": 0.9908944964408875,\n        \"recall\": 0.9900990128517151,\n        \"f1-score\": 0.9904965758323669,\n        \"specificity\": 0.9989961385726929\n    },\n    \"Worms\": {\n        \"precision\": 0.9964568018913269,\n        \"recall\": 0.9964568018913269,\n        \"f1-score\": 0.9964568018913269,\n        \"specificity\": 0.9996169209480286\n    },\n    \"macro avg\": {\n        \"precision\": 0.9248992800712585,\n        \"recall\": 0.9248761534690857,\n        \"f1-score\": 0.9248622059822083,\n        \"specificity\": 0.991609513759613\n    },\n    \"accuracy\": 0.92453533411026,\n    \"auc_roc_scores\": {\n        \"Angioectasia\": 0.9950811862945557,\n        \"Bleeding\": 0.9985765218734741,\n        \"Erosion\": 0.9820047616958618,\n        \"Erythema\": 0.9932986497879028,\n        \"Foreign Body\": 0.9985787272453308,\n        \"Lymphangiectasia\": 0.9990150928497314,\n        \"Normal\": 0.9947754144668579,\n        \"Polyp\": 0.9951560497283936,\n        \"Ulcer\": 0.9998345375061035,\n        \"Worms\": 0.9999948740005493\n    },\n    \"mean_auc\": 0.9956316351890564,\n    \"average_precision_scores\": {\n        \"Angioectasia\": 0.9678026437759399,\n        \"Bleeding\": 0.9884504079818726,\n        \"Erosion\": 0.890526533126831,\n        \"Erythema\": 0.9451643824577332,\n        \"Foreign Body\": 0.9921063780784607,\n        \"Lymphangiectasia\": 0.9924431443214417,\n        \"Normal\": 0.9698393940925598,\n        \"Polyp\": 0.9612407684326172,\n        \"Ulcer\": 0.9992195963859558,\n        \"Worms\": 0.9999532699584961\n    },\n    \"mean_average_precision\": 0.9706746339797974,\n    \"mean_f1_score\": 0.9248622059822083,\n    \"mean_specificity\": 0.991609513759613,\n    \"mean_sensitivity\": 0.9248761534690857,\n    \"balanced_accuracy\": 0.9248761534690857\n}",
    "test_metrics": "{\n    \"Angioectasia\": {\n        \"precision\": 0.5768229365348816,\n        \"recall\": 0.8913480639457703,\n        \"f1-score\": 0.7003952860832214,\n        \"specificity\": 0.979213297367096\n    },\n    \"Bleeding\": {\n        \"precision\": 0.7436489462852478,\n        \"recall\": 0.8969359397888184,\n        \"f1-score\": 0.8131313323974609,\n        \"specificity\": 0.992962658405304\n    },\n    \"Erosion\": {\n        \"precision\": 0.7827102541923523,\n        \"recall\": 0.5800865888595581,\n        \"f1-score\": 0.6663351655006409,\n        \"specificity\": 0.9875809550285339\n    },\n    \"Erythema\": {\n        \"precision\": 0.5482093691825867,\n        \"recall\": 0.6700336933135986,\n        \"f1-score\": 0.6030303239822388,\n        \"specificity\": 0.9896432161331177\n    },\n    \"Foreign Body\": {\n        \"precision\": 0.8709677457809448,\n        \"recall\": 0.8735294342041016,\n        \"f1-score\": 0.8722466826438904,\n        \"specificity\": 0.9972137808799744\n    },\n    \"Lymphangiectasia\": {\n        \"precision\": 0.6886363625526428,\n        \"recall\": 0.8833819031715393,\n        \"f1-score\": 0.7739463448524475,\n        \"specificity\": 0.9913230538368225\n    },\n    \"Normal\": {\n        \"precision\": 0.9846860766410828,\n        \"recall\": 0.9419711828231812,\n        \"f1-score\": 0.9628551006317139,\n        \"specificity\": 0.9531859755516052\n    },\n    \"Polyp\": {\n        \"precision\": 0.47549018263816833,\n        \"recall\": 0.7760000228881836,\n        \"f1-score\": 0.5896656513214111,\n        \"specificity\": 0.9726202487945557\n    },\n    \"Ulcer\": {\n        \"precision\": 0.9520547986030579,\n        \"recall\": 0.9720279574394226,\n        \"f1-score\": 0.9619377255439758,\n        \"specificity\": 0.9991164803504944\n    },\n    \"Worms\": {\n        \"precision\": 0.9710144996643066,\n        \"recall\": 0.9852941036224365,\n        \"f1-score\": 0.9781022071838379,\n        \"specificity\": 0.9998754858970642\n    },\n    \"macro avg\": {\n        \"precision\": 0.7594241499900818,\n        \"recall\": 0.8470608592033386,\n        \"f1-score\": 0.7921645641326904,\n        \"specificity\": 0.986273467540741\n    },\n    \"accuracy\": 0.9013761281967163,\n    \"auc_roc_scores\": {\n        \"Angioectasia\": 0.9863628149032593,\n        \"Bleeding\": 0.9935624003410339,\n        \"Erosion\": 0.9713518619537354,\n        \"Erythema\": 0.9817597270011902,\n        \"Foreign Body\": 0.9925280809402466,\n        \"Lymphangiectasia\": 0.9906343221664429,\n        \"Normal\": 0.9880267977714539,\n        \"Polyp\": 0.9807593822479248,\n        \"Ulcer\": 0.9982596635818481,\n        \"Worms\": 0.9999972581863403\n    },\n    \"mean_auc\": 0.9883241653442383,\n    \"average_precision_scores\": {\n        \"Angioectasia\": 0.8750736713409424,\n        \"Bleeding\": 0.9144152998924255,\n        \"Erosion\": 0.7884461879730225,\n        \"Erythema\": 0.6518614292144775,\n        \"Foreign Body\": 0.9431695938110352,\n        \"Lymphangiectasia\": 0.8782699108123779,\n        \"Normal\": 0.9960920810699463,\n        \"Polyp\": 0.7390182018280029,\n        \"Ulcer\": 0.9916622638702393,\n        \"Worms\": 0.9993635416030884\n    },\n    \"mean_average_precision\": 0.8777372241020203,\n    \"mean_f1_score\": 0.7921645641326904,\n    \"mean_specificity\": 0.986273467540741,\n    \"mean_sensitivity\": 0.8470608592033386,\n    \"balanced_accuracy\": 0.8470608592033386\n}"
}