{
    "epoch": 15,
    "train_metrics": "{\n    \"Angioectasia\": {\n        \"precision\": 0.9713974595069885,\n        \"recall\": 0.9679695963859558,\n        \"f1-score\": 0.9696804881095886,\n        \"specificity\": 0.996904730796814\n    },\n    \"Bleeding\": {\n        \"precision\": 0.9632630944252014,\n        \"recall\": 0.9724570512771606,\n        \"f1-score\": 0.9678382277488708,\n        \"specificity\": 0.99599289894104\n    },\n    \"Erosion\": {\n        \"precision\": 0.9396876692771912,\n        \"recall\": 0.919146716594696,\n        \"f1-score\": 0.9293037056922913,\n        \"specificity\": 0.993374764919281\n    },\n    \"Erythema\": {\n        \"precision\": 0.9464517831802368,\n        \"recall\": 0.9624636769294739,\n        \"f1-score\": 0.9543905854225159,\n        \"specificity\": 0.9939096570014954\n    },\n    \"Foreign Body\": {\n        \"precision\": 0.9769522547721863,\n        \"recall\": 0.9828150868415833,\n        \"f1-score\": 0.9798749089241028,\n        \"specificity\": 0.9974956512451172\n    },\n    \"Lymphangiectasia\": {\n        \"precision\": 0.985376238822937,\n        \"recall\": 0.9827631711959839,\n        \"f1-score\": 0.984067976474762,\n        \"specificity\": 0.9983745217323303\n    },\n    \"Normal\": {\n        \"precision\": 0.9823468327522278,\n        \"recall\": 0.9737519025802612,\n        \"f1-score\": 0.9780305027961731,\n        \"specificity\": 0.997983455657959\n    },\n    \"Polyp\": {\n        \"precision\": 0.9661810398101807,\n        \"recall\": 0.9709804058074951,\n        \"f1-score\": 0.9685747623443604,\n        \"specificity\": 0.9961518049240112\n    },\n    \"Ulcer\": {\n        \"precision\": 0.9981358051300049,\n        \"recall\": 0.9984017014503479,\n        \"f1-score\": 0.998268723487854,\n        \"specificity\": 0.9997932314872742\n    },\n    \"Worms\": {\n        \"precision\": 1.0,\n        \"recall\": 0.9997350573539734,\n        \"f1-score\": 0.9998674988746643,\n        \"specificity\": 1.0\n    },\n    \"macro avg\": {\n        \"precision\": 0.9729791879653931,\n        \"recall\": 0.9730483889579773,\n        \"f1-score\": 0.9729897379875183,\n        \"specificity\": 0.9969980120658875\n    },\n    \"accuracy\": 0.9729837775230408,\n    \"auc_roc_scores\": {\n        \"Angioectasia\": 0.9996942281723022,\n        \"Bleeding\": 0.9996494054794312,\n        \"Erosion\": 0.9975446462631226,\n        \"Erythema\": 0.9992128610610962,\n        \"Foreign Body\": 0.9998342394828796,\n        \"Lymphangiectasia\": 0.9999014139175415,\n        \"Normal\": 0.9993368983268738,\n        \"Polyp\": 0.9996064901351929,\n        \"Ulcer\": 0.9999986886978149,\n        \"Worms\": 1.0\n    },\n    \"mean_auc\": 0.9994778633117676,\n    \"average_precision_scores\": {\n        \"Angioectasia\": 0.9973095655441284,\n        \"Bleeding\": 0.9968112707138062,\n        \"Erosion\": 0.9817325472831726,\n        \"Erythema\": 0.9928687810897827,\n        \"Foreign Body\": 0.998481273651123,\n        \"Lymphangiectasia\": 0.999140739440918,\n        \"Normal\": 0.996271014213562,\n        \"Polyp\": 0.9966708421707153,\n        \"Ulcer\": 0.9999881982803345,\n        \"Worms\": 1.0\n    },\n    \"mean_average_precision\": 0.9959274530410767,\n    \"mean_f1_score\": 0.9729897379875183,\n    \"mean_specificity\": 0.9969980120658875,\n    \"mean_sensitivity\": 0.9730483889579773,\n    \"balanced_accuracy\": 0.9730483889579773\n}",
    "test_metrics": "{\n    \"Angioectasia\": {\n        \"precision\": 0.6698412895202637,\n        \"recall\": 0.849094569683075,\n        \"f1-score\": 0.7488908767700195,\n        \"specificity\": 0.9866965413093567\n    },\n    \"Bleeding\": {\n        \"precision\": 0.8467742204666138,\n        \"recall\": 0.8774373531341553,\n        \"f1-score\": 0.8618330955505371,\n        \"specificity\": 0.9963862299919128\n    },\n    \"Erosion\": {\n        \"precision\": 0.6848220825195312,\n        \"recall\": 0.8164502382278442,\n        \"f1-score\": 0.7448657155036926,\n        \"specificity\": 0.9710222482681274\n    },\n    \"Erythema\": {\n        \"precision\": 0.6278316974639893,\n        \"recall\": 0.6531986594200134,\n        \"f1-score\": 0.6402640342712402,\n        \"specificity\": 0.9927375912666321\n    },\n    \"Foreign Body\": {\n        \"precision\": 0.8474114537239075,\n        \"recall\": 0.9147058725357056,\n        \"f1-score\": 0.8797736763954163,\n        \"specificity\": 0.9964538812637329\n    },\n    \"Lymphangiectasia\": {\n        \"precision\": 0.7416267991065979,\n        \"recall\": 0.9037901163101196,\n        \"f1-score\": 0.8147174715995789,\n        \"specificity\": 0.9931597709655762\n    },\n    \"Normal\": {\n        \"precision\": 0.9919430017471313,\n        \"recall\": 0.9519003629684448,\n        \"f1-score\": 0.9715092778205872,\n        \"specificity\": 0.9752925634384155\n    },\n    \"Polyp\": {\n        \"precision\": 0.7199211120605469,\n        \"recall\": 0.7300000190734863,\n        \"f1-score\": 0.7249255180358887,\n        \"specificity\": 0.9909160733222961\n    },\n    \"Ulcer\": {\n        \"precision\": 0.9623287916183472,\n        \"recall\": 0.9825174808502197,\n        \"f1-score\": 0.9723183512687683,\n        \"specificity\": 0.9993058443069458\n    },\n    \"Worms\": {\n        \"precision\": 0.9710144996643066,\n        \"recall\": 0.9852941036224365,\n        \"f1-score\": 0.9781022071838379,\n        \"specificity\": 0.9998754858970642\n    },\n    \"macro avg\": {\n        \"precision\": 0.8063514828681946,\n        \"recall\": 0.8664388656616211,\n        \"f1-score\": 0.8337200284004211,\n        \"specificity\": 0.9901846051216125\n    },\n    \"accuracy\": 0.923878014087677,\n    \"auc_roc_scores\": {\n        \"Angioectasia\": 0.984551727771759,\n        \"Bleeding\": 0.9908215999603271,\n        \"Erosion\": 0.9793756604194641,\n        \"Erythema\": 0.9730535745620728,\n        \"Foreign Body\": 0.9926787614822388,\n        \"Lymphangiectasia\": 0.9891884922981262,\n        \"Normal\": 0.9946151971817017,\n        \"Polyp\": 0.9800283908843994,\n        \"Ulcer\": 0.99839186668396,\n        \"Worms\": 0.9999982118606567\n    },\n    \"mean_auc\": 0.9882704019546509,\n    \"average_precision_scores\": {\n        \"Angioectasia\": 0.8660111427307129,\n        \"Bleeding\": 0.9231847524642944,\n        \"Erosion\": 0.8286185264587402,\n        \"Erythema\": 0.6831757426261902,\n        \"Foreign Body\": 0.9495601654052734,\n        \"Lymphangiectasia\": 0.9165520071983337,\n        \"Normal\": 0.99833744764328,\n        \"Polyp\": 0.7877671718597412,\n        \"Ulcer\": 0.9902758598327637,\n        \"Worms\": 0.9995706081390381\n    },\n    \"mean_average_precision\": 0.8943053483963013,\n    \"mean_f1_score\": 0.8337200284004211,\n    \"mean_specificity\": 0.9901846051216125,\n    \"mean_sensitivity\": 0.8664388656616211,\n    \"balanced_accuracy\": 0.8664388656616211\n}"
}