{
    "epoch": 19,
    "train_metrics": "{\n    \"Angioectasia\": {\n        \"precision\": 0.9769065380096436,\n        \"recall\": 0.9792732000350952,\n        \"f1-score\": 0.9780884385108948,\n        \"specificity\": 0.9974625110626221\n    },\n    \"Bleeding\": {\n        \"precision\": 0.9622287750244141,\n        \"recall\": 0.9779471755027771,\n        \"f1-score\": 0.9700242877006531,\n        \"specificity\": 0.9958449006080627\n    },\n    \"Erosion\": {\n        \"precision\": 0.9610990285873413,\n        \"recall\": 0.9241433143615723,\n        \"f1-score\": 0.9422589540481567,\n        \"specificity\": 0.9957672357559204\n    },\n    \"Erythema\": {\n        \"precision\": 0.9472336173057556,\n        \"recall\": 0.9703490138053894,\n        \"f1-score\": 0.9586519598960876,\n        \"specificity\": 0.9939045906066895\n    },\n    \"Foreign Body\": {\n        \"precision\": 0.9766657948493958,\n        \"recall\": 0.9866422414779663,\n        \"f1-score\": 0.9816286563873291,\n        \"specificity\": 0.9973363876342773\n    },\n    \"Lymphangiectasia\": {\n        \"precision\": 0.9878706336021423,\n        \"recall\": 0.9852150678634644,\n        \"f1-score\": 0.9865410327911377,\n        \"specificity\": 0.9986720681190491\n    },\n    \"Normal\": {\n        \"precision\": 0.9857407212257385,\n        \"recall\": 0.9831445813179016,\n        \"f1-score\": 0.9844409227371216,\n        \"specificity\": 0.9984028339385986\n    },\n    \"Polyp\": {\n        \"precision\": 0.9764355421066284,\n        \"recall\": 0.9680451154708862,\n        \"f1-score\": 0.9722222089767456,\n        \"specificity\": 0.9974323511123657\n    },\n    \"Ulcer\": {\n        \"precision\": 0.9997367262840271,\n        \"recall\": 0.9994735717773438,\n        \"f1-score\": 0.999605119228363,\n        \"specificity\": 0.9999704360961914\n    },\n    \"Worms\": {\n        \"precision\": 1.0,\n        \"recall\": 0.9997316598892212,\n        \"f1-score\": 0.9998658299446106,\n        \"specificity\": 1.0\n    },\n    \"macro avg\": {\n        \"precision\": 0.9773917198181152,\n        \"recall\": 0.9773964881896973,\n        \"f1-score\": 0.9773327112197876,\n        \"specificity\": 0.9974793791770935\n    },\n    \"accuracy\": 0.9773180484771729,\n    \"auc_roc_scores\": {\n        \"Angioectasia\": 0.9998490214347839,\n        \"Bleeding\": 0.9997541904449463,\n        \"Erosion\": 0.9983948469161987,\n        \"Erythema\": 0.999459445476532,\n        \"Foreign Body\": 0.9998679161071777,\n        \"Lymphangiectasia\": 0.9999436140060425,\n        \"Normal\": 0.9997783303260803,\n        \"Polyp\": 0.9997438192367554,\n        \"Ulcer\": 0.9999999403953552,\n        \"Worms\": 1.0\n    },\n    \"mean_auc\": 0.9996792078018188,\n    \"average_precision_scores\": {\n        \"Angioectasia\": 0.9986804723739624,\n        \"Bleeding\": 0.997734546661377,\n        \"Erosion\": 0.9879937171936035,\n        \"Erythema\": 0.99518883228302,\n        \"Foreign Body\": 0.998829185962677,\n        \"Lymphangiectasia\": 0.9994958639144897,\n        \"Normal\": 0.998376727104187,\n        \"Polyp\": 0.9977879524230957,\n        \"Ulcer\": 0.999999463558197,\n        \"Worms\": 1.0\n    },\n    \"mean_average_precision\": 0.9974086880683899,\n    \"mean_f1_score\": 0.9773327112197876,\n    \"mean_specificity\": 0.9974793791770935,\n    \"mean_sensitivity\": 0.9773964881896973,\n    \"balanced_accuracy\": 0.9773964881896973\n}",
    "test_metrics": "{\n    \"Angioectasia\": {\n        \"precision\": 0.8218623399734497,\n        \"recall\": 0.8169013857841492,\n        \"f1-score\": 0.8193743824958801,\n        \"specificity\": 0.9943715929985046\n    },\n    \"Bleeding\": {\n        \"precision\": 0.8293333053588867,\n        \"recall\": 0.8662952780723572,\n        \"f1-score\": 0.8474114537239075,\n        \"specificity\": 0.9959424138069153\n    },\n    \"Erosion\": {\n        \"precision\": 0.7423076629638672,\n        \"recall\": 0.8354978561401367,\n        \"f1-score\": 0.7861506938934326,\n        \"specificity\": 0.9776323437690735\n    },\n    \"Erythema\": {\n        \"precision\": 0.6514657735824585,\n        \"recall\": 0.6734007000923157,\n        \"f1-score\": 0.6622516512870789,\n        \"specificity\": 0.9932428002357483\n    },\n    \"Foreign Body\": {\n        \"precision\": 0.8732394576072693,\n        \"recall\": 0.9117646813392639,\n        \"f1-score\": 0.8920863270759583,\n        \"specificity\": 0.9971504807472229\n    },\n    \"Lymphangiectasia\": {\n        \"precision\": 0.8442623019218445,\n        \"recall\": 0.9008746147155762,\n        \"f1-score\": 0.871650218963623,\n        \"specificity\": 0.9963898658752441\n    },\n    \"Normal\": {\n        \"precision\": 0.990446925163269,\n        \"recall\": 0.9703751802444458,\n        \"f1-score\": 0.9803083539009094,\n        \"specificity\": 0.9700910449028015\n    },\n    \"Polyp\": {\n        \"precision\": 0.716946005821228,\n        \"recall\": 0.7699999809265137,\n        \"f1-score\": 0.7425265312194824,\n        \"specificity\": 0.9902763366699219\n    },\n    \"Ulcer\": {\n        \"precision\": 0.9758620858192444,\n        \"recall\": 0.9895104765892029,\n        \"f1-score\": 0.9826388955116272,\n        \"specificity\": 0.9995582699775696\n    },\n    \"Worms\": {\n        \"precision\": 0.9714285731315613,\n        \"recall\": 1.0,\n        \"f1-score\": 0.9855072498321533,\n        \"specificity\": 0.9998754858970642\n    },\n    \"macro avg\": {\n        \"precision\": 0.8417154550552368,\n        \"recall\": 0.873461902141571,\n        \"f1-score\": 0.85699063539505,\n        \"specificity\": 0.9914531111717224\n    },\n    \"accuracy\": 0.9397470951080322,\n    \"auc_roc_scores\": {\n        \"Angioectasia\": 0.9891689419746399,\n        \"Bleeding\": 0.9908831715583801,\n        \"Erosion\": 0.9835375547409058,\n        \"Erythema\": 0.9839773178100586,\n        \"Foreign Body\": 0.9934122562408447,\n        \"Lymphangiectasia\": 0.9922544360160828,\n        \"Normal\": 0.996086835861206,\n        \"Polyp\": 0.9846932291984558,\n        \"Ulcer\": 0.9994933605194092,\n        \"Worms\": 0.9999990463256836\n    },\n    \"mean_auc\": 0.9913505911827087,\n    \"average_precision_scores\": {\n        \"Angioectasia\": 0.8919706344604492,\n        \"Bleeding\": 0.9179023504257202,\n        \"Erosion\": 0.8652446269989014,\n        \"Erythema\": 0.712922990322113,\n        \"Foreign Body\": 0.95001620054245,\n        \"Lymphangiectasia\": 0.9317139387130737,\n        \"Normal\": 0.9987978339195251,\n        \"Polyp\": 0.8158254623413086,\n        \"Ulcer\": 0.9945505857467651,\n        \"Worms\": 0.9997868537902832\n    },\n    \"mean_average_precision\": 0.9078731536865234,\n    \"mean_f1_score\": 0.85699063539505,\n    \"mean_specificity\": 0.9914531111717224,\n    \"mean_sensitivity\": 0.873461902141571,\n    \"balanced_accuracy\": 0.873461902141571\n}"
}