{
    "epoch": 3,
    "train_metrics": "{\n    \"Angioectasia\": {\n        \"precision\": 0.8834925889968872,\n        \"recall\": 0.868057370185852,\n        \"f1-score\": 0.8757069706916809,\n        \"specificity\": 0.9870010614395142\n    },\n    \"Bleeding\": {\n        \"precision\": 0.916581392288208,\n        \"recall\": 0.9265390634536743,\n        \"f1-score\": 0.9215332865715027,\n        \"specificity\": 0.990338146686554\n    },\n    \"Erosion\": {\n        \"precision\": 0.7504069209098816,\n        \"recall\": 0.7461559176445007,\n        \"f1-score\": 0.7482753992080688,\n        \"specificity\": 0.9728613495826721\n    },\n    \"Erythema\": {\n        \"precision\": 0.8162833452224731,\n        \"recall\": 0.8258892893791199,\n        \"f1-score\": 0.8210582137107849,\n        \"specificity\": 0.9794791340827942\n    },\n    \"Foreign Body\": {\n        \"precision\": 0.9472568035125732,\n        \"recall\": 0.9445031881332397,\n        \"f1-score\": 0.9458779692649841,\n        \"specificity\": 0.9941164255142212\n    },\n    \"Lymphangiectasia\": {\n        \"precision\": 0.9453146457672119,\n        \"recall\": 0.9337676167488098,\n        \"f1-score\": 0.9395056962966919,\n        \"specificity\": 0.9941337704658508\n    },\n    \"Normal\": {\n        \"precision\": 0.8914875984191895,\n        \"recall\": 0.8821313381195068,\n        \"f1-score\": 0.8867847919464111,\n        \"specificity\": 0.9882269501686096\n    },\n    \"Polyp\": {\n        \"precision\": 0.8324538469314575,\n        \"recall\": 0.8552453517913818,\n        \"f1-score\": 0.8436957001686096,\n        \"specificity\": 0.9812783598899841\n    },\n    \"Ulcer\": {\n        \"precision\": 0.9856078028678894,\n        \"recall\": 0.9851014614105225,\n        \"f1-score\": 0.9853546023368835,\n        \"specificity\": 0.9983389973640442\n    },\n    \"Worms\": {\n        \"precision\": 0.9951245784759521,\n        \"recall\": 0.9945858120918274,\n        \"f1-score\": 0.9948551058769226,\n        \"specificity\": 0.9994692206382751\n    },\n    \"macro avg\": {\n        \"precision\": 0.8964009284973145,\n        \"recall\": 0.8961977362632751,\n        \"f1-score\": 0.8962647318840027,\n        \"specificity\": 0.9885243773460388\n    },\n    \"accuracy\": 0.8966681957244873,\n    \"auc_roc_scores\": {\n        \"Angioectasia\": 0.9914230704307556,\n        \"Bleeding\": 0.9966504573822021,\n        \"Erosion\": 0.9711467623710632,\n        \"Erythema\": 0.9866083264350891,\n        \"Foreign Body\": 0.9980363845825195,\n        \"Lymphangiectasia\": 0.9973825216293335,\n        \"Normal\": 0.9911225438117981,\n        \"Polyp\": 0.9902187585830688,\n        \"Ulcer\": 0.9997672438621521,\n        \"Worms\": 0.9999741911888123\n    },\n    \"mean_auc\": 0.9922330975532532,\n    \"average_precision_scores\": {\n        \"Angioectasia\": 0.9513234496116638,\n        \"Bleeding\": 0.9776633977890015,\n        \"Erosion\": 0.8276578187942505,\n        \"Erythema\": 0.8988969922065735,\n        \"Foreign Body\": 0.9880635142326355,\n        \"Lymphangiectasia\": 0.9823725819587708,\n        \"Normal\": 0.9530184268951416,\n        \"Polyp\": 0.9286600351333618,\n        \"Ulcer\": 0.9984270334243774,\n        \"Worms\": 0.9997613430023193\n    },\n    \"mean_average_precision\": 0.9505844116210938,\n    \"mean_f1_score\": 0.8962647318840027,\n    \"mean_specificity\": 0.9885243773460388,\n    \"mean_sensitivity\": 0.8961977362632751,\n    \"balanced_accuracy\": 0.8961977362632751\n}",
    "test_metrics": "{\n    \"Angioectasia\": {\n        \"precision\": 0.6423017382621765,\n        \"recall\": 0.8309859037399292,\n        \"f1-score\": 0.7245613932609558,\n        \"specificity\": 0.9852893948554993\n    },\n    \"Bleeding\": {\n        \"precision\": 0.568561851978302,\n        \"recall\": 0.9470751881599426,\n        \"f1-score\": 0.7105538249015808,\n        \"specificity\": 0.9836429357528687\n    },\n    \"Erosion\": {\n        \"precision\": 0.7815344333648682,\n        \"recall\": 0.5203463435173035,\n        \"f1-score\": 0.6247401237487793,\n        \"specificity\": 0.9887828230857849\n    },\n    \"Erythema\": {\n        \"precision\": 0.49567723274230957,\n        \"recall\": 0.5791245698928833,\n        \"f1-score\": 0.5341615080833435,\n        \"specificity\": 0.9889485239982605\n    },\n    \"Foreign Body\": {\n        \"precision\": 0.4643399119377136,\n        \"recall\": 0.8999999761581421,\n        \"f1-score\": 0.6126126050949097,\n        \"specificity\": 0.9776468873023987\n    },\n    \"Lymphangiectasia\": {\n        \"precision\": 0.8492307662963867,\n        \"recall\": 0.8046647310256958,\n        \"f1-score\": 0.826347291469574,\n        \"specificity\": 0.9968965649604797\n    },\n    \"Normal\": {\n        \"precision\": 0.9785751104354858,\n        \"recall\": 0.9256124496459961,\n        \"f1-score\": 0.9513572454452515,\n        \"specificity\": 0.9352405667304993\n    },\n    \"Polyp\": {\n        \"precision\": 0.5031928420066833,\n        \"recall\": 0.7879999876022339,\n        \"f1-score\": 0.6141855120658875,\n        \"specificity\": 0.9751151204109192\n    },\n    \"Ulcer\": {\n        \"precision\": 0.8777429461479187,\n        \"recall\": 0.9790209531784058,\n        \"f1-score\": 0.9256198406219482,\n        \"specificity\": 0.9975388050079346\n    },\n    \"Worms\": {\n        \"precision\": 1.0,\n        \"recall\": 0.9852941036224365,\n        \"f1-score\": 0.9925925731658936,\n        \"specificity\": 1.0\n    },\n    \"macro avg\": {\n        \"precision\": 0.7161156535148621,\n        \"recall\": 0.8260124325752258,\n        \"f1-score\": 0.7516732215881348,\n        \"specificity\": 0.98291015625\n    },\n    \"accuracy\": 0.8816018104553223,\n    \"auc_roc_scores\": {\n        \"Angioectasia\": 0.9829936027526855,\n        \"Bleeding\": 0.9937847852706909,\n        \"Erosion\": 0.9633675217628479,\n        \"Erythema\": 0.9684779644012451,\n        \"Foreign Body\": 0.9837762117385864,\n        \"Lymphangiectasia\": 0.9896529912948608,\n        \"Normal\": 0.9835143685340881,\n        \"Polyp\": 0.9776958227157593,\n        \"Ulcer\": 0.9996151924133301,\n        \"Worms\": 0.9936751127243042\n    },\n    \"mean_auc\": 0.9836553931236267,\n    \"average_precision_scores\": {\n        \"Angioectasia\": 0.8531572818756104,\n        \"Bleeding\": 0.8780733346939087,\n        \"Erosion\": 0.760218620300293,\n        \"Erythema\": 0.5780491232872009,\n        \"Foreign Body\": 0.889748215675354,\n        \"Lymphangiectasia\": 0.8889222145080566,\n        \"Normal\": 0.9947746396064758,\n        \"Polyp\": 0.7107908129692078,\n        \"Ulcer\": 0.9817144870758057,\n        \"Worms\": 0.9854374527931213\n    },\n    \"mean_average_precision\": 0.8520886301994324,\n    \"mean_f1_score\": 0.7516732215881348,\n    \"mean_specificity\": 0.98291015625,\n    \"mean_sensitivity\": 0.8260124325752258,\n    \"balanced_accuracy\": 0.8260124325752258\n}"
}