{
    "epoch": 2,
    "train_metrics": "{\n    \"Angioectasia\": {\n        \"precision\": 0.8504296541213989,\n        \"recall\": 0.8362820148468018,\n        \"f1-score\": 0.8432965278625488,\n        \"specificity\": 0.9835304617881775\n    },\n    \"Bleeding\": {\n        \"precision\": 0.9013632535934448,\n        \"recall\": 0.9111050963401794,\n        \"f1-score\": 0.9062080383300781,\n        \"specificity\": 0.9891169667243958\n    },\n    \"Erosion\": {\n        \"precision\": 0.6869235038757324,\n        \"recall\": 0.6828479170799255,\n        \"f1-score\": 0.6848796606063843,\n        \"specificity\": 0.9659577012062073\n    },\n    \"Erythema\": {\n        \"precision\": 0.7661718130111694,\n        \"recall\": 0.7727272510528564,\n        \"f1-score\": 0.7694355845451355,\n        \"specificity\": 0.9739569425582886\n    },\n    \"Foreign Body\": {\n        \"precision\": 0.9345222115516663,\n        \"recall\": 0.9254085421562195,\n        \"f1-score\": 0.9299430251121521,\n        \"specificity\": 0.9927247166633606\n    },\n    \"Lymphangiectasia\": {\n        \"precision\": 0.9262986183166504,\n        \"recall\": 0.9175646305084229,\n        \"f1-score\": 0.9219109416007996,\n        \"specificity\": 0.9920046925544739\n    },\n    \"Normal\": {\n        \"precision\": 0.8711554408073425,\n        \"recall\": 0.8538837432861328,\n        \"f1-score\": 0.862433135509491,\n        \"specificity\": 0.9862933158874512\n    },\n    \"Polyp\": {\n        \"precision\": 0.8005478382110596,\n        \"recall\": 0.8346313834190369,\n        \"f1-score\": 0.8172343373298645,\n        \"specificity\": 0.9762701988220215\n    },\n    \"Ulcer\": {\n        \"precision\": 0.9780481457710266,\n        \"recall\": 0.9746968746185303,\n        \"f1-score\": 0.9763696193695068,\n        \"specificity\": 0.9975453019142151\n    },\n    \"Worms\": {\n        \"precision\": 0.9908949136734009,\n        \"recall\": 0.9927026033401489,\n        \"f1-score\": 0.991797924041748,\n        \"specificity\": 0.9989635944366455\n    },\n    \"macro avg\": {\n        \"precision\": 0.8706356287002563,\n        \"recall\": 0.8701850175857544,\n        \"f1-score\": 0.8703508377075195,\n        \"specificity\": 0.9856363534927368\n    },\n    \"accuracy\": 0.8706889748573303,\n    \"auc_roc_scores\": {\n        \"Angioectasia\": 0.9855505228042603,\n        \"Bleeding\": 0.9953709840774536,\n        \"Erosion\": 0.9571293592453003,\n        \"Erythema\": 0.9790617227554321,\n        \"Foreign Body\": 0.9962103962898254,\n        \"Lymphangiectasia\": 0.9956215023994446,\n        \"Normal\": 0.9877883791923523,\n        \"Polyp\": 0.984822690486908,\n        \"Ulcer\": 0.9993022084236145,\n        \"Worms\": 0.9999611377716064\n    },\n    \"mean_auc\": 0.9880819320678711,\n    \"average_precision_scores\": {\n        \"Angioectasia\": 0.926145076751709,\n        \"Bleeding\": 0.9662392735481262,\n        \"Erosion\": 0.7656245231628418,\n        \"Erythema\": 0.8495685458183289,\n        \"Foreign Body\": 0.979046106338501,\n        \"Lymphangiectasia\": 0.973778486251831,\n        \"Normal\": 0.9349136352539062,\n        \"Polyp\": 0.8946698307991028,\n        \"Ulcer\": 0.9962183237075806,\n        \"Worms\": 0.9996581077575684\n    },\n    \"mean_average_precision\": 0.9285861849784851,\n    \"mean_f1_score\": 0.8703508377075195,\n    \"mean_specificity\": 0.9856363534927368,\n    \"mean_sensitivity\": 0.8701850175857544,\n    \"balanced_accuracy\": 0.8701850175857544\n}",
    "test_metrics": "{\n    \"Angioectasia\": {\n        \"precision\": 0.4775943458080292,\n        \"recall\": 0.8148893117904663,\n        \"f1-score\": 0.6022304892539978,\n        \"specificity\": 0.971666157245636\n    },\n    \"Bleeding\": {\n        \"precision\": 0.7707808613777161,\n        \"recall\": 0.8523676991462708,\n        \"f1-score\": 0.8095238208770752,\n        \"specificity\": 0.9942306280136108\n    },\n    \"Erosion\": {\n        \"precision\": 0.6929292678833008,\n        \"recall\": 0.5939394235610962,\n        \"f1-score\": 0.6396270394325256,\n        \"specificity\": 0.9797022342681885\n    },\n    \"Erythema\": {\n        \"precision\": 0.436956524848938,\n        \"recall\": 0.6767676472663879,\n        \"f1-score\": 0.5310435891151428,\n        \"specificity\": 0.9836438298225403\n    },\n    \"Foreign Body\": {\n        \"precision\": 0.6879271268844604,\n        \"recall\": 0.8882352709770203,\n        \"f1-score\": 0.7753530144691467,\n        \"specificity\": 0.9913247227668762\n    },\n    \"Lymphangiectasia\": {\n        \"precision\": 0.7068557739257812,\n        \"recall\": 0.8717201352119446,\n        \"f1-score\": 0.7806788682937622,\n        \"specificity\": 0.9921464323997498\n    },\n    \"Normal\": {\n        \"precision\": 0.9782589673995972,\n        \"recall\": 0.9081956744194031,\n        \"f1-score\": 0.9419262409210205,\n        \"specificity\": 0.9355006217956543\n    },\n    \"Polyp\": {\n        \"precision\": 0.45665445923805237,\n        \"recall\": 0.7480000257492065,\n        \"f1-score\": 0.5670962929725647,\n        \"specificity\": 0.9715327620506287\n    },\n    \"Ulcer\": {\n        \"precision\": 0.9496402740478516,\n        \"recall\": 0.9230769276618958,\n        \"f1-score\": 0.936170220375061,\n        \"specificity\": 0.9991164803504944\n    },\n    \"Worms\": {\n        \"precision\": 0.9295774698257446,\n        \"recall\": 0.970588207244873,\n        \"f1-score\": 0.9496402740478516,\n        \"specificity\": 0.9996887445449829\n    },\n    \"macro avg\": {\n        \"precision\": 0.7087175250053406,\n        \"recall\": 0.8247780203819275,\n        \"f1-score\": 0.7533289790153503,\n        \"specificity\": 0.9818553328514099\n    },\n    \"accuracy\": 0.8716835975646973,\n    \"auc_roc_scores\": {\n        \"Angioectasia\": 0.966772198677063,\n        \"Bleeding\": 0.9912538528442383,\n        \"Erosion\": 0.9574747085571289,\n        \"Erythema\": 0.9783720970153809,\n        \"Foreign Body\": 0.9886213541030884,\n        \"Lymphangiectasia\": 0.986490786075592,\n        \"Normal\": 0.9807264804840088,\n        \"Polyp\": 0.9779057502746582,\n        \"Ulcer\": 0.9993665218353271,\n        \"Worms\": 0.999967098236084\n    },\n    \"mean_auc\": 0.9826951026916504,\n    \"average_precision_scores\": {\n        \"Angioectasia\": 0.7687880396842957,\n        \"Bleeding\": 0.8881831169128418,\n        \"Erosion\": 0.7217802405357361,\n        \"Erythema\": 0.6026673316955566,\n        \"Foreign Body\": 0.9029315114021301,\n        \"Lymphangiectasia\": 0.8892544507980347,\n        \"Normal\": 0.9936394691467285,\n        \"Polyp\": 0.6744664311408997,\n        \"Ulcer\": 0.97529536485672,\n        \"Worms\": 0.9931948184967041\n    },\n    \"mean_average_precision\": 0.8410201072692871,\n    \"mean_f1_score\": 0.7533289790153503,\n    \"mean_specificity\": 0.9818553328514099,\n    \"mean_sensitivity\": 0.8247780203819275,\n    \"balanced_accuracy\": 0.8247780203819275\n}"
}