{
    "epoch": 7,
    "train_metrics": "{\n    \"Angioectasia\": {\n        \"precision\": 0.9298199415206909,\n        \"recall\": 0.9290817379951477,\n        \"f1-score\": 0.9294506907463074,\n        \"specificity\": 0.99216628074646\n    },\n    \"Bleeding\": {\n        \"precision\": 0.9505235552787781,\n        \"recall\": 0.956281304359436,\n        \"f1-score\": 0.9533936977386475,\n        \"specificity\": 0.9944099187850952\n    },\n    \"Erosion\": {\n        \"precision\": 0.848125159740448,\n        \"recall\": 0.8357256650924683,\n        \"f1-score\": 0.8418797850608826,\n        \"specificity\": 0.9833653569221497\n    },\n    \"Erythema\": {\n        \"precision\": 0.8989063501358032,\n        \"recall\": 0.916757345199585,\n        \"f1-score\": 0.9077441096305847,\n        \"specificity\": 0.9888302683830261\n    },\n    \"Foreign Body\": {\n        \"precision\": 0.9654707312583923,\n        \"recall\": 0.9652103781700134,\n        \"f1-score\": 0.9653405547142029,\n        \"specificity\": 0.9962241053581238\n    },\n    \"Lymphangiectasia\": {\n        \"precision\": 0.967933177947998,\n        \"recall\": 0.9648133516311646,\n        \"f1-score\": 0.966370701789856,\n        \"specificity\": 0.9964880347251892\n    },\n    \"Normal\": {\n        \"precision\": 0.9365907311439514,\n        \"recall\": 0.925162672996521,\n        \"f1-score\": 0.9308416247367859,\n        \"specificity\": 0.9931896328926086\n    },\n    \"Polyp\": {\n        \"precision\": 0.9164531230926514,\n        \"recall\": 0.9226006269454956,\n        \"f1-score\": 0.9195165634155273,\n        \"specificity\": 0.9903352856636047\n    },\n    \"Ulcer\": {\n        \"precision\": 0.9931343793869019,\n        \"recall\": 0.991040825843811,\n        \"f1-score\": 0.9920865297317505,\n        \"specificity\": 0.9992310404777527\n    },\n    \"Worms\": {\n        \"precision\": 0.9973718523979187,\n        \"recall\": 0.9978963732719421,\n        \"f1-score\": 0.9976340532302856,\n        \"specificity\": 0.9997041821479797\n    },\n    \"macro avg\": {\n        \"precision\": 0.9404328465461731,\n        \"recall\": 0.9404570460319519,\n        \"f1-score\": 0.9404258131980896,\n        \"specificity\": 0.9933944940567017\n    },\n    \"accuracy\": 0.940542995929718,\n    \"auc_roc_scores\": {\n        \"Angioectasia\": 0.9977482557296753,\n        \"Bleeding\": 0.9988609552383423,\n        \"Erosion\": 0.9884167909622192,\n        \"Erythema\": 0.9961806535720825,\n        \"Foreign Body\": 0.999326229095459,\n        \"Lymphangiectasia\": 0.9992936849594116,\n        \"Normal\": 0.9965564608573914,\n        \"Polyp\": 0.9967995882034302,\n        \"Ulcer\": 0.9997133016586304,\n        \"Worms\": 0.9999785423278809\n    },\n    \"mean_auc\": 0.9972874522209167,\n    \"average_precision_scores\": {\n        \"Angioectasia\": 0.9834713935852051,\n        \"Bleeding\": 0.9911566972732544,\n        \"Erosion\": 0.9253174662590027,\n        \"Erythema\": 0.9651507139205933,\n        \"Foreign Body\": 0.9947555661201477,\n        \"Lymphangiectasia\": 0.9946128129959106,\n        \"Normal\": 0.9792057275772095,\n        \"Polyp\": 0.9760221242904663,\n        \"Ulcer\": 0.9994620680809021,\n        \"Worms\": 0.9996992349624634\n    },\n    \"mean_average_precision\": 0.9808854460716248,\n    \"mean_f1_score\": 0.9404258131980896,\n    \"mean_specificity\": 0.9933944940567017,\n    \"mean_sensitivity\": 0.9404570460319519,\n    \"balanced_accuracy\": 0.9404570460319519\n}",
    "test_metrics": "{\n    \"Angioectasia\": {\n        \"precision\": 0.7775551080703735,\n        \"recall\": 0.7806841135025024,\n        \"f1-score\": 0.7791164517402649,\n        \"specificity\": 0.992900550365448\n    },\n    \"Bleeding\": {\n        \"precision\": 0.7382075190544128,\n        \"recall\": 0.8718662858009338,\n        \"f1-score\": 0.7994891405105591,\n        \"specificity\": 0.992962658405304\n    },\n    \"Erosion\": {\n        \"precision\": 0.5842838883399963,\n        \"recall\": 0.7982683777809143,\n        \"f1-score\": 0.6747164130210876,\n        \"specificity\": 0.9561995267868042\n    },\n    \"Erythema\": {\n        \"precision\": 0.47652581334114075,\n        \"recall\": 0.683501660823822,\n        \"f1-score\": 0.5615491271018982,\n        \"specificity\": 0.9859172701835632\n    },\n    \"Foreign Body\": {\n        \"precision\": 0.6458333134651184,\n        \"recall\": 0.9117646813392639,\n        \"f1-score\": 0.7560975551605225,\n        \"specificity\": 0.9892350435256958\n    },\n    \"Lymphangiectasia\": {\n        \"precision\": 0.34961998462677,\n        \"recall\": 0.9387755393981934,\n        \"f1-score\": 0.5094936490058899,\n        \"specificity\": 0.9620621800422668\n    },\n    \"Normal\": {\n        \"precision\": 0.9921788573265076,\n        \"recall\": 0.8775942325592041,\n        \"f1-score\": 0.9313755035400391,\n        \"specificity\": 0.9778933525085449\n    },\n    \"Polyp\": {\n        \"precision\": 0.6871165633201599,\n        \"recall\": 0.671999990940094,\n        \"f1-score\": 0.6794742345809937,\n        \"specificity\": 0.9902123808860779\n    },\n    \"Ulcer\": {\n        \"precision\": 0.7386666536331177,\n        \"recall\": 0.9685314893722534,\n        \"f1-score\": 0.8381240367889404,\n        \"specificity\": 0.9938154816627502\n    },\n    \"Worms\": {\n        \"precision\": 0.9444444179534912,\n        \"recall\": 1.0,\n        \"f1-score\": 0.9714285731315613,\n        \"specificity\": 0.9997509717941284\n    },\n    \"macro avg\": {\n        \"precision\": 0.693443238735199,\n        \"recall\": 0.8502985835075378,\n        \"f1-score\": 0.7500864863395691,\n        \"specificity\": 0.98409503698349\n    },\n    \"accuracy\": 0.8630052208900452,\n    \"auc_roc_scores\": {\n        \"Angioectasia\": 0.9808031320571899,\n        \"Bleeding\": 0.9904985427856445,\n        \"Erosion\": 0.9591938257217407,\n        \"Erythema\": 0.9776350855827332,\n        \"Foreign Body\": 0.9843800067901611,\n        \"Lymphangiectasia\": 0.9874023795127869,\n        \"Normal\": 0.9875929951667786,\n        \"Polyp\": 0.9743106961250305,\n        \"Ulcer\": 0.9992135763168335,\n        \"Worms\": 0.9999964237213135\n    },\n    \"mean_auc\": 0.9841026663780212,\n    \"average_precision_scores\": {\n        \"Angioectasia\": 0.8566696643829346,\n        \"Bleeding\": 0.8977130651473999,\n        \"Erosion\": 0.7665764093399048,\n        \"Erythema\": 0.6285828351974487,\n        \"Foreign Body\": 0.9137305021286011,\n        \"Lymphangiectasia\": 0.8762111663818359,\n        \"Normal\": 0.9960078001022339,\n        \"Polyp\": 0.7390583157539368,\n        \"Ulcer\": 0.9784610271453857,\n        \"Worms\": 0.9991829991340637\n    },\n    \"mean_average_precision\": 0.8652192950248718,\n    \"mean_f1_score\": 0.7500864863395691,\n    \"mean_specificity\": 0.98409503698349,\n    \"mean_sensitivity\": 0.8502985835075378,\n    \"balanced_accuracy\": 0.8502985835075378\n}"
}