{
    "epoch": 14,
    "train_metrics": "{\n    \"Angioectasia\": {\n        \"precision\": 0.9723489880561829,\n        \"recall\": 0.9715664982795715,\n        \"f1-score\": 0.9719576239585876,\n        \"specificity\": 0.9969597458839417\n    },\n    \"Bleeding\": {\n        \"precision\": 0.9646680951118469,\n        \"recall\": 0.9730021357536316,\n        \"f1-score\": 0.9688172340393066,\n        \"specificity\": 0.9961065649986267\n    },\n    \"Erosion\": {\n        \"precision\": 0.9338016510009766,\n        \"recall\": 0.9087562561035156,\n        \"f1-score\": 0.9211087226867676,\n        \"specificity\": 0.9927523136138916\n    },\n    \"Erythema\": {\n        \"precision\": 0.9470094442367554,\n        \"recall\": 0.9649826288223267,\n        \"f1-score\": 0.9559115767478943,\n        \"specificity\": 0.9940353035926819\n    },\n    \"Foreign Body\": {\n        \"precision\": 0.9739610552787781,\n        \"recall\": 0.9814471006393433,\n        \"f1-score\": 0.9776897430419922,\n        \"specificity\": 0.9970739483833313\n    },\n    \"Lymphangiectasia\": {\n        \"precision\": 0.9822916388511658,\n        \"recall\": 0.9817803502082825,\n        \"f1-score\": 0.9820359349250793,\n        \"specificity\": 0.9979860782623291\n    },\n    \"Normal\": {\n        \"precision\": 0.9711045026779175,\n        \"recall\": 0.9630423188209534,\n        \"f1-score\": 0.9670566320419312,\n        \"specificity\": 0.9968411326408386\n    },\n    \"Polyp\": {\n        \"precision\": 0.9612768292427063,\n        \"recall\": 0.9627882838249207,\n        \"f1-score\": 0.9620319604873657,\n        \"specificity\": 0.9956201314926147\n    },\n    \"Ulcer\": {\n        \"precision\": 0.9991858601570129,\n        \"recall\": 0.9989148378372192,\n        \"f1-score\": 0.9990503191947937,\n        \"specificity\": 0.9999115467071533\n    },\n    \"Worms\": {\n        \"precision\": 0.9997355341911316,\n        \"recall\": 1.0,\n        \"f1-score\": 0.9998677372932434,\n        \"specificity\": 0.9999704360961914\n    },\n    \"macro avg\": {\n        \"precision\": 0.970538318157196,\n        \"recall\": 0.9706280827522278,\n        \"f1-score\": 0.9705527424812317,\n        \"specificity\": 0.9967256784439087\n    },\n    \"accuracy\": 0.9705374240875244,\n    \"auc_roc_scores\": {\n        \"Angioectasia\": 0.9996616840362549,\n        \"Bleeding\": 0.9995986819267273,\n        \"Erosion\": 0.9971337914466858,\n        \"Erythema\": 0.9991325736045837,\n        \"Foreign Body\": 0.9997329711914062,\n        \"Lymphangiectasia\": 0.9998595714569092,\n        \"Normal\": 0.9987444281578064,\n        \"Polyp\": 0.9993477463722229,\n        \"Ulcer\": 0.9999995827674866,\n        \"Worms\": 0.9999998807907104\n    },\n    \"mean_auc\": 0.9993211030960083,\n    \"average_precision_scores\": {\n        \"Angioectasia\": 0.9970780611038208,\n        \"Bleeding\": 0.9965049028396606,\n        \"Erosion\": 0.9790295362472534,\n        \"Erythema\": 0.9919384717941284,\n        \"Foreign Body\": 0.998125433921814,\n        \"Lymphangiectasia\": 0.9987881183624268,\n        \"Normal\": 0.9930490255355835,\n        \"Polyp\": 0.9943884611129761,\n        \"Ulcer\": 0.9999955296516418,\n        \"Worms\": 0.9999997615814209\n    },\n    \"mean_average_precision\": 0.9948897361755371,\n    \"mean_f1_score\": 0.9705527424812317,\n    \"mean_specificity\": 0.9967256784439087,\n    \"mean_sensitivity\": 0.9706280827522278,\n    \"balanced_accuracy\": 0.9706280827522278\n}",
    "test_metrics": "{\n    \"Angioectasia\": {\n        \"precision\": 0.7815442681312561,\n        \"recall\": 0.8350100517272949,\n        \"f1-score\": 0.8073930144309998,\n        \"specificity\": 0.992580771446228\n    },\n    \"Bleeding\": {\n        \"precision\": 0.7565011978149414,\n        \"recall\": 0.8913649320602417,\n        \"f1-score\": 0.8184143304824829,\n        \"specificity\": 0.9934698343276978\n    },\n    \"Erosion\": {\n        \"precision\": 0.6726232767105103,\n        \"recall\": 0.8147186040878296,\n        \"f1-score\": 0.7368833422660828,\n        \"specificity\": 0.9694197773933411\n    },\n    \"Erythema\": {\n        \"precision\": 0.5722891688346863,\n        \"recall\": 0.6397306323051453,\n        \"f1-score\": 0.6041335463523865,\n        \"specificity\": 0.9910325407981873\n    },\n    \"Foreign Body\": {\n        \"precision\": 0.848238468170166,\n        \"recall\": 0.9205882549285889,\n        \"f1-score\": 0.8829337358474731,\n        \"specificity\": 0.9964538812637329\n    },\n    \"Lymphangiectasia\": {\n        \"precision\": 0.7622548937797546,\n        \"recall\": 0.9067055583000183,\n        \"f1-score\": 0.8282290101051331,\n        \"specificity\": 0.9938564896583557\n    },\n    \"Normal\": {\n        \"precision\": 0.9936578869819641,\n        \"recall\": 0.9435989260673523,\n        \"f1-score\": 0.9679816365242004,\n        \"specificity\": 0.9807541966438293\n    },\n    \"Polyp\": {\n        \"precision\": 0.6041666865348816,\n        \"recall\": 0.7540000081062317,\n        \"f1-score\": 0.6708185076713562,\n        \"specificity\": 0.9841991066932678\n    },\n    \"Ulcer\": {\n        \"precision\": 0.9183006286621094,\n        \"recall\": 0.9825174808502197,\n        \"f1-score\": 0.9493243098258972,\n        \"specificity\": 0.9984223246574402\n    },\n    \"Worms\": {\n        \"precision\": 0.9444444179534912,\n        \"recall\": 1.0,\n        \"f1-score\": 0.9714285731315613,\n        \"specificity\": 0.9997509717941284\n    },\n    \"macro avg\": {\n        \"precision\": 0.7854021191596985,\n        \"recall\": 0.8688234686851501,\n        \"f1-score\": 0.8237540125846863,\n        \"specificity\": 0.9899940490722656\n    },\n    \"accuracy\": 0.9180510640144348,\n    \"auc_roc_scores\": {\n        \"Angioectasia\": 0.9861873388290405,\n        \"Bleeding\": 0.9914928078651428,\n        \"Erosion\": 0.9751096367835999,\n        \"Erythema\": 0.9698492288589478,\n        \"Foreign Body\": 0.9904383420944214,\n        \"Lymphangiectasia\": 0.9943742156028748,\n        \"Normal\": 0.9945498108863831,\n        \"Polyp\": 0.979701817035675,\n        \"Ulcer\": 0.999029278755188,\n        \"Worms\": 0.9999953508377075\n    },\n    \"mean_auc\": 0.9880728125572205,\n    \"average_precision_scores\": {\n        \"Angioectasia\": 0.8837873935699463,\n        \"Bleeding\": 0.9225119352340698,\n        \"Erosion\": 0.8262826204299927,\n        \"Erythema\": 0.6477616429328918,\n        \"Foreign Body\": 0.9485572576522827,\n        \"Lymphangiectasia\": 0.9338198900222778,\n        \"Normal\": 0.998317301273346,\n        \"Polyp\": 0.7586117386817932,\n        \"Ulcer\": 0.9906530976295471,\n        \"Worms\": 0.9989523887634277\n    },\n    \"mean_average_precision\": 0.8909255266189575,\n    \"mean_f1_score\": 0.8237540125846863,\n    \"mean_specificity\": 0.9899940490722656,\n    \"mean_sensitivity\": 0.8688234686851501,\n    \"balanced_accuracy\": 0.8688234686851501\n}"
}