{
    "epoch": 13,
    "train_metrics": "{\n    \"Angioectasia\": {\n        \"precision\": 0.9705101251602173,\n        \"recall\": 0.9669137001037598,\n        \"f1-score\": 0.9687085747718811,\n        \"specificity\": 0.9967187643051147\n    },\n    \"Bleeding\": {\n        \"precision\": 0.9625850319862366,\n        \"recall\": 0.9727657437324524,\n        \"f1-score\": 0.9676486253738403,\n        \"specificity\": 0.9957723617553711\n    },\n    \"Erosion\": {\n        \"precision\": 0.9267827868461609,\n        \"recall\": 0.9145849943161011,\n        \"f1-score\": 0.9206435084342957,\n        \"specificity\": 0.9920611381530762\n    },\n    \"Erythema\": {\n        \"precision\": 0.9437025189399719,\n        \"recall\": 0.956475555896759,\n        \"f1-score\": 0.9500461220741272,\n        \"specificity\": 0.9936463832855225\n    },\n    \"Foreign Body\": {\n        \"precision\": 0.9730859398841858,\n        \"recall\": 0.9779411554336548,\n        \"f1-score\": 0.9755075573921204,\n        \"specificity\": 0.9969525933265686\n    },\n    \"Lymphangiectasia\": {\n        \"precision\": 0.9801035523414612,\n        \"recall\": 0.9798365235328674,\n        \"f1-score\": 0.9799700379371643,\n        \"specificity\": 0.9978489279747009\n    },\n    \"Normal\": {\n        \"precision\": 0.9701933264732361,\n        \"recall\": 0.9609042406082153,\n        \"f1-score\": 0.9655264616012573,\n        \"specificity\": 0.996720552444458\n    },\n    \"Polyp\": {\n        \"precision\": 0.9634081125259399,\n        \"recall\": 0.96058589220047,\n        \"f1-score\": 0.9619949460029602,\n        \"specificity\": 0.9959529638290405\n    },\n    \"Ulcer\": {\n        \"precision\": 0.9976464509963989,\n        \"recall\": 0.9981684684753418,\n        \"f1-score\": 0.9979074001312256,\n        \"specificity\": 0.9997336268424988\n    },\n    \"Worms\": {\n        \"precision\": 0.9991978406906128,\n        \"recall\": 0.9989307522773743,\n        \"f1-score\": 0.9990642666816711,\n        \"specificity\": 0.9999114274978638\n    },\n    \"macro avg\": {\n        \"precision\": 0.9687215685844421,\n        \"recall\": 0.968710720539093,\n        \"f1-score\": 0.9687017798423767,\n        \"specificity\": 0.9965319037437439\n    },\n    \"accuracy\": 0.9687824249267578,\n    \"auc_roc_scores\": {\n        \"Angioectasia\": 0.9995481967926025,\n        \"Bleeding\": 0.9996445178985596,\n        \"Erosion\": 0.9970117211341858,\n        \"Erythema\": 0.9991165995597839,\n        \"Foreign Body\": 0.9997749924659729,\n        \"Lymphangiectasia\": 0.99986732006073,\n        \"Normal\": 0.9987545013427734,\n        \"Polyp\": 0.9993463754653931,\n        \"Ulcer\": 0.999997079372406,\n        \"Worms\": 0.9999997019767761\n    },\n    \"mean_auc\": 0.9993061423301697,\n    \"average_precision_scores\": {\n        \"Angioectasia\": 0.9963302612304688,\n        \"Bleeding\": 0.9968562722206116,\n        \"Erosion\": 0.9776657819747925,\n        \"Erythema\": 0.9918702244758606,\n        \"Foreign Body\": 0.9979592561721802,\n        \"Lymphangiectasia\": 0.9988209009170532,\n        \"Normal\": 0.993375837802887,\n        \"Polyp\": 0.9947307109832764,\n        \"Ulcer\": 0.9999743103981018,\n        \"Worms\": 0.9999974370002747\n    },\n    \"mean_average_precision\": 0.9947580695152283,\n    \"mean_f1_score\": 0.9687017798423767,\n    \"mean_specificity\": 0.9965319037437439,\n    \"mean_sensitivity\": 0.968710720539093,\n    \"balanced_accuracy\": 0.968710720539093\n}",
    "test_metrics": "{\n    \"Angioectasia\": {\n        \"precision\": 0.7481752038002014,\n        \"recall\": 0.8249496817588806,\n        \"f1-score\": 0.7846890091896057,\n        \"specificity\": 0.9911736249923706\n    },\n    \"Bleeding\": {\n        \"precision\": 0.8056994676589966,\n        \"recall\": 0.8662952780723572,\n        \"f1-score\": 0.8348993062973022,\n        \"specificity\": 0.9952450394630432\n    },\n    \"Erosion\": {\n        \"precision\": 0.7747349739074707,\n        \"recall\": 0.7593073844909668,\n        \"f1-score\": 0.7669435739517212,\n        \"specificity\": 0.9829738736152649\n    },\n    \"Erythema\": {\n        \"precision\": 0.6216216087341309,\n        \"recall\": 0.619528591632843,\n        \"f1-score\": 0.6205733418464661,\n        \"specificity\": 0.992927074432373\n    },\n    \"Foreign Body\": {\n        \"precision\": 0.8771428465843201,\n        \"recall\": 0.9029411673545837,\n        \"f1-score\": 0.8898550868034363,\n        \"specificity\": 0.9972770810127258\n    },\n    \"Lymphangiectasia\": {\n        \"precision\": 0.7746835350990295,\n        \"recall\": 0.8921282887458801,\n        \"f1-score\": 0.8292682766914368,\n        \"specificity\": 0.9943631887435913\n    },\n    \"Normal\": {\n        \"precision\": 0.983905553817749,\n        \"recall\": 0.9702123999595642,\n        \"f1-score\": 0.9770110249519348,\n        \"specificity\": 0.9492847919464111\n    },\n    \"Polyp\": {\n        \"precision\": 0.695412814617157,\n        \"recall\": 0.7580000162124634,\n        \"f1-score\": 0.7253588438034058,\n        \"specificity\": 0.9893807768821716\n    },\n    \"Ulcer\": {\n        \"precision\": 0.9689655303955078,\n        \"recall\": 0.9825174808502197,\n        \"f1-score\": 0.9756944179534912,\n        \"specificity\": 0.9994320273399353\n    },\n    \"Worms\": {\n        \"precision\": 0.9189189076423645,\n        \"recall\": 1.0,\n        \"f1-score\": 0.9577465057373047,\n        \"specificity\": 0.9996265172958374\n    },\n    \"macro avg\": {\n        \"precision\": 0.8169260025024414,\n        \"recall\": 0.857587993144989,\n        \"f1-score\": 0.8362039923667908,\n        \"specificity\": 0.9891683459281921\n    },\n    \"accuracy\": 0.9325563907623291,\n    \"auc_roc_scores\": {\n        \"Angioectasia\": 0.9843515157699585,\n        \"Bleeding\": 0.9930160641670227,\n        \"Erosion\": 0.978447437286377,\n        \"Erythema\": 0.9769971966743469,\n        \"Foreign Body\": 0.9947819709777832,\n        \"Lymphangiectasia\": 0.9922928810119629,\n        \"Normal\": 0.9939136505126953,\n        \"Polyp\": 0.9836900234222412,\n        \"Ulcer\": 0.9997637867927551,\n        \"Worms\": 0.9999945163726807\n    },\n    \"mean_auc\": 0.9897249341011047,\n    \"average_precision_scores\": {\n        \"Angioectasia\": 0.863958477973938,\n        \"Bleeding\": 0.9150668978691101,\n        \"Erosion\": 0.8400545716285706,\n        \"Erythema\": 0.666704535484314,\n        \"Foreign Body\": 0.9482671022415161,\n        \"Lymphangiectasia\": 0.9210354685783386,\n        \"Normal\": 0.9980989098548889,\n        \"Polyp\": 0.7985258102416992,\n        \"Ulcer\": 0.9928017854690552,\n        \"Worms\": 0.9986950159072876\n    },\n    \"mean_average_precision\": 0.8943209052085876,\n    \"mean_f1_score\": 0.8362039923667908,\n    \"mean_specificity\": 0.9891683459281921,\n    \"mean_sensitivity\": 0.857587993144989,\n    \"balanced_accuracy\": 0.857587993144989\n}"
}