{
    "epoch": 20,
    "train_metrics": "{\n    \"Angioectasia\": {\n        \"precision\": 0.9798873662948608,\n        \"recall\": 0.9793621301651001,\n        \"f1-score\": 0.9796246886253357,\n        \"specificity\": 0.9977860450744629\n    },\n    \"Bleeding\": {\n        \"precision\": 0.9713985919952393,\n        \"recall\": 0.982223391532898,\n        \"f1-score\": 0.9767810106277466,\n        \"specificity\": 0.9967787861824036\n    },\n    \"Erosion\": {\n        \"precision\": 0.9623101949691772,\n        \"recall\": 0.9312516450881958,\n        \"f1-score\": 0.9465262293815613,\n        \"specificity\": 0.9958871006965637\n    },\n    \"Erythema\": {\n        \"precision\": 0.9464831948280334,\n        \"recall\": 0.9776256680488586,\n        \"f1-score\": 0.9618024230003357,\n        \"specificity\": 0.993788480758667\n    },\n    \"Foreign Body\": {\n        \"precision\": 0.9792732000350952,\n        \"recall\": 0.9848402738571167,\n        \"f1-score\": 0.9820488691329956,\n        \"specificity\": 0.997729480266571\n    },\n    \"Lymphangiectasia\": {\n        \"precision\": 0.9853895902633667,\n        \"recall\": 0.9853895902633667,\n        \"f1-score\": 0.9853895902633667,\n        \"specificity\": 0.9984076023101807\n    },\n    \"Normal\": {\n        \"precision\": 0.9909161925315857,\n        \"recall\": 0.980734646320343,\n        \"f1-score\": 0.9857991337776184,\n        \"specificity\": 0.998961865901947\n    },\n    \"Polyp\": {\n        \"precision\": 0.9770750999450684,\n        \"recall\": 0.9711890816688538,\n        \"f1-score\": 0.9741232395172119,\n        \"specificity\": 0.9974251985549927\n    },\n    \"Ulcer\": {\n        \"precision\": 1.0,\n        \"recall\": 1.0,\n        \"f1-score\": 1.0,\n        \"specificity\": 1.0\n    },\n    \"Worms\": {\n        \"precision\": 1.0,\n        \"recall\": 1.0,\n        \"f1-score\": 1.0,\n        \"specificity\": 1.0\n    },\n    \"macro avg\": {\n        \"precision\": 0.9792733192443848,\n        \"recall\": 0.979261577129364,\n        \"f1-score\": 0.9792095422744751,\n        \"specificity\": 0.9976764917373657\n    },\n    \"accuracy\": 0.9790996313095093,\n    \"auc_roc_scores\": {\n        \"Angioectasia\": 0.9998357892036438,\n        \"Bleeding\": 0.9997724294662476,\n        \"Erosion\": 0.9984861612319946,\n        \"Erythema\": 0.9994491934776306,\n        \"Foreign Body\": 0.9998728036880493,\n        \"Lymphangiectasia\": 0.9999387264251709,\n        \"Normal\": 0.9996675252914429,\n        \"Polyp\": 0.9997442960739136,\n        \"Ulcer\": 1.0,\n        \"Worms\": 1.0\n    },\n    \"mean_auc\": 0.9996767044067383,\n    \"average_precision_scores\": {\n        \"Angioectasia\": 0.9985898733139038,\n        \"Bleeding\": 0.9980716705322266,\n        \"Erosion\": 0.9888242483139038,\n        \"Erythema\": 0.9950176477432251,\n        \"Foreign Body\": 0.9989327192306519,\n        \"Lymphangiectasia\": 0.99944669008255,\n        \"Normal\": 0.997965395450592,\n        \"Polyp\": 0.997847318649292,\n        \"Ulcer\": 1.0,\n        \"Worms\": 1.0\n    },\n    \"mean_average_precision\": 0.9974695444107056,\n    \"mean_f1_score\": 0.9792095422744751,\n    \"mean_specificity\": 0.9976764917373657,\n    \"mean_sensitivity\": 0.979261577129364,\n    \"balanced_accuracy\": 0.979261577129364\n}",
    "test_metrics": "{\n    \"Angioectasia\": {\n        \"precision\": 0.8038834929466248,\n        \"recall\": 0.8329979777336121,\n        \"f1-score\": 0.8181818127632141,\n        \"specificity\": 0.9935401082038879\n    },\n    \"Bleeding\": {\n        \"precision\": 0.8457300066947937,\n        \"recall\": 0.8551532030105591,\n        \"f1-score\": 0.8504155278205872,\n        \"specificity\": 0.9964496493339539\n    },\n    \"Erosion\": {\n        \"precision\": 0.7323506474494934,\n        \"recall\": 0.8173159956932068,\n        \"f1-score\": 0.7725040912628174,\n        \"specificity\": 0.9769646525382996\n    },\n    \"Erythema\": {\n        \"precision\": 0.6551724076271057,\n        \"recall\": 0.6397306323051453,\n        \"f1-score\": 0.6473594307899475,\n        \"specificity\": 0.9936848878860474\n    },\n    \"Foreign Body\": {\n        \"precision\": 0.867035984992981,\n        \"recall\": 0.9205882549285889,\n        \"f1-score\": 0.8930099606513977,\n        \"specificity\": 0.996960461139679\n    },\n    \"Lymphangiectasia\": {\n        \"precision\": 0.8484848737716675,\n        \"recall\": 0.8979591727256775,\n        \"f1-score\": 0.8725212216377258,\n        \"specificity\": 0.9965165853500366\n    },\n    \"Normal\": {\n        \"precision\": 0.9893114566802979,\n        \"recall\": 0.9717587828636169,\n        \"f1-score\": 0.9804565906524658,\n        \"specificity\": 0.9664499163627625\n    },\n    \"Polyp\": {\n        \"precision\": 0.7305502891540527,\n        \"recall\": 0.7699999809265137,\n        \"f1-score\": 0.7497565746307373,\n        \"specificity\": 0.9909160733222961\n    },\n    \"Ulcer\": {\n        \"precision\": 0.9860140085220337,\n        \"recall\": 0.9860140085220337,\n        \"f1-score\": 0.9860140085220337,\n        \"specificity\": 0.9997475743293762\n    },\n    \"Worms\": {\n        \"precision\": 0.9710144996643066,\n        \"recall\": 0.9852941036224365,\n        \"f1-score\": 0.9781022071838379,\n        \"specificity\": 0.9998754858970642\n    },\n    \"macro avg\": {\n        \"precision\": 0.8429547548294067,\n        \"recall\": 0.8676812052726746,\n        \"f1-score\": 0.854832112789154,\n        \"specificity\": 0.9911105036735535\n    },\n    \"accuracy\": 0.9391272068023682,\n    \"auc_roc_scores\": {\n        \"Angioectasia\": 0.9901336431503296,\n        \"Bleeding\": 0.993545413017273,\n        \"Erosion\": 0.9825059175491333,\n        \"Erythema\": 0.9801346063613892,\n        \"Foreign Body\": 0.9938777089118958,\n        \"Lymphangiectasia\": 0.9938771724700928,\n        \"Normal\": 0.9960793852806091,\n        \"Polyp\": 0.9849099516868591,\n        \"Ulcer\": 0.9996191263198853,\n        \"Worms\": 0.9999927282333374\n    },\n    \"mean_auc\": 0.9914675951004028,\n    \"average_precision_scores\": {\n        \"Angioectasia\": 0.8982515335083008,\n        \"Bleeding\": 0.9259747266769409,\n        \"Erosion\": 0.8577685952186584,\n        \"Erythema\": 0.6989357471466064,\n        \"Foreign Body\": 0.9536215662956238,\n        \"Lymphangiectasia\": 0.9357719421386719,\n        \"Normal\": 0.9988009929656982,\n        \"Polyp\": 0.821944534778595,\n        \"Ulcer\": 0.9950453042984009,\n        \"Worms\": 0.9983242750167847\n    },\n    \"mean_average_precision\": 0.9084439277648926,\n    \"mean_f1_score\": 0.854832112789154,\n    \"mean_specificity\": 0.9911105036735535,\n    \"mean_sensitivity\": 0.8676812052726746,\n    \"balanced_accuracy\": 0.8676812052726746\n}"
}