{
    "epoch": 8,
    "train_metrics": "{\n    \"Angioectasia\": {\n        \"precision\": 0.9389085173606873,\n        \"recall\": 0.934342086315155,\n        \"f1-score\": 0.9366196990013123,\n        \"specificity\": 0.9933640360832214\n    },\n    \"Bleeding\": {\n        \"precision\": 0.9477491974830627,\n        \"recall\": 0.9551714658737183,\n        \"f1-score\": 0.9514458775520325,\n        \"specificity\": 0.9942484498023987\n    },\n    \"Erosion\": {\n        \"precision\": 0.8660643100738525,\n        \"recall\": 0.857405960559845,\n        \"f1-score\": 0.8617133498191833,\n        \"specificity\": 0.9850913882255554\n    },\n    \"Erythema\": {\n        \"precision\": 0.9060994982719421,\n        \"recall\": 0.9231398105621338,\n        \"f1-score\": 0.9145402908325195,\n        \"specificity\": 0.9896576404571533\n    },\n    \"Foreign Body\": {\n        \"precision\": 0.9672217965126038,\n        \"recall\": 0.9662001729011536,\n        \"f1-score\": 0.9667106866836548,\n        \"specificity\": 0.9963335394859314\n    },\n    \"Lymphangiectasia\": {\n        \"precision\": 0.9689038395881653,\n        \"recall\": 0.9711688160896301,\n        \"f1-score\": 0.9700350165367126,\n        \"specificity\": 0.9964451789855957\n    },\n    \"Normal\": {\n        \"precision\": 0.9421579241752625,\n        \"recall\": 0.9272030591964722,\n        \"f1-score\": 0.9346206784248352,\n        \"specificity\": 0.9938738942146301\n    },\n    \"Polyp\": {\n        \"precision\": 0.924641489982605,\n        \"recall\": 0.9280292987823486,\n        \"f1-score\": 0.9263322949409485,\n        \"specificity\": 0.9914461374282837\n    },\n    \"Ulcer\": {\n        \"precision\": 0.9941473603248596,\n        \"recall\": 0.9933546185493469,\n        \"f1-score\": 0.993750810623169,\n        \"specificity\": 0.9993499517440796\n    },\n    \"Worms\": {\n        \"precision\": 0.9979269504547119,\n        \"recall\": 0.9979269504547119,\n        \"f1-score\": 0.9979269504547119,\n        \"specificity\": 0.9997629523277283\n    },\n    \"macro avg\": {\n        \"precision\": 0.9453821182250977,\n        \"recall\": 0.9453942179679871,\n        \"f1-score\": 0.94536954164505,\n        \"specificity\": 0.9939573407173157\n    },\n    \"accuracy\": 0.9455952644348145,\n    \"auc_roc_scores\": {\n        \"Angioectasia\": 0.9979184865951538,\n        \"Bleeding\": 0.9989266395568848,\n        \"Erosion\": 0.9903467297554016,\n        \"Erythema\": 0.9970234632492065,\n        \"Foreign Body\": 0.9991965293884277,\n        \"Lymphangiectasia\": 0.9994510412216187,\n        \"Normal\": 0.9965647459030151,\n        \"Polyp\": 0.9975177049636841,\n        \"Ulcer\": 0.999961256980896,\n        \"Worms\": 0.9999967813491821\n    },\n    \"mean_auc\": 0.9976903796195984,\n    \"average_precision_scores\": {\n        \"Angioectasia\": 0.9843546152114868,\n        \"Bleeding\": 0.9916313290596008,\n        \"Erosion\": 0.9387428760528564,\n        \"Erythema\": 0.9721248149871826,\n        \"Foreign Body\": 0.9949382543563843,\n        \"Lymphangiectasia\": 0.9956820011138916,\n        \"Normal\": 0.9807316660881042,\n        \"Polyp\": 0.9806801080703735,\n        \"Ulcer\": 0.999674916267395,\n        \"Worms\": 0.999971866607666\n    },\n    \"mean_average_precision\": 0.983853280544281,\n    \"mean_f1_score\": 0.94536954164505,\n    \"mean_specificity\": 0.9939573407173157,\n    \"mean_sensitivity\": 0.9453942179679871,\n    \"balanced_accuracy\": 0.9453942179679871\n}",
    "test_metrics": "{\n    \"Angioectasia\": {\n        \"precision\": 0.5977961421012878,\n        \"recall\": 0.8732394576072693,\n        \"f1-score\": 0.7097301483154297,\n        \"specificity\": 0.9813239574432373\n    },\n    \"Bleeding\": {\n        \"precision\": 0.8459459543228149,\n        \"recall\": 0.8718662858009338,\n        \"f1-score\": 0.8587105870246887,\n        \"specificity\": 0.9963862299919128\n    },\n    \"Erosion\": {\n        \"precision\": 0.6248196363449097,\n        \"recall\": 0.7497835755348206,\n        \"f1-score\": 0.6816214323043823,\n        \"specificity\": 0.9652801156044006\n    },\n    \"Erythema\": {\n        \"precision\": 0.625,\n        \"recall\": 0.5892255902290344,\n        \"f1-score\": 0.6065858006477356,\n        \"specificity\": 0.9933691024780273\n    },\n    \"Foreign Body\": {\n        \"precision\": 0.642259418964386,\n        \"recall\": 0.9029411673545837,\n        \"f1-score\": 0.7506112456321716,\n        \"specificity\": 0.9891717433929443\n    },\n    \"Lymphangiectasia\": {\n        \"precision\": 0.5969581604003906,\n        \"recall\": 0.9154518842697144,\n        \"f1-score\": 0.7226697206497192,\n        \"specificity\": 0.9865729212760925\n    },\n    \"Normal\": {\n        \"precision\": 0.9936748147010803,\n        \"recall\": 0.9077886939048767,\n        \"f1-score\": 0.9487920999526978,\n        \"specificity\": 0.981534481048584\n    },\n    \"Polyp\": {\n        \"precision\": 0.5508474707603455,\n        \"recall\": 0.7799999713897705,\n        \"f1-score\": 0.6456953883171082,\n        \"specificity\": 0.9796571135520935\n    },\n    \"Ulcer\": {\n        \"precision\": 0.7861111164093018,\n        \"recall\": 0.9895104765892029,\n        \"f1-score\": 0.8761609792709351,\n        \"specificity\": 0.9951407313346863\n    },\n    \"Worms\": {\n        \"precision\": 0.931506872177124,\n        \"recall\": 1.0,\n        \"f1-score\": 0.9645389914512634,\n        \"specificity\": 0.9996887445449829\n    },\n    \"macro avg\": {\n        \"precision\": 0.7194919586181641,\n        \"recall\": 0.8579807281494141,\n        \"f1-score\": 0.7765116095542908,\n        \"specificity\": 0.9868125319480896\n    },\n    \"accuracy\": 0.8866848349571228,\n    \"auc_roc_scores\": {\n        \"Angioectasia\": 0.9877418279647827,\n        \"Bleeding\": 0.9911509156227112,\n        \"Erosion\": 0.9677222371101379,\n        \"Erythema\": 0.9706763029098511,\n        \"Foreign Body\": 0.9906051158905029,\n        \"Lymphangiectasia\": 0.9921643137931824,\n        \"Normal\": 0.9910992383956909,\n        \"Polyp\": 0.9823552370071411,\n        \"Ulcer\": 0.9997952580451965,\n        \"Worms\": 1.0\n    },\n    \"mean_auc\": 0.9873310327529907,\n    \"average_precision_scores\": {\n        \"Angioectasia\": 0.8746384382247925,\n        \"Bleeding\": 0.9204893708229065,\n        \"Erosion\": 0.7722643613815308,\n        \"Erythema\": 0.6230015754699707,\n        \"Foreign Body\": 0.9181113243103027,\n        \"Lymphangiectasia\": 0.9096302390098572,\n        \"Normal\": 0.9972314834594727,\n        \"Polyp\": 0.7500430941581726,\n        \"Ulcer\": 0.9920073747634888,\n        \"Worms\": 1.0\n    },\n    \"mean_average_precision\": 0.8757417798042297,\n    \"mean_f1_score\": 0.7765116095542908,\n    \"mean_specificity\": 0.9868125319480896,\n    \"mean_sensitivity\": 0.8579807281494141,\n    \"balanced_accuracy\": 0.8579807281494141\n}"
}