{
    "epoch": 8,
    "train_metrics": "{\n    \"Angioectasia\": {\n        \"precision\": 0.967793881893158,\n        \"recall\": 0.9654618501663208,\n        \"f1-score\": 0.9666264653205872,\n        \"specificity\": 0.9964572787284851\n    },\n    \"Bleeding\": {\n        \"precision\": 0.9618894457817078,\n        \"recall\": 0.967341423034668,\n        \"f1-score\": 0.9646077156066895,\n        \"specificity\": 0.9958114624023438\n    },\n    \"Erosion\": {\n        \"precision\": 0.9214898347854614,\n        \"recall\": 0.91171795129776,\n        \"f1-score\": 0.9165778160095215,\n        \"specificity\": 0.9913403391838074\n    },\n    \"Erythema\": {\n        \"precision\": 0.9366272687911987,\n        \"recall\": 0.9491156339645386,\n        \"f1-score\": 0.9428300857543945,\n        \"specificity\": 0.993044912815094\n    },\n    \"Foreign Body\": {\n        \"precision\": 0.972752034664154,\n        \"recall\": 0.9754098653793335,\n        \"f1-score\": 0.9740791320800781,\n        \"specificity\": 0.9970542192459106\n    },\n    \"Lymphangiectasia\": {\n        \"precision\": 0.9803609251976013,\n        \"recall\": 0.9777660369873047,\n        \"f1-score\": 0.9790617823600769,\n        \"specificity\": 0.9978125095367432\n    },\n    \"Normal\": {\n        \"precision\": 0.960567831993103,\n        \"recall\": 0.9547948837280273,\n        \"f1-score\": 0.957672655582428,\n        \"specificity\": 0.9955595135688782\n    },\n    \"Polyp\": {\n        \"precision\": 0.9600315690040588,\n        \"recall\": 0.9612954258918762,\n        \"f1-score\": 0.9606630802154541,\n        \"specificity\": 0.9955041408538818\n    },\n    \"Ulcer\": {\n        \"precision\": 0.9978886246681213,\n        \"recall\": 0.9970991611480713,\n        \"f1-score\": 0.9974937438964844,\n        \"specificity\": 0.9997634291648865\n    },\n    \"Worms\": {\n        \"precision\": 0.998447597026825,\n        \"recall\": 0.998447597026825,\n        \"f1-score\": 0.998447597026825,\n        \"specificity\": 0.999822199344635\n    },\n    \"macro avg\": {\n        \"precision\": 0.9657849669456482,\n        \"recall\": 0.9658449292182922,\n        \"f1-score\": 0.9658060073852539,\n        \"specificity\": 0.9962169528007507\n    },\n    \"accuracy\": 0.9659371972084045,\n    \"auc_roc_scores\": {\n        \"Angioectasia\": 0.9993793368339539,\n        \"Bleeding\": 0.999517560005188,\n        \"Erosion\": 0.9963104724884033,\n        \"Erythema\": 0.9986569285392761,\n        \"Foreign Body\": 0.9997124671936035,\n        \"Lymphangiectasia\": 0.999687135219574,\n        \"Normal\": 0.9984400272369385,\n        \"Polyp\": 0.9992217421531677,\n        \"Ulcer\": 0.9999927282333374,\n        \"Worms\": 0.9999985694885254\n    },\n    \"mean_auc\": 0.9990917444229126,\n    \"average_precision_scores\": {\n        \"Angioectasia\": 0.9949325323104858,\n        \"Bleeding\": 0.9957736730575562,\n        \"Erosion\": 0.9747027158737183,\n        \"Erythema\": 0.9871327877044678,\n        \"Foreign Body\": 0.9975293278694153,\n        \"Lymphangiectasia\": 0.9978690147399902,\n        \"Normal\": 0.9912327527999878,\n        \"Polyp\": 0.9937273263931274,\n        \"Ulcer\": 0.9999364614486694,\n        \"Worms\": 0.9999873042106628\n    },\n    \"mean_average_precision\": 0.9932824373245239,\n    \"mean_f1_score\": 0.9658060073852539,\n    \"mean_specificity\": 0.9962169528007507,\n    \"mean_sensitivity\": 0.9658449292182922,\n    \"balanced_accuracy\": 0.9658449292182922\n}",
    "test_metrics": "{\n    \"Angioectasia\": {\n        \"precision\": 0.7537037134170532,\n        \"recall\": 0.818913459777832,\n        \"f1-score\": 0.7849566340446472,\n        \"specificity\": 0.9914934635162354\n    },\n    \"Bleeding\": {\n        \"precision\": 0.7559808492660522,\n        \"recall\": 0.8802228569984436,\n        \"f1-score\": 0.8133848309516907,\n        \"specificity\": 0.9935332536697388\n    },\n    \"Erosion\": {\n        \"precision\": 0.6919431090354919,\n        \"recall\": 0.7584415674209595,\n        \"f1-score\": 0.7236679196357727,\n        \"specificity\": 0.9739601016044617\n    },\n    \"Erythema\": {\n        \"precision\": 0.6748971343040466,\n        \"recall\": 0.5521885752677917,\n        \"f1-score\": 0.6074073910713196,\n        \"specificity\": 0.995011031627655\n    },\n    \"Foreign Body\": {\n        \"precision\": 0.7649999856948853,\n        \"recall\": 0.8999999761581421,\n        \"f1-score\": 0.8270270228385925,\n        \"specificity\": 0.9940476417541504\n    },\n    \"Lymphangiectasia\": {\n        \"precision\": 0.6873614192008972,\n        \"recall\": 0.9037901163101196,\n        \"f1-score\": 0.7808564305305481,\n        \"specificity\": 0.9910697340965271\n    },\n    \"Normal\": {\n        \"precision\": 0.9875286221504211,\n        \"recall\": 0.9473426938056946,\n        \"f1-score\": 0.9670183658599854,\n        \"specificity\": 0.9617685079574585\n    },\n    \"Polyp\": {\n        \"precision\": 0.5788690447807312,\n        \"recall\": 0.777999997138977,\n        \"f1-score\": 0.6638225317001343,\n        \"specificity\": 0.9818961024284363\n    },\n    \"Ulcer\": {\n        \"precision\": 0.9411764740943909,\n        \"recall\": 0.9510489702224731,\n        \"f1-score\": 0.9460869431495667,\n        \"specificity\": 0.9989271759986877\n    },\n    \"Worms\": {\n        \"precision\": 0.9848484992980957,\n        \"recall\": 0.9558823704719543,\n        \"f1-score\": 0.9701492786407471,\n        \"specificity\": 0.9999377727508545\n    },\n    \"macro avg\": {\n        \"precision\": 0.7821308970451355,\n        \"recall\": 0.8445830345153809,\n        \"f1-score\": 0.8084377646446228,\n        \"specificity\": 0.9881645441055298\n    },\n    \"accuracy\": 0.9140218496322632,\n    \"auc_roc_scores\": {\n        \"Angioectasia\": 0.985609769821167,\n        \"Bleeding\": 0.9916042685508728,\n        \"Erosion\": 0.9733900427818298,\n        \"Erythema\": 0.9760076999664307,\n        \"Foreign Body\": 0.9907947778701782,\n        \"Lymphangiectasia\": 0.992828369140625,\n        \"Normal\": 0.9913243055343628,\n        \"Polyp\": 0.9824225902557373,\n        \"Ulcer\": 0.9974485635757446,\n        \"Worms\": 0.9999304413795471\n    },\n    \"mean_auc\": 0.9881361126899719,\n    \"average_precision_scores\": {\n        \"Angioectasia\": 0.8664196729660034,\n        \"Bleeding\": 0.9008069038391113,\n        \"Erosion\": 0.801871657371521,\n        \"Erythema\": 0.6319296360015869,\n        \"Foreign Body\": 0.9178715348243713,\n        \"Lymphangiectasia\": 0.90861976146698,\n        \"Normal\": 0.9972941875457764,\n        \"Polyp\": 0.7427666187286377,\n        \"Ulcer\": 0.9764066934585571,\n        \"Worms\": 0.990839958190918\n    },\n    \"mean_average_precision\": 0.8734827041625977,\n    \"mean_f1_score\": 0.8084377646446228,\n    \"mean_specificity\": 0.9881645441055298,\n    \"mean_sensitivity\": 0.8445830345153809,\n    \"balanced_accuracy\": 0.8445830345153809\n}"
}