{
    "epoch": 9,
    "train_metrics": "{\n    \"Angioectasia\": {\n        \"precision\": 0.9679555296897888,\n        \"recall\": 0.9659090638160706,\n        \"f1-score\": 0.9669312238693237,\n        \"specificity\": 0.996422529220581\n    },\n    \"Bleeding\": {\n        \"precision\": 0.9631072878837585,\n        \"recall\": 0.9742444157600403,\n        \"f1-score\": 0.968643844127655,\n        \"specificity\": 0.9957990646362305\n    },\n    \"Erosion\": {\n        \"precision\": 0.9216738343238831,\n        \"recall\": 0.9101986885070801,\n        \"f1-score\": 0.9159002900123596,\n        \"specificity\": 0.9913691282272339\n    },\n    \"Erythema\": {\n        \"precision\": 0.9438952803611755,\n        \"recall\": 0.9502420425415039,\n        \"f1-score\": 0.9470580220222473,\n        \"specificity\": 0.9938033223152161\n    },\n    \"Foreign Body\": {\n        \"precision\": 0.9752604365348816,\n        \"recall\": 0.9760229587554932,\n        \"f1-score\": 0.9756415486335754,\n        \"specificity\": 0.9971868395805359\n    },\n    \"Lymphangiectasia\": {\n        \"precision\": 0.9796242117881775,\n        \"recall\": 0.9827448725700378,\n        \"f1-score\": 0.9811820983886719,\n        \"specificity\": 0.9977245926856995\n    },\n    \"Normal\": {\n        \"precision\": 0.969214141368866,\n        \"recall\": 0.9596256613731384,\n        \"f1-score\": 0.964396059513092,\n        \"specificity\": 0.9966338872909546\n    },\n    \"Polyp\": {\n        \"precision\": 0.9569429755210876,\n        \"recall\": 0.9592662453651428,\n        \"f1-score\": 0.9581031799316406,\n        \"specificity\": 0.9952802062034607\n    },\n    \"Ulcer\": {\n        \"precision\": 0.997306764125824,\n        \"recall\": 0.9967698454856873,\n        \"f1-score\": 0.9970382452011108,\n        \"specificity\": 0.9997049570083618\n    },\n    \"Worms\": {\n        \"precision\": 0.9981383085250854,\n        \"recall\": 0.9984038472175598,\n        \"f1-score\": 0.9982710480690002,\n        \"specificity\": 0.9997931718826294\n    },\n    \"macro avg\": {\n        \"precision\": 0.9673118591308594,\n        \"recall\": 0.9673427939414978,\n        \"f1-score\": 0.9673165678977966,\n        \"specificity\": 0.996371865272522\n    },\n    \"accuracy\": 0.9673464894294739,\n    \"auc_roc_scores\": {\n        \"Angioectasia\": 0.9994215369224548,\n        \"Bleeding\": 0.9995583295822144,\n        \"Erosion\": 0.9962438941001892,\n        \"Erythema\": 0.9988135099411011,\n        \"Foreign Body\": 0.9998011589050293,\n        \"Lymphangiectasia\": 0.9997968673706055,\n        \"Normal\": 0.9986535906791687,\n        \"Polyp\": 0.9992181062698364,\n        \"Ulcer\": 0.9999880790710449,\n        \"Worms\": 0.9999921917915344\n    },\n    \"mean_auc\": 0.9991487860679626,\n    \"average_precision_scores\": {\n        \"Angioectasia\": 0.9955599308013916,\n        \"Bleeding\": 0.9961550235748291,\n        \"Erosion\": 0.9743269681930542,\n        \"Erythema\": 0.9897668361663818,\n        \"Foreign Body\": 0.9983164668083191,\n        \"Lymphangiectasia\": 0.9984313249588013,\n        \"Normal\": 0.9918252229690552,\n        \"Polyp\": 0.9936583638191223,\n        \"Ulcer\": 0.9998961687088013,\n        \"Worms\": 0.9999388456344604\n    },\n    \"mean_average_precision\": 0.9937874674797058,\n    \"mean_f1_score\": 0.9673165678977966,\n    \"mean_specificity\": 0.996371865272522,\n    \"mean_sensitivity\": 0.9673427939414978,\n    \"balanced_accuracy\": 0.9673427939414978\n}",
    "test_metrics": "{\n    \"Angioectasia\": {\n        \"precision\": 0.7495462894439697,\n        \"recall\": 0.8309859037399292,\n        \"f1-score\": 0.7881679534912109,\n        \"specificity\": 0.9911736249923706\n    },\n    \"Bleeding\": {\n        \"precision\": 0.8106666803359985,\n        \"recall\": 0.8467966318130493,\n        \"f1-score\": 0.8283378481864929,\n        \"specificity\": 0.9954986572265625\n    },\n    \"Erosion\": {\n        \"precision\": 0.6686089038848877,\n        \"recall\": 0.7948051691055298,\n        \"f1-score\": 0.7262658476829529,\n        \"specificity\": 0.9696201086044312\n    },\n    \"Erythema\": {\n        \"precision\": 0.6273764371871948,\n        \"recall\": 0.5555555820465088,\n        \"f1-score\": 0.5892857313156128,\n        \"specificity\": 0.9938111901283264\n    },\n    \"Foreign Body\": {\n        \"precision\": 0.8731563687324524,\n        \"recall\": 0.8705882430076599,\n        \"f1-score\": 0.8718703985214233,\n        \"specificity\": 0.9972770810127258\n    },\n    \"Lymphangiectasia\": {\n        \"precision\": 0.6392785310745239,\n        \"recall\": 0.9300291538238525,\n        \"f1-score\": 0.7577196955680847,\n        \"specificity\": 0.9885996580123901\n    },\n    \"Normal\": {\n        \"precision\": 0.9903509616851807,\n        \"recall\": 0.9439244866371155,\n        \"f1-score\": 0.9665805697441101,\n        \"specificity\": 0.9706111550331116\n    },\n    \"Polyp\": {\n        \"precision\": 0.6067588329315186,\n        \"recall\": 0.7900000214576721,\n        \"f1-score\": 0.686359703540802,\n        \"specificity\": 0.9836233258247375\n    },\n    \"Ulcer\": {\n        \"precision\": 0.9172185659408569,\n        \"recall\": 0.9685314893722534,\n        \"f1-score\": 0.942176878452301,\n        \"specificity\": 0.9984223246574402\n    },\n    \"Worms\": {\n        \"precision\": 0.9852941036224365,\n        \"recall\": 0.9852941036224365,\n        \"f1-score\": 0.9852941036224365,\n        \"specificity\": 0.9999377727508545\n    },\n    \"macro avg\": {\n        \"precision\": 0.7868255972862244,\n        \"recall\": 0.851651132106781,\n        \"f1-score\": 0.8142059445381165,\n        \"specificity\": 0.9888574481010437\n    },\n    \"accuracy\": 0.9144557118415833,\n    \"auc_roc_scores\": {\n        \"Angioectasia\": 0.9851155281066895,\n        \"Bleeding\": 0.991973876953125,\n        \"Erosion\": 0.9720063209533691,\n        \"Erythema\": 0.9724600315093994,\n        \"Foreign Body\": 0.9917434453964233,\n        \"Lymphangiectasia\": 0.9950825572013855,\n        \"Normal\": 0.9928367137908936,\n        \"Polyp\": 0.983642041683197,\n        \"Ulcer\": 0.9984918832778931,\n        \"Worms\": 0.999993622303009\n    },\n    \"mean_auc\": 0.988334596157074,\n    \"average_precision_scores\": {\n        \"Angioectasia\": 0.8688060641288757,\n        \"Bleeding\": 0.9073764085769653,\n        \"Erosion\": 0.8020004034042358,\n        \"Erythema\": 0.6252689361572266,\n        \"Foreign Body\": 0.9395413994789124,\n        \"Lymphangiectasia\": 0.9239726662635803,\n        \"Normal\": 0.9978049397468567,\n        \"Polyp\": 0.7933157086372375,\n        \"Ulcer\": 0.9826732873916626,\n        \"Worms\": 0.9985244274139404\n    },\n    \"mean_average_precision\": 0.8839284181594849,\n    \"mean_f1_score\": 0.8142059445381165,\n    \"mean_specificity\": 0.9888574481010437,\n    \"mean_sensitivity\": 0.851651132106781,\n    \"balanced_accuracy\": 0.851651132106781\n}"
}