{
    "epoch": 10,
    "train_metrics": "{\n    \"Angioectasia\": {\n        \"precision\": 0.9640054106712341,\n        \"recall\": 0.9660971164703369,\n        \"f1-score\": 0.9650501012802124,\n        \"specificity\": 0.9960790276527405\n    },\n    \"Bleeding\": {\n        \"precision\": 0.9653702974319458,\n        \"recall\": 0.9741935729980469,\n        \"f1-score\": 0.969761848449707,\n        \"specificity\": 0.9961637258529663\n    },\n    \"Erosion\": {\n        \"precision\": 0.9347362518310547,\n        \"recall\": 0.9202727675437927,\n        \"f1-score\": 0.9274481534957886,\n        \"specificity\": 0.9927501678466797\n    },\n    \"Erythema\": {\n        \"precision\": 0.9442716240882874,\n        \"recall\": 0.9514233469963074,\n        \"f1-score\": 0.9478340148925781,\n        \"specificity\": 0.9936349391937256\n    },\n    \"Foreign Body\": {\n        \"precision\": 0.9785884022712708,\n        \"recall\": 0.9778130054473877,\n        \"f1-score\": 0.9782005548477173,\n        \"specificity\": 0.99760502576828\n    },\n    \"Lymphangiectasia\": {\n        \"precision\": 0.9828721880912781,\n        \"recall\": 0.9800315499305725,\n        \"f1-score\": 0.9814497828483582,\n        \"specificity\": 0.9980769753456116\n    },\n    \"Normal\": {\n        \"precision\": 0.9675218462944031,\n        \"recall\": 0.9651511311531067,\n        \"f1-score\": 0.9663349986076355,\n        \"specificity\": 0.9964932203292847\n    },\n    \"Polyp\": {\n        \"precision\": 0.9599476456642151,\n        \"recall\": 0.9632256627082825,\n        \"f1-score\": 0.9615838527679443,\n        \"specificity\": 0.9954733848571777\n    },\n    \"Ulcer\": {\n        \"precision\": 0.9978201389312744,\n        \"recall\": 0.9975483417510986,\n        \"f1-score\": 0.9976842403411865,\n        \"specificity\": 0.9997642636299133\n    },\n    \"Worms\": {\n        \"precision\": 0.9994755983352661,\n        \"recall\": 0.9992136359214783,\n        \"f1-score\": 0.9993445873260498,\n        \"specificity\": 0.999940812587738\n    },\n    \"macro avg\": {\n        \"precision\": 0.9694609642028809,\n        \"recall\": 0.96949702501297,\n        \"f1-score\": 0.9694692492485046,\n        \"specificity\": 0.9965980648994446\n    },\n    \"accuracy\": 0.9693939685821533,\n    \"auc_roc_scores\": {\n        \"Angioectasia\": 0.9994480013847351,\n        \"Bleeding\": 0.9996567368507385,\n        \"Erosion\": 0.9969272017478943,\n        \"Erythema\": 0.998871386051178,\n        \"Foreign Body\": 0.9995945692062378,\n        \"Lymphangiectasia\": 0.9998536705970764,\n        \"Normal\": 0.9986594319343567,\n        \"Polyp\": 0.9993671178817749,\n        \"Ulcer\": 0.9999973177909851,\n        \"Worms\": 0.999999463558197\n    },\n    \"mean_auc\": 0.9992375373840332,\n    \"average_precision_scores\": {\n        \"Angioectasia\": 0.9955196380615234,\n        \"Bleeding\": 0.9969505071640015,\n        \"Erosion\": 0.9781049489974976,\n        \"Erythema\": 0.9901394844055176,\n        \"Foreign Body\": 0.9979625940322876,\n        \"Lymphangiectasia\": 0.9987612366676331,\n        \"Normal\": 0.9931158423423767,\n        \"Polyp\": 0.9942560791969299,\n        \"Ulcer\": 0.9999748468399048,\n        \"Worms\": 0.9999954700469971\n    },\n    \"mean_average_precision\": 0.9944780468940735,\n    \"mean_f1_score\": 0.9694692492485046,\n    \"mean_specificity\": 0.9965980648994446,\n    \"mean_sensitivity\": 0.96949702501297,\n    \"balanced_accuracy\": 0.96949702501297\n}",
    "test_metrics": "{\n    \"Angioectasia\": {\n        \"precision\": 0.664536714553833,\n        \"recall\": 0.8370221257209778,\n        \"f1-score\": 0.7408726811408997,\n        \"specificity\": 0.9865685701370239\n    },\n    \"Bleeding\": {\n        \"precision\": 0.7422434091567993,\n        \"recall\": 0.8662952780723572,\n        \"f1-score\": 0.7994858622550964,\n        \"specificity\": 0.9931528568267822\n    },\n    \"Erosion\": {\n        \"precision\": 0.7097301483154297,\n        \"recall\": 0.7515151500701904,\n        \"f1-score\": 0.7300252318382263,\n        \"specificity\": 0.9762969613075256\n    },\n    \"Erythema\": {\n        \"precision\": 0.5857605338096619,\n        \"recall\": 0.6094276309013367,\n        \"f1-score\": 0.5973597168922424,\n        \"specificity\": 0.9919166564941406\n    },\n    \"Foreign Body\": {\n        \"precision\": 0.8215222954750061,\n        \"recall\": 0.9205882549285889,\n        \"f1-score\": 0.8682385683059692,\n        \"specificity\": 0.9956940412521362\n    },\n    \"Lymphangiectasia\": {\n        \"precision\": 0.8662790656089783,\n        \"recall\": 0.8688046932220459,\n        \"f1-score\": 0.8675400018692017,\n        \"specificity\": 0.9970865845680237\n    },\n    \"Normal\": {\n        \"precision\": 0.9912909865379333,\n        \"recall\": 0.9449011087417603,\n        \"f1-score\": 0.9675403237342834,\n        \"specificity\": 0.9734720587730408\n    },\n    \"Polyp\": {\n        \"precision\": 0.5680555701255798,\n        \"recall\": 0.8180000185966492,\n        \"f1-score\": 0.6704918146133423,\n        \"specificity\": 0.980104923248291\n    },\n    \"Ulcer\": {\n        \"precision\": 0.8742138147354126,\n        \"recall\": 0.9720279574394226,\n        \"f1-score\": 0.9205297827720642,\n        \"specificity\": 0.9974756836891174\n    },\n    \"Worms\": {\n        \"precision\": 0.8374999761581421,\n        \"recall\": 0.9852941036224365,\n        \"f1-score\": 0.9054054021835327,\n        \"specificity\": 0.9991907477378845\n    },\n    \"macro avg\": {\n        \"precision\": 0.76611328125,\n        \"recall\": 0.8573876619338989,\n        \"f1-score\": 0.8067489862442017,\n        \"specificity\": 0.9890958666801453\n    },\n    \"accuracy\": 0.9143937230110168,\n    \"auc_roc_scores\": {\n        \"Angioectasia\": 0.9778653979301453,\n        \"Bleeding\": 0.9844879508018494,\n        \"Erosion\": 0.9599481821060181,\n        \"Erythema\": 0.9722491502761841,\n        \"Foreign Body\": 0.9897464513778687,\n        \"Lymphangiectasia\": 0.9887688159942627,\n        \"Normal\": 0.9930769205093384,\n        \"Polyp\": 0.9805793762207031,\n        \"Ulcer\": 0.9987671375274658,\n        \"Worms\": 0.9999789595603943\n    },\n    \"mean_auc\": 0.9845468401908875,\n    \"average_precision_scores\": {\n        \"Angioectasia\": 0.8544836044311523,\n        \"Bleeding\": 0.8861051797866821,\n        \"Erosion\": 0.7855101823806763,\n        \"Erythema\": 0.6242245435714722,\n        \"Foreign Body\": 0.9408162236213684,\n        \"Lymphangiectasia\": 0.9179033637046814,\n        \"Normal\": 0.9978580474853516,\n        \"Polyp\": 0.7592107057571411,\n        \"Ulcer\": 0.9839267730712891,\n        \"Worms\": 0.9957600235939026\n    },\n    \"mean_average_precision\": 0.874579906463623,\n    \"mean_f1_score\": 0.8067489862442017,\n    \"mean_specificity\": 0.9890958666801453,\n    \"mean_sensitivity\": 0.8573876619338989,\n    \"balanced_accuracy\": 0.8573876619338989\n}"
}