{
    "epoch": 5,
    "train_metrics": "{\n    \"Angioectasia\": {\n        \"precision\": 0.9507494568824768,\n        \"recall\": 0.9484646320343018,\n        \"f1-score\": 0.9496056437492371,\n        \"specificity\": 0.9945662021636963\n    },\n    \"Bleeding\": {\n        \"precision\": 0.9522293210029602,\n        \"recall\": 0.9619302749633789,\n        \"f1-score\": 0.9570552110671997,\n        \"specificity\": 0.9946866631507874\n    },\n    \"Erosion\": {\n        \"precision\": 0.8762999176979065,\n        \"recall\": 0.8644708395004272,\n        \"f1-score\": 0.8703451752662659,\n        \"specificity\": 0.9866678714752197\n    },\n    \"Erythema\": {\n        \"precision\": 0.9156842827796936,\n        \"recall\": 0.9244502186775208,\n        \"f1-score\": 0.920046329498291,\n        \"specificity\": 0.990249514579773\n    },\n    \"Foreign Body\": {\n        \"precision\": 0.9678362607955933,\n        \"recall\": 0.9693823456764221,\n        \"f1-score\": 0.9686086773872375,\n        \"specificity\": 0.9964255094528198\n    },\n    \"Lymphangiectasia\": {\n        \"precision\": 0.9722373485565186,\n        \"recall\": 0.9682840704917908,\n        \"f1-score\": 0.9702566862106323,\n        \"specificity\": 0.9969927668571472\n    },\n    \"Normal\": {\n        \"precision\": 0.9453669190406799,\n        \"recall\": 0.9380813241004944,\n        \"f1-score\": 0.9417099952697754,\n        \"specificity\": 0.9939723610877991\n    },\n    \"Polyp\": {\n        \"precision\": 0.9365495443344116,\n        \"recall\": 0.941734790802002,\n        \"f1-score\": 0.9391350150108337,\n        \"specificity\": 0.9928432106971741\n    },\n    \"Ulcer\": {\n        \"precision\": 0.9938486218452454,\n        \"recall\": 0.994380533695221,\n        \"f1-score\": 0.9941145181655884,\n        \"specificity\": 0.999320924282074\n    },\n    \"Worms\": {\n        \"precision\": 0.9971234202384949,\n        \"recall\": 0.9968627691268921,\n        \"f1-score\": 0.9969930648803711,\n        \"specificity\": 0.999674379825592\n    },\n    \"macro avg\": {\n        \"precision\": 0.9507924914360046,\n        \"recall\": 0.9508041739463806,\n        \"f1-score\": 0.9507870674133301,\n        \"specificity\": 0.9945399165153503\n    },\n    \"accuracy\": 0.9508602023124695,\n    \"auc_roc_scores\": {\n        \"Angioectasia\": 0.998326301574707,\n        \"Bleeding\": 0.999147891998291,\n        \"Erosion\": 0.9913933277130127,\n        \"Erythema\": 0.9969403743743896,\n        \"Foreign Body\": 0.9993342161178589,\n        \"Lymphangiectasia\": 0.999496340751648,\n        \"Normal\": 0.9967365264892578,\n        \"Polyp\": 0.9979963302612305,\n        \"Ulcer\": 0.9999510645866394,\n        \"Worms\": 0.9999948740005493\n    },\n    \"mean_auc\": 0.9979317784309387,\n    \"average_precision_scores\": {\n        \"Angioectasia\": 0.9890222549438477,\n        \"Bleeding\": 0.9926524758338928,\n        \"Erosion\": 0.944304883480072,\n        \"Erythema\": 0.9747735857963562,\n        \"Foreign Body\": 0.9958465099334717,\n        \"Lymphangiectasia\": 0.9958968162536621,\n        \"Normal\": 0.9818645715713501,\n        \"Polyp\": 0.9847928285598755,\n        \"Ulcer\": 0.9994637370109558,\n        \"Worms\": 0.9999550580978394\n    },\n    \"mean_average_precision\": 0.9858573079109192,\n    \"mean_f1_score\": 0.9507870674133301,\n    \"mean_specificity\": 0.9945399165153503,\n    \"mean_sensitivity\": 0.9508041739463806,\n    \"balanced_accuracy\": 0.9508041739463806\n}",
    "test_metrics": "{\n    \"Angioectasia\": {\n        \"precision\": 0.8477751612663269,\n        \"recall\": 0.7283702492713928,\n        \"f1-score\": 0.7835497856140137,\n        \"specificity\": 0.9958426356315613\n    },\n    \"Bleeding\": {\n        \"precision\": 0.8194842338562012,\n        \"recall\": 0.796657383441925,\n        \"f1-score\": 0.8079096078872681,\n        \"specificity\": 0.9960058331489563\n    },\n    \"Erosion\": {\n        \"precision\": 0.5960264801979065,\n        \"recall\": 0.7792207598686218,\n        \"f1-score\": 0.6754221320152283,\n        \"specificity\": 0.9592708945274353\n    },\n    \"Erythema\": {\n        \"precision\": 0.46252676844596863,\n        \"recall\": 0.7272727489471436,\n        \"f1-score\": 0.5654450058937073,\n        \"specificity\": 0.9841490387916565\n    },\n    \"Foreign Body\": {\n        \"precision\": 0.6842105388641357,\n        \"recall\": 0.9176470637321472,\n        \"f1-score\": 0.7839195728302002,\n        \"specificity\": 0.9908814430236816\n    },\n    \"Lymphangiectasia\": {\n        \"precision\": 0.781333327293396,\n        \"recall\": 0.8542274236679077,\n        \"f1-score\": 0.8161559700965881,\n        \"specificity\": 0.9948065280914307\n    },\n    \"Normal\": {\n        \"precision\": 0.9900130033493042,\n        \"recall\": 0.9278098940849304,\n        \"f1-score\": 0.9579026699066162,\n        \"specificity\": 0.9700910449028015\n    },\n    \"Polyp\": {\n        \"precision\": 0.5652892589569092,\n        \"recall\": 0.6840000152587891,\n        \"f1-score\": 0.6190045475959778,\n        \"specificity\": 0.98317551612854\n    },\n    \"Ulcer\": {\n        \"precision\": 0.7953890562057495,\n        \"recall\": 0.9650349617004395,\n        \"f1-score\": 0.8720378875732422,\n        \"specificity\": 0.9955193996429443\n    },\n    \"Worms\": {\n        \"precision\": 0.8271604776382446,\n        \"recall\": 0.9852941036224365,\n        \"f1-score\": 0.899328887462616,\n        \"specificity\": 0.9991284608840942\n    },\n    \"macro avg\": {\n        \"precision\": 0.7369208335876465,\n        \"recall\": 0.8365535140037537,\n        \"f1-score\": 0.7780675888061523,\n        \"specificity\": 0.9868870973587036\n    },\n    \"accuracy\": 0.8959831595420837,\n    \"auc_roc_scores\": {\n        \"Angioectasia\": 0.978042721748352,\n        \"Bleeding\": 0.9888566136360168,\n        \"Erosion\": 0.9618442058563232,\n        \"Erythema\": 0.9790452718734741,\n        \"Foreign Body\": 0.9890691041946411,\n        \"Lymphangiectasia\": 0.9908023476600647,\n        \"Normal\": 0.9910849332809448,\n        \"Polyp\": 0.9738237857818604,\n        \"Ulcer\": 0.9981281757354736,\n        \"Worms\": 0.9999624490737915\n    },\n    \"mean_auc\": 0.9850660562515259,\n    \"average_precision_scores\": {\n        \"Angioectasia\": 0.8496156930923462,\n        \"Bleeding\": 0.8899478912353516,\n        \"Erosion\": 0.7626022696495056,\n        \"Erythema\": 0.6522831320762634,\n        \"Foreign Body\": 0.9200906753540039,\n        \"Lymphangiectasia\": 0.8992197513580322,\n        \"Normal\": 0.9972265958786011,\n        \"Polyp\": 0.6940919756889343,\n        \"Ulcer\": 0.9670747518539429,\n        \"Worms\": 0.9935059547424316\n    },\n    \"mean_average_precision\": 0.8625659346580505,\n    \"mean_f1_score\": 0.7780675888061523,\n    \"mean_specificity\": 0.9868870973587036,\n    \"mean_sensitivity\": 0.8365535140037537,\n    \"balanced_accuracy\": 0.8365535140037537\n}"
}