{
    "epoch": 11,
    "train_metrics": "{\n    \"Angioectasia\": {\n        \"precision\": 0.9724818468093872,\n        \"recall\": 0.9724818468093872,\n        \"f1-score\": 0.9724818468093872,\n        \"specificity\": 0.9968597292900085\n    },\n    \"Bleeding\": {\n        \"precision\": 0.9683877825737,\n        \"recall\": 0.9737748503684998,\n        \"f1-score\": 0.9710738062858582,\n        \"specificity\": 0.996453046798706\n    },\n    \"Erosion\": {\n        \"precision\": 0.9356110095977783,\n        \"recall\": 0.9189468026161194,\n        \"f1-score\": 0.9272040724754333,\n        \"specificity\": 0.9927370548248291\n    },\n    \"Erythema\": {\n        \"precision\": 0.9478774666786194,\n        \"recall\": 0.9597388505935669,\n        \"f1-score\": 0.9537712931632996,\n        \"specificity\": 0.9942825436592102\n    },\n    \"Foreign Body\": {\n        \"precision\": 0.9762684106826782,\n        \"recall\": 0.9778688549995422,\n        \"f1-score\": 0.9770679473876953,\n        \"specificity\": 0.9974371790885925\n    },\n    \"Lymphangiectasia\": {\n        \"precision\": 0.9826063513755798,\n        \"recall\": 0.9812934398651123,\n        \"f1-score\": 0.9819494485855103,\n        \"specificity\": 0.9980806112289429\n    },\n    \"Normal\": {\n        \"precision\": 0.974663496017456,\n        \"recall\": 0.9698004126548767,\n        \"f1-score\": 0.9722259044647217,\n        \"specificity\": 0.9971596598625183\n    },\n    \"Polyp\": {\n        \"precision\": 0.9609498977661133,\n        \"recall\": 0.9650238752365112,\n        \"f1-score\": 0.9629825353622437,\n        \"specificity\": 0.9956255555152893\n    },\n    \"Ulcer\": {\n        \"precision\": 0.9968253970146179,\n        \"recall\": 0.9981456995010376,\n        \"f1-score\": 0.9974851012229919,\n        \"specificity\": 0.9996452927589417\n    },\n    \"Worms\": {\n        \"precision\": 0.9991825819015503,\n        \"recall\": 0.9989103674888611,\n        \"f1-score\": 0.9990464448928833,\n        \"specificity\": 0.9999116063117981\n    },\n    \"macro avg\": {\n        \"precision\": 0.971485435962677,\n        \"recall\": 0.9715985655784607,\n        \"f1-score\": 0.9715288281440735,\n        \"specificity\": 0.9968191981315613\n    },\n    \"accuracy\": 0.9713882803916931,\n    \"auc_roc_scores\": {\n        \"Angioectasia\": 0.9997068643569946,\n        \"Bleeding\": 0.999664306640625,\n        \"Erosion\": 0.9975224733352661,\n        \"Erythema\": 0.9991850256919861,\n        \"Foreign Body\": 0.9998107552528381,\n        \"Lymphangiectasia\": 0.9998757839202881,\n        \"Normal\": 0.9993559122085571,\n        \"Polyp\": 0.9995319843292236,\n        \"Ulcer\": 0.9999343752861023,\n        \"Worms\": 0.9999992847442627\n    },\n    \"mean_auc\": 0.9994587302207947,\n    \"average_precision_scores\": {\n        \"Angioectasia\": 0.9974639415740967,\n        \"Bleeding\": 0.9973146319389343,\n        \"Erosion\": 0.9819263815879822,\n        \"Erythema\": 0.9923487901687622,\n        \"Foreign Body\": 0.9983903169631958,\n        \"Lymphangiectasia\": 0.9989179372787476,\n        \"Normal\": 0.9956459999084473,\n        \"Polyp\": 0.9959607124328613,\n        \"Ulcer\": 0.999780535697937,\n        \"Worms\": 0.9999933242797852\n    },\n    \"mean_average_precision\": 0.9957742691040039,\n    \"mean_f1_score\": 0.9715288281440735,\n    \"mean_specificity\": 0.9968191981315613,\n    \"mean_sensitivity\": 0.9715985655784607,\n    \"balanced_accuracy\": 0.9715985655784607\n}",
    "test_metrics": "{\n    \"Angioectasia\": {\n        \"precision\": 0.8238866329193115,\n        \"recall\": 0.818913459777832,\n        \"f1-score\": 0.8213925361633301,\n        \"specificity\": 0.9944355487823486\n    },\n    \"Bleeding\": {\n        \"precision\": 0.800000011920929,\n        \"recall\": 0.8579387068748474,\n        \"f1-score\": 0.8279569745063782,\n        \"specificity\": 0.995118260383606\n    },\n    \"Erosion\": {\n        \"precision\": 0.7275693416595459,\n        \"recall\": 0.7722943425178528,\n        \"f1-score\": 0.7492650151252747,\n        \"specificity\": 0.9776991605758667\n    },\n    \"Erythema\": {\n        \"precision\": 0.5866261124610901,\n        \"recall\": 0.6498316526412964,\n        \"f1-score\": 0.6166134476661682,\n        \"specificity\": 0.9914114475250244\n    },\n    \"Foreign Body\": {\n        \"precision\": 0.8472222089767456,\n        \"recall\": 0.8970588445663452,\n        \"f1-score\": 0.8714285492897034,\n        \"specificity\": 0.9965172410011292\n    },\n    \"Lymphangiectasia\": {\n        \"precision\": 0.9028213024139404,\n        \"recall\": 0.8396501541137695,\n        \"f1-score\": 0.870090663433075,\n        \"specificity\": 0.9980366230010986\n    },\n    \"Normal\": {\n        \"precision\": 0.9820988774299622,\n        \"recall\": 0.9733865261077881,\n        \"f1-score\": 0.9777233004570007,\n        \"specificity\": 0.9433029890060425\n    },\n    \"Polyp\": {\n        \"precision\": 0.7246963381767273,\n        \"recall\": 0.7160000205039978,\n        \"f1-score\": 0.7203219532966614,\n        \"specificity\": 0.9912999272346497\n    },\n    \"Ulcer\": {\n        \"precision\": 0.9750000238418579,\n        \"recall\": 0.9545454382896423,\n        \"f1-score\": 0.9646643400192261,\n        \"specificity\": 0.9995582699775696\n    },\n    \"Worms\": {\n        \"precision\": 1.0,\n        \"recall\": 0.9852941036224365,\n        \"f1-score\": 0.9925925731658936,\n        \"specificity\": 1.0\n    },\n    \"macro avg\": {\n        \"precision\": 0.836992084980011,\n        \"recall\": 0.8464913368225098,\n        \"f1-score\": 0.8412049412727356,\n        \"specificity\": 0.9887378811836243\n    },\n    \"accuracy\": 0.932990312576294,\n    \"auc_roc_scores\": {\n        \"Angioectasia\": 0.9853558540344238,\n        \"Bleeding\": 0.9897100925445557,\n        \"Erosion\": 0.9734393358230591,\n        \"Erythema\": 0.977864146232605,\n        \"Foreign Body\": 0.9897483587265015,\n        \"Lymphangiectasia\": 0.9913382530212402,\n        \"Normal\": 0.9935473203659058,\n        \"Polyp\": 0.9806504249572754,\n        \"Ulcer\": 0.9995582103729248,\n        \"Worms\": 0.9999871850013733\n    },\n    \"mean_auc\": 0.988119900226593,\n    \"average_precision_scores\": {\n        \"Angioectasia\": 0.8850941061973572,\n        \"Bleeding\": 0.9074673056602478,\n        \"Erosion\": 0.8167558908462524,\n        \"Erythema\": 0.6553348898887634,\n        \"Foreign Body\": 0.9421151876449585,\n        \"Lymphangiectasia\": 0.9178763031959534,\n        \"Normal\": 0.9979302883148193,\n        \"Polyp\": 0.7695715427398682,\n        \"Ulcer\": 0.9899713397026062,\n        \"Worms\": 0.9974892139434814\n    },\n    \"mean_average_precision\": 0.8879606127738953,\n    \"mean_f1_score\": 0.8412049412727356,\n    \"mean_specificity\": 0.9887378811836243,\n    \"mean_sensitivity\": 0.8464913368225098,\n    \"balanced_accuracy\": 0.8464913368225098\n}"
}