{
    "epoch": 2,
    "train_metrics": "{\n    \"Angioectasia\": {\n        \"precision\": 0.910556435585022,\n        \"recall\": 0.889735758304596,\n        \"f1-score\": 0.9000257253646851,\n        \"specificity\": 0.9897834658622742\n    },\n    \"Bleeding\": {\n        \"precision\": 0.9256445169448853,\n        \"recall\": 0.9286686778068542,\n        \"f1-score\": 0.9271541237831116,\n        \"specificity\": 0.9919254779815674\n    },\n    \"Erosion\": {\n        \"precision\": 0.7612588405609131,\n        \"recall\": 0.7581734657287598,\n        \"f1-score\": 0.7597129940986633,\n        \"specificity\": 0.9740458726882935\n    },\n    \"Erythema\": {\n        \"precision\": 0.836776852607727,\n        \"recall\": 0.8503937125205994,\n        \"f1-score\": 0.8435303568840027,\n        \"specificity\": 0.9813001155853271\n    },\n    \"Foreign Body\": {\n        \"precision\": 0.9547169804573059,\n        \"recall\": 0.9503622055053711,\n        \"f1-score\": 0.9525346159934998,\n        \"specificity\": 0.9950413107872009\n    },\n    \"Lymphangiectasia\": {\n        \"precision\": 0.9572016596794128,\n        \"recall\": 0.9483555555343628,\n        \"f1-score\": 0.9527580738067627,\n        \"specificity\": 0.9954020380973816\n    },\n    \"Normal\": {\n        \"precision\": 0.9006903767585754,\n        \"recall\": 0.8966428637504578,\n        \"f1-score\": 0.8986620903015137,\n        \"specificity\": 0.9889427423477173\n    },\n    \"Polyp\": {\n        \"precision\": 0.8627501726150513,\n        \"recall\": 0.8864850401878357,\n        \"f1-score\": 0.8744565844535828,\n        \"specificity\": 0.9844077825546265\n    },\n    \"Ulcer\": {\n        \"precision\": 0.9898936152458191,\n        \"recall\": 0.9875298738479614,\n        \"f1-score\": 0.988710343837738,\n        \"specificity\": 0.9988769888877869\n    },\n    \"Worms\": {\n        \"precision\": 0.9939314126968384,\n        \"recall\": 0.9952443838119507,\n        \"f1-score\": 0.9945874810218811,\n        \"specificity\": 0.9993199706077576\n    },\n    \"macro avg\": {\n        \"precision\": 0.9093421101570129,\n        \"recall\": 0.9091591835021973,\n        \"f1-score\": 0.9092132449150085,\n        \"specificity\": 0.9899045825004578\n    },\n    \"accuracy\": 0.9091392755508423,\n    \"auc_roc_scores\": {\n        \"Angioectasia\": 0.9920915961265564,\n        \"Bleeding\": 0.9968912601470947,\n        \"Erosion\": 0.9725512266159058,\n        \"Erythema\": 0.9890135526657104,\n        \"Foreign Body\": 0.9984859228134155,\n        \"Lymphangiectasia\": 0.9979602098464966,\n        \"Normal\": 0.992475688457489,\n        \"Polyp\": 0.9923499822616577,\n        \"Ulcer\": 0.9997636079788208,\n        \"Worms\": 0.9999857544898987\n    },\n    \"mean_auc\": 0.9931568503379822,\n    \"average_precision_scores\": {\n        \"Angioectasia\": 0.9609694480895996,\n        \"Bleeding\": 0.9781602621078491,\n        \"Erosion\": 0.8387063145637512,\n        \"Erythema\": 0.9125242829322815,\n        \"Foreign Body\": 0.9894230365753174,\n        \"Lymphangiectasia\": 0.9878421425819397,\n        \"Normal\": 0.9588159322738647,\n        \"Polyp\": 0.9440944194793701,\n        \"Ulcer\": 0.9987502098083496,\n        \"Worms\": 0.9998712539672852\n    },\n    \"mean_average_precision\": 0.9569157958030701,\n    \"mean_f1_score\": 0.9092132449150085,\n    \"mean_specificity\": 0.9899045825004578,\n    \"mean_sensitivity\": 0.9091591835021973,\n    \"balanced_accuracy\": 0.9091591835021973\n}",
    "test_metrics": "{\n    \"Angioectasia\": {\n        \"precision\": 0.6427457332611084,\n        \"recall\": 0.8289738297462463,\n        \"f1-score\": 0.7240773439407349,\n        \"specificity\": 0.9853533506393433\n    },\n    \"Bleeding\": {\n        \"precision\": 0.5821678042411804,\n        \"recall\": 0.9275766015052795,\n        \"f1-score\": 0.7153598070144653,\n        \"specificity\": 0.9848475456237793\n    },\n    \"Erosion\": {\n        \"precision\": 0.5820679664611816,\n        \"recall\": 0.6969696879386902,\n        \"f1-score\": 0.634357750415802,\n        \"specificity\": 0.961407482624054\n    },\n    \"Erythema\": {\n        \"precision\": 0.4766584634780884,\n        \"recall\": 0.6531986594200134,\n        \"f1-score\": 0.5511363744735718,\n        \"specificity\": 0.9865487813949585\n    },\n    \"Foreign Body\": {\n        \"precision\": 0.6997690796852112,\n        \"recall\": 0.8911764621734619,\n        \"f1-score\": 0.7839586138725281,\n        \"specificity\": 0.9917680025100708\n    },\n    \"Lymphangiectasia\": {\n        \"precision\": 0.6741573214530945,\n        \"recall\": 0.8746355772018433,\n        \"f1-score\": 0.7614213228225708,\n        \"specificity\": 0.9908164143562317\n    },\n    \"Normal\": {\n        \"precision\": 0.9959662556648254,\n        \"recall\": 0.8841865658760071,\n        \"f1-score\": 0.9367536306381226,\n        \"specificity\": 0.9885565638542175\n    },\n    \"Polyp\": {\n        \"precision\": 0.4498886466026306,\n        \"recall\": 0.8080000281333923,\n        \"f1-score\": 0.5779685378074646,\n        \"specificity\": 0.9683981537818909\n    },\n    \"Ulcer\": {\n        \"precision\": 0.8132184147834778,\n        \"recall\": 0.9895104765892029,\n        \"f1-score\": 0.8927444815635681,\n        \"specificity\": 0.9958980083465576\n    },\n    \"Worms\": {\n        \"precision\": 0.7010309100151062,\n        \"recall\": 1.0,\n        \"f1-score\": 0.8242424130439758,\n        \"specificity\": 0.998194694519043\n    },\n    \"macro avg\": {\n        \"precision\": 0.6617670655250549,\n        \"recall\": 0.8554227948188782,\n        \"f1-score\": 0.740202009677887,\n        \"specificity\": 0.9851788878440857\n    },\n    \"accuracy\": 0.865732729434967,\n    \"auc_roc_scores\": {\n        \"Angioectasia\": 0.9770717620849609,\n        \"Bleeding\": 0.9910601377487183,\n        \"Erosion\": 0.9495887160301208,\n        \"Erythema\": 0.9772211313247681,\n        \"Foreign Body\": 0.986590564250946,\n        \"Lymphangiectasia\": 0.9884378910064697,\n        \"Normal\": 0.9892911911010742,\n        \"Polyp\": 0.974777102470398,\n        \"Ulcer\": 0.9996365904808044,\n        \"Worms\": 0.9999752640724182\n    },\n    \"mean_auc\": 0.9833650588989258,\n    \"average_precision_scores\": {\n        \"Angioectasia\": 0.8453513383865356,\n        \"Bleeding\": 0.8907677531242371,\n        \"Erosion\": 0.7257709503173828,\n        \"Erythema\": 0.6205711960792542,\n        \"Foreign Body\": 0.9068250060081482,\n        \"Lymphangiectasia\": 0.8854374885559082,\n        \"Normal\": 0.9965970516204834,\n        \"Polyp\": 0.6788252592086792,\n        \"Ulcer\": 0.9816169738769531,\n        \"Worms\": 0.9947508573532104\n    },\n    \"mean_average_precision\": 0.8526514172554016,\n    \"mean_f1_score\": 0.740202009677887,\n    \"mean_specificity\": 0.9851788878440857,\n    \"mean_sensitivity\": 0.8554227948188782,\n    \"balanced_accuracy\": 0.8554227948188782\n}"
}