{
    "epoch": 1,
    "train_metrics": "{\n    \"Angioectasia\": {\n        \"precision\": 0.8145809173583984,\n        \"recall\": 0.7582153081893921,\n        \"f1-score\": 0.7853881120681763,\n        \"specificity\": 0.9809237122535706\n    },\n    \"Bleeding\": {\n        \"precision\": 0.8618876338005066,\n        \"recall\": 0.8413942456245422,\n        \"f1-score\": 0.8515176177024841,\n        \"specificity\": 0.985282838344574\n    },\n    \"Erosion\": {\n        \"precision\": 0.5575742125511169,\n        \"recall\": 0.5818424820899963,\n        \"f1-score\": 0.5694499015808105,\n        \"specificity\": 0.9489398002624512\n    },\n    \"Erythema\": {\n        \"precision\": 0.6210081577301025,\n        \"recall\": 0.6388813257217407,\n        \"f1-score\": 0.6298179626464844,\n        \"specificity\": 0.9576700925827026\n    },\n    \"Foreign Body\": {\n        \"precision\": 0.8897702693939209,\n        \"recall\": 0.8587645292282104,\n        \"f1-score\": 0.8739925026893616,\n        \"specificity\": 0.9880836009979248\n    },\n    \"Lymphangiectasia\": {\n        \"precision\": 0.8820960521697998,\n        \"recall\": 0.8482939600944519,\n        \"f1-score\": 0.8648648858070374,\n        \"specificity\": 0.9872177839279175\n    },\n    \"Normal\": {\n        \"precision\": 0.8048032522201538,\n        \"recall\": 0.8056265711784363,\n        \"f1-score\": 0.8052147030830383,\n        \"specificity\": 0.9773273468017578\n    },\n    \"Polyp\": {\n        \"precision\": 0.681884765625,\n        \"recall\": 0.7414388060569763,\n        \"f1-score\": 0.7104158997535706,\n        \"specificity\": 0.9614952802658081\n    },\n    \"Ulcer\": {\n        \"precision\": 0.9313935041427612,\n        \"recall\": 0.9368957877159119,\n        \"f1-score\": 0.9341365694999695,\n        \"specificity\": 0.9924150705337524\n    },\n    \"Worms\": {\n        \"precision\": 0.9673534631729126,\n        \"recall\": 0.9676124453544617,\n        \"f1-score\": 0.9674829244613647,\n        \"specificity\": 0.9963980913162231\n    },\n    \"macro avg\": {\n        \"precision\": 0.8012351989746094,\n        \"recall\": 0.7978965640068054,\n        \"f1-score\": 0.7992281317710876,\n        \"specificity\": 0.9775753021240234\n    },\n    \"accuracy\": 0.7981492877006531,\n    \"auc_roc_scores\": {\n        \"Angioectasia\": 0.9698865413665771,\n        \"Bleeding\": 0.986595630645752,\n        \"Erosion\": 0.9210807085037231,\n        \"Erythema\": 0.9513116478919983,\n        \"Foreign Body\": 0.9882599115371704,\n        \"Lymphangiectasia\": 0.9861522316932678,\n        \"Normal\": 0.9746713638305664,\n        \"Polyp\": 0.9683384299278259,\n        \"Ulcer\": 0.9968178868293762,\n        \"Worms\": 0.9992855787277222\n    },\n    \"mean_auc\": 0.9742400050163269,\n    \"average_precision_scores\": {\n        \"Angioectasia\": 0.8701828718185425,\n        \"Bleeding\": 0.9266046285629272,\n        \"Erosion\": 0.6401801109313965,\n        \"Erythema\": 0.7140119075775146,\n        \"Foreign Body\": 0.9425196647644043,\n        \"Lymphangiectasia\": 0.9373762011528015,\n        \"Normal\": 0.8810534477233887,\n        \"Polyp\": 0.8003761768341064,\n        \"Ulcer\": 0.9816840291023254,\n        \"Worms\": 0.9948691129684448\n    },\n    \"mean_average_precision\": 0.8688858151435852,\n    \"mean_f1_score\": 0.7992281317710876,\n    \"mean_specificity\": 0.9775753021240234,\n    \"mean_sensitivity\": 0.7978965640068054,\n    \"balanced_accuracy\": 0.7978965640068054\n}",
    "test_metrics": "{\n    \"Angioectasia\": {\n        \"precision\": 0.4339999854564667,\n        \"recall\": 0.8732394576072693,\n        \"f1-score\": 0.579826295375824,\n        \"specificity\": 0.9637991786003113\n    },\n    \"Bleeding\": {\n        \"precision\": 0.6708333492279053,\n        \"recall\": 0.8969359397888184,\n        \"f1-score\": 0.7675804495811462,\n        \"specificity\": 0.9899829030036926\n    },\n    \"Erosion\": {\n        \"precision\": 0.5186539888381958,\n        \"recall\": 0.6138527989387512,\n        \"f1-score\": 0.5622521638870239,\n        \"specificity\": 0.9560659527778625\n    },\n    \"Erythema\": {\n        \"precision\": 0.3318648934364319,\n        \"recall\": 0.7609427571296692,\n        \"f1-score\": 0.4621676802635193,\n        \"specificity\": 0.9712662100791931\n    },\n    \"Foreign Body\": {\n        \"precision\": 0.7177033424377441,\n        \"recall\": 0.8823529481887817,\n        \"f1-score\": 0.791556715965271,\n        \"specificity\": 0.9925278425216675\n    },\n    \"Lymphangiectasia\": {\n        \"precision\": 0.4984177350997925,\n        \"recall\": 0.918367326259613,\n        \"f1-score\": 0.6461538672447205,\n        \"specificity\": 0.9799227118492126\n    },\n    \"Normal\": {\n        \"precision\": 0.9934788942337036,\n        \"recall\": 0.8555383682250977,\n        \"f1-score\": 0.9193633198738098,\n        \"specificity\": 0.982054591178894\n    },\n    \"Polyp\": {\n        \"precision\": 0.6036217212677002,\n        \"recall\": 0.6000000238418579,\n        \"f1-score\": 0.6018053889274597,\n        \"specificity\": 0.9873976707458496\n    },\n    \"Ulcer\": {\n        \"precision\": 0.6992287635803223,\n        \"recall\": 0.9510489702224731,\n        \"f1-score\": 0.8059259057044983,\n        \"specificity\": 0.9926164150238037\n    },\n    \"Worms\": {\n        \"precision\": 0.7586206793785095,\n        \"recall\": 0.970588207244873,\n        \"f1-score\": 0.85161292552948,\n        \"specificity\": 0.9986927509307861\n    },\n    \"macro avg\": {\n        \"precision\": 0.6226423382759094,\n        \"recall\": 0.8322866559028625,\n        \"f1-score\": 0.6988245248794556,\n        \"specificity\": 0.9814325571060181\n    },\n    \"accuracy\": 0.8341185450553894,\n    \"auc_roc_scores\": {\n        \"Angioectasia\": 0.9697161912918091,\n        \"Bleeding\": 0.988257646560669,\n        \"Erosion\": 0.9348255395889282,\n        \"Erythema\": 0.9746862649917603,\n        \"Foreign Body\": 0.9895350933074951,\n        \"Lymphangiectasia\": 0.9872686862945557,\n        \"Normal\": 0.9840788841247559,\n        \"Polyp\": 0.975711464881897,\n        \"Ulcer\": 0.9946797490119934,\n        \"Worms\": 0.9998635649681091\n    },\n    \"mean_auc\": 0.9798623323440552,\n    \"average_precision_scores\": {\n        \"Angioectasia\": 0.8219873905181885,\n        \"Bleeding\": 0.9014239311218262,\n        \"Erosion\": 0.6292018890380859,\n        \"Erythema\": 0.5266605615615845,\n        \"Foreign Body\": 0.9103432893753052,\n        \"Lymphangiectasia\": 0.8923429250717163,\n        \"Normal\": 0.9948915243148804,\n        \"Polyp\": 0.6688375473022461,\n        \"Ulcer\": 0.9359504580497742,\n        \"Worms\": 0.9773590564727783\n    },\n    \"mean_average_precision\": 0.8258998990058899,\n    \"mean_f1_score\": 0.6988245248794556,\n    \"mean_specificity\": 0.9814325571060181,\n    \"mean_sensitivity\": 0.8322866559028625,\n    \"balanced_accuracy\": 0.8322866559028625\n}"
}