{
    "epoch": 4,
    "train_metrics": "{\n    \"Angioectasia\": {\n        \"precision\": 0.941114068031311,\n        \"recall\": 0.9373844265937805,\n        \"f1-score\": 0.9392455220222473,\n        \"specificity\": 0.9934362173080444\n    },\n    \"Bleeding\": {\n        \"precision\": 0.9481596946716309,\n        \"recall\": 0.9555903673171997,\n        \"f1-score\": 0.9518605470657349,\n        \"specificity\": 0.9940791726112366\n    },\n    \"Erosion\": {\n        \"precision\": 0.8632547855377197,\n        \"recall\": 0.8537760972976685,\n        \"f1-score\": 0.8584892749786377,\n        \"specificity\": 0.9850913882255554\n    },\n    \"Erythema\": {\n        \"precision\": 0.9054516553878784,\n        \"recall\": 0.912420392036438,\n        \"f1-score\": 0.9089226722717285,\n        \"specificity\": 0.9893909096717834\n    },\n    \"Foreign Body\": {\n        \"precision\": 0.9645001292228699,\n        \"recall\": 0.9647519588470459,\n        \"f1-score\": 0.9646260142326355,\n        \"specificity\": 0.9959735870361328\n    },\n    \"Lymphangiectasia\": {\n        \"precision\": 0.9671034812927246,\n        \"recall\": 0.9665864706039429,\n        \"f1-score\": 0.966844916343689,\n        \"specificity\": 0.9963680505752563\n    },\n    \"Normal\": {\n        \"precision\": 0.9389978051185608,\n        \"recall\": 0.926881730556488,\n        \"f1-score\": 0.9329004287719727,\n        \"specificity\": 0.9933897852897644\n    },\n    \"Polyp\": {\n        \"precision\": 0.9180859923362732,\n        \"recall\": 0.9286300539970398,\n        \"f1-score\": 0.9233279228210449,\n        \"specificity\": 0.9910750985145569\n    },\n    \"Ulcer\": {\n        \"precision\": 0.9935362339019775,\n        \"recall\": 0.994875967502594,\n        \"f1-score\": 0.99420565366745,\n        \"specificity\": 0.9992920160293579\n    },\n    \"Worms\": {\n        \"precision\": 0.9986962080001831,\n        \"recall\": 0.9984358549118042,\n        \"f1-score\": 0.9985660314559937,\n        \"specificity\": 0.9998519420623779\n    },\n    \"macro avg\": {\n        \"precision\": 0.9438900351524353,\n        \"recall\": 0.9439333081245422,\n        \"f1-score\": 0.9438989758491516,\n        \"specificity\": 0.993794858455658\n    },\n    \"accuracy\": 0.9441327452659607,\n    \"auc_roc_scores\": {\n        \"Angioectasia\": 0.9976459741592407,\n        \"Bleeding\": 0.9988415837287903,\n        \"Erosion\": 0.989030122756958,\n        \"Erythema\": 0.9959672093391418,\n        \"Foreign Body\": 0.9991313815116882,\n        \"Lymphangiectasia\": 0.9993451833724976,\n        \"Normal\": 0.9959516525268555,\n        \"Polyp\": 0.996849536895752,\n        \"Ulcer\": 0.9999252557754517,\n        \"Worms\": 0.9999969601631165\n    },\n    \"mean_auc\": 0.9972684979438782,\n    \"average_precision_scores\": {\n        \"Angioectasia\": 0.984796404838562,\n        \"Bleeding\": 0.9903281331062317,\n        \"Erosion\": 0.9318493604660034,\n        \"Erythema\": 0.9667299389839172,\n        \"Foreign Body\": 0.9945091009140015,\n        \"Lymphangiectasia\": 0.9950924515724182,\n        \"Normal\": 0.9778698682785034,\n        \"Polyp\": 0.9754235148429871,\n        \"Ulcer\": 0.9995416402816772,\n        \"Worms\": 0.9999738931655884\n    },\n    \"mean_average_precision\": 0.981611430644989,\n    \"mean_f1_score\": 0.9438989758491516,\n    \"mean_specificity\": 0.993794858455658,\n    \"mean_sensitivity\": 0.9439333081245422,\n    \"balanced_accuracy\": 0.9439333081245422\n}",
    "test_metrics": "{\n    \"Angioectasia\": {\n        \"precision\": 0.802173912525177,\n        \"recall\": 0.7424547076225281,\n        \"f1-score\": 0.7711598873138428,\n        \"specificity\": 0.9941797256469727\n    },\n    \"Bleeding\": {\n        \"precision\": 0.6709956526756287,\n        \"recall\": 0.8635097742080688,\n        \"f1-score\": 0.7551766037940979,\n        \"specificity\": 0.9903632998466492\n    },\n    \"Erosion\": {\n        \"precision\": 0.5469798445701599,\n        \"recall\": 0.7056276798248291,\n        \"f1-score\": 0.6162570714950562,\n        \"specificity\": 0.9549309015274048\n    },\n    \"Erythema\": {\n        \"precision\": 0.24539877474308014,\n        \"recall\": 0.808080792427063,\n        \"f1-score\": 0.3764705955982208,\n        \"specificity\": 0.95339435338974\n    },\n    \"Foreign Body\": {\n        \"precision\": 0.7728394865989685,\n        \"recall\": 0.9205882549285889,\n        \"f1-score\": 0.8402684330940247,\n        \"specificity\": 0.9941742420196533\n    },\n    \"Lymphangiectasia\": {\n        \"precision\": 0.5177664756774902,\n        \"recall\": 0.8921282887458801,\n        \"f1-score\": 0.6552462577819824,\n        \"specificity\": 0.9819494485855103\n    },\n    \"Normal\": {\n        \"precision\": 0.9955776929855347,\n        \"recall\": 0.8611540794372559,\n        \"f1-score\": 0.9234998822212219,\n        \"specificity\": 0.9877763390541077\n    },\n    \"Polyp\": {\n        \"precision\": 0.5189873576164246,\n        \"recall\": 0.7379999756813049,\n        \"f1-score\": 0.6094136834144592,\n        \"specificity\": 0.978121817111969\n    },\n    \"Ulcer\": {\n        \"precision\": 0.8333333134651184,\n        \"recall\": 0.9615384340286255,\n        \"f1-score\": 0.8928571343421936,\n        \"specificity\": 0.9965291023254395\n    },\n    \"Worms\": {\n        \"precision\": 0.8831169009208679,\n        \"recall\": 1.0,\n        \"f1-score\": 0.9379310607910156,\n        \"specificity\": 0.9994397163391113\n    },\n    \"macro avg\": {\n        \"precision\": 0.6787169575691223,\n        \"recall\": 0.84930819272995,\n        \"f1-score\": 0.7378280162811279,\n        \"specificity\": 0.9830858111381531\n    },\n    \"accuracy\": 0.8458963632583618,\n    \"auc_roc_scores\": {\n        \"Angioectasia\": 0.974101722240448,\n        \"Bleeding\": 0.983669102191925,\n        \"Erosion\": 0.9425389766693115,\n        \"Erythema\": 0.967174768447876,\n        \"Foreign Body\": 0.9915055632591248,\n        \"Lymphangiectasia\": 0.9846688508987427,\n        \"Normal\": 0.9888305068016052,\n        \"Polyp\": 0.9728765487670898,\n        \"Ulcer\": 0.9994862079620361,\n        \"Worms\": 0.9999991059303284\n    },\n    \"mean_auc\": 0.9804851412773132,\n    \"average_precision_scores\": {\n        \"Angioectasia\": 0.848121166229248,\n        \"Bleeding\": 0.8342394828796387,\n        \"Erosion\": 0.699849009513855,\n        \"Erythema\": 0.5637727975845337,\n        \"Foreign Body\": 0.9346755743026733,\n        \"Lymphangiectasia\": 0.8664232492446899,\n        \"Normal\": 0.996376633644104,\n        \"Polyp\": 0.6881917715072632,\n        \"Ulcer\": 0.9749159812927246,\n        \"Worms\": 0.9997868537902832\n    },\n    \"mean_average_precision\": 0.8406352996826172,\n    \"mean_f1_score\": 0.7378280162811279,\n    \"mean_specificity\": 0.9830858111381531,\n    \"mean_sensitivity\": 0.84930819272995,\n    \"balanced_accuracy\": 0.84930819272995\n}"
}