{
    "epoch": 6,
    "train_metrics": "{\n    \"Angioectasia\": {\n        \"precision\": 0.9539682269096375,\n        \"recall\": 0.9491971731185913,\n        \"f1-score\": 0.9515767097473145,\n        \"specificity\": 0.9948533177375793\n    },\n    \"Bleeding\": {\n        \"precision\": 0.9629023671150208,\n        \"recall\": 0.9668583869934082,\n        \"f1-score\": 0.9648762941360474,\n        \"specificity\": 0.9959948062896729\n    },\n    \"Erosion\": {\n        \"precision\": 0.8864429593086243,\n        \"recall\": 0.8800639510154724,\n        \"f1-score\": 0.8832419514656067,\n        \"specificity\": 0.9875055551528931\n    },\n    \"Erythema\": {\n        \"precision\": 0.9227921962738037,\n        \"recall\": 0.929427444934845,\n        \"f1-score\": 0.9260979294776917,\n        \"specificity\": 0.9913741946220398\n    },\n    \"Foreign Body\": {\n        \"precision\": 0.9695417881011963,\n        \"recall\": 0.9666756391525269,\n        \"f1-score\": 0.9681065678596497,\n        \"specificity\": 0.9966652989387512\n    },\n    \"Lymphangiectasia\": {\n        \"precision\": 0.9761202335357666,\n        \"recall\": 0.9735081791877747,\n        \"f1-score\": 0.9748124480247498,\n        \"specificity\": 0.9973723292350769\n    },\n    \"Normal\": {\n        \"precision\": 0.946053683757782,\n        \"recall\": 0.9447982907295227,\n        \"f1-score\": 0.9454255700111389,\n        \"specificity\": 0.994001030921936\n    },\n    \"Polyp\": {\n        \"precision\": 0.9408050775527954,\n        \"recall\": 0.9482895731925964,\n        \"f1-score\": 0.9445325136184692,\n        \"specificity\": 0.9933502674102783\n    },\n    \"Ulcer\": {\n        \"precision\": 0.9965807199478149,\n        \"recall\": 0.9957950115203857,\n        \"f1-score\": 0.9961877465248108,\n        \"specificity\": 0.9996154308319092\n    },\n    \"Worms\": {\n        \"precision\": 0.9979225993156433,\n        \"recall\": 0.9987006187438965,\n        \"f1-score\": 0.998311460018158,\n        \"specificity\": 0.999763011932373\n    },\n    \"macro avg\": {\n        \"precision\": 0.9553129076957703,\n        \"recall\": 0.9553314447402954,\n        \"f1-score\": 0.955316960811615,\n        \"specificity\": 0.9950494766235352\n    },\n    \"accuracy\": 0.9554338455200195,\n    \"auc_roc_scores\": {\n        \"Angioectasia\": 0.9986979961395264,\n        \"Bleeding\": 0.9992859959602356,\n        \"Erosion\": 0.9927371740341187,\n        \"Erythema\": 0.9977264404296875,\n        \"Foreign Body\": 0.9995658993721008,\n        \"Lymphangiectasia\": 0.9995810985565186,\n        \"Normal\": 0.9981510043144226,\n        \"Polyp\": 0.998333752155304,\n        \"Ulcer\": 0.999988317489624,\n        \"Worms\": 0.9999986886978149\n    },\n    \"mean_auc\": 0.9984065890312195,\n    \"average_precision_scores\": {\n        \"Angioectasia\": 0.9905261993408203,\n        \"Bleeding\": 0.9945427775382996,\n        \"Erosion\": 0.9538347721099854,\n        \"Erythema\": 0.9791617393493652,\n        \"Foreign Body\": 0.996487557888031,\n        \"Lymphangiectasia\": 0.9970595240592957,\n        \"Normal\": 0.9875826835632324,\n        \"Polyp\": 0.986812949180603,\n        \"Ulcer\": 0.9998955130577087,\n        \"Worms\": 0.9999884366989136\n    },\n    \"mean_average_precision\": 0.9885892868041992,\n    \"mean_f1_score\": 0.955316960811615,\n    \"mean_specificity\": 0.9950494766235352,\n    \"mean_sensitivity\": 0.9553314447402954,\n    \"balanced_accuracy\": 0.9553314447402954\n}",
    "test_metrics": "{\n    \"Angioectasia\": {\n        \"precision\": 0.8278145790100098,\n        \"recall\": 0.7545271515846252,\n        \"f1-score\": 0.7894737124443054,\n        \"specificity\": 0.9950112104415894\n    },\n    \"Bleeding\": {\n        \"precision\": 0.6294896006584167,\n        \"recall\": 0.9275766015052795,\n        \"f1-score\": 0.75,\n        \"specificity\": 0.9875736832618713\n    },\n    \"Erosion\": {\n        \"precision\": 0.6560121774673462,\n        \"recall\": 0.746320366859436,\n        \"f1-score\": 0.6982583999633789,\n        \"specificity\": 0.9698203802108765\n    },\n    \"Erythema\": {\n        \"precision\": 0.5025906562805176,\n        \"recall\": 0.6531986594200134,\n        \"f1-score\": 0.5680819749832153,\n        \"specificity\": 0.9878749847412109\n    },\n    \"Foreign Body\": {\n        \"precision\": 0.83423912525177,\n        \"recall\": 0.9029411673545837,\n        \"f1-score\": 0.8672316670417786,\n        \"specificity\": 0.996137261390686\n    },\n    \"Lymphangiectasia\": {\n        \"precision\": 0.871345043182373,\n        \"recall\": 0.8688046932220459,\n        \"f1-score\": 0.8700730204582214,\n        \"specificity\": 0.9972132444381714\n    },\n    \"Normal\": {\n        \"precision\": 0.987510621547699,\n        \"recall\": 0.9459591507911682,\n        \"f1-score\": 0.9662883877754211,\n        \"specificity\": 0.9617685079574585\n    },\n    \"Polyp\": {\n        \"precision\": 0.5788590312004089,\n        \"recall\": 0.6899999976158142,\n        \"f1-score\": 0.6295620203018188,\n        \"specificity\": 0.9839431643486023\n    },\n    \"Ulcer\": {\n        \"precision\": 0.9322034120559692,\n        \"recall\": 0.9615384340286255,\n        \"f1-score\": 0.9466437101364136,\n        \"specificity\": 0.9987378716468811\n    },\n    \"Worms\": {\n        \"precision\": 0.8607594966888428,\n        \"recall\": 1.0,\n        \"f1-score\": 0.9251700639724731,\n        \"specificity\": 0.9993152618408203\n    },\n    \"macro avg\": {\n        \"precision\": 0.768082320690155,\n        \"recall\": 0.8450866937637329,\n        \"f1-score\": 0.8010782599449158,\n        \"specificity\": 0.9877395629882812\n    },\n    \"accuracy\": 0.9099925756454468,\n    \"auc_roc_scores\": {\n        \"Angioectasia\": 0.9848424792289734,\n        \"Bleeding\": 0.9923337697982788,\n        \"Erosion\": 0.9670990705490112,\n        \"Erythema\": 0.9810733795166016,\n        \"Foreign Body\": 0.9938378930091858,\n        \"Lymphangiectasia\": 0.992091953754425,\n        \"Normal\": 0.9908573627471924,\n        \"Polyp\": 0.9752787351608276,\n        \"Ulcer\": 0.999685525894165,\n        \"Worms\": 0.999998152256012\n    },\n    \"mean_auc\": 0.9877098202705383,\n    \"average_precision_scores\": {\n        \"Angioectasia\": 0.8596439361572266,\n        \"Bleeding\": 0.9088630676269531,\n        \"Erosion\": 0.7838313579559326,\n        \"Erythema\": 0.6473909020423889,\n        \"Foreign Body\": 0.9428227543830872,\n        \"Lymphangiectasia\": 0.923184871673584,\n        \"Normal\": 0.9971564412117004,\n        \"Polyp\": 0.7183313369750977,\n        \"Ulcer\": 0.9868996739387512,\n        \"Worms\": 0.9995798468589783\n    },\n    \"mean_average_precision\": 0.8767704367637634,\n    \"mean_f1_score\": 0.8010782599449158,\n    \"mean_specificity\": 0.9877395629882812,\n    \"mean_sensitivity\": 0.8450866937637329,\n    \"balanced_accuracy\": 0.8450866937637329\n}"
}