{
    "epoch": 7,
    "train_metrics": "{\n    \"Angioectasia\": {\n        \"precision\": 0.9648887515068054,\n        \"recall\": 0.958211362361908,\n        \"f1-score\": 0.9615384340286255,\n        \"specificity\": 0.9961299896240234\n    },\n    \"Bleeding\": {\n        \"precision\": 0.9574124217033386,\n        \"recall\": 0.9654797315597534,\n        \"f1-score\": 0.9614291787147522,\n        \"specificity\": 0.9953430891036987\n    },\n    \"Erosion\": {\n        \"precision\": 0.9072900414466858,\n        \"recall\": 0.8961648941040039,\n        \"f1-score\": 0.9016931653022766,\n        \"specificity\": 0.9896073937416077\n    },\n    \"Erythema\": {\n        \"precision\": 0.9335045218467712,\n        \"recall\": 0.9419689178466797,\n        \"f1-score\": 0.937717616558075,\n        \"specificity\": 0.9923252463340759\n    },\n    \"Foreign Body\": {\n        \"precision\": 0.968186616897583,\n        \"recall\": 0.9707602262496948,\n        \"f1-score\": 0.9694717526435852,\n        \"specificity\": 0.9964544177055359\n    },\n    \"Lymphangiectasia\": {\n        \"precision\": 0.9744130969047546,\n        \"recall\": 0.9733860492706299,\n        \"f1-score\": 0.9738993048667908,\n        \"specificity\": 0.9971311688423157\n    },\n    \"Normal\": {\n        \"precision\": 0.9496402740478516,\n        \"recall\": 0.9453580975532532,\n        \"f1-score\": 0.9474943280220032,\n        \"specificity\": 0.9944143891334534\n    },\n    \"Polyp\": {\n        \"precision\": 0.9440428614616394,\n        \"recall\": 0.9511734843254089,\n        \"f1-score\": 0.9475947618484497,\n        \"specificity\": 0.9938347935676575\n    },\n    \"Ulcer\": {\n        \"precision\": 0.9949508309364319,\n        \"recall\": 0.9928401112556458,\n        \"f1-score\": 0.9938943386077881,\n        \"specificity\": 0.999438464641571\n    },\n    \"Worms\": {\n        \"precision\": 0.9989103674888611,\n        \"recall\": 0.9983664751052856,\n        \"f1-score\": 0.9986383318901062,\n        \"specificity\": 0.9998821020126343\n    },\n    \"macro avg\": {\n        \"precision\": 0.9593240022659302,\n        \"recall\": 0.959371030330658,\n        \"f1-score\": 0.9593371748924255,\n        \"specificity\": 0.9954561591148376\n    },\n    \"accuracy\": 0.9591299295425415,\n    \"auc_roc_scores\": {\n        \"Angioectasia\": 0.9991680383682251,\n        \"Bleeding\": 0.9992271065711975,\n        \"Erosion\": 0.9946833848953247,\n        \"Erythema\": 0.9979705810546875,\n        \"Foreign Body\": 0.9995218515396118,\n        \"Lymphangiectasia\": 0.9997055530548096,\n        \"Normal\": 0.9977147579193115,\n        \"Polyp\": 0.9986625909805298,\n        \"Ulcer\": 0.9999375939369202,\n        \"Worms\": 0.9999991655349731\n    },\n    \"mean_auc\": 0.998659074306488,\n    \"average_precision_scores\": {\n        \"Angioectasia\": 0.9938467144966125,\n        \"Bleeding\": 0.9940974712371826,\n        \"Erosion\": 0.9641783237457275,\n        \"Erythema\": 0.9821122884750366,\n        \"Foreign Body\": 0.996834933757782,\n        \"Lymphangiectasia\": 0.9975428581237793,\n        \"Normal\": 0.9874793887138367,\n        \"Polyp\": 0.9886747598648071,\n        \"Ulcer\": 0.9996222853660583,\n        \"Worms\": 0.999992847442627\n    },\n    \"mean_average_precision\": 0.9904381632804871,\n    \"mean_f1_score\": 0.9593371748924255,\n    \"mean_specificity\": 0.9954561591148376,\n    \"mean_sensitivity\": 0.959371030330658,\n    \"balanced_accuracy\": 0.959371030330658\n}",
    "test_metrics": "{\n    \"Angioectasia\": {\n        \"precision\": 0.7199282050132751,\n        \"recall\": 0.8068410754203796,\n        \"f1-score\": 0.7609108090400696,\n        \"specificity\": 0.9900223612785339\n    },\n    \"Bleeding\": {\n        \"precision\": 0.5985130071640015,\n        \"recall\": 0.8969359397888184,\n        \"f1-score\": 0.7179487347602844,\n        \"specificity\": 0.9863057136535645\n    },\n    \"Erosion\": {\n        \"precision\": 0.6874487400054932,\n        \"recall\": 0.7255411148071289,\n        \"f1-score\": 0.7059814929962158,\n        \"specificity\": 0.9745609760284424\n    },\n    \"Erythema\": {\n        \"precision\": 0.5268542170524597,\n        \"recall\": 0.6936026811599731,\n        \"f1-score\": 0.5988371968269348,\n        \"specificity\": 0.9883170127868652\n    },\n    \"Foreign Body\": {\n        \"precision\": 0.7780612111091614,\n        \"recall\": 0.8970588445663452,\n        \"f1-score\": 0.8333333134651184,\n        \"specificity\": 0.9944908618927002\n    },\n    \"Lymphangiectasia\": {\n        \"precision\": 0.5234899520874023,\n        \"recall\": 0.909621000289917,\n        \"f1-score\": 0.664536714553833,\n        \"specificity\": 0.9820128083229065\n    },\n    \"Normal\": {\n        \"precision\": 0.9946027398109436,\n        \"recall\": 0.9148693680763245,\n        \"f1-score\": 0.9530713558197021,\n        \"specificity\": 0.9841352701187134\n    },\n    \"Polyp\": {\n        \"precision\": 0.5372124314308167,\n        \"recall\": 0.7940000295639038,\n        \"f1-score\": 0.6408393979072571,\n        \"specificity\": 0.978121817111969\n    },\n    \"Ulcer\": {\n        \"precision\": 0.9389830231666565,\n        \"recall\": 0.9685314893722534,\n        \"f1-score\": 0.9535284042358398,\n        \"specificity\": 0.9988640546798706\n    },\n    \"Worms\": {\n        \"precision\": 0.6601941585540771,\n        \"recall\": 1.0,\n        \"f1-score\": 0.7953216433525085,\n        \"specificity\": 0.9978212118148804\n    },\n    \"macro avg\": {\n        \"precision\": 0.6965287923812866,\n        \"recall\": 0.8607001304626465,\n        \"f1-score\": 0.7624308466911316,\n        \"specificity\": 0.9874652028083801\n    },\n    \"accuracy\": 0.8905901312828064,\n    \"auc_roc_scores\": {\n        \"Angioectasia\": 0.9817789793014526,\n        \"Bleeding\": 0.9858791828155518,\n        \"Erosion\": 0.9533530473709106,\n        \"Erythema\": 0.9769372344017029,\n        \"Foreign Body\": 0.9870393872261047,\n        \"Lymphangiectasia\": 0.9889414310455322,\n        \"Normal\": 0.9914857149124146,\n        \"Polyp\": 0.9777719974517822,\n        \"Ulcer\": 0.9978371858596802,\n        \"Worms\": 0.999975323677063\n    },\n    \"mean_auc\": 0.9840999841690063,\n    \"average_precision_scores\": {\n        \"Angioectasia\": 0.8598701357841492,\n        \"Bleeding\": 0.8750605583190918,\n        \"Erosion\": 0.7739782929420471,\n        \"Erythema\": 0.6465715169906616,\n        \"Foreign Body\": 0.9284131526947021,\n        \"Lymphangiectasia\": 0.8937851190567017,\n        \"Normal\": 0.9973457455635071,\n        \"Polyp\": 0.7531249523162842,\n        \"Ulcer\": 0.9882214665412903,\n        \"Worms\": 0.9942288398742676\n    },\n    \"mean_average_precision\": 0.8710600137710571,\n    \"mean_f1_score\": 0.7624308466911316,\n    \"mean_specificity\": 0.9874652028083801,\n    \"mean_sensitivity\": 0.8607001304626465,\n    \"balanced_accuracy\": 0.8607001304626465\n}"
}