{
    "epoch": 3,
    "train_metrics": "{\n    \"Angioectasia\": {\n        \"precision\": 0.8503618240356445,\n        \"recall\": 0.8071428537368774,\n        \"f1-score\": 0.8281888365745544,\n        \"specificity\": 0.9847793579101562\n    },\n    \"Bleeding\": {\n        \"precision\": 0.8975919485092163,\n        \"recall\": 0.9067094326019287,\n        \"f1-score\": 0.9021276831626892,\n        \"specificity\": 0.9885725975036621\n    },\n    \"Erosion\": {\n        \"precision\": 0.6384516358375549,\n        \"recall\": 0.6505390405654907,\n        \"f1-score\": 0.6444386839866638,\n        \"specificity\": 0.9585552215576172\n    },\n    \"Erythema\": {\n        \"precision\": 0.7430946826934814,\n        \"recall\": 0.7542188167572021,\n        \"f1-score\": 0.7486154437065125,\n        \"specificity\": 0.9717679023742676\n    },\n    \"Foreign Body\": {\n        \"precision\": 0.9247483015060425,\n        \"recall\": 0.9172142148017883,\n        \"f1-score\": 0.920965850353241,\n        \"specificity\": 0.9915981292724609\n    },\n    \"Lymphangiectasia\": {\n        \"precision\": 0.9219340682029724,\n        \"recall\": 0.9041059613227844,\n        \"f1-score\": 0.9129329919815063,\n        \"specificity\": 0.9914578199386597\n    },\n    \"Normal\": {\n        \"precision\": 0.8716732263565063,\n        \"recall\": 0.852138102054596,\n        \"f1-score\": 0.8617949485778809,\n        \"specificity\": 0.9855597019195557\n    },\n    \"Polyp\": {\n        \"precision\": 0.7544554471969604,\n        \"recall\": 0.7964463233947754,\n        \"f1-score\": 0.774882435798645,\n        \"specificity\": 0.9706335067749023\n    },\n    \"Ulcer\": {\n        \"precision\": 0.9738648533821106,\n        \"recall\": 0.9741219878196716,\n        \"f1-score\": 0.9739934206008911,\n        \"specificity\": 0.9970727562904358\n    },\n    \"Worms\": {\n        \"precision\": 0.9923705458641052,\n        \"recall\": 0.9915600419044495,\n        \"f1-score\": 0.991965115070343,\n        \"specificity\": 0.9991748929023743\n    },\n    \"macro avg\": {\n        \"precision\": 0.8568546175956726,\n        \"recall\": 0.8554196357727051,\n        \"f1-score\": 0.8559905886650085,\n        \"specificity\": 0.9839171767234802\n    },\n    \"accuracy\": 0.8552929162979126,\n    \"auc_roc_scores\": {\n        \"Angioectasia\": 0.9843307733535767,\n        \"Bleeding\": 0.9949079751968384,\n        \"Erosion\": 0.9480341672897339,\n        \"Erythema\": 0.9764628410339355,\n        \"Foreign Body\": 0.9963232278823853,\n        \"Lymphangiectasia\": 0.9945159554481506,\n        \"Normal\": 0.9836858510971069,\n        \"Polyp\": 0.9795726537704468,\n        \"Ulcer\": 0.9994661211967468,\n        \"Worms\": 0.9999473690986633\n    },\n    \"mean_auc\": 0.9857246279716492,\n    \"average_precision_scores\": {\n        \"Angioectasia\": 0.9156732559204102,\n        \"Bleeding\": 0.9640931487083435,\n        \"Erosion\": 0.7219580411911011,\n        \"Erythema\": 0.8287875652313232,\n        \"Foreign Body\": 0.9764595031738281,\n        \"Lymphangiectasia\": 0.9687341451644897,\n        \"Normal\": 0.9251497983932495,\n        \"Polyp\": 0.8595366477966309,\n        \"Ulcer\": 0.9959737658500671,\n        \"Worms\": 0.9994956851005554\n    },\n    \"mean_average_precision\": 0.9155861735343933,\n    \"mean_f1_score\": 0.8559905886650085,\n    \"mean_specificity\": 0.9839171767234802,\n    \"mean_sensitivity\": 0.8554196357727051,\n    \"balanced_accuracy\": 0.8554196357727051\n}",
    "test_metrics": "{\n    \"Angioectasia\": {\n        \"precision\": 0.5219780206680298,\n        \"recall\": 0.7645875215530396,\n        \"f1-score\": 0.6204081773757935,\n        \"specificity\": 0.9777422547340393\n    },\n    \"Bleeding\": {\n        \"precision\": 0.7136150002479553,\n        \"recall\": 0.8467966318130493,\n        \"f1-score\": 0.7745223045349121,\n        \"specificity\": 0.9922652840614319\n    },\n    \"Erosion\": {\n        \"precision\": 0.577235758304596,\n        \"recall\": 0.5532467365264893,\n        \"f1-score\": 0.5649867653846741,\n        \"specificity\": 0.9687520861625671\n    },\n    \"Erythema\": {\n        \"precision\": 0.27645501494407654,\n        \"recall\": 0.7037037014961243,\n        \"f1-score\": 0.3969610631465912,\n        \"specificity\": 0.9654562473297119\n    },\n    \"Foreign Body\": {\n        \"precision\": 0.6280992031097412,\n        \"recall\": 0.8941176533699036,\n        \"f1-score\": 0.737864077091217,\n        \"specificity\": 0.988601803779602\n    },\n    \"Lymphangiectasia\": {\n        \"precision\": 0.6252676844596863,\n        \"recall\": 0.851311981678009,\n        \"f1-score\": 0.7209876775741577,\n        \"specificity\": 0.9889163374900818\n    },\n    \"Normal\": {\n        \"precision\": 0.985318124294281,\n        \"recall\": 0.8848376274108887,\n        \"f1-score\": 0.9323785305023193,\n        \"specificity\": 0.9578673839569092\n    },\n    \"Polyp\": {\n        \"precision\": 0.43621399998664856,\n        \"recall\": 0.6359999775886536,\n        \"f1-score\": 0.5174939036369324,\n        \"specificity\": 0.9737077951431274\n    },\n    \"Ulcer\": {\n        \"precision\": 0.8442367315292358,\n        \"recall\": 0.9475524425506592,\n        \"f1-score\": 0.8929159641265869,\n        \"specificity\": 0.9968446493148804\n    },\n    \"Worms\": {\n        \"precision\": 0.8374999761581421,\n        \"recall\": 0.9852941036224365,\n        \"f1-score\": 0.9054054021835327,\n        \"specificity\": 0.9991907477378845\n    },\n    \"macro avg\": {\n        \"precision\": 0.6445919871330261,\n        \"recall\": 0.8067447543144226,\n        \"f1-score\": 0.7063924074172974,\n        \"specificity\": 0.9809345602989197\n    },\n    \"accuracy\": 0.8465162515640259,\n    \"auc_roc_scores\": {\n        \"Angioectasia\": 0.9671249389648438,\n        \"Bleeding\": 0.9913437366485596,\n        \"Erosion\": 0.938682496547699,\n        \"Erythema\": 0.9596866369247437,\n        \"Foreign Body\": 0.9903774857521057,\n        \"Lymphangiectasia\": 0.9861993789672852,\n        \"Normal\": 0.9795200824737549,\n        \"Polyp\": 0.9697000980377197,\n        \"Ulcer\": 0.9990628957748413,\n        \"Worms\": 0.9999377131462097\n    },\n    \"mean_auc\": 0.9781635403633118,\n    \"average_precision_scores\": {\n        \"Angioectasia\": 0.76231849193573,\n        \"Bleeding\": 0.8774118423461914,\n        \"Erosion\": 0.6308613419532776,\n        \"Erythema\": 0.45881661772727966,\n        \"Foreign Body\": 0.8989542722702026,\n        \"Lymphangiectasia\": 0.8442249298095703,\n        \"Normal\": 0.9934931397438049,\n        \"Polyp\": 0.5861491560935974,\n        \"Ulcer\": 0.9610006809234619,\n        \"Worms\": 0.9864595532417297\n    },\n    \"mean_average_precision\": 0.7999690175056458,\n    \"mean_f1_score\": 0.7063924074172974,\n    \"mean_specificity\": 0.9809345602989197,\n    \"mean_sensitivity\": 0.8067447543144226,\n    \"balanced_accuracy\": 0.8067447543144226\n}"
}