{
    "epoch": 1,
    "train_metrics": "{\n    \"Angioectasia\": {\n        \"precision\": 0.6859172582626343,\n        \"recall\": 0.5786868333816528,\n        \"f1-score\": 0.6277558207511902,\n        \"specificity\": 0.9698836207389832\n    },\n    \"Bleeding\": {\n        \"precision\": 0.7515320181846619,\n        \"recall\": 0.722549557685852,\n        \"f1-score\": 0.7367558479309082,\n        \"specificity\": 0.9736663699150085\n    },\n    \"Erosion\": {\n        \"precision\": 0.3964526653289795,\n        \"recall\": 0.4214020073413849,\n        \"f1-score\": 0.4085467755794525,\n        \"specificity\": 0.9286072850227356\n    },\n    \"Erythema\": {\n        \"precision\": 0.5137998461723328,\n        \"recall\": 0.4921228289604187,\n        \"f1-score\": 0.502727746963501,\n        \"specificity\": 0.9484968185424805\n    },\n    \"Foreign Body\": {\n        \"precision\": 0.8028001189231873,\n        \"recall\": 0.7291666865348816,\n        \"f1-score\": 0.7642138004302979,\n        \"specificity\": 0.9804782867431641\n    },\n    \"Lymphangiectasia\": {\n        \"precision\": 0.8004660606384277,\n        \"recall\": 0.7241106629371643,\n        \"f1-score\": 0.7603763341903687,\n        \"specificity\": 0.9797409176826477\n    },\n    \"Normal\": {\n        \"precision\": 0.6495593786239624,\n        \"recall\": 0.6756538152694702,\n        \"f1-score\": 0.6623497009277344,\n        \"specificity\": 0.9601156115531921\n    },\n    \"Polyp\": {\n        \"precision\": 0.49921682476997375,\n        \"recall\": 0.595886766910553,\n        \"f1-score\": 0.5432850122451782,\n        \"specificity\": 0.9339101910591125\n    },\n    \"Ulcer\": {\n        \"precision\": 0.8471240997314453,\n        \"recall\": 0.8767623901367188,\n        \"f1-score\": 0.861688494682312,\n        \"specificity\": 0.9820588231086731\n    },\n    \"Worms\": {\n        \"precision\": 0.8468841314315796,\n        \"recall\": 0.9277333617210388,\n        \"f1-score\": 0.8854670524597168,\n        \"specificity\": 0.9814218878746033\n    },\n    \"macro avg\": {\n        \"precision\": 0.6793752312660217,\n        \"recall\": 0.6744074821472168,\n        \"f1-score\": 0.6753166317939758,\n        \"specificity\": 0.9638380408287048\n    },\n    \"accuracy\": 0.6745020747184753,\n    \"auc_roc_scores\": {\n        \"Angioectasia\": 0.9211902618408203,\n        \"Bleeding\": 0.9611586928367615,\n        \"Erosion\": 0.8530972003936768,\n        \"Erythema\": 0.9076293110847473,\n        \"Foreign Body\": 0.962469756603241,\n        \"Lymphangiectasia\": 0.9597687721252441,\n        \"Normal\": 0.9307839870452881,\n        \"Polyp\": 0.9207412004470825,\n        \"Ulcer\": 0.9869426488876343,\n        \"Worms\": 0.9951668977737427\n    },\n    \"mean_auc\": 0.9398948550224304,\n    \"average_precision_scores\": {\n        \"Angioectasia\": 0.7169835567474365,\n        \"Bleeding\": 0.8244931697845459,\n        \"Erosion\": 0.40969058871269226,\n        \"Erythema\": 0.553013801574707,\n        \"Foreign Body\": 0.8456010818481445,\n        \"Lymphangiectasia\": 0.8391598463058472,\n        \"Normal\": 0.7125895619392395,\n        \"Polyp\": 0.5793956518173218,\n        \"Ulcer\": 0.9350348114967346,\n        \"Worms\": 0.9693964719772339\n    },\n    \"mean_average_precision\": 0.7385358214378357,\n    \"mean_f1_score\": 0.6753166317939758,\n    \"mean_specificity\": 0.9638380408287048,\n    \"mean_sensitivity\": 0.6744074821472168,\n    \"balanced_accuracy\": 0.6744074821472168\n}",
    "test_metrics": "{\n    \"Angioectasia\": {\n        \"precision\": 0.42650601267814636,\n        \"recall\": 0.7122736573219299,\n        \"f1-score\": 0.5335342884063721,\n        \"specificity\": 0.9695554971694946\n    },\n    \"Bleeding\": {\n        \"precision\": 0.5956175327301025,\n        \"recall\": 0.8328690528869629,\n        \"f1-score\": 0.6945412158966064,\n        \"specificity\": 0.9871299266815186\n    },\n    \"Erosion\": {\n        \"precision\": 0.4116809070110321,\n        \"recall\": 0.5004329085350037,\n        \"f1-score\": 0.45173895359039307,\n        \"specificity\": 0.9448487758636475\n    },\n    \"Erythema\": {\n        \"precision\": 0.21470937132835388,\n        \"recall\": 0.6094276309013367,\n        \"f1-score\": 0.3175438642501831,\n        \"specificity\": 0.9581938982009888\n    },\n    \"Foreign Body\": {\n        \"precision\": 0.6587111949920654,\n        \"recall\": 0.8117647171020508,\n        \"f1-score\": 0.7272727489471436,\n        \"specificity\": 0.9909448027610779\n    },\n    \"Lymphangiectasia\": {\n        \"precision\": 0.5728346705436707,\n        \"recall\": 0.8483964800834656,\n        \"f1-score\": 0.683901309967041,\n        \"specificity\": 0.9862562417984009\n    },\n    \"Normal\": {\n        \"precision\": 0.985150933265686,\n        \"recall\": 0.8153333067893982,\n        \"f1-score\": 0.8922337293624878,\n        \"specificity\": 0.9607282280921936\n    },\n    \"Polyp\": {\n        \"precision\": 0.3492063581943512,\n        \"recall\": 0.6600000262260437,\n        \"f1-score\": 0.4567474126815796,\n        \"specificity\": 0.9606575965881348\n    },\n    \"Ulcer\": {\n        \"precision\": 0.631701648235321,\n        \"recall\": 0.9475524425506592,\n        \"f1-score\": 0.7580419778823853,\n        \"specificity\": 0.9900290369987488\n    },\n    \"Worms\": {\n        \"precision\": 0.8072289228439331,\n        \"recall\": 0.9852941036224365,\n        \"f1-score\": 0.887417197227478,\n        \"specificity\": 0.9990040063858032\n    },\n    \"macro avg\": {\n        \"precision\": 0.5653347373008728,\n        \"recall\": 0.7723344564437866,\n        \"f1-score\": 0.6402972936630249,\n        \"specificity\": 0.9747347831726074\n    },\n    \"accuracy\": 0.7850855588912964,\n    \"auc_roc_scores\": {\n        \"Angioectasia\": 0.9516819715499878,\n        \"Bleeding\": 0.9848551154136658,\n        \"Erosion\": 0.8777401447296143,\n        \"Erythema\": 0.9422378540039062,\n        \"Foreign Body\": 0.9816287159919739,\n        \"Lymphangiectasia\": 0.9853541254997253,\n        \"Normal\": 0.965073823928833,\n        \"Polyp\": 0.9561426639556885,\n        \"Ulcer\": 0.994749903678894,\n        \"Worms\": 0.999973475933075\n    },\n    \"mean_auc\": 0.9639438986778259,\n    \"average_precision_scores\": {\n        \"Angioectasia\": 0.6876120567321777,\n        \"Bleeding\": 0.815290093421936,\n        \"Erosion\": 0.44002529978752136,\n        \"Erythema\": 0.3034760355949402,\n        \"Foreign Body\": 0.838254451751709,\n        \"Lymphangiectasia\": 0.8250914812088013,\n        \"Normal\": 0.9887565970420837,\n        \"Polyp\": 0.5028336048126221,\n        \"Ulcer\": 0.9239646196365356,\n        \"Worms\": 0.9947103261947632\n    },\n    \"mean_average_precision\": 0.7320014834403992,\n    \"mean_f1_score\": 0.6402972936630249,\n    \"mean_specificity\": 0.9747347831726074,\n    \"mean_sensitivity\": 0.7723344564437866,\n    \"balanced_accuracy\": 0.7723344564437866\n}"
}