{
    "epoch": 13,
    "train_metrics": "{\n    \"Angioectasia\": {\n        \"precision\": 0.9544105529785156,\n        \"recall\": 0.9505642056465149,\n        \"f1-score\": 0.9524835348129272,\n        \"specificity\": 0.9950125217437744\n    },\n    \"Bleeding\": {\n        \"precision\": 0.9558899998664856,\n        \"recall\": 0.9676911234855652,\n        \"f1-score\": 0.961754322052002,\n        \"specificity\": 0.994970440864563\n    },\n    \"Erosion\": {\n        \"precision\": 0.8718015551567078,\n        \"recall\": 0.873169481754303,\n        \"f1-score\": 0.8724849820137024,\n        \"specificity\": 0.9854660630226135\n    },\n    \"Erythema\": {\n        \"precision\": 0.9288162589073181,\n        \"recall\": 0.9362211227416992,\n        \"f1-score\": 0.9325039982795715,\n        \"specificity\": 0.9920222163200378\n    },\n    \"Foreign Body\": {\n        \"precision\": 0.9672959446907043,\n        \"recall\": 0.9654989242553711,\n        \"f1-score\": 0.9663965702056885,\n        \"specificity\": 0.9963651299476624\n    },\n    \"Lymphangiectasia\": {\n        \"precision\": 0.9743589758872986,\n        \"recall\": 0.9688093066215515,\n        \"f1-score\": 0.9715762138366699,\n        \"specificity\": 0.9972288012504578\n    },\n    \"Normal\": {\n        \"precision\": 0.9547169804573059,\n        \"recall\": 0.9308804273605347,\n        \"f1-score\": 0.9426480531692505,\n        \"specificity\": 0.995029866695404\n    },\n    \"Polyp\": {\n        \"precision\": 0.9302820563316345,\n        \"recall\": 0.9433351159095764,\n        \"f1-score\": 0.9367631077766418,\n        \"specificity\": 0.9922716021537781\n    },\n    \"Ulcer\": {\n        \"precision\": 0.994376003742218,\n        \"recall\": 0.99490886926651,\n        \"f1-score\": 0.9946423768997192,\n        \"specificity\": 0.9993800520896912\n    },\n    \"Worms\": {\n        \"precision\": 0.997627854347229,\n        \"recall\": 0.997890830039978,\n        \"f1-score\": 0.9977593421936035,\n        \"specificity\": 0.9997338652610779\n    },\n    \"macro avg\": {\n        \"precision\": 0.9529576301574707,\n        \"recall\": 0.9528970122337341,\n        \"f1-score\": 0.952901303768158,\n        \"specificity\": 0.9947481155395508\n    },\n    \"accuracy\": 0.95274817943573,\n    \"auc_roc_scores\": {\n        \"Angioectasia\": 0.9988702535629272,\n        \"Bleeding\": 0.9993159770965576,\n        \"Erosion\": 0.992424726486206,\n        \"Erythema\": 0.9978777170181274,\n        \"Foreign Body\": 0.9994730353355408,\n        \"Lymphangiectasia\": 0.9995635747909546,\n        \"Normal\": 0.9967833757400513,\n        \"Polyp\": 0.9982119798660278,\n        \"Ulcer\": 0.9999898672103882,\n        \"Worms\": 0.9999980926513672\n    },\n    \"mean_auc\": 0.9982509016990662,\n    \"average_precision_scores\": {\n        \"Angioectasia\": 0.9911795258522034,\n        \"Bleeding\": 0.9941843748092651,\n        \"Erosion\": 0.9478746652603149,\n        \"Erythema\": 0.9815335869789124,\n        \"Foreign Body\": 0.9958266615867615,\n        \"Lymphangiectasia\": 0.9964611530303955,\n        \"Normal\": 0.9827542901039124,\n        \"Polyp\": 0.9853540658950806,\n        \"Ulcer\": 0.9999086260795593,\n        \"Worms\": 0.9999828934669495\n    },\n    \"mean_average_precision\": 0.9875060319900513,\n    \"mean_f1_score\": 0.952901303768158,\n    \"mean_specificity\": 0.9947481155395508,\n    \"mean_sensitivity\": 0.9528970122337341,\n    \"balanced_accuracy\": 0.9528970122337341\n}",
    "test_metrics": "{\n    \"Angioectasia\": {\n        \"precision\": 0.6921675801277161,\n        \"recall\": 0.7645875215530396,\n        \"f1-score\": 0.7265774607658386,\n        \"specificity\": 0.989190936088562\n    },\n    \"Bleeding\": {\n        \"precision\": 0.7937336564064026,\n        \"recall\": 0.8467966318130493,\n        \"f1-score\": 0.8194069862365723,\n        \"specificity\": 0.9949914216995239\n    },\n    \"Erosion\": {\n        \"precision\": 0.6276900768280029,\n        \"recall\": 0.7575757503509521,\n        \"f1-score\": 0.6865437626838684,\n        \"specificity\": 0.9653468728065491\n    },\n    \"Erythema\": {\n        \"precision\": 0.5494186282157898,\n        \"recall\": 0.6363636255264282,\n        \"f1-score\": 0.5897035598754883,\n        \"specificity\": 0.990211546421051\n    },\n    \"Foreign Body\": {\n        \"precision\": 0.7749360799789429,\n        \"recall\": 0.8911764621734619,\n        \"f1-score\": 0.8290013670921326,\n        \"specificity\": 0.9944275617599487\n    },\n    \"Lymphangiectasia\": {\n        \"precision\": 0.6681416034698486,\n        \"recall\": 0.8804664611816406,\n        \"f1-score\": 0.7597483992576599,\n        \"specificity\": 0.99049973487854\n    },\n    \"Normal\": {\n        \"precision\": 0.9874635338783264,\n        \"recall\": 0.9359485507011414,\n        \"f1-score\": 0.9610161781311035,\n        \"specificity\": 0.9620286226272583\n    },\n    \"Polyp\": {\n        \"precision\": 0.5754560828208923,\n        \"recall\": 0.6940000057220459,\n        \"f1-score\": 0.629193127155304,\n        \"specificity\": 0.9836233258247375\n    },\n    \"Ulcer\": {\n        \"precision\": 0.9455782175064087,\n        \"recall\": 0.9720279574394226,\n        \"f1-score\": 0.9586206674575806,\n        \"specificity\": 0.9989902973175049\n    },\n    \"Worms\": {\n        \"precision\": 0.8815789222717285,\n        \"recall\": 0.9852941036224365,\n        \"f1-score\": 0.9305555820465088,\n        \"specificity\": 0.9994397163391113\n    },\n    \"macro avg\": {\n        \"precision\": 0.7496164441108704,\n        \"recall\": 0.8364236950874329,\n        \"f1-score\": 0.7890366911888123,\n        \"specificity\": 0.9868749976158142\n    },\n    \"accuracy\": 0.9016240835189819,\n    \"auc_roc_scores\": {\n        \"Angioectasia\": 0.9771974682807922,\n        \"Bleeding\": 0.9900445342063904,\n        \"Erosion\": 0.9564260244369507,\n        \"Erythema\": 0.9720324873924255,\n        \"Foreign Body\": 0.991686224937439,\n        \"Lymphangiectasia\": 0.9889765381813049,\n        \"Normal\": 0.9897218942642212,\n        \"Polyp\": 0.9762287139892578,\n        \"Ulcer\": 0.9984622597694397,\n        \"Worms\": 0.9998717904090881\n    },\n    \"mean_auc\": 0.9840647578239441,\n    \"average_precision_scores\": {\n        \"Angioectasia\": 0.8167299032211304,\n        \"Bleeding\": 0.8994017243385315,\n        \"Erosion\": 0.750503420829773,\n        \"Erythema\": 0.6211776733398438,\n        \"Foreign Body\": 0.917451024055481,\n        \"Lymphangiectasia\": 0.8966233134269714,\n        \"Normal\": 0.9968264102935791,\n        \"Polyp\": 0.6972552537918091,\n        \"Ulcer\": 0.9839322566986084,\n        \"Worms\": 0.9854092597961426\n    },\n    \"mean_average_precision\": 0.8565309643745422,\n    \"mean_f1_score\": 0.7890366911888123,\n    \"mean_specificity\": 0.9868749976158142,\n    \"mean_sensitivity\": 0.8364236950874329,\n    \"balanced_accuracy\": 0.8364236950874329\n}"
}