{
    "epoch": 10,
    "train_metrics": "{\n    \"Angioectasia\": {\n        \"precision\": 0.938245415687561,\n        \"recall\": 0.9323149919509888,\n        \"f1-score\": 0.9352707862854004,\n        \"specificity\": 0.9931085705757141\n    },\n    \"Bleeding\": {\n        \"precision\": 0.9427138566970825,\n        \"recall\": 0.9512519836425781,\n        \"f1-score\": 0.9469636678695679,\n        \"specificity\": 0.9935899376869202\n    },\n    \"Erosion\": {\n        \"precision\": 0.8297130465507507,\n        \"recall\": 0.8239680528640747,\n        \"f1-score\": 0.8268305659294128,\n        \"specificity\": 0.9812418818473816\n    },\n    \"Erythema\": {\n        \"precision\": 0.9033956527709961,\n        \"recall\": 0.910103440284729,\n        \"f1-score\": 0.9067371487617493,\n        \"specificity\": 0.9891535639762878\n    },\n    \"Foreign Body\": {\n        \"precision\": 0.96300208568573,\n        \"recall\": 0.9640211462974548,\n        \"f1-score\": 0.9635113477706909,\n        \"specificity\": 0.995861291885376\n    },\n    \"Lymphangiectasia\": {\n        \"precision\": 0.9674468636512756,\n        \"recall\": 0.9669265747070312,\n        \"f1-score\": 0.9671866297721863,\n        \"specificity\": 0.996429443359375\n    },\n    \"Normal\": {\n        \"precision\": 0.9468741416931152,\n        \"recall\": 0.9243059158325195,\n        \"f1-score\": 0.9354539513587952,\n        \"specificity\": 0.994140088558197\n    },\n    \"Polyp\": {\n        \"precision\": 0.9068965315818787,\n        \"recall\": 0.9253044724464417,\n        \"f1-score\": 0.9160080552101135,\n        \"specificity\": 0.9896496534347534\n    },\n    \"Ulcer\": {\n        \"precision\": 0.9927729964256287,\n        \"recall\": 0.9933047890663147,\n        \"f1-score\": 0.9930388331413269,\n        \"specificity\": 0.9992029070854187\n    },\n    \"Worms\": {\n        \"precision\": 0.9970930218696594,\n        \"recall\": 0.9970930218696594,\n        \"f1-score\": 0.9970930218696594,\n        \"specificity\": 0.9996747970581055\n    },\n    \"macro avg\": {\n        \"precision\": 0.9388154149055481,\n        \"recall\": 0.9388594031333923,\n        \"f1-score\": 0.9388093948364258,\n        \"specificity\": 0.9932052493095398\n    },\n    \"accuracy\": 0.9388411641120911,\n    \"auc_roc_scores\": {\n        \"Angioectasia\": 0.9979144334793091,\n        \"Bleeding\": 0.9987920522689819,\n        \"Erosion\": 0.9871852397918701,\n        \"Erythema\": 0.996581494808197,\n        \"Foreign Body\": 0.9993237257003784,\n        \"Lymphangiectasia\": 0.9993598461151123,\n        \"Normal\": 0.9962323307991028,\n        \"Polyp\": 0.996913731098175,\n        \"Ulcer\": 0.9999749660491943,\n        \"Worms\": 0.9999902248382568\n    },\n    \"mean_auc\": 0.9972268342971802,\n    \"average_precision_scores\": {\n        \"Angioectasia\": 0.9843497276306152,\n        \"Bleeding\": 0.9902464151382446,\n        \"Erosion\": 0.9170067310333252,\n        \"Erythema\": 0.9699641466140747,\n        \"Foreign Body\": 0.9947438836097717,\n        \"Lymphangiectasia\": 0.9946475028991699,\n        \"Normal\": 0.979672372341156,\n        \"Polyp\": 0.9750052690505981,\n        \"Ulcer\": 0.9997717142105103,\n        \"Worms\": 0.9999152421951294\n    },\n    \"mean_average_precision\": 0.9805322885513306,\n    \"mean_f1_score\": 0.9388093948364258,\n    \"mean_specificity\": 0.9932052493095398,\n    \"mean_sensitivity\": 0.9388594031333923,\n    \"balanced_accuracy\": 0.9388594031333923\n}",
    "test_metrics": "{\n    \"Angioectasia\": {\n        \"precision\": 0.6124030947685242,\n        \"recall\": 0.7947686314582825,\n        \"f1-score\": 0.6917688250541687,\n        \"specificity\": 0.9840102195739746\n    },\n    \"Bleeding\": {\n        \"precision\": 0.7026431560516357,\n        \"recall\": 0.8885793685913086,\n        \"f1-score\": 0.784747838973999,\n        \"specificity\": 0.9914410710334778\n    },\n    \"Erosion\": {\n        \"precision\": 0.5921325087547302,\n        \"recall\": 0.7428571581840515,\n        \"f1-score\": 0.6589861512184143,\n        \"specificity\": 0.9605395197868347\n    },\n    \"Erythema\": {\n        \"precision\": 0.5099149942398071,\n        \"recall\": 0.6060606241226196,\n        \"f1-score\": 0.5538461804389954,\n        \"specificity\": 0.9890748262405396\n    },\n    \"Foreign Body\": {\n        \"precision\": 0.6339468359947205,\n        \"recall\": 0.9117646813392639,\n        \"f1-score\": 0.7478890419006348,\n        \"specificity\": 0.9886651635169983\n    },\n    \"Lymphangiectasia\": {\n        \"precision\": 0.7804232835769653,\n        \"recall\": 0.8600583076477051,\n        \"f1-score\": 0.8183078765869141,\n        \"specificity\": 0.9947431683540344\n    },\n    \"Normal\": {\n        \"precision\": 0.9901396036148071,\n        \"recall\": 0.9234963655471802,\n        \"f1-score\": 0.9556575417518616,\n        \"specificity\": 0.9706111550331116\n    },\n    \"Polyp\": {\n        \"precision\": 0.625235378742218,\n        \"recall\": 0.6639999747276306,\n        \"f1-score\": 0.6440349221229553,\n        \"specificity\": 0.9872696995735168\n    },\n    \"Ulcer\": {\n        \"precision\": 0.9269102811813354,\n        \"recall\": 0.9755244851112366,\n        \"f1-score\": 0.950596272945404,\n        \"specificity\": 0.9986116290092468\n    },\n    \"Worms\": {\n        \"precision\": 0.9444444179534912,\n        \"recall\": 1.0,\n        \"f1-score\": 0.9714285731315613,\n        \"specificity\": 0.9997509717941284\n    },\n    \"macro avg\": {\n        \"precision\": 0.7318193316459656,\n        \"recall\": 0.8367109298706055,\n        \"f1-score\": 0.7777263522148132,\n        \"specificity\": 0.9864717721939087\n    },\n    \"accuracy\": 0.8915819525718689,\n    \"auc_roc_scores\": {\n        \"Angioectasia\": 0.9767147898674011,\n        \"Bleeding\": 0.9882990121841431,\n        \"Erosion\": 0.9599568247795105,\n        \"Erythema\": 0.967316746711731,\n        \"Foreign Body\": 0.9896218776702881,\n        \"Lymphangiectasia\": 0.9882504940032959,\n        \"Normal\": 0.9894851446151733,\n        \"Polyp\": 0.9684293270111084,\n        \"Ulcer\": 0.9990125298500061,\n        \"Worms\": 0.9999926090240479\n    },\n    \"mean_auc\": 0.9827079772949219,\n    \"average_precision_scores\": {\n        \"Angioectasia\": 0.8218764066696167,\n        \"Bleeding\": 0.8999749422073364,\n        \"Erosion\": 0.7455346584320068,\n        \"Erythema\": 0.5746065378189087,\n        \"Foreign Body\": 0.9175231456756592,\n        \"Lymphangiectasia\": 0.8929689526557922,\n        \"Normal\": 0.9966684579849243,\n        \"Polyp\": 0.6803747415542603,\n        \"Ulcer\": 0.9861233234405518,\n        \"Worms\": 0.9982820749282837\n    },\n    \"mean_average_precision\": 0.8513933420181274,\n    \"mean_f1_score\": 0.7777263522148132,\n    \"mean_specificity\": 0.9864717721939087,\n    \"mean_sensitivity\": 0.8367109298706055,\n    \"balanced_accuracy\": 0.8367109298706055\n}"
}