{
    "epoch": 20,
    "train_metrics": "{\n    \"Angioectasia\": {\n        \"precision\": 0.95652174949646,\n        \"recall\": 0.9622030258178711,\n        \"f1-score\": 0.9593539834022522,\n        \"specificity\": 0.9952216744422913\n    },\n    \"Bleeding\": {\n        \"precision\": 0.9587709903717041,\n        \"recall\": 0.9725626111030579,\n        \"f1-score\": 0.9656175374984741,\n        \"specificity\": 0.9953622817993164\n    },\n    \"Erosion\": {\n        \"precision\": 0.9106206893920898,\n        \"recall\": 0.8928861021995544,\n        \"f1-score\": 0.9016662240028381,\n        \"specificity\": 0.9904453158378601\n    },\n    \"Erythema\": {\n        \"precision\": 0.9443167448043823,\n        \"recall\": 0.9506300091743469,\n        \"f1-score\": 0.9474628567695618,\n        \"specificity\": 0.9935346245765686\n    },\n    \"Foreign Body\": {\n        \"precision\": 0.9746299982070923,\n        \"recall\": 0.9798086881637573,\n        \"f1-score\": 0.9772124886512756,\n        \"specificity\": 0.9971633553504944\n    },\n    \"Lymphangiectasia\": {\n        \"precision\": 0.9805489182472229,\n        \"recall\": 0.9774236679077148,\n        \"f1-score\": 0.9789837598800659,\n        \"specificity\": 0.9978429079055786\n    },\n    \"Normal\": {\n        \"precision\": 0.9714052081108093,\n        \"recall\": 0.9494277238845825,\n        \"f1-score\": 0.9602907299995422,\n        \"specificity\": 0.9968980550765991\n    },\n    \"Polyp\": {\n        \"precision\": 0.9492466449737549,\n        \"recall\": 0.9591346383094788,\n        \"f1-score\": 0.954164981842041,\n        \"specificity\": 0.994330108165741\n    },\n    \"Ulcer\": {\n        \"precision\": 0.996569037437439,\n        \"recall\": 0.996569037437439,\n        \"f1-score\": 0.996569037437439,\n        \"specificity\": 0.9996156096458435\n    },\n    \"Worms\": {\n        \"precision\": 0.9973347783088684,\n        \"recall\": 0.999465823173523,\n        \"f1-score\": 0.9983991384506226,\n        \"specificity\": 0.9997047185897827\n    },\n    \"macro avg\": {\n        \"precision\": 0.9639965295791626,\n        \"recall\": 0.9640111923217773,\n        \"f1-score\": 0.9639720916748047,\n        \"specificity\": 0.9960119128227234\n    },\n    \"accuracy\": 0.9641024470329285,\n    \"auc_roc_scores\": {\n        \"Angioectasia\": 0.9992493391036987,\n        \"Bleeding\": 0.9994615912437439,\n        \"Erosion\": 0.9949454069137573,\n        \"Erythema\": 0.9988166093826294,\n        \"Foreign Body\": 0.999784529209137,\n        \"Lymphangiectasia\": 0.9997469782829285,\n        \"Normal\": 0.9984449744224548,\n        \"Polyp\": 0.9989953637123108,\n        \"Ulcer\": 0.9999878406524658,\n        \"Worms\": 0.9999982118606567\n    },\n    \"mean_auc\": 0.998943030834198,\n    \"average_precision_scores\": {\n        \"Angioectasia\": 0.9935792684555054,\n        \"Bleeding\": 0.9956427216529846,\n        \"Erosion\": 0.9654059410095215,\n        \"Erythema\": 0.9895669221878052,\n        \"Foreign Body\": 0.9980929493904114,\n        \"Lymphangiectasia\": 0.9979381561279297,\n        \"Normal\": 0.9906409978866577,\n        \"Polyp\": 0.9916093945503235,\n        \"Ulcer\": 0.9998912811279297,\n        \"Worms\": 0.9999841451644897\n    },\n    \"mean_average_precision\": 0.9922351837158203,\n    \"mean_f1_score\": 0.9639720916748047,\n    \"mean_specificity\": 0.9960119128227234,\n    \"mean_sensitivity\": 0.9640111923217773,\n    \"balanced_accuracy\": 0.9640111923217773\n}",
    "test_metrics": "{\n    \"Angioectasia\": {\n        \"precision\": 0.6795774698257446,\n        \"recall\": 0.7766599655151367,\n        \"f1-score\": 0.7248826026916504,\n        \"specificity\": 0.9883594512939453\n    },\n    \"Bleeding\": {\n        \"precision\": 0.800000011920929,\n        \"recall\": 0.8467966318130493,\n        \"f1-score\": 0.8227334022521973,\n        \"specificity\": 0.9951816201210022\n    },\n    \"Erosion\": {\n        \"precision\": 0.6402393579483032,\n        \"recall\": 0.7411255240440369,\n        \"f1-score\": 0.6869983673095703,\n        \"specificity\": 0.9678840637207031\n    },\n    \"Erythema\": {\n        \"precision\": 0.5465116500854492,\n        \"recall\": 0.6329966187477112,\n        \"f1-score\": 0.5865834355354309,\n        \"specificity\": 0.9901484251022339\n    },\n    \"Foreign Body\": {\n        \"precision\": 0.7799999713897705,\n        \"recall\": 0.9176470637321472,\n        \"f1-score\": 0.8432432413101196,\n        \"specificity\": 0.9944275617599487\n    },\n    \"Lymphangiectasia\": {\n        \"precision\": 0.7727272510528564,\n        \"recall\": 0.8921282887458801,\n        \"f1-score\": 0.8281461596488953,\n        \"specificity\": 0.9942998290061951\n    },\n    \"Normal\": {\n        \"precision\": 0.9863524436950684,\n        \"recall\": 0.9470171928405762,\n        \"f1-score\": 0.9662846922874451,\n        \"specificity\": 0.9581274390220642\n    },\n    \"Polyp\": {\n        \"precision\": 0.6288288235664368,\n        \"recall\": 0.6980000138282776,\n        \"f1-score\": 0.6616113781929016,\n        \"specificity\": 0.9868218898773193\n    },\n    \"Ulcer\": {\n        \"precision\": 0.9681978821754456,\n        \"recall\": 0.9580419659614563,\n        \"f1-score\": 0.9630931615829468,\n        \"specificity\": 0.9994320273399353\n    },\n    \"Worms\": {\n        \"precision\": 0.9444444179534912,\n        \"recall\": 1.0,\n        \"f1-score\": 0.9714285731315613,\n        \"specificity\": 0.9997509717941284\n    },\n    \"macro avg\": {\n        \"precision\": 0.7746879458427429,\n        \"recall\": 0.8410413861274719,\n        \"f1-score\": 0.8055004477500916,\n        \"specificity\": 0.9874433875083923\n    },\n    \"accuracy\": 0.9099305868148804,\n    \"auc_roc_scores\": {\n        \"Angioectasia\": 0.9768995046615601,\n        \"Bleeding\": 0.9896976947784424,\n        \"Erosion\": 0.9635315537452698,\n        \"Erythema\": 0.9752991199493408,\n        \"Foreign Body\": 0.9910131096839905,\n        \"Lymphangiectasia\": 0.9907615184783936,\n        \"Normal\": 0.9912593960762024,\n        \"Polyp\": 0.9754538536071777,\n        \"Ulcer\": 0.9976434111595154,\n        \"Worms\": 0.9999972581863403\n    },\n    \"mean_auc\": 0.9851557016372681,\n    \"average_precision_scores\": {\n        \"Angioectasia\": 0.8190070986747742,\n        \"Bleeding\": 0.8940752744674683,\n        \"Erosion\": 0.7675803899765015,\n        \"Erythema\": 0.6130845546722412,\n        \"Foreign Body\": 0.9242684245109558,\n        \"Lymphangiectasia\": 0.9077995419502258,\n        \"Normal\": 0.997260332107544,\n        \"Polyp\": 0.7104434967041016,\n        \"Ulcer\": 0.9848037362098694,\n        \"Worms\": 0.9993786215782166\n    },\n    \"mean_average_precision\": 0.8617701530456543,\n    \"mean_f1_score\": 0.8055004477500916,\n    \"mean_specificity\": 0.9874433875083923,\n    \"mean_sensitivity\": 0.8410413861274719,\n    \"balanced_accuracy\": 0.8410413861274719\n}"
}