{
    "epoch": 7,
    "train_metrics": "{\n    \"Angioectasia\": {\n        \"precision\": 0.9176406860351562,\n        \"recall\": 0.9033984541893005,\n        \"f1-score\": 0.9104638695716858,\n        \"specificity\": 0.9910540580749512\n    },\n    \"Bleeding\": {\n        \"precision\": 0.939464807510376,\n        \"recall\": 0.9490813612937927,\n        \"f1-score\": 0.944248616695404,\n        \"specificity\": 0.9931058883666992\n    },\n    \"Erosion\": {\n        \"precision\": 0.7868126034736633,\n        \"recall\": 0.7955204248428345,\n        \"f1-score\": 0.7911425828933716,\n        \"specificity\": 0.9758074283599854\n    },\n    \"Erythema\": {\n        \"precision\": 0.8845333456993103,\n        \"recall\": 0.8854778409004211,\n        \"f1-score\": 0.8850053548812866,\n        \"specificity\": 0.9872124195098877\n    },\n    \"Foreign Body\": {\n        \"precision\": 0.958123505115509,\n        \"recall\": 0.9606696963310242,\n        \"f1-score\": 0.9593949317932129,\n        \"specificity\": 0.9953315258026123\n    },\n    \"Lymphangiectasia\": {\n        \"precision\": 0.9526343941688538,\n        \"recall\": 0.9533954858779907,\n        \"f1-score\": 0.9530147910118103,\n        \"specificity\": 0.9947417974472046\n    },\n    \"Normal\": {\n        \"precision\": 0.9229901432991028,\n        \"recall\": 0.8867208957672119,\n        \"f1-score\": 0.9044920802116394,\n        \"specificity\": 0.9919509291648865\n    },\n    \"Polyp\": {\n        \"precision\": 0.8744088411331177,\n        \"recall\": 0.8994594812393188,\n        \"f1-score\": 0.8867572546005249,\n        \"specificity\": 0.9859026074409485\n    },\n    \"Ulcer\": {\n        \"precision\": 0.9890937209129333,\n        \"recall\": 0.9893506765365601,\n        \"f1-score\": 0.9892221689224243,\n        \"specificity\": 0.9987558126449585\n    },\n    \"Worms\": {\n        \"precision\": 0.9954774975776672,\n        \"recall\": 0.994948148727417,\n        \"f1-score\": 0.9952127933502197,\n        \"specificity\": 0.9994977116584778\n    },\n    \"macro avg\": {\n        \"precision\": 0.9221180081367493,\n        \"recall\": 0.9218022227287292,\n        \"f1-score\": 0.921895444393158,\n        \"specificity\": 0.9913360476493835\n    },\n    \"accuracy\": 0.9220092296600342,\n    \"auc_roc_scores\": {\n        \"Angioectasia\": 0.9953734874725342,\n        \"Bleeding\": 0.998359203338623,\n        \"Erosion\": 0.9798063635826111,\n        \"Erythema\": 0.9941080808639526,\n        \"Foreign Body\": 0.9990721940994263,\n        \"Lymphangiectasia\": 0.9986615180969238,\n        \"Normal\": 0.9932270646095276,\n        \"Polyp\": 0.9946089386940002,\n        \"Ulcer\": 0.9999399185180664,\n        \"Worms\": 0.9999836683273315\n    },\n    \"mean_auc\": 0.9953140616416931,\n    \"average_precision_scores\": {\n        \"Angioectasia\": 0.9704025387763977,\n        \"Bleeding\": 0.9864342212677002,\n        \"Erosion\": 0.8793020248413086,\n        \"Erythema\": 0.9524643421173096,\n        \"Foreign Body\": 0.992843747138977,\n        \"Lymphangiectasia\": 0.9909743070602417,\n        \"Normal\": 0.9634928107261658,\n        \"Polyp\": 0.95564866065979,\n        \"Ulcer\": 0.9994797110557556,\n        \"Worms\": 0.9998559951782227\n    },\n    \"mean_average_precision\": 0.969089925289154,\n    \"mean_f1_score\": 0.921895444393158,\n    \"mean_specificity\": 0.9913360476493835,\n    \"mean_sensitivity\": 0.9218022227287292,\n    \"balanced_accuracy\": 0.9218022227287292\n}",
    "test_metrics": "{\n    \"Angioectasia\": {\n        \"precision\": 0.6529914736747742,\n        \"recall\": 0.7686116695404053,\n        \"f1-score\": 0.706099808216095,\n        \"specificity\": 0.9870163202285767\n    },\n    \"Bleeding\": {\n        \"precision\": 0.7855227589607239,\n        \"recall\": 0.8161559700965881,\n        \"f1-score\": 0.8005464673042297,\n        \"specificity\": 0.9949280619621277\n    },\n    \"Erosion\": {\n        \"precision\": 0.5646349787712097,\n        \"recall\": 0.7298701405525208,\n        \"f1-score\": 0.6367069482803345,\n        \"specificity\": 0.9566001296043396\n    },\n    \"Erythema\": {\n        \"precision\": 0.5275362133979797,\n        \"recall\": 0.6127946376800537,\n        \"f1-score\": 0.5669782161712646,\n        \"specificity\": 0.9897063374519348\n    },\n    \"Foreign Body\": {\n        \"precision\": 0.8119891285896301,\n        \"recall\": 0.8764705657958984,\n        \"f1-score\": 0.8429985642433167,\n        \"specificity\": 0.99563068151474\n    },\n    \"Lymphangiectasia\": {\n        \"precision\": 0.8057971000671387,\n        \"recall\": 0.8104956150054932,\n        \"f1-score\": 0.8081395626068115,\n        \"specificity\": 0.9957565665245056\n    },\n    \"Normal\": {\n        \"precision\": 0.9899826049804688,\n        \"recall\": 0.9249613285064697,\n        \"f1-score\": 0.956368088722229,\n        \"specificity\": 0.9700910449028015\n    },\n    \"Polyp\": {\n        \"precision\": 0.5033738017082214,\n        \"recall\": 0.7459999918937683,\n        \"f1-score\": 0.601128101348877,\n        \"specificity\": 0.9764585494995117\n    },\n    \"Ulcer\": {\n        \"precision\": 0.8373494148254395,\n        \"recall\": 0.9720279574394226,\n        \"f1-score\": 0.8996763825416565,\n        \"specificity\": 0.9965922236442566\n    },\n    \"Worms\": {\n        \"precision\": 0.9436619877815247,\n        \"recall\": 0.9852941036224365,\n        \"f1-score\": 0.9640287756919861,\n        \"specificity\": 0.9997509717941284\n    },\n    \"macro avg\": {\n        \"precision\": 0.7422839999198914,\n        \"recall\": 0.8242681622505188,\n        \"f1-score\": 0.7782670855522156,\n        \"specificity\": 0.9862530827522278\n    },\n    \"accuracy\": 0.8900942206382751,\n    \"auc_roc_scores\": {\n        \"Angioectasia\": 0.9748560190200806,\n        \"Bleeding\": 0.9915295243263245,\n        \"Erosion\": 0.9594582915306091,\n        \"Erythema\": 0.9667547941207886,\n        \"Foreign Body\": 0.9885775446891785,\n        \"Lymphangiectasia\": 0.9881570339202881,\n        \"Normal\": 0.9882107973098755,\n        \"Polyp\": 0.9784945249557495,\n        \"Ulcer\": 0.9994544982910156,\n        \"Worms\": 0.9999972581863403\n    },\n    \"mean_auc\": 0.9835491180419922,\n    \"average_precision_scores\": {\n        \"Angioectasia\": 0.8049852848052979,\n        \"Bleeding\": 0.8871017694473267,\n        \"Erosion\": 0.7163710594177246,\n        \"Erythema\": 0.5863772034645081,\n        \"Foreign Body\": 0.913044273853302,\n        \"Lymphangiectasia\": 0.8796384930610657,\n        \"Normal\": 0.9963929653167725,\n        \"Polyp\": 0.6873882412910461,\n        \"Ulcer\": 0.9786511063575745,\n        \"Worms\": 0.9993786811828613\n    },\n    \"mean_average_precision\": 0.8449329733848572,\n    \"mean_f1_score\": 0.7782670855522156,\n    \"mean_specificity\": 0.9862530827522278,\n    \"mean_sensitivity\": 0.8242681622505188,\n    \"balanced_accuracy\": 0.8242681622505188\n}"
}