{
    "epoch": 2,
    "train_metrics": "{\n    \"Angioectasia\": {\n        \"precision\": 0.8149804472923279,\n        \"recall\": 0.7651535272598267,\n        \"f1-score\": 0.7892813682556152,\n        \"specificity\": 0.9804118871688843\n    },\n    \"Bleeding\": {\n        \"precision\": 0.8716286420822144,\n        \"recall\": 0.8775457143783569,\n        \"f1-score\": 0.8745771646499634,\n        \"specificity\": 0.9853450655937195\n    },\n    \"Erosion\": {\n        \"precision\": 0.562196671962738,\n        \"recall\": 0.5839745402336121,\n        \"f1-score\": 0.5728787183761597,\n        \"specificity\": 0.9493468999862671\n    },\n    \"Erythema\": {\n        \"precision\": 0.6772235631942749,\n        \"recall\": 0.6862797737121582,\n        \"f1-score\": 0.681721568107605,\n        \"specificity\": 0.9638892412185669\n    },\n    \"Foreign Body\": {\n        \"precision\": 0.8907222151756287,\n        \"recall\": 0.8760308623313904,\n        \"f1-score\": 0.8833154439926147,\n        \"specificity\": 0.9880642890930176\n    },\n    \"Lymphangiectasia\": {\n        \"precision\": 0.8942126631736755,\n        \"recall\": 0.8721449375152588,\n        \"f1-score\": 0.8830409646034241,\n        \"specificity\": 0.9883720874786377\n    },\n    \"Normal\": {\n        \"precision\": 0.8276431560516357,\n        \"recall\": 0.8015999794006348,\n        \"f1-score\": 0.8144134283065796,\n        \"specificity\": 0.9815104603767395\n    },\n    \"Polyp\": {\n        \"precision\": 0.6912869215011597,\n        \"recall\": 0.7366595268249512,\n        \"f1-score\": 0.7132523655891418,\n        \"specificity\": 0.963584303855896\n    },\n    \"Ulcer\": {\n        \"precision\": 0.9648321866989136,\n        \"recall\": 0.9682112336158752,\n        \"f1-score\": 0.966518759727478,\n        \"specificity\": 0.9961351156234741\n    },\n    \"Worms\": {\n        \"precision\": 0.9778737425804138,\n        \"recall\": 0.9847826361656189,\n        \"f1-score\": 0.9813160300254822,\n        \"specificity\": 0.9975830316543579\n    },\n    \"macro avg\": {\n        \"precision\": 0.8172599673271179,\n        \"recall\": 0.8152382969856262,\n        \"f1-score\": 0.8160316348075867,\n        \"specificity\": 0.9794242978096008\n    },\n    \"accuracy\": 0.8148483037948608,\n    \"auc_roc_scores\": {\n        \"Angioectasia\": 0.9748115539550781,\n        \"Bleeding\": 0.9906618595123291,\n        \"Erosion\": 0.9296396374702454,\n        \"Erythema\": 0.9621943235397339,\n        \"Foreign Body\": 0.9914460182189941,\n        \"Lymphangiectasia\": 0.9905773401260376,\n        \"Normal\": 0.9760675430297852,\n        \"Polyp\": 0.9667108058929443,\n        \"Ulcer\": 0.9991308450698853,\n        \"Worms\": 0.9998449683189392\n    },\n    \"mean_auc\": 0.9781085252761841,\n    \"average_precision_scores\": {\n        \"Angioectasia\": 0.879824161529541,\n        \"Bleeding\": 0.9436103105545044,\n        \"Erosion\": 0.6264021396636963,\n        \"Erythema\": 0.7547311186790466,\n        \"Foreign Body\": 0.9545023441314697,\n        \"Lymphangiectasia\": 0.9495651721954346,\n        \"Normal\": 0.8906104564666748,\n        \"Polyp\": 0.7836900949478149,\n        \"Ulcer\": 0.9939758777618408,\n        \"Worms\": 0.9985953569412231\n    },\n    \"mean_average_precision\": 0.8775507211685181,\n    \"mean_f1_score\": 0.8160316348075867,\n    \"mean_specificity\": 0.9794242978096008,\n    \"mean_sensitivity\": 0.8152382969856262,\n    \"balanced_accuracy\": 0.8152382969856262\n}",
    "test_metrics": "{\n    \"Angioectasia\": {\n        \"precision\": 0.4864165484905243,\n        \"recall\": 0.7565392255783081,\n        \"f1-score\": 0.5921260118484497,\n        \"specificity\": 0.9746082425117493\n    },\n    \"Bleeding\": {\n        \"precision\": 0.5768535137176514,\n        \"recall\": 0.8885793685913086,\n        \"f1-score\": 0.6995614171028137,\n        \"specificity\": 0.9851645231246948\n    },\n    \"Erosion\": {\n        \"precision\": 0.41792717576026917,\n        \"recall\": 0.6458874344825745,\n        \"f1-score\": 0.5074830055236816,\n        \"specificity\": 0.9306269884109497\n    },\n    \"Erythema\": {\n        \"precision\": 0.29383885860443115,\n        \"recall\": 0.6262626051902771,\n        \"f1-score\": 0.4000000059604645,\n        \"specificity\": 0.9717714190483093\n    },\n    \"Foreign Body\": {\n        \"precision\": 0.5708661675453186,\n        \"recall\": 0.8529411554336548,\n        \"f1-score\": 0.6839622855186462,\n        \"specificity\": 0.9861955642700195\n    },\n    \"Lymphangiectasia\": {\n        \"precision\": 0.6832151412963867,\n        \"recall\": 0.8425655961036682,\n        \"f1-score\": 0.7545691728591919,\n        \"specificity\": 0.9915130734443665\n    },\n    \"Normal\": {\n        \"precision\": 0.9891502857208252,\n        \"recall\": 0.8384471535682678,\n        \"f1-score\": 0.9075852632522583,\n        \"specificity\": 0.9706111550331116\n    },\n    \"Polyp\": {\n        \"precision\": 0.504258930683136,\n        \"recall\": 0.5920000076293945,\n        \"f1-score\": 0.5446181893348694,\n        \"specificity\": 0.9813843369483948\n    },\n    \"Ulcer\": {\n        \"precision\": 0.7438691854476929,\n        \"recall\": 0.9545454382896423,\n        \"f1-score\": 0.8361408710479736,\n        \"specificity\": 0.994067907333374\n    },\n    \"Worms\": {\n        \"precision\": 0.7613636255264282,\n        \"recall\": 0.9852941036224365,\n        \"f1-score\": 0.8589743375778198,\n        \"specificity\": 0.9986927509307861\n    },\n    \"macro avg\": {\n        \"precision\": 0.6027759909629822,\n        \"recall\": 0.7983061671257019,\n        \"f1-score\": 0.678502082824707,\n        \"specificity\": 0.9784635901451111\n    },\n    \"accuracy\": 0.8147780895233154,\n    \"auc_roc_scores\": {\n        \"Angioectasia\": 0.9621740579605103,\n        \"Bleeding\": 0.988021731376648,\n        \"Erosion\": 0.9021255970001221,\n        \"Erythema\": 0.9620826840400696,\n        \"Foreign Body\": 0.9846490621566772,\n        \"Lymphangiectasia\": 0.9845807552337646,\n        \"Normal\": 0.9770519137382507,\n        \"Polyp\": 0.9670829176902771,\n        \"Ulcer\": 0.9986239671707153,\n        \"Worms\": 0.9998782277107239\n    },\n    \"mean_auc\": 0.9726271033287048,\n    \"average_precision_scores\": {\n        \"Angioectasia\": 0.7454497814178467,\n        \"Bleeding\": 0.8549306392669678,\n        \"Erosion\": 0.5190644264221191,\n        \"Erythema\": 0.45181941986083984,\n        \"Foreign Body\": 0.84153813123703,\n        \"Lymphangiectasia\": 0.8469441533088684,\n        \"Normal\": 0.9926772117614746,\n        \"Polyp\": 0.5843967199325562,\n        \"Ulcer\": 0.9581589102745056,\n        \"Worms\": 0.9865356087684631\n    },\n    \"mean_average_precision\": 0.7781515121459961,\n    \"mean_f1_score\": 0.678502082824707,\n    \"mean_specificity\": 0.9784635901451111,\n    \"mean_sensitivity\": 0.7983061671257019,\n    \"balanced_accuracy\": 0.7983061671257019\n}"
}