{
    "epoch": 6,
    "train_metrics": "{\n    \"Angioectasia\": {\n        \"precision\": 0.8980435132980347,\n        \"recall\": 0.8846362829208374,\n        \"f1-score\": 0.891289472579956,\n        \"specificity\": 0.9890929460525513\n    },\n    \"Bleeding\": {\n        \"precision\": 0.927653968334198,\n        \"recall\": 0.9372351765632629,\n        \"f1-score\": 0.9324199557304382,\n        \"specificity\": 0.9918417930603027\n    },\n    \"Erosion\": {\n        \"precision\": 0.7698084115982056,\n        \"recall\": 0.7756326794624329,\n        \"f1-score\": 0.7727095484733582,\n        \"specificity\": 0.9736779928207397\n    },\n    \"Erythema\": {\n        \"precision\": 0.8616083264350891,\n        \"recall\": 0.8695065975189209,\n        \"f1-score\": 0.8655394315719604,\n        \"specificity\": 0.9847188591957092\n    },\n    \"Foreign Body\": {\n        \"precision\": 0.9517462253570557,\n        \"recall\": 0.9514925479888916,\n        \"f1-score\": 0.9516193270683289,\n        \"specificity\": 0.9946536421775818\n    },\n    \"Lymphangiectasia\": {\n        \"precision\": 0.9512855410575867,\n        \"recall\": 0.9431177973747253,\n        \"f1-score\": 0.9471840262413025,\n        \"specificity\": 0.9946871399879456\n    },\n    \"Normal\": {\n        \"precision\": 0.9131274223327637,\n        \"recall\": 0.8869541883468628,\n        \"f1-score\": 0.8998505473136902,\n        \"specificity\": 0.9907008409500122\n    },\n    \"Polyp\": {\n        \"precision\": 0.8574385643005371,\n        \"recall\": 0.8797451257705688,\n        \"f1-score\": 0.8684486150741577,\n        \"specificity\": 0.9837175011634827\n    },\n    \"Ulcer\": {\n        \"precision\": 0.9893814921379089,\n        \"recall\": 0.9885941743850708,\n        \"f1-score\": 0.9889876842498779,\n        \"specificity\": 0.9988178610801697\n    },\n    \"Worms\": {\n        \"precision\": 0.9961079359054565,\n        \"recall\": 0.9955912828445435,\n        \"f1-score\": 0.9958495497703552,\n        \"specificity\": 0.9995555877685547\n    },\n    \"macro avg\": {\n        \"precision\": 0.9116201400756836,\n        \"recall\": 0.9112505912780762,\n        \"f1-score\": 0.9113897681236267,\n        \"specificity\": 0.9901464581489563\n    },\n    \"accuracy\": 0.9113196730613708,\n    \"auc_roc_scores\": {\n        \"Angioectasia\": 0.994108259677887,\n        \"Bleeding\": 0.9981274604797363,\n        \"Erosion\": 0.9761818647384644,\n        \"Erythema\": 0.9927343130111694,\n        \"Foreign Body\": 0.9985705614089966,\n        \"Lymphangiectasia\": 0.9982223510742188,\n        \"Normal\": 0.9915129542350769,\n        \"Polyp\": 0.9924347400665283,\n        \"Ulcer\": 0.999882698059082,\n        \"Worms\": 0.9999746084213257\n    },\n    \"mean_auc\": 0.9941749572753906,\n    \"average_precision_scores\": {\n        \"Angioectasia\": 0.961162805557251,\n        \"Bleeding\": 0.9842822551727295,\n        \"Erosion\": 0.8631002902984619,\n        \"Erythema\": 0.9370880126953125,\n        \"Foreign Body\": 0.9903677105903625,\n        \"Lymphangiectasia\": 0.9888232350349426,\n        \"Normal\": 0.9568727016448975,\n        \"Polyp\": 0.9440714716911316,\n        \"Ulcer\": 0.9991384744644165,\n        \"Worms\": 0.9997921586036682\n    },\n    \"mean_average_precision\": 0.9624698758125305,\n    \"mean_f1_score\": 0.9113897681236267,\n    \"mean_specificity\": 0.9901464581489563,\n    \"mean_sensitivity\": 0.9112505912780762,\n    \"balanced_accuracy\": 0.9112505912780762\n}",
    "test_metrics": "{\n    \"Angioectasia\": {\n        \"precision\": 0.5120100975036621,\n        \"recall\": 0.8148893117904663,\n        \"f1-score\": 0.6288819909095764,\n        \"specificity\": 0.975311815738678\n    },\n    \"Bleeding\": {\n        \"precision\": 0.7054794430732727,\n        \"recall\": 0.8607242107391357,\n        \"f1-score\": 0.7754077911376953,\n        \"specificity\": 0.9918214678764343\n    },\n    \"Erosion\": {\n        \"precision\": 0.5677655935287476,\n        \"recall\": 0.6709956526756287,\n        \"f1-score\": 0.6150793433189392,\n        \"specificity\": 0.9606062769889832\n    },\n    \"Erythema\": {\n        \"precision\": 0.4950980246067047,\n        \"recall\": 0.680134654045105,\n        \"f1-score\": 0.5730496644973755,\n        \"specificity\": 0.9869908690452576\n    },\n    \"Foreign Body\": {\n        \"precision\": 0.6056910753250122,\n        \"recall\": 0.8764705657958984,\n        \"f1-score\": 0.7163461446762085,\n        \"specificity\": 0.9877153038978577\n    },\n    \"Lymphangiectasia\": {\n        \"precision\": 0.6757990717887878,\n        \"recall\": 0.8629737496376038,\n        \"f1-score\": 0.7580025792121887,\n        \"specificity\": 0.9910063743591309\n    },\n    \"Normal\": {\n        \"precision\": 0.9900510907173157,\n        \"recall\": 0.8989989161491394,\n        \"f1-score\": 0.9423306584358215,\n        \"specificity\": 0.9711313247680664\n    },\n    \"Polyp\": {\n        \"precision\": 0.5196374654769897,\n        \"recall\": 0.6880000233650208,\n        \"f1-score\": 0.5920826196670532,\n        \"specificity\": 0.9796571135520935\n    },\n    \"Ulcer\": {\n        \"precision\": 0.911475419998169,\n        \"recall\": 0.9720279574394226,\n        \"f1-score\": 0.9407783150672913,\n        \"specificity\": 0.9982960820198059\n    },\n    \"Worms\": {\n        \"precision\": 0.8947368264198303,\n        \"recall\": 1.0,\n        \"f1-score\": 0.9444444179534912,\n        \"specificity\": 0.9995020031929016\n    },\n    \"macro avg\": {\n        \"precision\": 0.6877743601799011,\n        \"recall\": 0.8325214385986328,\n        \"f1-score\": 0.7486403584480286,\n        \"specificity\": 0.9842039346694946\n    },\n    \"accuracy\": 0.8691420555114746,\n    \"auc_roc_scores\": {\n        \"Angioectasia\": 0.9730210304260254,\n        \"Bleeding\": 0.991286039352417,\n        \"Erosion\": 0.934464156627655,\n        \"Erythema\": 0.9721300005912781,\n        \"Foreign Body\": 0.9862791299819946,\n        \"Lymphangiectasia\": 0.9856892228126526,\n        \"Normal\": 0.9865490198135376,\n        \"Polyp\": 0.9760047197341919,\n        \"Ulcer\": 0.9997023344039917,\n        \"Worms\": 0.999998152256012\n    },\n    \"mean_auc\": 0.9805124402046204,\n    \"average_precision_scores\": {\n        \"Angioectasia\": 0.7918292284011841,\n        \"Bleeding\": 0.88438880443573,\n        \"Erosion\": 0.6819689273834229,\n        \"Erythema\": 0.5864750146865845,\n        \"Foreign Body\": 0.864240825176239,\n        \"Lymphangiectasia\": 0.8811395764350891,\n        \"Normal\": 0.9958134889602661,\n        \"Polyp\": 0.6654032468795776,\n        \"Ulcer\": 0.9889808893203735,\n        \"Worms\": 0.9995706081390381\n    },\n    \"mean_average_precision\": 0.8339811563491821,\n    \"mean_f1_score\": 0.7486403584480286,\n    \"mean_specificity\": 0.9842039346694946,\n    \"mean_sensitivity\": 0.8325214385986328,\n    \"balanced_accuracy\": 0.8325214385986328\n}"
}