{
    "epoch": 5,
    "train_metrics": "{\n    \"Angioectasia\": {\n        \"precision\": 0.8919135332107544,\n        \"recall\": 0.870312511920929,\n        \"f1-score\": 0.8809806108474731,\n        \"specificity\": 0.988006055355072\n    },\n    \"Bleeding\": {\n        \"precision\": 0.9267229437828064,\n        \"recall\": 0.937190055847168,\n        \"f1-score\": 0.9319271445274353,\n        \"specificity\": 0.9920828938484192\n    },\n    \"Erosion\": {\n        \"precision\": 0.7229857444763184,\n        \"recall\": 0.728284478187561,\n        \"f1-score\": 0.7256253957748413,\n        \"specificity\": 0.9696961045265198\n    },\n    \"Erythema\": {\n        \"precision\": 0.8343287706375122,\n        \"recall\": 0.8497751951217651,\n        \"f1-score\": 0.8419811129570007,\n        \"specificity\": 0.9811387658119202\n    },\n    \"Foreign Body\": {\n        \"precision\": 0.9511158466339111,\n        \"recall\": 0.9440928101539612,\n        \"f1-score\": 0.9475913047790527,\n        \"specificity\": 0.9945586323738098\n    },\n    \"Lymphangiectasia\": {\n        \"precision\": 0.9485294222831726,\n        \"recall\": 0.9393203854560852,\n        \"f1-score\": 0.9439024329185486,\n        \"specificity\": 0.9944246411323547\n    },\n    \"Normal\": {\n        \"precision\": 0.9045417308807373,\n        \"recall\": 0.8780359029769897,\n        \"f1-score\": 0.8910917639732361,\n        \"specificity\": 0.9896212220191956\n    },\n    \"Polyp\": {\n        \"precision\": 0.8339178562164307,\n        \"recall\": 0.8615424633026123,\n        \"f1-score\": 0.8475050926208496,\n        \"specificity\": 0.9803515076637268\n    },\n    \"Ulcer\": {\n        \"precision\": 0.9863472580909729,\n        \"recall\": 0.9863472580909729,\n        \"f1-score\": 0.9863472580909729,\n        \"specificity\": 0.998428463935852\n    },\n    \"Worms\": {\n        \"precision\": 0.9950549602508545,\n        \"recall\": 0.9956019520759583,\n        \"f1-score\": 0.9953283667564392,\n        \"specificity\": 0.9994701147079468\n    },\n    \"macro avg\": {\n        \"precision\": 0.8995458483695984,\n        \"recall\": 0.8990503549575806,\n        \"f1-score\": 0.8992280960083008,\n        \"specificity\": 0.9887778162956238\n    },\n    \"accuracy\": 0.8990081548690796,\n    \"auc_roc_scores\": {\n        \"Angioectasia\": 0.9919617772102356,\n        \"Bleeding\": 0.9977736473083496,\n        \"Erosion\": 0.9677267074584961,\n        \"Erythema\": 0.9895762801170349,\n        \"Foreign Body\": 0.9986057281494141,\n        \"Lymphangiectasia\": 0.9976153373718262,\n        \"Normal\": 0.9895530343055725,\n        \"Polyp\": 0.9899137020111084,\n        \"Ulcer\": 0.9997232556343079,\n        \"Worms\": 0.9999850392341614\n    },\n    \"mean_auc\": 0.9922434687614441,\n    \"average_precision_scores\": {\n        \"Angioectasia\": 0.9535298347473145,\n        \"Bleeding\": 0.9809178113937378,\n        \"Erosion\": 0.8104021549224854,\n        \"Erythema\": 0.9168981313705444,\n        \"Foreign Body\": 0.9894987344741821,\n        \"Lymphangiectasia\": 0.9844995141029358,\n        \"Normal\": 0.9512163400650024,\n        \"Polyp\": 0.9276320934295654,\n        \"Ulcer\": 0.9985427856445312,\n        \"Worms\": 0.9998611211776733\n    },\n    \"mean_average_precision\": 0.9512998461723328,\n    \"mean_f1_score\": 0.8992280960083008,\n    \"mean_specificity\": 0.9887778162956238,\n    \"mean_sensitivity\": 0.8990503549575806,\n    \"balanced_accuracy\": 0.8990503549575806\n}",
    "test_metrics": "{\n    \"Angioectasia\": {\n        \"precision\": 0.5975610017776489,\n        \"recall\": 0.7887324094772339,\n        \"f1-score\": 0.6799653172492981,\n        \"specificity\": 0.9831147789955139\n    },\n    \"Bleeding\": {\n        \"precision\": 0.723557710647583,\n        \"recall\": 0.8384401202201843,\n        \"f1-score\": 0.7767741680145264,\n        \"specificity\": 0.9927090406417847\n    },\n    \"Erosion\": {\n        \"precision\": 0.5916271805763245,\n        \"recall\": 0.6484848260879517,\n        \"f1-score\": 0.6187525987625122,\n        \"specificity\": 0.965480387210846\n    },\n    \"Erythema\": {\n        \"precision\": 0.4000000059604645,\n        \"recall\": 0.680134654045105,\n        \"f1-score\": 0.503740668296814,\n        \"specificity\": 0.9808651804924011\n    },\n    \"Foreign Body\": {\n        \"precision\": 0.5636363625526428,\n        \"recall\": 0.9117646813392639,\n        \"f1-score\": 0.6966292262077332,\n        \"specificity\": 0.9848024249076843\n    },\n    \"Lymphangiectasia\": {\n        \"precision\": 0.6879432797431946,\n        \"recall\": 0.8483964800834656,\n        \"f1-score\": 0.7597911357879639,\n        \"specificity\": 0.9916397333145142\n    },\n    \"Normal\": {\n        \"precision\": 0.989952027797699,\n        \"recall\": 0.8900464177131653,\n        \"f1-score\": 0.9373446702957153,\n        \"specificity\": 0.9711313247680664\n    },\n    \"Polyp\": {\n        \"precision\": 0.4305555522441864,\n        \"recall\": 0.7440000176429749,\n        \"f1-score\": 0.5454545617103577,\n        \"specificity\": 0.9685261249542236\n    },\n    \"Ulcer\": {\n        \"precision\": 0.8454545736312866,\n        \"recall\": 0.9755244851112366,\n        \"f1-score\": 0.9058441519737244,\n        \"specificity\": 0.9967815279960632\n    },\n    \"Worms\": {\n        \"precision\": 0.8933333158493042,\n        \"recall\": 0.9852941036224365,\n        \"f1-score\": 0.9370629191398621,\n        \"specificity\": 0.9995020031929016\n    },\n    \"macro avg\": {\n        \"precision\": 0.6723620891571045,\n        \"recall\": 0.8310818076133728,\n        \"f1-score\": 0.7361359596252441,\n        \"specificity\": 0.9834553003311157\n    },\n    \"accuracy\": 0.8615794777870178,\n    \"auc_roc_scores\": {\n        \"Angioectasia\": 0.9767367839813232,\n        \"Bleeding\": 0.9901845455169678,\n        \"Erosion\": 0.9544165134429932,\n        \"Erythema\": 0.9711309671401978,\n        \"Foreign Body\": 0.9873859882354736,\n        \"Lymphangiectasia\": 0.9796786308288574,\n        \"Normal\": 0.9841518998146057,\n        \"Polyp\": 0.9734960198402405,\n        \"Ulcer\": 0.9993836879730225,\n        \"Worms\": 0.999983549118042\n    },\n    \"mean_auc\": 0.981654942035675,\n    \"average_precision_scores\": {\n        \"Angioectasia\": 0.7948310375213623,\n        \"Bleeding\": 0.8797926902770996,\n        \"Erosion\": 0.6933838129043579,\n        \"Erythema\": 0.5606219172477722,\n        \"Foreign Body\": 0.8983557820320129,\n        \"Lymphangiectasia\": 0.8471977710723877,\n        \"Normal\": 0.995032548904419,\n        \"Polyp\": 0.6400383114814758,\n        \"Ulcer\": 0.9739025831222534,\n        \"Worms\": 0.9966044425964355\n    },\n    \"mean_average_precision\": 0.8279760479927063,\n    \"mean_f1_score\": 0.7361359596252441,\n    \"mean_specificity\": 0.9834553003311157,\n    \"mean_sensitivity\": 0.8310818076133728,\n    \"balanced_accuracy\": 0.8310818076133728\n}"
}