{
    "epoch": 19,
    "train_metrics": "{\n    \"Angioectasia\": {\n        \"precision\": 0.9650107026100159,\n        \"recall\": 0.9629530906677246,\n        \"f1-score\": 0.9639807939529419,\n        \"specificity\": 0.9961305856704712\n    },\n    \"Bleeding\": {\n        \"precision\": 0.9679337739944458,\n        \"recall\": 0.9719553589820862,\n        \"f1-score\": 0.9699404239654541,\n        \"specificity\": 0.9963265657424927\n    },\n    \"Erosion\": {\n        \"precision\": 0.9065595865249634,\n        \"recall\": 0.9012510180473328,\n        \"f1-score\": 0.9038974642753601,\n        \"specificity\": 0.989689826965332\n    },\n    \"Erythema\": {\n        \"precision\": 0.9368856549263,\n        \"recall\": 0.9514052867889404,\n        \"f1-score\": 0.9440896511077881,\n        \"specificity\": 0.9927810430526733\n    },\n    \"Foreign Body\": {\n        \"precision\": 0.9789700508117676,\n        \"recall\": 0.9752887487411499,\n        \"f1-score\": 0.9771259427070618,\n        \"specificity\": 0.9976980090141296\n    },\n    \"Lymphangiectasia\": {\n        \"precision\": 0.9819293022155762,\n        \"recall\": 0.9808866381645203,\n        \"f1-score\": 0.9814077019691467,\n        \"specificity\": 0.9979905486106873\n    },\n    \"Normal\": {\n        \"precision\": 0.9696969985961914,\n        \"recall\": 0.9533011317253113,\n        \"f1-score\": 0.9614291787147522,\n        \"specificity\": 0.9967238306999207\n    },\n    \"Polyp\": {\n        \"precision\": 0.9505975842475891,\n        \"recall\": 0.9582329392433167,\n        \"f1-score\": 0.9544000029563904,\n        \"specificity\": 0.9945087432861328\n    },\n    \"Ulcer\": {\n        \"precision\": 0.9968454241752625,\n        \"recall\": 0.9973698258399963,\n        \"f1-score\": 0.9971075654029846,\n        \"specificity\": 0.9996449947357178\n    },\n    \"Worms\": {\n        \"precision\": 0.9983744025230408,\n        \"recall\": 0.9994575381278992,\n        \"f1-score\": 0.9989156723022461,\n        \"specificity\": 0.9998230934143066\n    },\n    \"macro avg\": {\n        \"precision\": 0.9652803540229797,\n        \"recall\": 0.9652101397514343,\n        \"f1-score\": 0.9652294516563416,\n        \"specificity\": 0.9961317181587219\n    },\n    \"accuracy\": 0.9651926755905151,\n    \"auc_roc_scores\": {\n        \"Angioectasia\": 0.9993732571601868,\n        \"Bleeding\": 0.9996466636657715,\n        \"Erosion\": 0.9953187704086304,\n        \"Erythema\": 0.9987467527389526,\n        \"Foreign Body\": 0.9998094439506531,\n        \"Lymphangiectasia\": 0.9997662305831909,\n        \"Normal\": 0.9986467361450195,\n        \"Polyp\": 0.9991456866264343,\n        \"Ulcer\": 0.9999930262565613,\n        \"Worms\": 0.9999997019767761\n    },\n    \"mean_auc\": 0.9990445971488953,\n    \"average_precision_scores\": {\n        \"Angioectasia\": 0.9948928952217102,\n        \"Bleeding\": 0.9969480633735657,\n        \"Erosion\": 0.96761155128479,\n        \"Erythema\": 0.9884039163589478,\n        \"Foreign Body\": 0.9982868432998657,\n        \"Lymphangiectasia\": 0.9982303380966187,\n        \"Normal\": 0.9917939901351929,\n        \"Polyp\": 0.9925937652587891,\n        \"Ulcer\": 0.9999387860298157,\n        \"Worms\": 0.9999978542327881\n    },\n    \"mean_average_precision\": 0.9928697943687439,\n    \"mean_f1_score\": 0.9652294516563416,\n    \"mean_specificity\": 0.9961317181587219,\n    \"mean_sensitivity\": 0.9652101397514343,\n    \"balanced_accuracy\": 0.9652101397514343\n}",
    "test_metrics": "{\n    \"Angioectasia\": {\n        \"precision\": 0.6805053949356079,\n        \"recall\": 0.758551299571991,\n        \"f1-score\": 0.717411994934082,\n        \"specificity\": 0.9886792302131653\n    },\n    \"Bleeding\": {\n        \"precision\": 0.7871794700622559,\n        \"recall\": 0.8551532030105591,\n        \"f1-score\": 0.8197596669197083,\n        \"specificity\": 0.9947378635406494\n    },\n    \"Erosion\": {\n        \"precision\": 0.6570342183113098,\n        \"recall\": 0.7480519413948059,\n        \"f1-score\": 0.6995951533317566,\n        \"specificity\": 0.9698871374130249\n    },\n    \"Erythema\": {\n        \"precision\": 0.5962145328521729,\n        \"recall\": 0.6363636255264282,\n        \"f1-score\": 0.6156351566314697,\n        \"specificity\": 0.9919166564941406\n    },\n    \"Foreign Body\": {\n        \"precision\": 0.8100264072418213,\n        \"recall\": 0.9029411673545837,\n        \"f1-score\": 0.8539638519287109,\n        \"specificity\": 0.9954407215118408\n    },\n    \"Lymphangiectasia\": {\n        \"precision\": 0.8181818127632141,\n        \"recall\": 0.8658891916275024,\n        \"f1-score\": 0.8413597941398621,\n        \"specificity\": 0.9958198666572571\n    },\n    \"Normal\": {\n        \"precision\": 0.9846630692481995,\n        \"recall\": 0.9562138915061951,\n        \"f1-score\": 0.970229983329773,\n        \"specificity\": 0.9524057507514954\n    },\n    \"Polyp\": {\n        \"precision\": 0.6628571152687073,\n        \"recall\": 0.6959999799728394,\n        \"f1-score\": 0.6790243983268738,\n        \"specificity\": 0.9886770844459534\n    },\n    \"Ulcer\": {\n        \"precision\": 0.9686411023139954,\n        \"recall\": 0.9720279574394226,\n        \"f1-score\": 0.970331609249115,\n        \"specificity\": 0.9994320273399353\n    },\n    \"Worms\": {\n        \"precision\": 0.9571428298950195,\n        \"recall\": 0.9852941036224365,\n        \"f1-score\": 0.9710144996643066,\n        \"specificity\": 0.9998132586479187\n    },\n    \"macro avg\": {\n        \"precision\": 0.7922446131706238,\n        \"recall\": 0.8376486897468567,\n        \"f1-score\": 0.8138325810432434,\n        \"specificity\": 0.9876810312271118\n    },\n    \"accuracy\": 0.9163773655891418,\n    \"auc_roc_scores\": {\n        \"Angioectasia\": 0.981340765953064,\n        \"Bleeding\": 0.9909526109695435,\n        \"Erosion\": 0.9632627964019775,\n        \"Erythema\": 0.9740265607833862,\n        \"Foreign Body\": 0.9907343983650208,\n        \"Lymphangiectasia\": 0.9887512922286987,\n        \"Normal\": 0.9919546842575073,\n        \"Polyp\": 0.9735544919967651,\n        \"Ulcer\": 0.9990242123603821,\n        \"Worms\": 0.9999844431877136\n    },\n    \"mean_auc\": 0.9853586554527283,\n    \"average_precision_scores\": {\n        \"Angioectasia\": 0.820434033870697,\n        \"Bleeding\": 0.8945157527923584,\n        \"Erosion\": 0.7727221846580505,\n        \"Erythema\": 0.6273772716522217,\n        \"Foreign Body\": 0.9168651103973389,\n        \"Lymphangiectasia\": 0.9024051427841187,\n        \"Normal\": 0.9974980354309082,\n        \"Polyp\": 0.7302702069282532,\n        \"Ulcer\": 0.9909341335296631,\n        \"Worms\": 0.9970588088035583\n    },\n    \"mean_average_precision\": 0.8650081753730774,\n    \"mean_f1_score\": 0.8138325810432434,\n    \"mean_specificity\": 0.9876810312271118,\n    \"mean_sensitivity\": 0.8376486897468567,\n    \"balanced_accuracy\": 0.8376486897468567\n}"
}