{
    "epoch": 12,
    "train_metrics": "{\n    \"Angioectasia\": {\n        \"precision\": 0.9496327638626099,\n        \"recall\": 0.9523809552192688,\n        \"f1-score\": 0.9510048627853394,\n        \"specificity\": 0.9943205118179321\n    },\n    \"Bleeding\": {\n        \"precision\": 0.9571390748023987,\n        \"recall\": 0.9691160917282104,\n        \"f1-score\": 0.9630903601646423,\n        \"specificity\": 0.9951847791671753\n    },\n    \"Erosion\": {\n        \"precision\": 0.8768802285194397,\n        \"recall\": 0.8634119629859924,\n        \"f1-score\": 0.8700940012931824,\n        \"specificity\": 0.9869850873947144\n    },\n    \"Erythema\": {\n        \"precision\": 0.9199453592300415,\n        \"recall\": 0.9270374178886414,\n        \"f1-score\": 0.9234777688980103,\n        \"specificity\": 0.9913759827613831\n    },\n    \"Foreign Body\": {\n        \"precision\": 0.9669984579086304,\n        \"recall\": 0.9695377945899963,\n        \"f1-score\": 0.9682664275169373,\n        \"specificity\": 0.996272087097168\n    },\n    \"Lymphangiectasia\": {\n        \"precision\": 0.9721105098724365,\n        \"recall\": 0.9708088040351868,\n        \"f1-score\": 0.9714592099189758,\n        \"specificity\": 0.9969297051429749\n    },\n    \"Normal\": {\n        \"precision\": 0.9490394592285156,\n        \"recall\": 0.9282358884811401,\n        \"f1-score\": 0.9385223984718323,\n        \"specificity\": 0.99434494972229\n    },\n    \"Polyp\": {\n        \"precision\": 0.9265421032905579,\n        \"recall\": 0.9378238320350647,\n        \"f1-score\": 0.932148814201355,\n        \"specificity\": 0.9914955496788025\n    },\n    \"Ulcer\": {\n        \"precision\": 0.9925313591957092,\n        \"recall\": 0.9938568472862244,\n        \"f1-score\": 0.9931936264038086,\n        \"specificity\": 0.9991731643676758\n    },\n    \"Worms\": {\n        \"precision\": 0.9973621964454651,\n        \"recall\": 0.9965735077857971,\n        \"f1-score\": 0.9969676733016968,\n        \"specificity\": 0.9997042417526245\n    },\n    \"macro avg\": {\n        \"precision\": 0.9508181810379028,\n        \"recall\": 0.9508783221244812,\n        \"f1-score\": 0.9508225321769714,\n        \"specificity\": 0.9945786595344543\n    },\n    \"accuracy\": 0.9511793255805969,\n    \"auc_roc_scores\": {\n        \"Angioectasia\": 0.9986312389373779,\n        \"Bleeding\": 0.999361515045166,\n        \"Erosion\": 0.9918472170829773,\n        \"Erythema\": 0.9975636005401611,\n        \"Foreign Body\": 0.9995853304862976,\n        \"Lymphangiectasia\": 0.9994937181472778,\n        \"Normal\": 0.9961473941802979,\n        \"Polyp\": 0.9977656006813049,\n        \"Ulcer\": 0.9999783039093018,\n        \"Worms\": 0.9999948740005493\n    },\n    \"mean_auc\": 0.9980368614196777,\n    \"average_precision_scores\": {\n        \"Angioectasia\": 0.9903577566146851,\n        \"Bleeding\": 0.9942085146903992,\n        \"Erosion\": 0.9433361291885376,\n        \"Erythema\": 0.9780418872833252,\n        \"Foreign Body\": 0.996579647064209,\n        \"Lymphangiectasia\": 0.9962924122810364,\n        \"Normal\": 0.9816266298294067,\n        \"Polyp\": 0.9807214736938477,\n        \"Ulcer\": 0.9998058676719666,\n        \"Worms\": 0.999955415725708\n    },\n    \"mean_average_precision\": 0.9860925674438477,\n    \"mean_f1_score\": 0.9508225321769714,\n    \"mean_specificity\": 0.9945786595344543,\n    \"mean_sensitivity\": 0.9508783221244812,\n    \"balanced_accuracy\": 0.9508783221244812\n}",
    "test_metrics": "{\n    \"Angioectasia\": {\n        \"precision\": 0.595522403717041,\n        \"recall\": 0.8028169274330139,\n        \"f1-score\": 0.6838046312332153,\n        \"specificity\": 0.982667088508606\n    },\n    \"Bleeding\": {\n        \"precision\": 0.8047493696212769,\n        \"recall\": 0.8495821952819824,\n        \"f1-score\": 0.8265582919120789,\n        \"specificity\": 0.9953084588050842\n    },\n    \"Erosion\": {\n        \"precision\": 0.6214340925216675,\n        \"recall\": 0.6978355050086975,\n        \"f1-score\": 0.6574224829673767,\n        \"specificity\": 0.9672163724899292\n    },\n    \"Erythema\": {\n        \"precision\": 0.46436285972595215,\n        \"recall\": 0.7239057421684265,\n        \"f1-score\": 0.5657894611358643,\n        \"specificity\": 0.9843384623527527\n    },\n    \"Foreign Body\": {\n        \"precision\": 0.8048780560493469,\n        \"recall\": 0.8735294342041016,\n        \"f1-score\": 0.8377997279167175,\n        \"specificity\": 0.9954407215118408\n    },\n    \"Lymphangiectasia\": {\n        \"precision\": 0.7823834419250488,\n        \"recall\": 0.8804664611816406,\n        \"f1-score\": 0.8285322189331055,\n        \"specificity\": 0.994679868221283\n    },\n    \"Normal\": {\n        \"precision\": 0.9899879097938538,\n        \"recall\": 0.933506965637207,\n        \"f1-score\": 0.9609181880950928,\n        \"specificity\": 0.9698309302330017\n    },\n    \"Polyp\": {\n        \"precision\": 0.5591571927070618,\n        \"recall\": 0.6899999976158142,\n        \"f1-score\": 0.6177260279655457,\n        \"specificity\": 0.9825997948646545\n    },\n    \"Ulcer\": {\n        \"precision\": 0.9450171589851379,\n        \"recall\": 0.9615384340286255,\n        \"f1-score\": 0.9532062411308289,\n        \"specificity\": 0.9989902973175049\n    },\n    \"Worms\": {\n        \"precision\": 0.9189189076423645,\n        \"recall\": 1.0,\n        \"f1-score\": 0.9577465057373047,\n        \"specificity\": 0.9996265172958374\n    },\n    \"macro avg\": {\n        \"precision\": 0.7486411333084106,\n        \"recall\": 0.8413181304931641,\n        \"f1-score\": 0.7889503836631775,\n        \"specificity\": 0.9870699048042297\n    },\n    \"accuracy\": 0.8977188467979431,\n    \"auc_roc_scores\": {\n        \"Angioectasia\": 0.9758201837539673,\n        \"Bleeding\": 0.9899619817733765,\n        \"Erosion\": 0.953831672668457,\n        \"Erythema\": 0.9751562476158142,\n        \"Foreign Body\": 0.986821711063385,\n        \"Lymphangiectasia\": 0.9911061525344849,\n        \"Normal\": 0.9907481074333191,\n        \"Polyp\": 0.9725894331932068,\n        \"Ulcer\": 0.998279333114624,\n        \"Worms\": 0.9999990463256836\n    },\n    \"mean_auc\": 0.9834314584732056,\n    \"average_precision_scores\": {\n        \"Angioectasia\": 0.8115344047546387,\n        \"Bleeding\": 0.8927567005157471,\n        \"Erosion\": 0.7388669848442078,\n        \"Erythema\": 0.6040899753570557,\n        \"Foreign Body\": 0.9177681803703308,\n        \"Lymphangiectasia\": 0.9006118774414062,\n        \"Normal\": 0.9971935749053955,\n        \"Polyp\": 0.688422679901123,\n        \"Ulcer\": 0.9831933379173279,\n        \"Worms\": 0.9997868537902832\n    },\n    \"mean_average_precision\": 0.8534225821495056,\n    \"mean_f1_score\": 0.7889503836631775,\n    \"mean_specificity\": 0.9870699048042297,\n    \"mean_sensitivity\": 0.8413181304931641,\n    \"balanced_accuracy\": 0.8413181304931641\n}"
}