{
    "epoch": 11,
    "train_metrics": "{\n    \"Angioectasia\": {\n        \"precision\": 0.9478594660758972,\n        \"recall\": 0.9416576027870178,\n        \"f1-score\": 0.9447483420372009,\n        \"specificity\": 0.9944016933441162\n    },\n    \"Bleeding\": {\n        \"precision\": 0.9523809552192688,\n        \"recall\": 0.9617428183555603,\n        \"f1-score\": 0.9570389986038208,\n        \"specificity\": 0.9946517944335938\n    },\n    \"Erosion\": {\n        \"precision\": 0.8558870553970337,\n        \"recall\": 0.8563432693481445,\n        \"f1-score\": 0.8561151027679443,\n        \"specificity\": 0.9840201139450073\n    },\n    \"Erythema\": {\n        \"precision\": 0.9116862416267395,\n        \"recall\": 0.9180548191070557,\n        \"f1-score\": 0.914859414100647,\n        \"specificity\": 0.9902316927909851\n    },\n    \"Foreign Body\": {\n        \"precision\": 0.9618279337882996,\n        \"recall\": 0.9659827351570129,\n        \"f1-score\": 0.9639008641242981,\n        \"specificity\": 0.9958115816116333\n    },\n    \"Lymphangiectasia\": {\n        \"precision\": 0.9722148180007935,\n        \"recall\": 0.970917820930481,\n        \"f1-score\": 0.9715659022331238,\n        \"specificity\": 0.9969284534454346\n    },\n    \"Normal\": {\n        \"precision\": 0.9471282958984375,\n        \"recall\": 0.9240638613700867,\n        \"f1-score\": 0.9354539513587952,\n        \"specificity\": 0.9941695332527161\n    },\n    \"Polyp\": {\n        \"precision\": 0.918911874294281,\n        \"recall\": 0.9291192889213562,\n        \"f1-score\": 0.9239873886108398,\n        \"specificity\": 0.990835428237915\n    },\n    \"Ulcer\": {\n        \"precision\": 0.9940506815910339,\n        \"recall\": 0.9943078756332397,\n        \"f1-score\": 0.9941792488098145,\n        \"specificity\": 0.9993183612823486\n    },\n    \"Worms\": {\n        \"precision\": 0.9984135627746582,\n        \"recall\": 0.9978858232498169,\n        \"f1-score\": 0.9981496334075928,\n        \"specificity\": 0.9998226165771484\n    },\n    \"macro avg\": {\n        \"precision\": 0.9460360407829285,\n        \"recall\": 0.9460076689720154,\n        \"f1-score\": 0.9459999203681946,\n        \"specificity\": 0.9940191507339478\n    },\n    \"accuracy\": 0.9461536407470703,\n    \"auc_roc_scores\": {\n        \"Angioectasia\": 0.9982564449310303,\n        \"Bleeding\": 0.9991269111633301,\n        \"Erosion\": 0.9900108575820923,\n        \"Erythema\": 0.9973887801170349,\n        \"Foreign Body\": 0.9992810487747192,\n        \"Lymphangiectasia\": 0.9994324445724487,\n        \"Normal\": 0.9962706565856934,\n        \"Polyp\": 0.997413158416748,\n        \"Ulcer\": 0.9999654293060303,\n        \"Worms\": 0.999995231628418\n    },\n    \"mean_auc\": 0.9977140426635742,\n    \"average_precision_scores\": {\n        \"Angioectasia\": 0.9878344535827637,\n        \"Bleeding\": 0.9925034642219543,\n        \"Erosion\": 0.9363399147987366,\n        \"Erythema\": 0.9767457246780396,\n        \"Foreign Body\": 0.9945648908615112,\n        \"Lymphangiectasia\": 0.9957706332206726,\n        \"Normal\": 0.9801561832427979,\n        \"Polyp\": 0.9789931178092957,\n        \"Ulcer\": 0.9996907711029053,\n        \"Worms\": 0.9999582767486572\n    },\n    \"mean_average_precision\": 0.9842557907104492,\n    \"mean_f1_score\": 0.9459999203681946,\n    \"mean_specificity\": 0.9940191507339478,\n    \"mean_sensitivity\": 0.9460076689720154,\n    \"balanced_accuracy\": 0.9460076689720154\n}",
    "test_metrics": "{\n    \"Angioectasia\": {\n        \"precision\": 0.6195826530456543,\n        \"recall\": 0.7766599655151367,\n        \"f1-score\": 0.6892856955528259,\n        \"specificity\": 0.9848417043685913\n    },\n    \"Bleeding\": {\n        \"precision\": 0.7550504803657532,\n        \"recall\": 0.8328690528869629,\n        \"f1-score\": 0.7920529842376709,\n        \"specificity\": 0.9938502311706543\n    },\n    \"Erosion\": {\n        \"precision\": 0.6517646908760071,\n        \"recall\": 0.7194805145263672,\n        \"f1-score\": 0.6839506030082703,\n        \"specificity\": 0.9703545570373535\n    },\n    \"Erythema\": {\n        \"precision\": 0.5634218454360962,\n        \"recall\": 0.6430976390838623,\n        \"f1-score\": 0.6006289124488831,\n        \"specificity\": 0.9906536340713501\n    },\n    \"Foreign Body\": {\n        \"precision\": 0.7469586133956909,\n        \"recall\": 0.9029411673545837,\n        \"f1-score\": 0.8175765872001648,\n        \"specificity\": 0.9934144020080566\n    },\n    \"Lymphangiectasia\": {\n        \"precision\": 0.6882216930389404,\n        \"recall\": 0.8688046932220459,\n        \"f1-score\": 0.7680412530899048,\n        \"specificity\": 0.9914497137069702\n    },\n    \"Normal\": {\n        \"precision\": 0.9878163933753967,\n        \"recall\": 0.9370065927505493,\n        \"f1-score\": 0.9617408514022827,\n        \"specificity\": 0.9630689024925232\n    },\n    \"Polyp\": {\n        \"precision\": 0.5630914568901062,\n        \"recall\": 0.7139999866485596,\n        \"f1-score\": 0.6296296119689941,\n        \"specificity\": 0.9822799563407898\n    },\n    \"Ulcer\": {\n        \"precision\": 0.9419795274734497,\n        \"recall\": 0.9650349617004395,\n        \"f1-score\": 0.9533678889274597,\n        \"specificity\": 0.9989271759986877\n    },\n    \"Worms\": {\n        \"precision\": 0.931506872177124,\n        \"recall\": 1.0,\n        \"f1-score\": 0.9645389914512634,\n        \"specificity\": 0.9996887445449829\n    },\n    \"macro avg\": {\n        \"precision\": 0.7449394464492798,\n        \"recall\": 0.8359894752502441,\n        \"f1-score\": 0.7860813736915588,\n        \"specificity\": 0.9868528246879578\n    },\n    \"accuracy\": 0.9004462957382202,\n    \"auc_roc_scores\": {\n        \"Angioectasia\": 0.9782035946846008,\n        \"Bleeding\": 0.9878260493278503,\n        \"Erosion\": 0.9647077918052673,\n        \"Erythema\": 0.9721847772598267,\n        \"Foreign Body\": 0.99229896068573,\n        \"Lymphangiectasia\": 0.9871811866760254,\n        \"Normal\": 0.9900997877120972,\n        \"Polyp\": 0.9776848554611206,\n        \"Ulcer\": 0.9996250867843628,\n        \"Worms\": 0.9999945163726807\n    },\n    \"mean_auc\": 0.9849807024002075,\n    \"average_precision_scores\": {\n        \"Angioectasia\": 0.8029952049255371,\n        \"Bleeding\": 0.8915835022926331,\n        \"Erosion\": 0.7650077939033508,\n        \"Erythema\": 0.635373592376709,\n        \"Foreign Body\": 0.925070583820343,\n        \"Lymphangiectasia\": 0.8899710178375244,\n        \"Normal\": 0.9969820976257324,\n        \"Polyp\": 0.6973698139190674,\n        \"Ulcer\": 0.9866477251052856,\n        \"Worms\": 0.9987210631370544\n    },\n    \"mean_average_precision\": 0.8589722514152527,\n    \"mean_f1_score\": 0.7860813736915588,\n    \"mean_specificity\": 0.9868528246879578,\n    \"mean_sensitivity\": 0.8359894752502441,\n    \"balanced_accuracy\": 0.8359894752502441\n}"
}