{
    "epoch": 15,
    "train_metrics": "{\n    \"Angioectasia\": {\n        \"precision\": 0.9615384340286255,\n        \"recall\": 0.9575026035308838,\n        \"f1-score\": 0.9595162868499756,\n        \"specificity\": 0.9956798553466797\n    },\n    \"Bleeding\": {\n        \"precision\": 0.9624400734901428,\n        \"recall\": 0.9683731198310852,\n        \"f1-score\": 0.9653974771499634,\n        \"specificity\": 0.9958377480506897\n    },\n    \"Erosion\": {\n        \"precision\": 0.8953732848167419,\n        \"recall\": 0.8939632773399353,\n        \"f1-score\": 0.8946677446365356,\n        \"specificity\": 0.9882237911224365\n    },\n    \"Erythema\": {\n        \"precision\": 0.9263721704483032,\n        \"recall\": 0.9394515156745911,\n        \"f1-score\": 0.9328659772872925,\n        \"specificity\": 0.9918936491012573\n    },\n    \"Foreign Body\": {\n        \"precision\": 0.9783769249916077,\n        \"recall\": 0.9760319590568542,\n        \"f1-score\": 0.9772030115127563,\n        \"specificity\": 0.9976072311401367\n    },\n    \"Lymphangiectasia\": {\n        \"precision\": 0.9753215909004211,\n        \"recall\": 0.9742984771728516,\n        \"f1-score\": 0.9748097658157349,\n        \"specificity\": 0.9972184300422668\n    },\n    \"Normal\": {\n        \"precision\": 0.9662107825279236,\n        \"recall\": 0.9451731443405151,\n        \"f1-score\": 0.9555761814117432,\n        \"specificity\": 0.9962716102600098\n    },\n    \"Polyp\": {\n        \"precision\": 0.9368139505386353,\n        \"recall\": 0.9469553232192993,\n        \"f1-score\": 0.9418573379516602,\n        \"specificity\": 0.9930408000946045\n    },\n    \"Ulcer\": {\n        \"precision\": 0.9954774975776672,\n        \"recall\": 0.9965379238128662,\n        \"f1-score\": 0.9960074424743652,\n        \"specificity\": 0.9994978308677673\n    },\n    \"Worms\": {\n        \"precision\": 0.9989304542541504,\n        \"recall\": 0.9986634850502014,\n        \"f1-score\": 0.9987969398498535,\n        \"specificity\": 0.9998818635940552\n    },\n    \"macro avg\": {\n        \"precision\": 0.9596855044364929,\n        \"recall\": 0.959695041179657,\n        \"f1-score\": 0.9596698880195618,\n        \"specificity\": 0.9955152869224548\n    },\n    \"accuracy\": 0.9596351981163025,\n    \"auc_roc_scores\": {\n        \"Angioectasia\": 0.9990891814231873,\n        \"Bleeding\": 0.9995450973510742,\n        \"Erosion\": 0.9945113062858582,\n        \"Erythema\": 0.9982814788818359,\n        \"Foreign Body\": 0.999610424041748,\n        \"Lymphangiectasia\": 0.9996855854988098,\n        \"Normal\": 0.9976826310157776,\n        \"Polyp\": 0.9986072778701782,\n        \"Ulcer\": 0.9999930262565613,\n        \"Worms\": 0.9999994039535522\n    },\n    \"mean_auc\": 0.9987005591392517,\n    \"average_precision_scores\": {\n        \"Angioectasia\": 0.9933919906616211,\n        \"Bleeding\": 0.9958533048629761,\n        \"Erosion\": 0.9624560475349426,\n        \"Erythema\": 0.9841609001159668,\n        \"Foreign Body\": 0.9973417520523071,\n        \"Lymphangiectasia\": 0.9972914457321167,\n        \"Normal\": 0.9877640604972839,\n        \"Polyp\": 0.9886603951454163,\n        \"Ulcer\": 0.9999372959136963,\n        \"Worms\": 0.9999945163726807\n    },\n    \"mean_average_precision\": 0.9906851649284363,\n    \"mean_f1_score\": 0.9596698880195618,\n    \"mean_specificity\": 0.9955152869224548,\n    \"mean_sensitivity\": 0.959695041179657,\n    \"balanced_accuracy\": 0.959695041179657\n}",
    "test_metrics": "{\n    \"Angioectasia\": {\n        \"precision\": 0.6603773832321167,\n        \"recall\": 0.7746478915214539,\n        \"f1-score\": 0.7129629850387573,\n        \"specificity\": 0.9873360991477966\n    },\n    \"Bleeding\": {\n        \"precision\": 0.7892031073570251,\n        \"recall\": 0.8551532030105591,\n        \"f1-score\": 0.8208556175231934,\n        \"specificity\": 0.9948012232780457\n    },\n    \"Erosion\": {\n        \"precision\": 0.6398524045944214,\n        \"recall\": 0.7506493330001831,\n        \"f1-score\": 0.6908366680145264,\n        \"specificity\": 0.9674167037010193\n    },\n    \"Erythema\": {\n        \"precision\": 0.6025640964508057,\n        \"recall\": 0.6329966187477112,\n        \"f1-score\": 0.6174055933952332,\n        \"specificity\": 0.9921692609786987\n    },\n    \"Foreign Body\": {\n        \"precision\": 0.7679012417793274,\n        \"recall\": 0.9147058725357056,\n        \"f1-score\": 0.8348993062973022,\n        \"specificity\": 0.9940476417541504\n    },\n    \"Lymphangiectasia\": {\n        \"precision\": 0.7623762488365173,\n        \"recall\": 0.8979591727256775,\n        \"f1-score\": 0.8246318697929382,\n        \"specificity\": 0.9939197897911072\n    },\n    \"Normal\": {\n        \"precision\": 0.9880698919296265,\n        \"recall\": 0.9436802864074707,\n        \"f1-score\": 0.9653650522232056,\n        \"specificity\": 0.963589072227478\n    },\n    \"Polyp\": {\n        \"precision\": 0.6113013625144958,\n        \"recall\": 0.7139999866485596,\n        \"f1-score\": 0.6586715579032898,\n        \"specificity\": 0.9854785203933716\n    },\n    \"Ulcer\": {\n        \"precision\": 0.9619377255439758,\n        \"recall\": 0.9720279574394226,\n        \"f1-score\": 0.9669564962387085,\n        \"specificity\": 0.9993058443069458\n    },\n    \"Worms\": {\n        \"precision\": 0.8947368264198303,\n        \"recall\": 1.0,\n        \"f1-score\": 0.9444444179534912,\n        \"specificity\": 0.9995020031929016\n    },\n    \"macro avg\": {\n        \"precision\": 0.7678320407867432,\n        \"recall\": 0.8455820083618164,\n        \"f1-score\": 0.8037029504776001,\n        \"specificity\": 0.9877565503120422\n    },\n    \"accuracy\": 0.9090007543563843,\n    \"auc_roc_scores\": {\n        \"Angioectasia\": 0.9809466600418091,\n        \"Bleeding\": 0.9893128871917725,\n        \"Erosion\": 0.9601974487304688,\n        \"Erythema\": 0.9755722284317017,\n        \"Foreign Body\": 0.9897995591163635,\n        \"Lymphangiectasia\": 0.9861602187156677,\n        \"Normal\": 0.9916249513626099,\n        \"Polyp\": 0.9756200313568115,\n        \"Ulcer\": 0.9996522068977356,\n        \"Worms\": 1.0\n    },\n    \"mean_auc\": 0.9848886728286743,\n    \"average_precision_scores\": {\n        \"Angioectasia\": 0.819894015789032,\n        \"Bleeding\": 0.8850957155227661,\n        \"Erosion\": 0.7671632766723633,\n        \"Erythema\": 0.6177120208740234,\n        \"Foreign Body\": 0.9179922342300415,\n        \"Lymphangiectasia\": 0.9023063778877258,\n        \"Normal\": 0.9974199533462524,\n        \"Polyp\": 0.7164310216903687,\n        \"Ulcer\": 0.9876629710197449,\n        \"Worms\": 1.0\n    },\n    \"mean_average_precision\": 0.8611677289009094,\n    \"mean_f1_score\": 0.8037029504776001,\n    \"mean_specificity\": 0.9877565503120422,\n    \"mean_sensitivity\": 0.8455820083618164,\n    \"balanced_accuracy\": 0.8455820083618164\n}"
}