{
    "epoch": 4,
    "train_metrics": "{\n    \"Angioectasia\": {\n        \"precision\": 0.8748603463172913,\n        \"recall\": 0.84375,\n        \"f1-score\": 0.8590235710144043,\n        \"specificity\": 0.9867827296257019\n    },\n    \"Bleeding\": {\n        \"precision\": 0.9097586274147034,\n        \"recall\": 0.9157644510269165,\n        \"f1-score\": 0.9127516746520996,\n        \"specificity\": 0.9898285269737244\n    },\n    \"Erosion\": {\n        \"precision\": 0.6882845163345337,\n        \"recall\": 0.7007454633712769,\n        \"f1-score\": 0.694459080696106,\n        \"specificity\": 0.9647868871688843\n    },\n    \"Erythema\": {\n        \"precision\": 0.7904635667800903,\n        \"recall\": 0.7991430163383484,\n        \"f1-score\": 0.7947795987129211,\n        \"specificity\": 0.9766480922698975\n    },\n    \"Foreign Body\": {\n        \"precision\": 0.9423912763595581,\n        \"recall\": 0.9305071234703064,\n        \"f1-score\": 0.9364114999771118,\n        \"specificity\": 0.9937426447868347\n    },\n    \"Lymphangiectasia\": {\n        \"precision\": 0.932185173034668,\n        \"recall\": 0.926946759223938,\n        \"f1-score\": 0.9295585751533508,\n        \"specificity\": 0.9925597906112671\n    },\n    \"Normal\": {\n        \"precision\": 0.8905431628227234,\n        \"recall\": 0.8696823120117188,\n        \"f1-score\": 0.8799890875816345,\n        \"specificity\": 0.9882866740226746\n    },\n    \"Polyp\": {\n        \"precision\": 0.8091296553611755,\n        \"recall\": 0.8387935757637024,\n        \"f1-score\": 0.82369464635849,\n        \"specificity\": 0.977459192276001\n    },\n    \"Ulcer\": {\n        \"precision\": 0.9817232489585876,\n        \"recall\": 0.9830065369606018,\n        \"f1-score\": 0.9823644757270813,\n        \"specificity\": 0.9979279041290283\n    },\n    \"Worms\": {\n        \"precision\": 0.9923199415206909,\n        \"recall\": 0.994162917137146,\n        \"f1-score\": 0.9932405352592468,\n        \"specificity\": 0.9991430044174194\n    },\n    \"macro avg\": {\n        \"precision\": 0.8811659812927246,\n        \"recall\": 0.8802501559257507,\n        \"f1-score\": 0.8806272745132446,\n        \"specificity\": 0.9867165684700012\n    },\n    \"accuracy\": 0.8804478049278259,\n    \"auc_roc_scores\": {\n        \"Angioectasia\": 0.989517331123352,\n        \"Bleeding\": 0.9964577555656433,\n        \"Erosion\": 0.962149977684021,\n        \"Erythema\": 0.9836759567260742,\n        \"Foreign Body\": 0.9976769685745239,\n        \"Lymphangiectasia\": 0.9969607591629028,\n        \"Normal\": 0.9874894618988037,\n        \"Polyp\": 0.9873901605606079,\n        \"Ulcer\": 0.9997601509094238,\n        \"Worms\": 0.9999643564224243\n    },\n    \"mean_auc\": 0.9901043176651001,\n    \"average_precision_scores\": {\n        \"Angioectasia\": 0.9383623003959656,\n        \"Bleeding\": 0.9729660749435425,\n        \"Erosion\": 0.7849516868591309,\n        \"Erythema\": 0.8749502897262573,\n        \"Foreign Body\": 0.9840840101242065,\n        \"Lymphangiectasia\": 0.9806470274925232,\n        \"Normal\": 0.9420897960662842,\n        \"Polyp\": 0.9062581062316895,\n        \"Ulcer\": 0.9983838200569153,\n        \"Worms\": 0.9996848106384277\n    },\n    \"mean_average_precision\": 0.9382377862930298,\n    \"mean_f1_score\": 0.8806272745132446,\n    \"mean_specificity\": 0.9867165684700012,\n    \"mean_sensitivity\": 0.8802501559257507,\n    \"balanced_accuracy\": 0.8802501559257507\n}",
    "test_metrics": "{\n    \"Angioectasia\": {\n        \"precision\": 0.6591760516166687,\n        \"recall\": 0.7082495093345642,\n        \"f1-score\": 0.6828321814537048,\n        \"specificity\": 0.9883594512939453\n    },\n    \"Bleeding\": {\n        \"precision\": 0.6991150379180908,\n        \"recall\": 0.8802228569984436,\n        \"f1-score\": 0.7792848348617554,\n        \"specificity\": 0.9913776516914368\n    },\n    \"Erosion\": {\n        \"precision\": 0.5466284155845642,\n        \"recall\": 0.6597402691841125,\n        \"f1-score\": 0.5978814959526062,\n        \"specificity\": 0.9578019380569458\n    },\n    \"Erythema\": {\n        \"precision\": 0.2935393154621124,\n        \"recall\": 0.7037037014961243,\n        \"f1-score\": 0.4142715632915497,\n        \"specificity\": 0.9682348966598511\n    },\n    \"Foreign Body\": {\n        \"precision\": 0.5711575150489807,\n        \"recall\": 0.8852941393852234,\n        \"f1-score\": 0.6943483352661133,\n        \"specificity\": 0.9856889843940735\n    },\n    \"Lymphangiectasia\": {\n        \"precision\": 0.6666666865348816,\n        \"recall\": 0.8688046932220459,\n        \"f1-score\": 0.75443035364151,\n        \"specificity\": 0.9905630350112915\n    },\n    \"Normal\": {\n        \"precision\": 0.9933029413223267,\n        \"recall\": 0.8691299557685852,\n        \"f1-score\": 0.9270769953727722,\n        \"specificity\": 0.9812743663787842\n    },\n    \"Polyp\": {\n        \"precision\": 0.4137931168079376,\n        \"recall\": 0.7440000176429749,\n        \"f1-score\": 0.5318084359169006,\n        \"specificity\": 0.9662870764732361\n    },\n    \"Ulcer\": {\n        \"precision\": 0.817365288734436,\n        \"recall\": 0.9545454382896423,\n        \"f1-score\": 0.8806451559066772,\n        \"specificity\": 0.9961504340171814\n    },\n    \"Worms\": {\n        \"precision\": 0.8292682766914368,\n        \"recall\": 1.0,\n        \"f1-score\": 0.9066666960716248,\n        \"specificity\": 0.9991284608840942\n    },\n    \"macro avg\": {\n        \"precision\": 0.6490013003349304,\n        \"recall\": 0.8273691534996033,\n        \"f1-score\": 0.7169246077537537,\n        \"specificity\": 0.9824866652488708\n    },\n    \"accuracy\": 0.8449045419692993,\n    \"auc_roc_scores\": {\n        \"Angioectasia\": 0.9656887054443359,\n        \"Bleeding\": 0.9889976382255554,\n        \"Erosion\": 0.9370330572128296,\n        \"Erythema\": 0.9611209630966187,\n        \"Foreign Body\": 0.9901642203330994,\n        \"Lymphangiectasia\": 0.9841573238372803,\n        \"Normal\": 0.9830200672149658,\n        \"Polyp\": 0.9714558720588684,\n        \"Ulcer\": 0.9962457418441772,\n        \"Worms\": 0.9999423623085022\n    },\n    \"mean_auc\": 0.977782666683197,\n    \"average_precision_scores\": {\n        \"Angioectasia\": 0.7709857225418091,\n        \"Bleeding\": 0.888780415058136,\n        \"Erosion\": 0.6538894176483154,\n        \"Erythema\": 0.49158671498298645,\n        \"Foreign Body\": 0.8833085298538208,\n        \"Lymphangiectasia\": 0.8730900883674622,\n        \"Normal\": 0.9947885274887085,\n        \"Polyp\": 0.6068937182426453,\n        \"Ulcer\": 0.9643850326538086,\n        \"Worms\": 0.9866286516189575\n    },\n    \"mean_average_precision\": 0.811433732509613,\n    \"mean_f1_score\": 0.7169246077537537,\n    \"mean_specificity\": 0.9824866652488708,\n    \"mean_sensitivity\": 0.8273691534996033,\n    \"balanced_accuracy\": 0.8273691534996033\n}"
}