{
    "epoch": 17,
    "train_metrics": "{\n    \"Angioectasia\": {\n        \"precision\": 0.9632812738418579,\n        \"recall\": 0.9645371437072754,\n        \"f1-score\": 0.9639087915420532,\n        \"specificity\": 0.995824933052063\n    },\n    \"Bleeding\": {\n        \"precision\": 0.954680323600769,\n        \"recall\": 0.9679977893829346,\n        \"f1-score\": 0.9612929224967957,\n        \"specificity\": 0.9950516819953918\n    },\n    \"Erosion\": {\n        \"precision\": 0.9040403962135315,\n        \"recall\": 0.8900811076164246,\n        \"f1-score\": 0.8970064520835876,\n        \"specificity\": 0.9893150925636292\n    },\n    \"Erythema\": {\n        \"precision\": 0.9362156391143799,\n        \"recall\": 0.9458075165748596,\n        \"f1-score\": 0.9409871101379395,\n        \"specificity\": 0.9929494261741638\n    },\n    \"Foreign Body\": {\n        \"precision\": 0.9718055129051208,\n        \"recall\": 0.9735682606697083,\n        \"f1-score\": 0.9726861119270325,\n        \"specificity\": 0.9967702031135559\n    },\n    \"Lymphangiectasia\": {\n        \"precision\": 0.9793028235435486,\n        \"recall\": 0.9750542044639587,\n        \"f1-score\": 0.977173924446106,\n        \"specificity\": 0.9977593421936035\n    },\n    \"Normal\": {\n        \"precision\": 0.9651194214820862,\n        \"recall\": 0.9488261938095093,\n        \"f1-score\": 0.9569034576416016,\n        \"specificity\": 0.9961556792259216\n    },\n    \"Polyp\": {\n        \"precision\": 0.9460366368293762,\n        \"recall\": 0.9554107189178467,\n        \"f1-score\": 0.950700581073761,\n        \"specificity\": 0.9938114285469055\n    },\n    \"Ulcer\": {\n        \"precision\": 0.997089147567749,\n        \"recall\": 0.9965617656707764,\n        \"f1-score\": 0.9968253970146179,\n        \"specificity\": 0.9996747970581055\n    },\n    \"Worms\": {\n        \"precision\": 0.9983489513397217,\n        \"recall\": 0.9988986849784851,\n        \"f1-score\": 0.9986237287521362,\n        \"specificity\": 0.9998233914375305\n    },\n    \"macro avg\": {\n        \"precision\": 0.9615920186042786,\n        \"recall\": 0.9616743326187134,\n        \"f1-score\": 0.9616107940673828,\n        \"specificity\": 0.9957136511802673\n    },\n    \"accuracy\": 0.9614433646202087,\n    \"auc_roc_scores\": {\n        \"Angioectasia\": 0.9993427991867065,\n        \"Bleeding\": 0.9994744062423706,\n        \"Erosion\": 0.9943329095840454,\n        \"Erythema\": 0.9985915422439575,\n        \"Foreign Body\": 0.9997224807739258,\n        \"Lymphangiectasia\": 0.9996336698532104,\n        \"Normal\": 0.9979045391082764,\n        \"Polyp\": 0.9989079833030701,\n        \"Ulcer\": 0.9999912977218628,\n        \"Worms\": 0.9999988675117493\n    },\n    \"mean_auc\": 0.9987899661064148,\n    \"average_precision_scores\": {\n        \"Angioectasia\": 0.994843065738678,\n        \"Bleeding\": 0.9953571557998657,\n        \"Erosion\": 0.9642113447189331,\n        \"Erythema\": 0.9866377115249634,\n        \"Foreign Body\": 0.9976211786270142,\n        \"Lymphangiectasia\": 0.9976027011871338,\n        \"Normal\": 0.9888970851898193,\n        \"Polyp\": 0.9905584454536438,\n        \"Ulcer\": 0.9999209642410278,\n        \"Worms\": 0.9999890923500061\n    },\n    \"mean_average_precision\": 0.9915639162063599,\n    \"mean_f1_score\": 0.9616107940673828,\n    \"mean_specificity\": 0.9957136511802673,\n    \"mean_sensitivity\": 0.9616743326187134,\n    \"balanced_accuracy\": 0.9616743326187134\n}",
    "test_metrics": "{\n    \"Angioectasia\": {\n        \"precision\": 0.675579309463501,\n        \"recall\": 0.7625754475593567,\n        \"f1-score\": 0.7164461016654968,\n        \"specificity\": 0.9883594512939453\n    },\n    \"Bleeding\": {\n        \"precision\": 0.8131579160690308,\n        \"recall\": 0.8607242107391357,\n        \"f1-score\": 0.8362652063369751,\n        \"specificity\": 0.9954986572265625\n    },\n    \"Erosion\": {\n        \"precision\": 0.6340761780738831,\n        \"recall\": 0.7636363506317139,\n        \"f1-score\": 0.6928515434265137,\n        \"specificity\": 0.966014564037323\n    },\n    \"Erythema\": {\n        \"precision\": 0.5853658318519592,\n        \"recall\": 0.6464646458625793,\n        \"f1-score\": 0.6144000291824341,\n        \"specificity\": 0.9914114475250244\n    },\n    \"Foreign Body\": {\n        \"precision\": 0.8095238208770752,\n        \"recall\": 0.8999999761581421,\n        \"f1-score\": 0.8523676991462708,\n        \"specificity\": 0.9954407215118408\n    },\n    \"Lymphangiectasia\": {\n        \"precision\": 0.7792207598686218,\n        \"recall\": 0.8746355772018433,\n        \"f1-score\": 0.8241758346557617,\n        \"specificity\": 0.9946165084838867\n    },\n    \"Normal\": {\n        \"precision\": 0.9883800148963928,\n        \"recall\": 0.9414828419685364,\n        \"f1-score\": 0.9643616080284119,\n        \"specificity\": 0.9646294116973877\n    },\n    \"Polyp\": {\n        \"precision\": 0.5798449516296387,\n        \"recall\": 0.7480000257492065,\n        \"f1-score\": 0.6532751321792603,\n        \"specificity\": 0.9826637506484985\n    },\n    \"Ulcer\": {\n        \"precision\": 0.9586206674575806,\n        \"recall\": 0.9720279574394226,\n        \"f1-score\": 0.9652777910232544,\n        \"specificity\": 0.9992427229881287\n    },\n    \"Worms\": {\n        \"precision\": 0.9714285731315613,\n        \"recall\": 1.0,\n        \"f1-score\": 0.9855072498321533,\n        \"specificity\": 0.9998754858970642\n    },\n    \"macro avg\": {\n        \"precision\": 0.77951979637146,\n        \"recall\": 0.8469547629356384,\n        \"f1-score\": 0.8104928135871887,\n        \"specificity\": 0.9877752661705017\n    },\n    \"accuracy\": 0.908504843711853,\n    \"auc_roc_scores\": {\n        \"Angioectasia\": 0.9780247211456299,\n        \"Bleeding\": 0.9883458614349365,\n        \"Erosion\": 0.9597127437591553,\n        \"Erythema\": 0.978562593460083,\n        \"Foreign Body\": 0.9886467456817627,\n        \"Lymphangiectasia\": 0.9890620112419128,\n        \"Normal\": 0.9915539026260376,\n        \"Polyp\": 0.9772643446922302,\n        \"Ulcer\": 0.9996950030326843,\n        \"Worms\": 0.9999980926513672\n    },\n    \"mean_auc\": 0.9850866198539734,\n    \"average_precision_scores\": {\n        \"Angioectasia\": 0.8252941370010376,\n        \"Bleeding\": 0.8955529928207397,\n        \"Erosion\": 0.7665765285491943,\n        \"Erythema\": 0.6217745542526245,\n        \"Foreign Body\": 0.9161403775215149,\n        \"Lymphangiectasia\": 0.9005292654037476,\n        \"Normal\": 0.9974216222763062,\n        \"Polyp\": 0.719035804271698,\n        \"Ulcer\": 0.989681601524353,\n        \"Worms\": 0.9995798468589783\n    },\n    \"mean_average_precision\": 0.8631587028503418,\n    \"mean_f1_score\": 0.8104928135871887,\n    \"mean_specificity\": 0.9877752661705017,\n    \"mean_sensitivity\": 0.8469547629356384,\n    \"balanced_accuracy\": 0.8469547629356384\n}"
}