{
    "epoch": 8,
    "train_metrics": "{\n    \"Angioectasia\": {\n        \"precision\": 0.920922577381134,\n        \"recall\": 0.9124047756195068,\n        \"f1-score\": 0.9166439175605774,\n        \"specificity\": 0.9915121793746948\n    },\n    \"Bleeding\": {\n        \"precision\": 0.9404945969581604,\n        \"recall\": 0.9492979645729065,\n        \"f1-score\": 0.9448757767677307,\n        \"specificity\": 0.9931578040122986\n    },\n    \"Erosion\": {\n        \"precision\": 0.8033573031425476,\n        \"recall\": 0.7965654134750366,\n        \"f1-score\": 0.7999469637870789,\n        \"specificity\": 0.9781798720359802\n    },\n    \"Erythema\": {\n        \"precision\": 0.8942179679870605,\n        \"recall\": 0.8901856541633606,\n        \"f1-score\": 0.8921972513198853,\n        \"specificity\": 0.9882673025131226\n    },\n    \"Foreign Body\": {\n        \"precision\": 0.9603069424629211,\n        \"recall\": 0.9620890617370605,\n        \"f1-score\": 0.9611971974372864,\n        \"specificity\": 0.995566725730896\n    },\n    \"Lymphangiectasia\": {\n        \"precision\": 0.9598901271820068,\n        \"recall\": 0.9585734009742737,\n        \"f1-score\": 0.9592313170433044,\n        \"specificity\": 0.9957010746002197\n    },\n    \"Normal\": {\n        \"precision\": 0.9287233948707581,\n        \"recall\": 0.9115113615989685,\n        \"f1-score\": 0.9200369119644165,\n        \"specificity\": 0.9920653700828552\n    },\n    \"Polyp\": {\n        \"precision\": 0.8920528292655945,\n        \"recall\": 0.9174653887748718,\n        \"f1-score\": 0.9045806527137756,\n        \"specificity\": 0.9876813292503357\n    },\n    \"Ulcer\": {\n        \"precision\": 0.9908257126808167,\n        \"recall\": 0.9923864603042603,\n        \"f1-score\": 0.9916054606437683,\n        \"specificity\": 0.9989644289016724\n    },\n    \"Worms\": {\n        \"precision\": 0.9951612949371338,\n        \"recall\": 0.9959644675254822,\n        \"f1-score\": 0.995562732219696,\n        \"specificity\": 0.9994688630104065\n    },\n    \"macro avg\": {\n        \"precision\": 0.928595244884491,\n        \"recall\": 0.9286443591117859,\n        \"f1-score\": 0.9285878539085388,\n        \"specificity\": 0.9920564889907837\n    },\n    \"accuracy\": 0.9285239577293396,\n    \"auc_roc_scores\": {\n        \"Angioectasia\": 0.9964805841445923,\n        \"Bleeding\": 0.9986452460289001,\n        \"Erosion\": 0.9825423955917358,\n        \"Erythema\": 0.9950811862945557,\n        \"Foreign Body\": 0.9992014169692993,\n        \"Lymphangiectasia\": 0.9990437030792236,\n        \"Normal\": 0.9948979616165161,\n        \"Polyp\": 0.995729386806488,\n        \"Ulcer\": 0.999722421169281,\n        \"Worms\": 0.9999833703041077\n    },\n    \"mean_auc\": 0.9961327910423279,\n    \"average_precision_scores\": {\n        \"Angioectasia\": 0.9758561849594116,\n        \"Bleeding\": 0.9885766506195068,\n        \"Erosion\": 0.8923563361167908,\n        \"Erythema\": 0.9582167863845825,\n        \"Foreign Body\": 0.9937688112258911,\n        \"Lymphangiectasia\": 0.9926899671554565,\n        \"Normal\": 0.9723978638648987,\n        \"Polyp\": 0.9670552015304565,\n        \"Ulcer\": 0.9992280602455139,\n        \"Worms\": 0.9998487234115601\n    },\n    \"mean_average_precision\": 0.9739994406700134,\n    \"mean_f1_score\": 0.9285878539085388,\n    \"mean_specificity\": 0.9920564889907837,\n    \"mean_sensitivity\": 0.9286443591117859,\n    \"balanced_accuracy\": 0.9286443591117859\n}",
    "test_metrics": "{\n    \"Angioectasia\": {\n        \"precision\": 0.6854130029678345,\n        \"recall\": 0.7847082614898682,\n        \"f1-score\": 0.7317073345184326,\n        \"specificity\": 0.9885513186454773\n    },\n    \"Bleeding\": {\n        \"precision\": 0.8031495809555054,\n        \"recall\": 0.8523676991462708,\n        \"f1-score\": 0.8270270228385925,\n        \"specificity\": 0.9952450394630432\n    },\n    \"Erosion\": {\n        \"precision\": 0.5973201990127563,\n        \"recall\": 0.7333333492279053,\n        \"f1-score\": 0.6583754420280457,\n        \"specificity\": 0.9618749022483826\n    },\n    \"Erythema\": {\n        \"precision\": 0.5621117949485779,\n        \"recall\": 0.6094276309013367,\n        \"f1-score\": 0.584814190864563,\n        \"specificity\": 0.9910956621170044\n    },\n    \"Foreign Body\": {\n        \"precision\": 0.7989130616188049,\n        \"recall\": 0.8647058606147766,\n        \"f1-score\": 0.8305084705352783,\n        \"specificity\": 0.9953140616416931\n    },\n    \"Lymphangiectasia\": {\n        \"precision\": 0.6209677457809448,\n        \"recall\": 0.8979591727256775,\n        \"f1-score\": 0.7342073917388916,\n        \"specificity\": 0.9880929589271545\n    },\n    \"Normal\": {\n        \"precision\": 0.9892154932022095,\n        \"recall\": 0.9256938099861145,\n        \"f1-score\": 0.9564011096954346,\n        \"specificity\": 0.9677503108978271\n    },\n    \"Polyp\": {\n        \"precision\": 0.5295815467834473,\n        \"recall\": 0.734000027179718,\n        \"f1-score\": 0.6152556538581848,\n        \"specificity\": 0.979145348072052\n    },\n    \"Ulcer\": {\n        \"precision\": 0.8888888955116272,\n        \"recall\": 0.9790209531784058,\n        \"f1-score\": 0.9317803382873535,\n        \"specificity\": 0.9977912306785583\n    },\n    \"Worms\": {\n        \"precision\": 0.9444444179534912,\n        \"recall\": 1.0,\n        \"f1-score\": 0.9714285731315613,\n        \"specificity\": 0.9997509717941284\n    },\n    \"macro avg\": {\n        \"precision\": 0.7420005798339844,\n        \"recall\": 0.8381217122077942,\n        \"f1-score\": 0.7841505408287048,\n        \"specificity\": 0.9864611625671387\n    },\n    \"accuracy\": 0.8935655951499939,\n    \"auc_roc_scores\": {\n        \"Angioectasia\": 0.98233962059021,\n        \"Bleeding\": 0.989317774772644,\n        \"Erosion\": 0.958869457244873,\n        \"Erythema\": 0.9753210544586182,\n        \"Foreign Body\": 0.9889723062515259,\n        \"Lymphangiectasia\": 0.991328775882721,\n        \"Normal\": 0.9879940748214722,\n        \"Polyp\": 0.9779875874519348,\n        \"Ulcer\": 0.9991142749786377,\n        \"Worms\": 0.9999871850013733\n    },\n    \"mean_auc\": 0.9851232767105103,\n    \"average_precision_scores\": {\n        \"Angioectasia\": 0.8349762558937073,\n        \"Bleeding\": 0.8983445763587952,\n        \"Erosion\": 0.7338463068008423,\n        \"Erythema\": 0.6111842393875122,\n        \"Foreign Body\": 0.901425302028656,\n        \"Lymphangiectasia\": 0.8939404487609863,\n        \"Normal\": 0.9962722063064575,\n        \"Polyp\": 0.6927392482757568,\n        \"Ulcer\": 0.982138991355896,\n        \"Worms\": 0.9970183372497559\n    },\n    \"mean_average_precision\": 0.8541885614395142,\n    \"mean_f1_score\": 0.7841505408287048,\n    \"mean_specificity\": 0.9864611625671387,\n    \"mean_sensitivity\": 0.8381217122077942,\n    \"balanced_accuracy\": 0.8381217122077942\n}"
}