{
    "epoch": 16,
    "train_metrics": "{\n    \"Angioectasia\": {\n        \"precision\": 0.961067259311676,\n        \"recall\": 0.9615908265113831,\n        \"f1-score\": 0.9613289833068848,\n        \"specificity\": 0.995786190032959\n    },\n    \"Bleeding\": {\n        \"precision\": 0.958442211151123,\n        \"recall\": 0.9670358896255493,\n        \"f1-score\": 0.9627198576927185,\n        \"specificity\": 0.9952979683876038\n    },\n    \"Erosion\": {\n        \"precision\": 0.9003463983535767,\n        \"recall\": 0.8908515572547913,\n        \"f1-score\": 0.8955737948417664,\n        \"specificity\": 0.9889394640922546\n    },\n    \"Erythema\": {\n        \"precision\": 0.9296548366546631,\n        \"recall\": 0.939978837966919,\n        \"f1-score\": 0.9347883462905884,\n        \"specificity\": 0.9920473098754883\n    },\n    \"Foreign Body\": {\n        \"precision\": 0.9749933481216431,\n        \"recall\": 0.9718907475471497,\n        \"f1-score\": 0.9734395742416382,\n        \"specificity\": 0.9972218871116638\n    },\n    \"Lymphangiectasia\": {\n        \"precision\": 0.9748784303665161,\n        \"recall\": 0.9738262295722961,\n        \"f1-score\": 0.9743520617485046,\n        \"specificity\": 0.9972566962242126\n    },\n    \"Normal\": {\n        \"precision\": 0.9618008136749268,\n        \"recall\": 0.9420096278190613,\n        \"f1-score\": 0.9518023729324341,\n        \"specificity\": 0.9958659410476685\n    },\n    \"Polyp\": {\n        \"precision\": 0.9376823306083679,\n        \"recall\": 0.9515607953071594,\n        \"f1-score\": 0.9445706009864807,\n        \"specificity\": 0.9930660128593445\n    },\n    \"Ulcer\": {\n        \"precision\": 0.9966268539428711,\n        \"recall\": 0.9966268539428711,\n        \"f1-score\": 0.9966268539428711,\n        \"specificity\": 0.9996148347854614\n    },\n    \"Worms\": {\n        \"precision\": 0.9984126687049866,\n        \"recall\": 0.9984126687049866,\n        \"f1-score\": 0.9984126687049866,\n        \"specificity\": 0.9998226165771484\n    },\n    \"macro avg\": {\n        \"precision\": 0.9593905806541443,\n        \"recall\": 0.9593784213066101,\n        \"f1-score\": 0.9593615531921387,\n        \"specificity\": 0.9954918026924133\n    },\n    \"accuracy\": 0.9594224691390991,\n    \"auc_roc_scores\": {\n        \"Angioectasia\": 0.9991462230682373,\n        \"Bleeding\": 0.9994739294052124,\n        \"Erosion\": 0.9940441846847534,\n        \"Erythema\": 0.9984476566314697,\n        \"Foreign Body\": 0.999656617641449,\n        \"Lymphangiectasia\": 0.9996445178985596,\n        \"Normal\": 0.9974397420883179,\n        \"Polyp\": 0.9986766576766968,\n        \"Ulcer\": 0.9999954700469971,\n        \"Worms\": 0.9999990463256836\n    },\n    \"mean_auc\": 0.998652458190918,\n    \"average_precision_scores\": {\n        \"Angioectasia\": 0.9930883049964905,\n        \"Bleeding\": 0.9954801201820374,\n        \"Erosion\": 0.9621714353561401,\n        \"Erythema\": 0.9857957363128662,\n        \"Foreign Body\": 0.9973136782646179,\n        \"Lymphangiectasia\": 0.9970950484275818,\n        \"Normal\": 0.9867470264434814,\n        \"Polyp\": 0.9888424873352051,\n        \"Ulcer\": 0.99996018409729,\n        \"Worms\": 0.9999915361404419\n    },\n    \"mean_average_precision\": 0.9906485676765442,\n    \"mean_f1_score\": 0.9593615531921387,\n    \"mean_specificity\": 0.9954918026924133,\n    \"mean_sensitivity\": 0.9593784213066101,\n    \"balanced_accuracy\": 0.9593784213066101\n}",
    "test_metrics": "{\n    \"Angioectasia\": {\n        \"precision\": 0.7113593816757202,\n        \"recall\": 0.7686116695404053,\n        \"f1-score\": 0.7388781309127808,\n        \"specificity\": 0.9900863170623779\n    },\n    \"Bleeding\": {\n        \"precision\": 0.791773796081543,\n        \"recall\": 0.8579387068748474,\n        \"f1-score\": 0.8235294222831726,\n        \"specificity\": 0.9948646426200867\n    },\n    \"Erosion\": {\n        \"precision\": 0.6197583675384521,\n        \"recall\": 0.754978358745575,\n        \"f1-score\": 0.680718183517456,\n        \"specificity\": 0.9642785787582397\n    },\n    \"Erythema\": {\n        \"precision\": 0.5433526039123535,\n        \"recall\": 0.6329966187477112,\n        \"f1-score\": 0.5847589373588562,\n        \"specificity\": 0.9900221228599548\n    },\n    \"Foreign Body\": {\n        \"precision\": 0.782608687877655,\n        \"recall\": 0.8999999761581421,\n        \"f1-score\": 0.8372092843055725,\n        \"specificity\": 0.9946175217628479\n    },\n    \"Lymphangiectasia\": {\n        \"precision\": 0.7599999904632568,\n        \"recall\": 0.8862974047660828,\n        \"f1-score\": 0.818304181098938,\n        \"specificity\": 0.9939197897911072\n    },\n    \"Normal\": {\n        \"precision\": 0.9872942566871643,\n        \"recall\": 0.9422967433929443,\n        \"f1-score\": 0.964270830154419,\n        \"specificity\": 0.9612483978271484\n    },\n    \"Polyp\": {\n        \"precision\": 0.6092942953109741,\n        \"recall\": 0.7080000042915344,\n        \"f1-score\": 0.6549491286277771,\n        \"specificity\": 0.9854785203933716\n    },\n    \"Ulcer\": {\n        \"precision\": 0.9548611044883728,\n        \"recall\": 0.9615384340286255,\n        \"f1-score\": 0.9581881761550903,\n        \"specificity\": 0.9991796016693115\n    },\n    \"Worms\": {\n        \"precision\": 0.9848484992980957,\n        \"recall\": 0.9558823704719543,\n        \"f1-score\": 0.9701492786407471,\n        \"specificity\": 0.9999377727508545\n    },\n    \"macro avg\": {\n        \"precision\": 0.7745150923728943,\n        \"recall\": 0.8368539810180664,\n        \"f1-score\": 0.8030956387519836,\n        \"specificity\": 0.9873632788658142\n    },\n    \"accuracy\": 0.9070171117782593,\n    \"auc_roc_scores\": {\n        \"Angioectasia\": 0.9782568216323853,\n        \"Bleeding\": 0.992400586605072,\n        \"Erosion\": 0.9627498388290405,\n        \"Erythema\": 0.9748724102973938,\n        \"Foreign Body\": 0.9933114051818848,\n        \"Lymphangiectasia\": 0.9892669916152954,\n        \"Normal\": 0.9913231134414673,\n        \"Polyp\": 0.9753592610359192,\n        \"Ulcer\": 0.9997397661209106,\n        \"Worms\": 0.9999130368232727\n    },\n    \"mean_auc\": 0.9857193231582642,\n    \"average_precision_scores\": {\n        \"Angioectasia\": 0.8286536931991577,\n        \"Bleeding\": 0.9036340713500977,\n        \"Erosion\": 0.7623902559280396,\n        \"Erythema\": 0.6016057729721069,\n        \"Foreign Body\": 0.913831353187561,\n        \"Lymphangiectasia\": 0.8968605399131775,\n        \"Normal\": 0.9973093271255493,\n        \"Polyp\": 0.7151200771331787,\n        \"Ulcer\": 0.9864938259124756,\n        \"Worms\": 0.9893789291381836\n    },\n    \"mean_average_precision\": 0.8595277667045593,\n    \"mean_f1_score\": 0.8030956387519836,\n    \"mean_specificity\": 0.9873632788658142,\n    \"mean_sensitivity\": 0.8368539810180664,\n    \"balanced_accuracy\": 0.8368539810180664\n}"
}