{
    "epoch": 14,
    "train_metrics": "{\n    \"Angioectasia\": {\n        \"precision\": 0.9504924416542053,\n        \"recall\": 0.9502394795417786,\n        \"f1-score\": 0.9503659605979919,\n        \"specificity\": 0.994504988193512\n    },\n    \"Bleeding\": {\n        \"precision\": 0.9526235461235046,\n        \"recall\": 0.9671580195426941,\n        \"f1-score\": 0.9598357677459717,\n        \"specificity\": 0.9944872260093689\n    },\n    \"Erosion\": {\n        \"precision\": 0.8855708241462708,\n        \"recall\": 0.874934732913971,\n        \"f1-score\": 0.8802206516265869,\n        \"specificity\": 0.9871806502342224\n    },\n    \"Erythema\": {\n        \"precision\": 0.9302871823310852,\n        \"recall\": 0.9383723735809326,\n        \"f1-score\": 0.9343122839927673,\n        \"specificity\": 0.9921029210090637\n    },\n    \"Foreign Body\": {\n        \"precision\": 0.9710966944694519,\n        \"recall\": 0.9747830629348755,\n        \"f1-score\": 0.9729363918304443,\n        \"specificity\": 0.9968454241752625\n    },\n    \"Lymphangiectasia\": {\n        \"precision\": 0.9701533317565918,\n        \"recall\": 0.9722831845283508,\n        \"f1-score\": 0.9712170958518982,\n        \"specificity\": 0.9967906475067139\n    },\n    \"Normal\": {\n        \"precision\": 0.957108199596405,\n        \"recall\": 0.9354073405265808,\n        \"f1-score\": 0.9461333155632019,\n        \"specificity\": 0.9952977895736694\n    },\n    \"Polyp\": {\n        \"precision\": 0.9439005255699158,\n        \"recall\": 0.9476620554924011,\n        \"f1-score\": 0.9457775354385376,\n        \"specificity\": 0.9937357902526855\n    },\n    \"Ulcer\": {\n        \"precision\": 0.9956498146057129,\n        \"recall\": 0.9956498146057129,\n        \"f1-score\": 0.9956498146057129,\n        \"specificity\": 0.9995284080505371\n    },\n    \"Worms\": {\n        \"precision\": 0.9973628520965576,\n        \"recall\": 0.9984160661697388,\n        \"f1-score\": 0.9978891611099243,\n        \"specificity\": 0.9997043013572693\n    },\n    \"macro avg\": {\n        \"precision\": 0.9554244875907898,\n        \"recall\": 0.9554907083511353,\n        \"f1-score\": 0.9554338455200195,\n        \"specificity\": 0.9950178265571594\n    },\n    \"accuracy\": 0.9551945328712463,\n    \"auc_roc_scores\": {\n        \"Angioectasia\": 0.9988065958023071,\n        \"Bleeding\": 0.9993476867675781,\n        \"Erosion\": 0.9932395219802856,\n        \"Erythema\": 0.9981229901313782,\n        \"Foreign Body\": 0.9996118545532227,\n        \"Lymphangiectasia\": 0.9996312856674194,\n        \"Normal\": 0.9970418810844421,\n        \"Polyp\": 0.9984914064407349,\n        \"Ulcer\": 0.999985933303833,\n        \"Worms\": 0.9999980330467224\n    },\n    \"mean_auc\": 0.9984278082847595,\n    \"average_precision_scores\": {\n        \"Angioectasia\": 0.9914530515670776,\n        \"Bleeding\": 0.9942624568939209,\n        \"Erosion\": 0.9553723931312561,\n        \"Erythema\": 0.984137773513794,\n        \"Foreign Body\": 0.996508002281189,\n        \"Lymphangiectasia\": 0.9969087839126587,\n        \"Normal\": 0.9842100143432617,\n        \"Polyp\": 0.9861966967582703,\n        \"Ulcer\": 0.9998719096183777,\n        \"Worms\": 0.9999825358390808\n    },\n    \"mean_average_precision\": 0.9888903498649597,\n    \"mean_f1_score\": 0.9554338455200195,\n    \"mean_specificity\": 0.9950178265571594,\n    \"mean_sensitivity\": 0.9554907083511353,\n    \"balanced_accuracy\": 0.9554907083511353\n}",
    "test_metrics": "{\n    \"Angioectasia\": {\n        \"precision\": 0.7148675918579102,\n        \"recall\": 0.7062374353408813,\n        \"f1-score\": 0.7105262875556946,\n        \"specificity\": 0.9910457134246826\n    },\n    \"Bleeding\": {\n        \"precision\": 0.8338028192520142,\n        \"recall\": 0.8245125412940979,\n        \"f1-score\": 0.8291316628456116,\n        \"specificity\": 0.9962594509124756\n    },\n    \"Erosion\": {\n        \"precision\": 0.5834957957267761,\n        \"recall\": 0.777489185333252,\n        \"f1-score\": 0.6666666865348816,\n        \"specificity\": 0.9572010636329651\n    },\n    \"Erythema\": {\n        \"precision\": 0.5615615844726562,\n        \"recall\": 0.6296296119689941,\n        \"f1-score\": 0.5936508178710938,\n        \"specificity\": 0.9907799363136292\n    },\n    \"Foreign Body\": {\n        \"precision\": 0.8397790193557739,\n        \"recall\": 0.8941176533699036,\n        \"f1-score\": 0.8660968542098999,\n        \"specificity\": 0.99632728099823\n    },\n    \"Lymphangiectasia\": {\n        \"precision\": 0.7731958627700806,\n        \"recall\": 0.8746355772018433,\n        \"f1-score\": 0.8207934498786926,\n        \"specificity\": 0.9944264888763428\n    },\n    \"Normal\": {\n        \"precision\": 0.9875373244285583,\n        \"recall\": 0.9415642619132996,\n        \"f1-score\": 0.9640030264854431,\n        \"specificity\": 0.9620286226272583\n    },\n    \"Polyp\": {\n        \"precision\": 0.6000000238418579,\n        \"recall\": 0.6899999976158142,\n        \"f1-score\": 0.6418604850769043,\n        \"specificity\": 0.9852865934371948\n    },\n    \"Ulcer\": {\n        \"precision\": 0.9180327653884888,\n        \"recall\": 0.9790209531784058,\n        \"f1-score\": 0.9475465416908264,\n        \"specificity\": 0.9984223246574402\n    },\n    \"Worms\": {\n        \"precision\": 0.9855072498321533,\n        \"recall\": 1.0,\n        \"f1-score\": 0.9927007555961609,\n        \"specificity\": 0.9999377727508545\n    },\n    \"macro avg\": {\n        \"precision\": 0.779778003692627,\n        \"recall\": 0.831720769405365,\n        \"f1-score\": 0.8032976984977722,\n        \"specificity\": 0.9871715903282166\n    },\n    \"accuracy\": 0.9049094915390015,\n    \"auc_roc_scores\": {\n        \"Angioectasia\": 0.974278450012207,\n        \"Bleeding\": 0.9927151203155518,\n        \"Erosion\": 0.9612187743186951,\n        \"Erythema\": 0.9749143123626709,\n        \"Foreign Body\": 0.9872298836708069,\n        \"Lymphangiectasia\": 0.9854474663734436,\n        \"Normal\": 0.9909206032752991,\n        \"Polyp\": 0.9764535427093506,\n        \"Ulcer\": 0.9998105764389038,\n        \"Worms\": 0.9999990463256836\n    },\n    \"mean_auc\": 0.9842987060546875,\n    \"average_precision_scores\": {\n        \"Angioectasia\": 0.7991898059844971,\n        \"Bleeding\": 0.9002571702003479,\n        \"Erosion\": 0.7559201717376709,\n        \"Erythema\": 0.6208613514900208,\n        \"Foreign Body\": 0.9181164503097534,\n        \"Lymphangiectasia\": 0.893301248550415,\n        \"Normal\": 0.9971961379051208,\n        \"Polyp\": 0.699472188949585,\n        \"Ulcer\": 0.9907060861587524,\n        \"Worms\": 0.9997868537902832\n    },\n    \"mean_average_precision\": 0.8574808239936829,\n    \"mean_f1_score\": 0.8032976984977722,\n    \"mean_specificity\": 0.9871715903282166,\n    \"mean_sensitivity\": 0.831720769405365,\n    \"balanced_accuracy\": 0.831720769405365\n}"
}