{
    "Angioectasia": {
        "precision": 0.9501206874847412,
        "recall": 0.9485943913459778,
        "f1-score": 0.9493569135665894,
        "specificity": 0.9945087432861328
    },
    "Bleeding": {
        "precision": 0.9513216614723206,
        "recall": 0.9664982557296753,
        "f1-score": 0.9588499069213867,
        "specificity": 0.9945045113563538
    },
    "Erosion": {
        "precision": 0.9026257991790771,
        "recall": 0.8737093210220337,
        "f1-score": 0.8879321813583374,
        "specificity": 0.9894767999649048
    },
    "Erythema": {
        "precision": 0.9249540567398071,
        "recall": 0.9432700276374817,
        "f1-score": 0.9340222477912903,
        "specificity": 0.99155592918396
    },
    "Foreign Body": {
        "precision": 0.9651558995246887,
        "recall": 0.972801685333252,
        "f1-score": 0.9689636826515198,
        "specificity": 0.9960674047470093
    },
    "Lymphangiectasia": {
        "precision": 0.9729371070861816,
        "recall": 0.9721633195877075,
        "f1-score": 0.9725500345230103,
        "specificity": 0.9969853758811951
    },
    "Normal": {
        "precision": 0.9522782564163208,
        "recall": 0.9363732933998108,
        "f1-score": 0.9442588090896606,
        "specificity": 0.9947687387466431
    },
    "Polyp": {
        "precision": 0.9374160766601562,
        "recall": 0.9460558295249939,
        "f1-score": 0.9417161345481873,
        "specificity": 0.9931305050849915
    },
    "Ulcer": {
        "precision": 0.9949815273284912,
        "recall": 0.9939314126968384,
        "f1-score": 0.9944561719894409,
        "specificity": 0.9994381666183472
    },
    "Worms": {
        "precision": 0.9984152317047119,
        "recall": 0.9981516003608704,
        "f1-score": 0.9982833862304688,
        "specificity": 0.9998226165771484
    },
    "accuracy": 0.9552211165428162,
    "macro avg": {
        "precision": 0.9550206065177917,
        "recall": 0.9551550149917603,
        "f1-score": 0.9550389647483826,
        "specificity": 0.9950259327888489
    },
    "auc_roc_scores": {
        "Angioectasia": 0.9986796379089355,
        "Bleeding": 0.9992618560791016,
        "Erosion": 0.993545413017273,
        "Erythema": 0.9981370568275452,
        "Foreign Body": 0.9994787573814392,
        "Lymphangiectasia": 0.9994567632675171,
        "Normal": 0.9973256587982178,
        "Polyp": 0.9984926581382751,
        "Ulcer": 0.9999747276306152,
        "Worms": 0.9999979734420776
    },
    "average_precision_scores": {
        "Angioectasia": 0.9904831647872925,
        "Bleeding": 0.9939249753952026,
        "Erosion": 0.9575116634368896,
        "Erythema": 0.9839272499084473,
        "Foreign Body": 0.9965561628341675,
        "Lymphangiectasia": 0.9965441226959229,
        "Normal": 0.9844726324081421,
        "Polyp": 0.9872921109199524,
        "Ulcer": 0.9997778534889221,
        "Worms": 0.9999818801879883
    },
    "mean_auc": 0.9984350204467773,
    "mean_average_precision": 0.9890472292900085
}