{
    "epoch": 12,
    "train_metrics": "{\n    \"Angioectasia\": {\n        \"precision\": 0.9416403770446777,\n        \"recall\": 0.9418879747390747,\n        \"f1-score\": 0.9417641758918762,\n        \"specificity\": 0.9934327006340027\n    },\n    \"Bleeding\": {\n        \"precision\": 0.9561774134635925,\n        \"recall\": 0.9692266583442688,\n        \"f1-score\": 0.9626578092575073,\n        \"specificity\": 0.995098888874054\n    },\n    \"Erosion\": {\n        \"precision\": 0.8901157975196838,\n        \"recall\": 0.864504337310791,\n        \"f1-score\": 0.8771231174468994,\n        \"specificity\": 0.987923264503479\n    },\n    \"Erythema\": {\n        \"precision\": 0.9260400533676147,\n        \"recall\": 0.9454640746116638,\n        \"f1-score\": 0.9356512427330017,\n        \"specificity\": 0.9914775490760803\n    },\n    \"Foreign Body\": {\n        \"precision\": 0.9685518145561218,\n        \"recall\": 0.971375584602356,\n        \"f1-score\": 0.9699616432189941,\n        \"specificity\": 0.9964828491210938\n    },\n    \"Lymphangiectasia\": {\n        \"precision\": 0.9705724716186523,\n        \"recall\": 0.9710921049118042,\n        \"f1-score\": 0.9708322286605835,\n        \"specificity\": 0.9967523813247681\n    },\n    \"Normal\": {\n        \"precision\": 0.9492371678352356,\n        \"recall\": 0.9268689155578613,\n        \"f1-score\": 0.9379196763038635,\n        \"specificity\": 0.9946041703224182\n    },\n    \"Polyp\": {\n        \"precision\": 0.9344944357872009,\n        \"recall\": 0.946052610874176,\n        \"f1-score\": 0.9402379989624023,\n        \"specificity\": 0.9925459027290344\n    },\n    \"Ulcer\": {\n        \"precision\": 0.9940860271453857,\n        \"recall\": 0.9954239726066589,\n        \"f1-score\": 0.9947545528411865,\n        \"specificity\": 0.999350905418396\n    },\n    \"Worms\": {\n        \"precision\": 0.9973074793815613,\n        \"recall\": 0.9973074793815613,\n        \"f1-score\": 0.9973074793815613,\n        \"specificity\": 0.9997049570083618\n    },\n    \"macro avg\": {\n        \"precision\": 0.9528223276138306,\n        \"recall\": 0.9529203772544861,\n        \"f1-score\": 0.9528209567070007,\n        \"specificity\": 0.994737446308136\n    },\n    \"accuracy\": 0.9526683688163757,\n    \"auc_roc_scores\": {\n        \"Angioectasia\": 0.99847012758255,\n        \"Bleeding\": 0.9992197751998901,\n        \"Erosion\": 0.9918457865715027,\n        \"Erythema\": 0.9980735182762146,\n        \"Foreign Body\": 0.9993581771850586,\n        \"Lymphangiectasia\": 0.9995324015617371,\n        \"Normal\": 0.9963724613189697,\n        \"Polyp\": 0.9983629584312439,\n        \"Ulcer\": 0.999983549118042,\n        \"Worms\": 0.9999927282333374\n    },\n    \"mean_auc\": 0.9981212019920349,\n    \"average_precision_scores\": {\n        \"Angioectasia\": 0.9888116121292114,\n        \"Bleeding\": 0.9939494132995605,\n        \"Erosion\": 0.9495313167572021,\n        \"Erythema\": 0.9825025796890259,\n        \"Foreign Body\": 0.9959056377410889,\n        \"Lymphangiectasia\": 0.9965695738792419,\n        \"Normal\": 0.9807354211807251,\n        \"Polyp\": 0.9864622354507446,\n        \"Ulcer\": 0.9998534321784973,\n        \"Worms\": 0.9999385476112366\n    },\n    \"mean_average_precision\": 0.9874259829521179,\n    \"mean_f1_score\": 0.9528209567070007,\n    \"mean_specificity\": 0.994737446308136,\n    \"mean_sensitivity\": 0.9529203772544861,\n    \"balanced_accuracy\": 0.9529203772544861\n}",
    "test_metrics": "{\n    \"Angioectasia\": {\n        \"precision\": 0.6130030751228333,\n        \"recall\": 0.7967807054519653,\n        \"f1-score\": 0.6929134130477905,\n        \"specificity\": 0.9840102195739746\n    },\n    \"Bleeding\": {\n        \"precision\": 0.6413502097129822,\n        \"recall\": 0.8467966318130493,\n        \"f1-score\": 0.7298919558525085,\n        \"specificity\": 0.9892221093177795\n    },\n    \"Erosion\": {\n        \"precision\": 0.555155873298645,\n        \"recall\": 0.8017315864562988,\n        \"f1-score\": 0.6560396552085876,\n        \"specificity\": 0.9504573941230774\n    },\n    \"Erythema\": {\n        \"precision\": 0.4869791567325592,\n        \"recall\": 0.6296296119689941,\n        \"f1-score\": 0.5491923689842224,\n        \"specificity\": 0.9875591993331909\n    },\n    \"Foreign Body\": {\n        \"precision\": 0.6181818246841431,\n        \"recall\": 0.8999999761581421,\n        \"f1-score\": 0.7329341173171997,\n        \"specificity\": 0.9880319237709045\n    },\n    \"Lymphangiectasia\": {\n        \"precision\": 0.7839335203170776,\n        \"recall\": 0.8250728845596313,\n        \"f1-score\": 0.8039772510528564,\n        \"specificity\": 0.9950598478317261\n    },\n    \"Normal\": {\n        \"precision\": 0.9939802289009094,\n        \"recall\": 0.9003825187683105,\n        \"f1-score\": 0.9448691010475159,\n        \"specificity\": 0.9825747609138489\n    },\n    \"Polyp\": {\n        \"precision\": 0.575129508972168,\n        \"recall\": 0.6660000085830688,\n        \"f1-score\": 0.6172381639480591,\n        \"specificity\": 0.9842630624771118\n    },\n    \"Ulcer\": {\n        \"precision\": 0.9347078800201416,\n        \"recall\": 0.9510489702224731,\n        \"f1-score\": 0.9428076148033142,\n        \"specificity\": 0.9988009333610535\n    },\n    \"Worms\": {\n        \"precision\": 0.6538461446762085,\n        \"recall\": 1.0,\n        \"f1-score\": 0.7906976938247681,\n        \"specificity\": 0.9977589845657349\n    },\n    \"macro avg\": {\n        \"precision\": 0.6856266856193542,\n        \"recall\": 0.8317443132400513,\n        \"f1-score\": 0.7460561394691467,\n        \"specificity\": 0.9857738614082336\n    },\n    \"accuracy\": 0.8763947486877441,\n    \"auc_roc_scores\": {\n        \"Angioectasia\": 0.9714503288269043,\n        \"Bleeding\": 0.9882405400276184,\n        \"Erosion\": 0.9679152965545654,\n        \"Erythema\": 0.9632599949836731,\n        \"Foreign Body\": 0.9846463799476624,\n        \"Lymphangiectasia\": 0.9857599139213562,\n        \"Normal\": 0.9895300269126892,\n        \"Polyp\": 0.9660269021987915,\n        \"Ulcer\": 0.9981136322021484,\n        \"Worms\": 0.9999761581420898\n    },\n    \"mean_auc\": 0.9814919829368591,\n    \"average_precision_scores\": {\n        \"Angioectasia\": 0.8285696506500244,\n        \"Bleeding\": 0.8734782934188843,\n        \"Erosion\": 0.7695115804672241,\n        \"Erythema\": 0.555211067199707,\n        \"Foreign Body\": 0.9041674137115479,\n        \"Lymphangiectasia\": 0.8731592297554016,\n        \"Normal\": 0.9967492818832397,\n        \"Polyp\": 0.6787858009338379,\n        \"Ulcer\": 0.9788995981216431,\n        \"Worms\": 0.9949463605880737\n    },\n    \"mean_average_precision\": 0.8453478217124939,\n    \"mean_f1_score\": 0.7460561394691467,\n    \"mean_specificity\": 0.9857738614082336,\n    \"mean_sensitivity\": 0.8317443132400513,\n    \"balanced_accuracy\": 0.8317443132400513\n}"
}