{
    "epoch": 15,
    "train_metrics": "{\n    \"Angioectasia\": {\n        \"precision\": 0.9665071964263916,\n        \"recall\": 0.9649681448936462,\n        \"f1-score\": 0.9657370448112488,\n        \"specificity\": 0.9962764978408813\n    },\n    \"Bleeding\": {\n        \"precision\": 0.9614098072052002,\n        \"recall\": 0.978016197681427,\n        \"f1-score\": 0.969641923904419,\n        \"specificity\": 0.9955602884292603\n    },\n    \"Erosion\": {\n        \"precision\": 0.934794545173645,\n        \"recall\": 0.90479975938797,\n        \"f1-score\": 0.9195526242256165,\n        \"specificity\": 0.9929660558700562\n    },\n    \"Erythema\": {\n        \"precision\": 0.9409326314926147,\n        \"recall\": 0.9633952379226685,\n        \"f1-score\": 0.9520314335823059,\n        \"specificity\": 0.9932618141174316\n    },\n    \"Foreign Body\": {\n        \"precision\": 0.9751191139221191,\n        \"recall\": 0.9821380972862244,\n        \"f1-score\": 0.9786159992218018,\n        \"specificity\": 0.9972235560417175\n    },\n    \"Lymphangiectasia\": {\n        \"precision\": 0.9808700084686279,\n        \"recall\": 0.9816417694091797,\n        \"f1-score\": 0.9812557101249695,\n        \"specificity\": 0.9978398680686951\n    },\n    \"Normal\": {\n        \"precision\": 0.973122775554657,\n        \"recall\": 0.9527943730354309,\n        \"f1-score\": 0.9628512859344482,\n        \"specificity\": 0.9971404075622559\n    },\n    \"Polyp\": {\n        \"precision\": 0.955427348613739,\n        \"recall\": 0.9602108001708984,\n        \"f1-score\": 0.9578131437301636,\n        \"specificity\": 0.9949722290039062\n    },\n    \"Ulcer\": {\n        \"precision\": 0.9981152415275574,\n        \"recall\": 0.997309684753418,\n        \"f1-score\": 0.9977123141288757,\n        \"specificity\": 0.9997934699058533\n    },\n    \"Worms\": {\n        \"precision\": 0.9989238381385803,\n        \"recall\": 0.9994616508483887,\n        \"f1-score\": 0.9991926550865173,\n        \"specificity\": 0.9998819828033447\n    },\n    \"macro avg\": {\n        \"precision\": 0.9685222506523132,\n        \"recall\": 0.9684736132621765,\n        \"f1-score\": 0.9684404730796814,\n        \"specificity\": 0.9964916110038757\n    },\n    \"accuracy\": 0.9684367179870605,\n    \"auc_roc_scores\": {\n        \"Angioectasia\": 0.9993600845336914,\n        \"Bleeding\": 0.9996258020401001,\n        \"Erosion\": 0.9965403079986572,\n        \"Erythema\": 0.999036431312561,\n        \"Foreign Body\": 0.9997342228889465,\n        \"Lymphangiectasia\": 0.9998546838760376,\n        \"Normal\": 0.9986189007759094,\n        \"Polyp\": 0.9992333054542542,\n        \"Ulcer\": 0.9999973773956299,\n        \"Worms\": 0.9999997019767761\n    },\n    \"mean_auc\": 0.9992000460624695,\n    \"average_precision_scores\": {\n        \"Angioectasia\": 0.9954773187637329,\n        \"Bleeding\": 0.9968106150627136,\n        \"Erosion\": 0.9754104614257812,\n        \"Erythema\": 0.9912540912628174,\n        \"Foreign Body\": 0.9981243014335632,\n        \"Lymphangiectasia\": 0.9987489581108093,\n        \"Normal\": 0.9914910793304443,\n        \"Polyp\": 0.9934678077697754,\n        \"Ulcer\": 0.9999762177467346,\n        \"Worms\": 0.9999974966049194\n    },\n    \"mean_average_precision\": 0.9940757751464844,\n    \"mean_f1_score\": 0.9684404730796814,\n    \"mean_specificity\": 0.9964916110038757,\n    \"mean_sensitivity\": 0.9684736132621765,\n    \"balanced_accuracy\": 0.9684736132621765\n}",
    "test_metrics": "{\n    \"Angioectasia\": {\n        \"precision\": 0.7603143453598022,\n        \"recall\": 0.7786720395088196,\n        \"f1-score\": 0.7693836688995361,\n        \"specificity\": 0.9921969771385193\n    },\n    \"Bleeding\": {\n        \"precision\": 0.8159999847412109,\n        \"recall\": 0.8523676991462708,\n        \"f1-score\": 0.8337874412536621,\n        \"specificity\": 0.9956254363059998\n    },\n    \"Erosion\": {\n        \"precision\": 0.629915714263916,\n        \"recall\": 0.7766233682632446,\n        \"f1-score\": 0.6956184506416321,\n        \"specificity\": 0.964812695980072\n    },\n    \"Erythema\": {\n        \"precision\": 0.559366762638092,\n        \"recall\": 0.7138047218322754,\n        \"f1-score\": 0.6272189617156982,\n        \"specificity\": 0.9894537329673767\n    },\n    \"Foreign Body\": {\n        \"precision\": 0.8284182548522949,\n        \"recall\": 0.908823549747467,\n        \"f1-score\": 0.8667601943016052,\n        \"specificity\": 0.9959473013877869\n    },\n    \"Lymphangiectasia\": {\n        \"precision\": 0.878125011920929,\n        \"recall\": 0.819242000579834,\n        \"f1-score\": 0.8476621508598328,\n        \"specificity\": 0.997529923915863\n    },\n    \"Normal\": {\n        \"precision\": 0.9867695569992065,\n        \"recall\": 0.946935772895813,\n        \"f1-score\": 0.9664424061775208,\n        \"specificity\": 0.9594278335571289\n    },\n    \"Polyp\": {\n        \"precision\": 0.5716694593429565,\n        \"recall\": 0.6779999732971191,\n        \"f1-score\": 0.6203110814094543,\n        \"specificity\": 0.9837512969970703\n    },\n    \"Ulcer\": {\n        \"precision\": 0.936241626739502,\n        \"recall\": 0.9755244851112366,\n        \"f1-score\": 0.9554794430732727,\n        \"specificity\": 0.9988009333610535\n    },\n    \"Worms\": {\n        \"precision\": 0.9571428298950195,\n        \"recall\": 0.9852941036224365,\n        \"f1-score\": 0.9710144996643066,\n        \"specificity\": 0.9998132586479187\n    },\n    \"macro avg\": {\n        \"precision\": 0.7923963665962219,\n        \"recall\": 0.8435287475585938,\n        \"f1-score\": 0.8153678178787231,\n        \"specificity\": 0.98773592710495\n    },\n    \"accuracy\": 0.9119762182235718,\n    \"auc_roc_scores\": {\n        \"Angioectasia\": 0.981850266456604,\n        \"Bleeding\": 0.9918750524520874,\n        \"Erosion\": 0.9737812280654907,\n        \"Erythema\": 0.9803816676139832,\n        \"Foreign Body\": 0.9861735105514526,\n        \"Lymphangiectasia\": 0.9856395125389099,\n        \"Normal\": 0.9919400215148926,\n        \"Polyp\": 0.9748724699020386,\n        \"Ulcer\": 0.9996614456176758,\n        \"Worms\": 0.999993622303009\n    },\n    \"mean_auc\": 0.9866169095039368,\n    \"average_precision_scores\": {\n        \"Angioectasia\": 0.8477755188941956,\n        \"Bleeding\": 0.9084893465042114,\n        \"Erosion\": 0.7956491708755493,\n        \"Erythema\": 0.6371179819107056,\n        \"Foreign Body\": 0.9245184659957886,\n        \"Lymphangiectasia\": 0.8872510194778442,\n        \"Normal\": 0.9974864721298218,\n        \"Polyp\": 0.6971560120582581,\n        \"Ulcer\": 0.9902836084365845,\n        \"Worms\": 0.9985527396202087\n    },\n    \"mean_average_precision\": 0.8684280514717102,\n    \"mean_f1_score\": 0.8153678178787231,\n    \"mean_specificity\": 0.98773592710495,\n    \"mean_sensitivity\": 0.8435287475585938,\n    \"balanced_accuracy\": 0.8435287475585938\n}"
}