{
    "epoch": 14,
    "train_metrics": "{\n    \"Angioectasia\": {\n        \"precision\": 0.9603132009506226,\n        \"recall\": 0.9657887816429138,\n        \"f1-score\": 0.963043212890625,\n        \"specificity\": 0.9956668019294739\n    },\n    \"Bleeding\": {\n        \"precision\": 0.953825831413269,\n        \"recall\": 0.9751821160316467,\n        \"f1-score\": 0.9643857479095459,\n        \"specificity\": 0.994837760925293\n    },\n    \"Erosion\": {\n        \"precision\": 0.9260071516036987,\n        \"recall\": 0.88687664270401,\n        \"f1-score\": 0.9060195684432983,\n        \"specificity\": 0.9920111298561096\n    },\n    \"Erythema\": {\n        \"precision\": 0.9397047758102417,\n        \"recall\": 0.9606137871742249,\n        \"f1-score\": 0.9500442743301392,\n        \"specificity\": 0.9928480386734009\n    },\n    \"Foreign Body\": {\n        \"precision\": 0.9725633859634399,\n        \"recall\": 0.9781866073608398,\n        \"f1-score\": 0.9753668904304504,\n        \"specificity\": 0.9968937039375305\n    },\n    \"Lymphangiectasia\": {\n        \"precision\": 0.973936915397644,\n        \"recall\": 0.9726027250289917,\n        \"f1-score\": 0.9732693433761597,\n        \"specificity\": 0.9972023367881775\n    },\n    \"Normal\": {\n        \"precision\": 0.9656538963317871,\n        \"recall\": 0.9454216361045837,\n        \"f1-score\": 0.9554306864738464,\n        \"specificity\": 0.996147096157074\n    },\n    \"Polyp\": {\n        \"precision\": 0.9443844556808472,\n        \"recall\": 0.9528738856315613,\n        \"f1-score\": 0.9486101865768433,\n        \"specificity\": 0.9939297437667847\n    },\n    \"Ulcer\": {\n        \"precision\": 0.9973390102386475,\n        \"recall\": 0.9973390102386475,\n        \"f1-score\": 0.9973390102386475,\n        \"specificity\": 0.9997045993804932\n    },\n    \"Worms\": {\n        \"precision\": 0.9978655576705933,\n        \"recall\": 0.9981318116188049,\n        \"f1-score\": 0.9979986548423767,\n        \"specificity\": 0.9997637271881104\n    },\n    \"macro avg\": {\n        \"precision\": 0.9631595015525818,\n        \"recall\": 0.9633016586303711,\n        \"f1-score\": 0.9631507992744446,\n        \"specificity\": 0.995900571346283\n    },\n    \"accuracy\": 0.9631185531616211,\n    \"auc_roc_scores\": {\n        \"Angioectasia\": 0.9992885589599609,\n        \"Bleeding\": 0.9995269179344177,\n        \"Erosion\": 0.9953445196151733,\n        \"Erythema\": 0.9988776445388794,\n        \"Foreign Body\": 0.9997216463088989,\n        \"Lymphangiectasia\": 0.9997116923332214,\n        \"Normal\": 0.9979457259178162,\n        \"Polyp\": 0.9988387227058411,\n        \"Ulcer\": 0.9999955892562866,\n        \"Worms\": 0.9999982118606567\n    },\n    \"mean_auc\": 0.9989249110221863,\n    \"average_precision_scores\": {\n        \"Angioectasia\": 0.9942367076873779,\n        \"Bleeding\": 0.995639443397522,\n        \"Erosion\": 0.9688970446586609,\n        \"Erythema\": 0.9901467561721802,\n        \"Foreign Body\": 0.9978286623954773,\n        \"Lymphangiectasia\": 0.9975191354751587,\n        \"Normal\": 0.9883005619049072,\n        \"Polyp\": 0.9903532266616821,\n        \"Ulcer\": 0.9999598264694214,\n        \"Worms\": 0.9999842643737793\n    },\n    \"mean_average_precision\": 0.9922865033149719,\n    \"mean_f1_score\": 0.9631507992744446,\n    \"mean_specificity\": 0.995900571346283,\n    \"mean_sensitivity\": 0.9633016586303711,\n    \"balanced_accuracy\": 0.9633016586303711\n}",
    "test_metrics": "{\n    \"Angioectasia\": {\n        \"precision\": 0.7313432693481445,\n        \"recall\": 0.7887324094772339,\n        \"f1-score\": 0.7589545249938965,\n        \"specificity\": 0.9907898902893066\n    },\n    \"Bleeding\": {\n        \"precision\": 0.6659793853759766,\n        \"recall\": 0.8997214436531067,\n        \"f1-score\": 0.7654028534889221,\n        \"specificity\": 0.9897292852401733\n    },\n    \"Erosion\": {\n        \"precision\": 0.6760904788970947,\n        \"recall\": 0.7246752977371216,\n        \"f1-score\": 0.6995403170585632,\n        \"specificity\": 0.9732255935668945\n    },\n    \"Erythema\": {\n        \"precision\": 0.5536231994628906,\n        \"recall\": 0.6430976390838623,\n        \"f1-score\": 0.5950155854225159,\n        \"specificity\": 0.9902747273445129\n    },\n    \"Foreign Body\": {\n        \"precision\": 0.7149425148963928,\n        \"recall\": 0.9147058725357056,\n        \"f1-score\": 0.8025806546211243,\n        \"specificity\": 0.9921479225158691\n    },\n    \"Lymphangiectasia\": {\n        \"precision\": 0.7211538553237915,\n        \"recall\": 0.8746355772018433,\n        \"f1-score\": 0.790513813495636,\n        \"specificity\": 0.9926531314849854\n    },\n    \"Normal\": {\n        \"precision\": 0.9843404293060303,\n        \"recall\": 0.9413201212882996,\n        \"f1-score\": 0.9623497128486633,\n        \"specificity\": 0.9521456360816956\n    },\n    \"Polyp\": {\n        \"precision\": 0.619744062423706,\n        \"recall\": 0.6779999732971191,\n        \"f1-score\": 0.6475644707679749,\n        \"specificity\": 0.9866939783096313\n    },\n    \"Ulcer\": {\n        \"precision\": 0.9685314893722534,\n        \"recall\": 0.9685314893722534,\n        \"f1-score\": 0.9685314893722534,\n        \"specificity\": 0.9994320273399353\n    },\n    \"Worms\": {\n        \"precision\": 0.7234042286872864,\n        \"recall\": 1.0,\n        \"f1-score\": 0.8395061492919922,\n        \"specificity\": 0.998381495475769\n    },\n    \"macro avg\": {\n        \"precision\": 0.7359153032302856,\n        \"recall\": 0.8433420062065125,\n        \"f1-score\": 0.7829959988594055,\n        \"specificity\": 0.9865474104881287\n    },\n    \"accuracy\": 0.9052814245223999,\n    \"auc_roc_scores\": {\n        \"Angioectasia\": 0.9797396659851074,\n        \"Bleeding\": 0.9914329051971436,\n        \"Erosion\": 0.9737915992736816,\n        \"Erythema\": 0.9663100242614746,\n        \"Foreign Body\": 0.9889087677001953,\n        \"Lymphangiectasia\": 0.9894428253173828,\n        \"Normal\": 0.9900414943695068,\n        \"Polyp\": 0.9772804975509644,\n        \"Ulcer\": 0.9983254671096802,\n        \"Worms\": 0.9999872446060181\n    },\n    \"mean_auc\": 0.9855260848999023,\n    \"average_precision_scores\": {\n        \"Angioectasia\": 0.8471378087997437,\n        \"Bleeding\": 0.9089491367340088,\n        \"Erosion\": 0.7928858995437622,\n        \"Erythema\": 0.6133153438568115,\n        \"Foreign Body\": 0.9268532991409302,\n        \"Lymphangiectasia\": 0.8916712999343872,\n        \"Normal\": 0.9968892335891724,\n        \"Polyp\": 0.7131150960922241,\n        \"Ulcer\": 0.9870169758796692,\n        \"Worms\": 0.9970177412033081\n    },\n    \"mean_average_precision\": 0.8674852252006531,\n    \"mean_f1_score\": 0.7829959988594055,\n    \"mean_specificity\": 0.9865474104881287,\n    \"mean_sensitivity\": 0.8433420062065125,\n    \"balanced_accuracy\": 0.8433420062065125\n}"
}