{
    "epoch": 19,
    "train_metrics": "{\n    \"Angioectasia\": {\n        \"precision\": 0.9772124886512756,\n        \"recall\": 0.9766949415206909,\n        \"f1-score\": 0.9769536256790161,\n        \"specificity\": 0.9974579811096191\n    },\n    \"Bleeding\": {\n        \"precision\": 0.9643962979316711,\n        \"recall\": 0.9862796664237976,\n        \"f1-score\": 0.9752152562141418,\n        \"specificity\": 0.9959192276000977\n    },\n    \"Erosion\": {\n        \"precision\": 0.959854006767273,\n        \"recall\": 0.9198278188705444,\n        \"f1-score\": 0.9394147396087646,\n        \"specificity\": 0.9957804679870605\n    },\n    \"Erythema\": {\n        \"precision\": 0.9457601308822632,\n        \"recall\": 0.9659298062324524,\n        \"f1-score\": 0.9557385444641113,\n        \"specificity\": 0.9936911463737488\n    },\n    \"Foreign Body\": {\n        \"precision\": 0.9781306982040405,\n        \"recall\": 0.9837653636932373,\n        \"f1-score\": 0.9809399247169495,\n        \"specificity\": 0.9975138902664185\n    },\n    \"Lymphangiectasia\": {\n        \"precision\": 0.9825897812843323,\n        \"recall\": 0.9839280843734741,\n        \"f1-score\": 0.9832584857940674,\n        \"specificity\": 0.9981141090393066\n    },\n    \"Normal\": {\n        \"precision\": 0.9829360842704773,\n        \"recall\": 0.9724008440971375,\n        \"f1-score\": 0.9776400923728943,\n        \"specificity\": 0.9981402158737183\n    },\n    \"Polyp\": {\n        \"precision\": 0.9712173342704773,\n        \"recall\": 0.9727585315704346,\n        \"f1-score\": 0.9719873070716858,\n        \"specificity\": 0.9967776536941528\n    },\n    \"Ulcer\": {\n        \"precision\": 0.999465823173523,\n        \"recall\": 0.9986655712127686,\n        \"f1-score\": 0.9990655183792114,\n        \"specificity\": 0.9999409317970276\n    },\n    \"Worms\": {\n        \"precision\": 1.0,\n        \"recall\": 0.9997318387031555,\n        \"f1-score\": 0.9998658895492554,\n        \"specificity\": 1.0\n    },\n    \"macro avg\": {\n        \"precision\": 0.9761562347412109,\n        \"recall\": 0.9759983420372009,\n        \"f1-score\": 0.9760079383850098,\n        \"specificity\": 0.9973335266113281\n    },\n    \"accuracy\": 0.9760150909423828,\n    \"auc_roc_scores\": {\n        \"Angioectasia\": 0.9997466802597046,\n        \"Bleeding\": 0.9997899532318115,\n        \"Erosion\": 0.9983181357383728,\n        \"Erythema\": 0.9994210004806519,\n        \"Foreign Body\": 0.9998533129692078,\n        \"Lymphangiectasia\": 0.9999156594276428,\n        \"Normal\": 0.9993364810943604,\n        \"Polyp\": 0.9997336864471436,\n        \"Ulcer\": 0.9999995231628418,\n        \"Worms\": 1.0\n    },\n    \"mean_auc\": 0.999611496925354,\n    \"average_precision_scores\": {\n        \"Angioectasia\": 0.9981886148452759,\n        \"Bleeding\": 0.9981217980384827,\n        \"Erosion\": 0.9866765141487122,\n        \"Erythema\": 0.9948908090591431,\n        \"Foreign Body\": 0.9988298416137695,\n        \"Lymphangiectasia\": 0.9992434978485107,\n        \"Normal\": 0.9961884021759033,\n        \"Polyp\": 0.9976879358291626,\n        \"Ulcer\": 0.9999955892562866,\n        \"Worms\": 0.9999997615814209\n    },\n    \"mean_average_precision\": 0.996982216835022,\n    \"mean_f1_score\": 0.9760079383850098,\n    \"mean_specificity\": 0.9973335266113281,\n    \"mean_sensitivity\": 0.9759983420372009,\n    \"balanced_accuracy\": 0.9759983420372009\n}",
    "test_metrics": "{\n    \"Angioectasia\": {\n        \"precision\": 0.7737642526626587,\n        \"recall\": 0.818913459777832,\n        \"f1-score\": 0.7956989407539368,\n        \"specificity\": 0.9923888444900513\n    },\n    \"Bleeding\": {\n        \"precision\": 0.8213333487510681,\n        \"recall\": 0.8579387068748474,\n        \"f1-score\": 0.8392370343208313,\n        \"specificity\": 0.995752215385437\n    },\n    \"Erosion\": {\n        \"precision\": 0.6978021860122681,\n        \"recall\": 0.7696969509124756,\n        \"f1-score\": 0.7319884896278381,\n        \"specificity\": 0.9742938876152039\n    },\n    \"Erythema\": {\n        \"precision\": 0.6302250623703003,\n        \"recall\": 0.6599326729774475,\n        \"f1-score\": 0.6447368264198303,\n        \"specificity\": 0.9927375912666321\n    },\n    \"Foreign Body\": {\n        \"precision\": 0.8292682766914368,\n        \"recall\": 0.8999999761581421,\n        \"f1-score\": 0.8631876111030579,\n        \"specificity\": 0.9960106611251831\n    },\n    \"Lymphangiectasia\": {\n        \"precision\": 0.8095238208770752,\n        \"recall\": 0.8921282887458801,\n        \"f1-score\": 0.8488211035728455,\n        \"specificity\": 0.995439887046814\n    },\n    \"Normal\": {\n        \"precision\": 0.9838387370109558,\n        \"recall\": 0.9611784815788269,\n        \"f1-score\": 0.9723765850067139,\n        \"specificity\": 0.9495448470115662\n    },\n    \"Polyp\": {\n        \"precision\": 0.6568265557289124,\n        \"recall\": 0.7120000123977661,\n        \"f1-score\": 0.6833013296127319,\n        \"specificity\": 0.9881013035774231\n    },\n    \"Ulcer\": {\n        \"precision\": 0.9754385948181152,\n        \"recall\": 0.9720279574394226,\n        \"f1-score\": 0.9737303256988525,\n        \"specificity\": 0.9995582699775696\n    },\n    \"Worms\": {\n        \"precision\": 1.0,\n        \"recall\": 1.0,\n        \"f1-score\": 1.0,\n        \"specificity\": 1.0\n    },\n    \"macro avg\": {\n        \"precision\": 0.8178020715713501,\n        \"recall\": 0.8543816804885864,\n        \"f1-score\": 0.8353078961372375,\n        \"specificity\": 0.9883827567100525\n    },\n    \"accuracy\": 0.9251177906990051,\n    \"auc_roc_scores\": {\n        \"Angioectasia\": 0.9816854596138,\n        \"Bleeding\": 0.9886378049850464,\n        \"Erosion\": 0.9750738143920898,\n        \"Erythema\": 0.9605786800384521,\n        \"Foreign Body\": 0.9866815209388733,\n        \"Lymphangiectasia\": 0.9915046691894531,\n        \"Normal\": 0.9928940534591675,\n        \"Polyp\": 0.9781820774078369,\n        \"Ulcer\": 0.9986292719841003,\n        \"Worms\": 1.0\n    },\n    \"mean_auc\": 0.9853866696357727,\n    \"average_precision_scores\": {\n        \"Angioectasia\": 0.861878514289856,\n        \"Bleeding\": 0.9040493369102478,\n        \"Erosion\": 0.8037738800048828,\n        \"Erythema\": 0.6249210834503174,\n        \"Foreign Body\": 0.935970664024353,\n        \"Lymphangiectasia\": 0.923706591129303,\n        \"Normal\": 0.9977604746818542,\n        \"Polyp\": 0.7401540279388428,\n        \"Ulcer\": 0.9865189790725708,\n        \"Worms\": 1.0\n    },\n    \"mean_average_precision\": 0.877873420715332,\n    \"mean_f1_score\": 0.8353078961372375,\n    \"mean_specificity\": 0.9883827567100525,\n    \"mean_sensitivity\": 0.8543816804885864,\n    \"balanced_accuracy\": 0.8543816804885864\n}"
}