{
    "epoch": 1,
    "train_metrics": "{\n    \"Angioectasia\": {\n        \"precision\": 0.6314457654953003,\n        \"recall\": 0.5276235938072205,\n        \"f1-score\": 0.5748847723007202,\n        \"specificity\": 0.9655569791793823\n    },\n    \"Bleeding\": {\n        \"precision\": 0.642715573310852,\n        \"recall\": 0.6774615049362183,\n        \"f1-score\": 0.6596312522888184,\n        \"specificity\": 0.9573094844818115\n    },\n    \"Erosion\": {\n        \"precision\": 0.3927995562553406,\n        \"recall\": 0.39438900351524353,\n        \"f1-score\": 0.3935926854610443,\n        \"specificity\": 0.9333333373069763\n    },\n    \"Erythema\": {\n        \"precision\": 0.4695039391517639,\n        \"recall\": 0.46798163652420044,\n        \"f1-score\": 0.4687415361404419,\n        \"specificity\": 0.9422816038131714\n    },\n    \"Foreign Body\": {\n        \"precision\": 0.7584484219551086,\n        \"recall\": 0.6758313775062561,\n        \"f1-score\": 0.7147604823112488,\n        \"specificity\": 0.9756718277931213\n    },\n    \"Lymphangiectasia\": {\n        \"precision\": 0.7188515663146973,\n        \"recall\": 0.6938561797142029,\n        \"f1-score\": 0.7061327695846558,\n        \"specificity\": 0.969273567199707\n    },\n    \"Normal\": {\n        \"precision\": 0.6198486089706421,\n        \"recall\": 0.6044286489486694,\n        \"f1-score\": 0.6120415329933167,\n        \"specificity\": 0.9600577354431152\n    },\n    \"Polyp\": {\n        \"precision\": 0.48191899061203003,\n        \"recall\": 0.5354942679405212,\n        \"f1-score\": 0.5072960257530212,\n        \"specificity\": 0.9365590214729309\n    },\n    \"Ulcer\": {\n        \"precision\": 0.7488104104995728,\n        \"recall\": 0.7792546153068542,\n        \"f1-score\": 0.7637292742729187,\n        \"specificity\": 0.9702990651130676\n    },\n    \"Worms\": {\n        \"precision\": 0.7252144813537598,\n        \"recall\": 0.819111704826355,\n        \"f1-score\": 0.7693085670471191,\n        \"specificity\": 0.9659801721572876\n    },\n    \"macro avg\": {\n        \"precision\": 0.6189557313919067,\n        \"recall\": 0.6175432205200195,\n        \"f1-score\": 0.6170119047164917,\n        \"specificity\": 0.9576322436332703\n    },\n    \"accuracy\": 0.6185550689697266,\n    \"auc_roc_scores\": {\n        \"Angioectasia\": 0.8975154161453247,\n        \"Bleeding\": 0.9422662258148193,\n        \"Erosion\": 0.8371113538742065,\n        \"Erythema\": 0.8838976621627808,\n        \"Foreign Body\": 0.9452160596847534,\n        \"Lymphangiectasia\": 0.9468737840652466,\n        \"Normal\": 0.9178385138511658,\n        \"Polyp\": 0.8990183472633362,\n        \"Ulcer\": 0.9734676480293274,\n        \"Worms\": 0.9807482361793518\n    },\n    \"mean_auc\": 0.9223953485488892,\n    \"average_precision_scores\": {\n        \"Angioectasia\": 0.6664499044418335,\n        \"Bleeding\": 0.7667986750602722,\n        \"Erosion\": 0.40451493859291077,\n        \"Erythema\": 0.5253481864929199,\n        \"Foreign Body\": 0.8043190240859985,\n        \"Lymphangiectasia\": 0.805597186088562,\n        \"Normal\": 0.6767882108688354,\n        \"Polyp\": 0.5569082498550415,\n        \"Ulcer\": 0.8809794187545776,\n        \"Worms\": 0.9001270532608032\n    },\n    \"mean_average_precision\": 0.6987830996513367,\n    \"mean_f1_score\": 0.6170119047164917,\n    \"mean_specificity\": 0.9576322436332703,\n    \"mean_sensitivity\": 0.6175432205200195,\n    \"balanced_accuracy\": 0.6175432205200195\n}",
    "test_metrics": "{\n    \"Angioectasia\": {\n        \"precision\": 0.44004523754119873,\n        \"recall\": 0.7826961874961853,\n        \"f1-score\": 0.5633598566055298,\n        \"specificity\": 0.968340277671814\n    },\n    \"Bleeding\": {\n        \"precision\": 0.621564507484436,\n        \"recall\": 0.8189415335655212,\n        \"f1-score\": 0.7067307829856873,\n        \"specificity\": 0.9886515140533447\n    },\n    \"Erosion\": {\n        \"precision\": 0.4948979616165161,\n        \"recall\": 0.5878787636756897,\n        \"f1-score\": 0.5373961329460144,\n        \"specificity\": 0.9537290334701538\n    },\n    \"Erythema\": {\n        \"precision\": 0.5100671052932739,\n        \"recall\": 0.25589224696159363,\n        \"f1-score\": 0.340807169675827,\n        \"specificity\": 0.9953899383544922\n    },\n    \"Foreign Body\": {\n        \"precision\": 0.8229508399963379,\n        \"recall\": 0.7382352948188782,\n        \"f1-score\": 0.778294563293457,\n        \"specificity\": 0.9965805411338806\n    },\n    \"Lymphangiectasia\": {\n        \"precision\": 0.49827587604522705,\n        \"recall\": 0.8425655961036682,\n        \"f1-score\": 0.626218855381012,\n        \"specificity\": 0.9815694689750671\n    },\n    \"Normal\": {\n        \"precision\": 0.9750938415527344,\n        \"recall\": 0.8666883707046509,\n        \"f1-score\": 0.9177007675170898,\n        \"specificity\": 0.9292587637901306\n    },\n    \"Polyp\": {\n        \"precision\": 0.45820894837379456,\n        \"recall\": 0.6140000224113464,\n        \"f1-score\": 0.5247863531112671,\n        \"specificity\": 0.9767783880233765\n    },\n    \"Ulcer\": {\n        \"precision\": 0.5964523553848267,\n        \"recall\": 0.940559446811676,\n        \"f1-score\": 0.7299864292144775,\n        \"specificity\": 0.9885144233703613\n    },\n    \"Worms\": {\n        \"precision\": 0.20795106887817383,\n        \"recall\": 1.0,\n        \"f1-score\": 0.34430378675460815,\n        \"specificity\": 0.9838770031929016\n    },\n    \"macro avg\": {\n        \"precision\": 0.5625507831573486,\n        \"recall\": 0.7447457313537598,\n        \"f1-score\": 0.6069585084915161,\n        \"specificity\": 0.9762689471244812\n    },\n    \"accuracy\": 0.8226506114006042,\n    \"auc_roc_scores\": {\n        \"Angioectasia\": 0.9551909565925598,\n        \"Bleeding\": 0.9791422486305237,\n        \"Erosion\": 0.9004817008972168,\n        \"Erythema\": 0.950843870639801,\n        \"Foreign Body\": 0.9820529222488403,\n        \"Lymphangiectasia\": 0.9699045419692993,\n        \"Normal\": 0.9646355509757996,\n        \"Polyp\": 0.9566496014595032,\n        \"Ulcer\": 0.9931792616844177,\n        \"Worms\": 0.9995789527893066\n    },\n    \"mean_auc\": 0.965165913105011,\n    \"average_precision_scores\": {\n        \"Angioectasia\": 0.7386650443077087,\n        \"Bleeding\": 0.812859058380127,\n        \"Erosion\": 0.5758031606674194,\n        \"Erythema\": 0.418510764837265,\n        \"Foreign Body\": 0.8182662129402161,\n        \"Lymphangiectasia\": 0.7470734119415283,\n        \"Normal\": 0.988709568977356,\n        \"Polyp\": 0.5622456073760986,\n        \"Ulcer\": 0.9294366836547852,\n        \"Worms\": 0.9597318172454834\n    },\n    \"mean_average_precision\": 0.7551301717758179,\n    \"mean_f1_score\": 0.6069585084915161,\n    \"mean_specificity\": 0.9762689471244812,\n    \"mean_sensitivity\": 0.7447457313537598,\n    \"balanced_accuracy\": 0.7447457313537598\n}"
}