{
    "epoch": 7,
    "train_metrics": "{\n    \"Angioectasia\": {\n        \"precision\": 0.9042238593101501,\n        \"recall\": 0.8879788517951965,\n        \"f1-score\": 0.8960277438163757,\n        \"specificity\": 0.9894742965698242\n    },\n    \"Bleeding\": {\n        \"precision\": 0.9273684024810791,\n        \"recall\": 0.943254828453064,\n        \"f1-score\": 0.9352441430091858,\n        \"specificity\": 0.9918514490127563\n    },\n    \"Erosion\": {\n        \"precision\": 0.7891775965690613,\n        \"recall\": 0.7773087024688721,\n        \"f1-score\": 0.7831981778144836,\n        \"specificity\": 0.9767276644706726\n    },\n    \"Erythema\": {\n        \"precision\": 0.8676851391792297,\n        \"recall\": 0.8869772553443909,\n        \"f1-score\": 0.8772251605987549,\n        \"specificity\": 0.9848946332931519\n    },\n    \"Foreign Body\": {\n        \"precision\": 0.95315021276474,\n        \"recall\": 0.9518687725067139,\n        \"f1-score\": 0.9525091052055359,\n        \"specificity\": 0.9948654174804688\n    },\n    \"Lymphangiectasia\": {\n        \"precision\": 0.9493333101272583,\n        \"recall\": 0.9483218193054199,\n        \"f1-score\": 0.9488272666931152,\n        \"specificity\": 0.9943875074386597\n    },\n    \"Normal\": {\n        \"precision\": 0.9116266369819641,\n        \"recall\": 0.8828563690185547,\n        \"f1-score\": 0.897010862827301,\n        \"specificity\": 0.9905515313148499\n    },\n    \"Polyp\": {\n        \"precision\": 0.8662945032119751,\n        \"recall\": 0.8897078633308411,\n        \"f1-score\": 0.8778451085090637,\n        \"specificity\": 0.985181450843811\n    },\n    \"Ulcer\": {\n        \"precision\": 0.9858629107475281,\n        \"recall\": 0.987443208694458,\n        \"f1-score\": 0.9866524338722229,\n        \"specificity\": 0.9984349012374878\n    },\n    \"Worms\": {\n        \"precision\": 0.9948704838752747,\n        \"recall\": 0.994615375995636,\n        \"f1-score\": 0.9947429299354553,\n        \"specificity\": 0.999406635761261\n    },\n    \"macro avg\": {\n        \"precision\": 0.9149593710899353,\n        \"recall\": 0.9150333404541016,\n        \"f1-score\": 0.9149282574653625,\n        \"specificity\": 0.9905775189399719\n    },\n    \"accuracy\": 0.9151753783226013,\n    \"auc_roc_scores\": {\n        \"Angioectasia\": 0.9946389198303223,\n        \"Bleeding\": 0.998091459274292,\n        \"Erosion\": 0.9781957864761353,\n        \"Erythema\": 0.9934206008911133,\n        \"Foreign Body\": 0.9987499117851257,\n        \"Lymphangiectasia\": 0.9982438087463379,\n        \"Normal\": 0.9920638799667358,\n        \"Polyp\": 0.9933025240898132,\n        \"Ulcer\": 0.9998873472213745,\n        \"Worms\": 0.9999349117279053\n    },\n    \"mean_auc\": 0.9946529269218445,\n    \"average_precision_scores\": {\n        \"Angioectasia\": 0.9652955532073975,\n        \"Bleeding\": 0.9846807718276978,\n        \"Erosion\": 0.8684941530227661,\n        \"Erythema\": 0.9421558976173401,\n        \"Foreign Body\": 0.9912855625152588,\n        \"Lymphangiectasia\": 0.9885175228118896,\n        \"Normal\": 0.9585332274436951,\n        \"Polyp\": 0.9481828212738037,\n        \"Ulcer\": 0.9990106821060181,\n        \"Worms\": 0.9996997714042664\n    },\n    \"mean_average_precision\": 0.9645856022834778,\n    \"mean_f1_score\": 0.9149282574653625,\n    \"mean_specificity\": 0.9905775189399719,\n    \"mean_sensitivity\": 0.9150333404541016,\n    \"balanced_accuracy\": 0.9150333404541016\n}",
    "test_metrics": "{\n    \"Angioectasia\": {\n        \"precision\": 0.6848030090332031,\n        \"recall\": 0.7344064116477966,\n        \"f1-score\": 0.708737850189209,\n        \"specificity\": 0.989254891872406\n    },\n    \"Bleeding\": {\n        \"precision\": 0.8022922873497009,\n        \"recall\": 0.7799443006515503,\n        \"f1-score\": 0.790960431098938,\n        \"specificity\": 0.9956254363059998\n    },\n    \"Erosion\": {\n        \"precision\": 0.6164966225624084,\n        \"recall\": 0.6277056336402893,\n        \"f1-score\": 0.6220506429672241,\n        \"specificity\": 0.9698871374130249\n    },\n    \"Erythema\": {\n        \"precision\": 0.4984615445137024,\n        \"recall\": 0.5454545617103577,\n        \"f1-score\": 0.520900309085846,\n        \"specificity\": 0.9897063374519348\n    },\n    \"Foreign Body\": {\n        \"precision\": 0.631147563457489,\n        \"recall\": 0.9058823585510254,\n        \"f1-score\": 0.7439613342285156,\n        \"specificity\": 0.988601803779602\n    },\n    \"Lymphangiectasia\": {\n        \"precision\": 0.8637873530387878,\n        \"recall\": 0.7580174803733826,\n        \"f1-score\": 0.8074533939361572,\n        \"specificity\": 0.9974032640457153\n    },\n    \"Normal\": {\n        \"precision\": 0.9796954393386841,\n        \"recall\": 0.9267518520355225,\n        \"f1-score\": 0.9524884819984436,\n        \"specificity\": 0.9386215806007385\n    },\n    \"Polyp\": {\n        \"precision\": 0.40843620896339417,\n        \"recall\": 0.7940000295639038,\n        \"f1-score\": 0.539402186870575,\n        \"specificity\": 0.9632164835929871\n    },\n    \"Ulcer\": {\n        \"precision\": 0.9366196990013123,\n        \"recall\": 0.9300699234008789,\n        \"f1-score\": 0.9333333373069763,\n        \"specificity\": 0.9988640546798706\n    },\n    \"Worms\": {\n        \"precision\": 0.8271604776382446,\n        \"recall\": 0.9852941036224365,\n        \"f1-score\": 0.899328887462616,\n        \"specificity\": 0.9991284608840942\n    },\n    \"macro avg\": {\n        \"precision\": 0.7248900532722473,\n        \"recall\": 0.7987526655197144,\n        \"f1-score\": 0.7518616914749146,\n        \"specificity\": 0.9830309152603149\n    },\n    \"accuracy\": 0.8812918663024902,\n    \"auc_roc_scores\": {\n        \"Angioectasia\": 0.976498007774353,\n        \"Bleeding\": 0.9865582585334778,\n        \"Erosion\": 0.9581102728843689,\n        \"Erythema\": 0.9635047912597656,\n        \"Foreign Body\": 0.9909350872039795,\n        \"Lymphangiectasia\": 0.9838807582855225,\n        \"Normal\": 0.9830418229103088,\n        \"Polyp\": 0.9743618965148926,\n        \"Ulcer\": 0.9976862668991089,\n        \"Worms\": 0.9979593753814697\n    },\n    \"mean_auc\": 0.9812536239624023,\n    \"average_precision_scores\": {\n        \"Angioectasia\": 0.808899998664856,\n        \"Bleeding\": 0.8504007458686829,\n        \"Erosion\": 0.7070804834365845,\n        \"Erythema\": 0.5605080127716064,\n        \"Foreign Body\": 0.9166896343231201,\n        \"Lymphangiectasia\": 0.8517310619354248,\n        \"Normal\": 0.9947759509086609,\n        \"Polyp\": 0.6432751417160034,\n        \"Ulcer\": 0.9715979695320129,\n        \"Worms\": 0.9741760492324829\n    },\n    \"mean_average_precision\": 0.8279134631156921,\n    \"mean_f1_score\": 0.7518616914749146,\n    \"mean_specificity\": 0.9830309152603149,\n    \"mean_sensitivity\": 0.7987526655197144,\n    \"balanced_accuracy\": 0.7987526655197144\n}"
}