{
    "epoch": 8,
    "train_metrics": "{\n    \"Angioectasia\": {\n        \"precision\": 0.914138674736023,\n        \"recall\": 0.9065269827842712,\n        \"f1-score\": 0.9103169441223145,\n        \"specificity\": 0.9906445741653442\n    },\n    \"Bleeding\": {\n        \"precision\": 0.939103364944458,\n        \"recall\": 0.9499344825744629,\n        \"f1-score\": 0.9444878697395325,\n        \"specificity\": 0.9930456876754761\n    },\n    \"Erosion\": {\n        \"precision\": 0.8055932521820068,\n        \"recall\": 0.7899361252784729,\n        \"f1-score\": 0.7976878881454468,\n        \"specificity\": 0.9788484573364258\n    },\n    \"Erythema\": {\n        \"precision\": 0.8921313285827637,\n        \"recall\": 0.9137976765632629,\n        \"f1-score\": 0.9028345346450806,\n        \"specificity\": 0.9877731800079346\n    },\n    \"Foreign Body\": {\n        \"precision\": 0.9579002261161804,\n        \"recall\": 0.9579002261161804,\n        \"f1-score\": 0.9579002261161804,\n        \"specificity\": 0.9952012896537781\n    },\n    \"Lymphangiectasia\": {\n        \"precision\": 0.9565789699554443,\n        \"recall\": 0.9545693397521973,\n        \"f1-score\": 0.9555730819702148,\n        \"specificity\": 0.9951182007789612\n    },\n    \"Normal\": {\n        \"precision\": 0.9172869920730591,\n        \"recall\": 0.8902863264083862,\n        \"f1-score\": 0.9035850167274475,\n        \"specificity\": 0.9911426305770874\n    },\n    \"Polyp\": {\n        \"precision\": 0.884131669998169,\n        \"recall\": 0.905205488204956,\n        \"f1-score\": 0.8945444822311401,\n        \"specificity\": 0.9872485995292664\n    },\n    \"Ulcer\": {\n        \"precision\": 0.9907180070877075,\n        \"recall\": 0.9890978336334229,\n        \"f1-score\": 0.9899072647094727,\n        \"specificity\": 0.9989981651306152\n    },\n    \"Worms\": {\n        \"precision\": 0.9930051565170288,\n        \"recall\": 0.9945511221885681,\n        \"f1-score\": 0.9937775731086731,\n        \"specificity\": 0.9992000460624695\n    },\n    \"macro avg\": {\n        \"precision\": 0.9250587821006775,\n        \"recall\": 0.9251806139945984,\n        \"f1-score\": 0.9250615239143372,\n        \"specificity\": 0.9917221069335938\n    },\n    \"accuracy\": 0.925466001033783,\n    \"auc_roc_scores\": {\n        \"Angioectasia\": 0.9958223700523376,\n        \"Bleeding\": 0.9983970522880554,\n        \"Erosion\": 0.9816981554031372,\n        \"Erythema\": 0.9952051639556885,\n        \"Foreign Body\": 0.9984169006347656,\n        \"Lymphangiectasia\": 0.9986935257911682,\n        \"Normal\": 0.9928687810897827,\n        \"Polyp\": 0.9952108263969421,\n        \"Ulcer\": 0.9998379945755005,\n        \"Worms\": 0.9999793767929077\n    },\n    \"mean_auc\": 0.9956130385398865,\n    \"average_precision_scores\": {\n        \"Angioectasia\": 0.9712237119674683,\n        \"Bleeding\": 0.9872110486030579,\n        \"Erosion\": 0.8838541507720947,\n        \"Erythema\": 0.9596552848815918,\n        \"Foreign Body\": 0.9915370941162109,\n        \"Lymphangiectasia\": 0.9908651113510132,\n        \"Normal\": 0.9627439379692078,\n        \"Polyp\": 0.9612017869949341,\n        \"Ulcer\": 0.9992400407791138,\n        \"Worms\": 0.9998234510421753\n    },\n    \"mean_average_precision\": 0.9707355499267578,\n    \"mean_f1_score\": 0.9250615239143372,\n    \"mean_specificity\": 0.9917221069335938,\n    \"mean_sensitivity\": 0.9251806139945984,\n    \"balanced_accuracy\": 0.9251806139945984\n}",
    "test_metrics": "{\n    \"Angioectasia\": {\n        \"precision\": 0.6133540272712708,\n        \"recall\": 0.7947686314582825,\n        \"f1-score\": 0.692375123500824,\n        \"specificity\": 0.9840741753578186\n    },\n    \"Bleeding\": {\n        \"precision\": 0.6173570156097412,\n        \"recall\": 0.8718662858009338,\n        \"f1-score\": 0.7228637337684631,\n        \"specificity\": 0.9877005219459534\n    },\n    \"Erosion\": {\n        \"precision\": 0.570270299911499,\n        \"recall\": 0.7307359576225281,\n        \"f1-score\": 0.6406072378158569,\n        \"specificity\": 0.957534909248352\n    },\n    \"Erythema\": {\n        \"precision\": 0.48806366324424744,\n        \"recall\": 0.619528591632843,\n        \"f1-score\": 0.5459940433502197,\n        \"specificity\": 0.987811803817749\n    },\n    \"Foreign Body\": {\n        \"precision\": 0.6421052813529968,\n        \"recall\": 0.8970588445663452,\n        \"f1-score\": 0.7484662532806396,\n        \"specificity\": 0.9892350435256958\n    },\n    \"Lymphangiectasia\": {\n        \"precision\": 0.6845637559890747,\n        \"recall\": 0.8921282887458801,\n        \"f1-score\": 0.7746835350990295,\n        \"specificity\": 0.9910697340965271\n    },\n    \"Normal\": {\n        \"precision\": 0.990113377571106,\n        \"recall\": 0.8884186744689941,\n        \"f1-score\": 0.936513364315033,\n        \"specificity\": 0.9716514945030212\n    },\n    \"Polyp\": {\n        \"precision\": 0.4695989787578583,\n        \"recall\": 0.7260000109672546,\n        \"f1-score\": 0.5703063607215881,\n        \"specificity\": 0.9737717509269714\n    },\n    \"Ulcer\": {\n        \"precision\": 0.7899408340454102,\n        \"recall\": 0.9335664510726929,\n        \"f1-score\": 0.8557692170143127,\n        \"specificity\": 0.9955193996429443\n    },\n    \"Worms\": {\n        \"precision\": 1.0,\n        \"recall\": 0.970588207244873,\n        \"f1-score\": 0.9850746393203735,\n        \"specificity\": 1.0\n    },\n    \"macro avg\": {\n        \"precision\": 0.6865367293357849,\n        \"recall\": 0.8324659466743469,\n        \"f1-score\": 0.7472653388977051,\n        \"specificity\": 0.983836829662323\n    },\n    \"accuracy\": 0.8652988076210022,\n    \"auc_roc_scores\": {\n        \"Angioectasia\": 0.9678807258605957,\n        \"Bleeding\": 0.9840196371078491,\n        \"Erosion\": 0.9504042267799377,\n        \"Erythema\": 0.9680088758468628,\n        \"Foreign Body\": 0.9911876916885376,\n        \"Lymphangiectasia\": 0.9871425628662109,\n        \"Normal\": 0.9857912063598633,\n        \"Polyp\": 0.967779278755188,\n        \"Ulcer\": 0.9970316886901855,\n        \"Worms\": 0.9998819231987\n    },\n    \"mean_auc\": 0.9799127578735352,\n    \"average_precision_scores\": {\n        \"Angioectasia\": 0.8062922954559326,\n        \"Bleeding\": 0.8594990372657776,\n        \"Erosion\": 0.7221369743347168,\n        \"Erythema\": 0.6045330762863159,\n        \"Foreign Body\": 0.898445188999176,\n        \"Lymphangiectasia\": 0.9053208827972412,\n        \"Normal\": 0.9955331683158875,\n        \"Polyp\": 0.6477494239807129,\n        \"Ulcer\": 0.9537942409515381,\n        \"Worms\": 0.9892218112945557\n    },\n    \"mean_average_precision\": 0.8382526636123657,\n    \"mean_f1_score\": 0.7472653388977051,\n    \"mean_specificity\": 0.983836829662323,\n    \"mean_sensitivity\": 0.8324659466743469,\n    \"balanced_accuracy\": 0.8324659466743469\n}"
}