{
    "epoch": 5,
    "train_metrics": "{\n    \"Angioectasia\": {\n        \"precision\": 0.8806695342063904,\n        \"recall\": 0.8627347350120544,\n        \"f1-score\": 0.8716098666191101,\n        \"specificity\": 0.9869331121444702\n    },\n    \"Bleeding\": {\n        \"precision\": 0.9180896282196045,\n        \"recall\": 0.9269935488700867,\n        \"f1-score\": 0.922520101070404,\n        \"specificity\": 0.9909425973892212\n    },\n    \"Erosion\": {\n        \"precision\": 0.7207650542259216,\n        \"recall\": 0.7149051427841187,\n        \"f1-score\": 0.7178231477737427,\n        \"specificity\": 0.9698676466941833\n    },\n    \"Erythema\": {\n        \"precision\": 0.8263427019119263,\n        \"recall\": 0.841625452041626,\n        \"f1-score\": 0.833914041519165,\n        \"specificity\": 0.9798921942710876\n    },\n    \"Foreign Body\": {\n        \"precision\": 0.9413176774978638,\n        \"recall\": 0.9375663995742798,\n        \"f1-score\": 0.9394382834434509,\n        \"specificity\": 0.9934993982315063\n    },\n    \"Lymphangiectasia\": {\n        \"precision\": 0.9419097900390625,\n        \"recall\": 0.9361982345581055,\n        \"f1-score\": 0.9390453696250916,\n        \"specificity\": 0.9935234189033508\n    },\n    \"Normal\": {\n        \"precision\": 0.8911860585212708,\n        \"recall\": 0.8646080493927002,\n        \"f1-score\": 0.8776959180831909,\n        \"specificity\": 0.9881719946861267\n    },\n    \"Polyp\": {\n        \"precision\": 0.8133193254470825,\n        \"recall\": 0.8491650819778442,\n        \"f1-score\": 0.8308557868003845,\n        \"specificity\": 0.979030430316925\n    },\n    \"Ulcer\": {\n        \"precision\": 0.9788089990615845,\n        \"recall\": 0.9746260643005371,\n        \"f1-score\": 0.9767130613327026,\n        \"specificity\": 0.9976670742034912\n    },\n    \"Worms\": {\n        \"precision\": 0.9877858757972717,\n        \"recall\": 0.9893285036087036,\n        \"f1-score\": 0.9885565638542175,\n        \"specificity\": 0.9986080527305603\n    },\n    \"macro avg\": {\n        \"precision\": 0.890019416809082,\n        \"recall\": 0.8897750973701477,\n        \"f1-score\": 0.8898172378540039,\n        \"specificity\": 0.9878135919570923\n    },\n    \"accuracy\": 0.8902598023414612,\n    \"auc_roc_scores\": {\n        \"Angioectasia\": 0.9909859895706177,\n        \"Bleeding\": 0.9968961477279663,\n        \"Erosion\": 0.9658867120742798,\n        \"Erythema\": 0.9880664348602295,\n        \"Foreign Body\": 0.9978930354118347,\n        \"Lymphangiectasia\": 0.9970464706420898,\n        \"Normal\": 0.9882099628448486,\n        \"Polyp\": 0.988402783870697,\n        \"Ulcer\": 0.999521791934967,\n        \"Worms\": 0.999869704246521\n    },\n    \"mean_auc\": 0.9912778735160828,\n    \"average_precision_scores\": {\n        \"Angioectasia\": 0.9479588270187378,\n        \"Bleeding\": 0.9764007329940796,\n        \"Erosion\": 0.805990993976593,\n        \"Erythema\": 0.9102894067764282,\n        \"Foreign Body\": 0.986143946647644,\n        \"Lymphangiectasia\": 0.9830186367034912,\n        \"Normal\": 0.9426372051239014,\n        \"Polyp\": 0.9094235897064209,\n        \"Ulcer\": 0.9967535138130188,\n        \"Worms\": 0.9989321231842041\n    },\n    \"mean_average_precision\": 0.9457549452781677,\n    \"mean_f1_score\": 0.8898172378540039,\n    \"mean_specificity\": 0.9878135919570923,\n    \"mean_sensitivity\": 0.8897750973701477,\n    \"balanced_accuracy\": 0.8897750973701477\n}",
    "test_metrics": "{\n    \"Angioectasia\": {\n        \"precision\": 0.7878788113594055,\n        \"recall\": 0.6277666091918945,\n        \"f1-score\": 0.6987681984901428,\n        \"specificity\": 0.9946274161338806\n    },\n    \"Bleeding\": {\n        \"precision\": 0.6408730149269104,\n        \"recall\": 0.8997214436531067,\n        \"f1-score\": 0.7485515475273132,\n        \"specificity\": 0.9885246753692627\n    },\n    \"Erosion\": {\n        \"precision\": 0.418523371219635,\n        \"recall\": 0.829437255859375,\n        \"f1-score\": 0.5563298463821411,\n        \"specificity\": 0.911130428314209\n    },\n    \"Erythema\": {\n        \"precision\": 0.47492626309394836,\n        \"recall\": 0.5420875549316406,\n        \"f1-score\": 0.5062893033027649,\n        \"specificity\": 0.9887591004371643\n    },\n    \"Foreign Body\": {\n        \"precision\": 0.6867749691009521,\n        \"recall\": 0.8705882430076599,\n        \"f1-score\": 0.7678340077400208,\n        \"specificity\": 0.9914513826370239\n    },\n    \"Lymphangiectasia\": {\n        \"precision\": 0.8223495483398438,\n        \"recall\": 0.8367347121238708,\n        \"f1-score\": 0.8294797539710999,\n        \"specificity\": 0.9960731863975525\n    },\n    \"Normal\": {\n        \"precision\": 0.9947732090950012,\n        \"recall\": 0.8674208521842957,\n        \"f1-score\": 0.9267423152923584,\n        \"specificity\": 0.9854356050491333\n    },\n    \"Polyp\": {\n        \"precision\": 0.4462365508079529,\n        \"recall\": 0.6639999747276306,\n        \"f1-score\": 0.5337620377540588,\n        \"specificity\": 0.9736437797546387\n    },\n    \"Ulcer\": {\n        \"precision\": 0.9496402740478516,\n        \"recall\": 0.9230769276618958,\n        \"f1-score\": 0.936170220375061,\n        \"specificity\": 0.9991164803504944\n    },\n    \"Worms\": {\n        \"precision\": 0.7727272510528564,\n        \"recall\": 1.0,\n        \"f1-score\": 0.8717948794364929,\n        \"specificity\": 0.9987549781799316\n    },\n    \"macro avg\": {\n        \"precision\": 0.6994703412055969,\n        \"recall\": 0.8060833215713501,\n        \"f1-score\": 0.737572193145752,\n        \"specificity\": 0.9827516674995422\n    },\n    \"accuracy\": 0.8467022180557251,\n    \"auc_roc_scores\": {\n        \"Angioectasia\": 0.9728491306304932,\n        \"Bleeding\": 0.9895573854446411,\n        \"Erosion\": 0.9578558206558228,\n        \"Erythema\": 0.9699997901916504,\n        \"Foreign Body\": 0.991861879825592,\n        \"Lymphangiectasia\": 0.9873642921447754,\n        \"Normal\": 0.9842660427093506,\n        \"Polyp\": 0.9730875492095947,\n        \"Ulcer\": 0.9987287521362305,\n        \"Worms\": 0.9999643564224243\n    },\n    \"mean_auc\": 0.9825534820556641,\n    \"average_precision_scores\": {\n        \"Angioectasia\": 0.7802919745445251,\n        \"Bleeding\": 0.8910400867462158,\n        \"Erosion\": 0.7115434408187866,\n        \"Erythema\": 0.548903226852417,\n        \"Foreign Body\": 0.903694748878479,\n        \"Lymphangiectasia\": 0.8911668062210083,\n        \"Normal\": 0.9950826168060303,\n        \"Polyp\": 0.6247367262840271,\n        \"Ulcer\": 0.9740943312644958,\n        \"Worms\": 0.9914244413375854\n    },\n    \"mean_average_precision\": 0.8311978578567505,\n    \"mean_f1_score\": 0.737572193145752,\n    \"mean_specificity\": 0.9827516674995422,\n    \"mean_sensitivity\": 0.8060833215713501,\n    \"balanced_accuracy\": 0.8060833215713501\n}"
}