{
    "epoch": 13,
    "train_metrics": "{\n    \"Angioectasia\": {\n        \"precision\": 0.949918806552887,\n        \"recall\": 0.9561308026313782,\n        \"f1-score\": 0.9530146718025208,\n        \"specificity\": 0.9945487380027771\n    },\n    \"Bleeding\": {\n        \"precision\": 0.9602184295654297,\n        \"recall\": 0.9756935238838196,\n        \"f1-score\": 0.9678941369056702,\n        \"specificity\": 0.9954763054847717\n    },\n    \"Erosion\": {\n        \"precision\": 0.905541181564331,\n        \"recall\": 0.8748959898948669,\n        \"f1-score\": 0.8899548649787903,\n        \"specificity\": 0.990324079990387\n    },\n    \"Erythema\": {\n        \"precision\": 0.936718761920929,\n        \"recall\": 0.9548712372779846,\n        \"f1-score\": 0.9457079172134399,\n        \"specificity\": 0.9928191304206848\n    },\n    \"Foreign Body\": {\n        \"precision\": 0.9723256826400757,\n        \"recall\": 0.9785752296447754,\n        \"f1-score\": 0.9754404425621033,\n        \"specificity\": 0.9969297051429749\n    },\n    \"Lymphangiectasia\": {\n        \"precision\": 0.972450315952301,\n        \"recall\": 0.9739984273910522,\n        \"f1-score\": 0.9732237458229065,\n        \"specificity\": 0.9969265460968018\n    },\n    \"Normal\": {\n        \"precision\": 0.9606256484985352,\n        \"recall\": 0.9358906745910645,\n        \"f1-score\": 0.9480968713760376,\n        \"specificity\": 0.9956806302070618\n    },\n    \"Polyp\": {\n        \"precision\": 0.9479166865348816,\n        \"recall\": 0.956861674785614,\n        \"f1-score\": 0.9523681998252869,\n        \"specificity\": 0.9942474365234375\n    },\n    \"Ulcer\": {\n        \"precision\": 0.9964349269866943,\n        \"recall\": 0.9946619272232056,\n        \"f1-score\": 0.9955476522445679,\n        \"specificity\": 0.9995842576026917\n    },\n    \"Worms\": {\n        \"precision\": 0.9979122877120972,\n        \"recall\": 0.9989550709724426,\n        \"f1-score\": 0.9984334111213684,\n        \"specificity\": 0.9997631907463074\n    },\n    \"macro avg\": {\n        \"precision\": 0.9600062370300293,\n        \"recall\": 0.9600534439086914,\n        \"f1-score\": 0.9599682092666626,\n        \"specificity\": 0.9956299662590027\n    },\n    \"accuracy\": 0.9606190323829651,\n    \"auc_roc_scores\": {\n        \"Angioectasia\": 0.9990410804748535,\n        \"Bleeding\": 0.9995104074478149,\n        \"Erosion\": 0.9944603443145752,\n        \"Erythema\": 0.9984941482543945,\n        \"Foreign Body\": 0.9997332096099854,\n        \"Lymphangiectasia\": 0.9996715784072876,\n        \"Normal\": 0.9970791339874268,\n        \"Polyp\": 0.9988112449645996,\n        \"Ulcer\": 0.9999616742134094,\n        \"Worms\": 0.9999990463256836\n    },\n    \"mean_auc\": 0.9986761212348938,\n    \"average_precision_scores\": {\n        \"Angioectasia\": 0.9922043681144714,\n        \"Bleeding\": 0.9956104159355164,\n        \"Erosion\": 0.9599651098251343,\n        \"Erythema\": 0.9859798550605774,\n        \"Foreign Body\": 0.9975734949111938,\n        \"Lymphangiectasia\": 0.9972131252288818,\n        \"Normal\": 0.985046923160553,\n        \"Polyp\": 0.9901902079582214,\n        \"Ulcer\": 0.9997844099998474,\n        \"Worms\": 0.9999917149543762\n    },\n    \"mean_average_precision\": 0.990355908870697,\n    \"mean_f1_score\": 0.9599682092666626,\n    \"mean_specificity\": 0.9956299662590027,\n    \"mean_sensitivity\": 0.9600534439086914,\n    \"balanced_accuracy\": 0.9600534439086914\n}",
    "test_metrics": "{\n    \"Angioectasia\": {\n        \"precision\": 0.7258979082107544,\n        \"recall\": 0.772635817527771,\n        \"f1-score\": 0.7485380172729492,\n        \"specificity\": 0.9907259345054626\n    },\n    \"Bleeding\": {\n        \"precision\": 0.786432147026062,\n        \"recall\": 0.8718662858009338,\n        \"f1-score\": 0.8269484639167786,\n        \"specificity\": 0.9946110248565674\n    },\n    \"Erosion\": {\n        \"precision\": 0.634529173374176,\n        \"recall\": 0.7350649237632751,\n        \"f1-score\": 0.6811071038246155,\n        \"specificity\": 0.9673499464988708\n    },\n    \"Erythema\": {\n        \"precision\": 0.5561797618865967,\n        \"recall\": 0.6666666865348816,\n        \"f1-score\": 0.6064318418502808,\n        \"specificity\": 0.9900221228599548\n    },\n    \"Foreign Body\": {\n        \"precision\": 0.751207709312439,\n        \"recall\": 0.9147058725357056,\n        \"f1-score\": 0.8249337077140808,\n        \"specificity\": 0.9934777021408081\n    },\n    \"Lymphangiectasia\": {\n        \"precision\": 0.7726098299026489,\n        \"recall\": 0.8717201352119446,\n        \"f1-score\": 0.8191781044006348,\n        \"specificity\": 0.9944264888763428\n    },\n    \"Normal\": {\n        \"precision\": 0.9881412982940674,\n        \"recall\": 0.935867190361023,\n        \"f1-score\": 0.9612941145896912,\n        \"specificity\": 0.9641092419624329\n    },\n    \"Polyp\": {\n        \"precision\": 0.5241477489471436,\n        \"recall\": 0.7379999756813049,\n        \"f1-score\": 0.6129568219184875,\n        \"specificity\": 0.9785696268081665\n    },\n    \"Ulcer\": {\n        \"precision\": 0.9520547986030579,\n        \"recall\": 0.9720279574394226,\n        \"f1-score\": 0.9619377255439758,\n        \"specificity\": 0.9991164803504944\n    },\n    \"Worms\": {\n        \"precision\": 0.8831169009208679,\n        \"recall\": 1.0,\n        \"f1-score\": 0.9379310607910156,\n        \"specificity\": 0.9994397163391113\n    },\n    \"macro avg\": {\n        \"precision\": 0.7574317455291748,\n        \"recall\": 0.8478555083274841,\n        \"f1-score\": 0.798125684261322,\n        \"specificity\": 0.9871848225593567\n    },\n    \"accuracy\": 0.9030498266220093,\n    \"auc_roc_scores\": {\n        \"Angioectasia\": 0.9795047044754028,\n        \"Bleeding\": 0.9921988248825073,\n        \"Erosion\": 0.971611499786377,\n        \"Erythema\": 0.9729081392288208,\n        \"Foreign Body\": 0.9939248561859131,\n        \"Lymphangiectasia\": 0.9928644895553589,\n        \"Normal\": 0.9905180931091309,\n        \"Polyp\": 0.9750899076461792,\n        \"Ulcer\": 0.9997925758361816,\n        \"Worms\": 1.0\n    },\n    \"mean_auc\": 0.9868413209915161,\n    \"average_precision_scores\": {\n        \"Angioectasia\": 0.8405673503875732,\n        \"Bleeding\": 0.9094058275222778,\n        \"Erosion\": 0.7815059423446655,\n        \"Erythema\": 0.5926845669746399,\n        \"Foreign Body\": 0.9375317096710205,\n        \"Lymphangiectasia\": 0.9085981249809265,\n        \"Normal\": 0.9970792531967163,\n        \"Polyp\": 0.6991332769393921,\n        \"Ulcer\": 0.9913303852081299,\n        \"Worms\": 1.0\n    },\n    \"mean_average_precision\": 0.8657836318016052,\n    \"mean_f1_score\": 0.798125684261322,\n    \"mean_specificity\": 0.9871848225593567,\n    \"mean_sensitivity\": 0.8478555083274841,\n    \"balanced_accuracy\": 0.8478555083274841\n}"
}