{
    "epoch": 11,
    "train_metrics": "{\n    \"Angioectasia\": {\n        \"precision\": 0.9374505281448364,\n        \"recall\": 0.9374505281448364,\n        \"f1-score\": 0.9374505281448364,\n        \"specificity\": 0.9929919242858887\n    },\n    \"Bleeding\": {\n        \"precision\": 0.9516907930374146,\n        \"recall\": 0.9646354913711548,\n        \"f1-score\": 0.9581194519996643,\n        \"specificity\": 0.9946951270103455\n    },\n    \"Erosion\": {\n        \"precision\": 0.8772802948951721,\n        \"recall\": 0.8518518805503845,\n        \"f1-score\": 0.8643791079521179,\n        \"specificity\": 0.9868953227996826\n    },\n    \"Erythema\": {\n        \"precision\": 0.9175389409065247,\n        \"recall\": 0.937646746635437,\n        \"f1-score\": 0.927483856678009,\n        \"specificity\": 0.9904364347457886\n    },\n    \"Foreign Body\": {\n        \"precision\": 0.9684576392173767,\n        \"recall\": 0.9720954895019531,\n        \"f1-score\": 0.9702731370925903,\n        \"specificity\": 0.9965171217918396\n    },\n    \"Lymphangiectasia\": {\n        \"precision\": 0.9679116010665894,\n        \"recall\": 0.9696969985961914,\n        \"f1-score\": 0.9688034653663635,\n        \"specificity\": 0.9963918328285217\n    },\n    \"Normal\": {\n        \"precision\": 0.9510564208030701,\n        \"recall\": 0.9250780344009399,\n        \"f1-score\": 0.9378873705863953,\n        \"specificity\": 0.9945798516273499\n    },\n    \"Polyp\": {\n        \"precision\": 0.9205135107040405,\n        \"recall\": 0.9314538240432739,\n        \"f1-score\": 0.925951361656189,\n        \"specificity\": 0.9914383888244629\n    },\n    \"Ulcer\": {\n        \"precision\": 0.9931180477142334,\n        \"recall\": 0.9946977496147156,\n        \"f1-score\": 0.9939072728157043,\n        \"specificity\": 0.9992315769195557\n    },\n    \"Worms\": {\n        \"precision\": 0.9937434792518616,\n        \"recall\": 0.9960804581642151,\n        \"f1-score\": 0.9949105978012085,\n        \"specificity\": 0.9992895126342773\n    },\n    \"macro avg\": {\n        \"precision\": 0.9478761553764343,\n        \"recall\": 0.9480687379837036,\n        \"f1-score\": 0.9479166269302368,\n        \"specificity\": 0.9942466616630554\n    },\n    \"accuracy\": 0.9482011198997498,\n    \"auc_roc_scores\": {\n        \"Angioectasia\": 0.9981467127799988,\n        \"Bleeding\": 0.9992774128913879,\n        \"Erosion\": 0.9909549951553345,\n        \"Erythema\": 0.997723400592804,\n        \"Foreign Body\": 0.9994697570800781,\n        \"Lymphangiectasia\": 0.9994264245033264,\n        \"Normal\": 0.9962340593338013,\n        \"Polyp\": 0.9975571036338806,\n        \"Ulcer\": 0.9999628067016602,\n        \"Worms\": 0.9999902844429016\n    },\n    \"mean_auc\": 0.9978742599487305,\n    \"average_precision_scores\": {\n        \"Angioectasia\": 0.9864153861999512,\n        \"Bleeding\": 0.9932788610458374,\n        \"Erosion\": 0.9418252110481262,\n        \"Erythema\": 0.9803013801574707,\n        \"Foreign Body\": 0.9959120750427246,\n        \"Lymphangiectasia\": 0.9956107139587402,\n        \"Normal\": 0.9808726906776428,\n        \"Polyp\": 0.9788542985916138,\n        \"Ulcer\": 0.999642014503479,\n        \"Worms\": 0.9999145865440369\n    },\n    \"mean_average_precision\": 0.9852628111839294,\n    \"mean_f1_score\": 0.9479166269302368,\n    \"mean_specificity\": 0.9942466616630554,\n    \"mean_sensitivity\": 0.9480687379837036,\n    \"balanced_accuracy\": 0.9480687379837036\n}",
    "test_metrics": "{\n    \"Angioectasia\": {\n        \"precision\": 0.5458115339279175,\n        \"recall\": 0.8390341997146606,\n        \"f1-score\": 0.661379873752594,\n        \"specificity\": 0.9778062105178833\n    },\n    \"Bleeding\": {\n        \"precision\": 0.8106666803359985,\n        \"recall\": 0.8467966318130493,\n        \"f1-score\": 0.8283378481864929,\n        \"specificity\": 0.9954986572265625\n    },\n    \"Erosion\": {\n        \"precision\": 0.6616915464401245,\n        \"recall\": 0.6909090876579285,\n        \"f1-score\": 0.6759847402572632,\n        \"specificity\": 0.9727582335472107\n    },\n    \"Erythema\": {\n        \"precision\": 0.529411792755127,\n        \"recall\": 0.6666666865348816,\n        \"f1-score\": 0.5901639461517334,\n        \"specificity\": 0.9888854026794434\n    },\n    \"Foreign Body\": {\n        \"precision\": 0.8563050031661987,\n        \"recall\": 0.8588235378265381,\n        \"f1-score\": 0.8575624227523804,\n        \"specificity\": 0.9968971610069275\n    },\n    \"Lymphangiectasia\": {\n        \"precision\": 0.8456973433494568,\n        \"recall\": 0.8309037685394287,\n        \"f1-score\": 0.8382353186607361,\n        \"specificity\": 0.9967065453529358\n    },\n    \"Normal\": {\n        \"precision\": 0.9785678386688232,\n        \"recall\": 0.9475868940353394,\n        \"f1-score\": 0.9628282189369202,\n        \"specificity\": 0.9336801171302795\n    },\n    \"Polyp\": {\n        \"precision\": 0.6405919790267944,\n        \"recall\": 0.6060000061988831,\n        \"f1-score\": 0.6228160262107849,\n        \"specificity\": 0.9891248941421509\n    },\n    \"Ulcer\": {\n        \"precision\": 0.9220339059829712,\n        \"recall\": 0.9510489702224731,\n        \"f1-score\": 0.9363166689872742,\n        \"specificity\": 0.9985485076904297\n    },\n    \"Worms\": {\n        \"precision\": 0.9420289993286133,\n        \"recall\": 0.9558823704719543,\n        \"f1-score\": 0.9489051103591919,\n        \"specificity\": 0.9997509717941284\n    },\n    \"macro avg\": {\n        \"precision\": 0.773280680179596,\n        \"recall\": 0.8193652033805847,\n        \"f1-score\": 0.7922530174255371,\n        \"specificity\": 0.9849657416343689\n    },\n    \"accuracy\": 0.9036077260971069,\n    \"auc_roc_scores\": {\n        \"Angioectasia\": 0.9807435870170593,\n        \"Bleeding\": 0.9871698021888733,\n        \"Erosion\": 0.9709243178367615,\n        \"Erythema\": 0.9686506390571594,\n        \"Foreign Body\": 0.9862571954727173,\n        \"Lymphangiectasia\": 0.9921767115592957,\n        \"Normal\": 0.9872722029685974,\n        \"Polyp\": 0.9747819900512695,\n        \"Ulcer\": 0.9980900287628174,\n        \"Worms\": 0.9958676695823669\n    },\n    \"mean_auc\": 0.9841934442520142,\n    \"average_precision_scores\": {\n        \"Angioectasia\": 0.8426982164382935,\n        \"Bleeding\": 0.8849425911903381,\n        \"Erosion\": 0.748401939868927,\n        \"Erythema\": 0.6061504483222961,\n        \"Foreign Body\": 0.9099463820457458,\n        \"Lymphangiectasia\": 0.9006390571594238,\n        \"Normal\": 0.9959969520568848,\n        \"Polyp\": 0.673568844795227,\n        \"Ulcer\": 0.9798007011413574,\n        \"Worms\": 0.976933479309082\n    },\n    \"mean_average_precision\": 0.8519078493118286,\n    \"mean_f1_score\": 0.7922530174255371,\n    \"mean_specificity\": 0.9849657416343689,\n    \"mean_sensitivity\": 0.8193652033805847,\n    \"balanced_accuracy\": 0.8193652033805847\n}"
}