{
    "epoch": 3,
    "train_metrics": "{\n    \"Angioectasia\": {\n        \"precision\": 0.8361148834228516,\n        \"recall\": 0.800000011920929,\n        \"f1-score\": 0.8176588416099548,\n        \"specificity\": 0.9822713136672974\n    },\n    \"Bleeding\": {\n        \"precision\": 0.8878603577613831,\n        \"recall\": 0.8864536285400391,\n        \"f1-score\": 0.8871564269065857,\n        \"specificity\": 0.9874630570411682\n    },\n    \"Erosion\": {\n        \"precision\": 0.6437768340110779,\n        \"recall\": 0.659937858581543,\n        \"f1-score\": 0.6517571806907654,\n        \"specificity\": 0.9581839442253113\n    },\n    \"Erythema\": {\n        \"precision\": 0.7570545673370361,\n        \"recall\": 0.7592992186546326,\n        \"f1-score\": 0.7581751942634583,\n        \"specificity\": 0.9733309745788574\n    },\n    \"Foreign Body\": {\n        \"precision\": 0.9207484722137451,\n        \"recall\": 0.90800541639328,\n        \"f1-score\": 0.9143325686454773,\n        \"specificity\": 0.9915099143981934\n    },\n    \"Lymphangiectasia\": {\n        \"precision\": 0.9197414517402649,\n        \"recall\": 0.9048754572868347,\n        \"f1-score\": 0.912247896194458,\n        \"specificity\": 0.9911920428276062\n    },\n    \"Normal\": {\n        \"precision\": 0.8488184809684753,\n        \"recall\": 0.8303126096725464,\n        \"f1-score\": 0.8394635319709778,\n        \"specificity\": 0.9833431839942932\n    },\n    \"Polyp\": {\n        \"precision\": 0.7487218976020813,\n        \"recall\": 0.7993995547294617,\n        \"f1-score\": 0.7732312679290771,\n        \"specificity\": 0.9710397124290466\n    },\n    \"Ulcer\": {\n        \"precision\": 0.9679979085922241,\n        \"recall\": 0.9644268751144409,\n        \"f1-score\": 0.9662090539932251,\n        \"specificity\": 0.9964213967323303\n    },\n    \"Worms\": {\n        \"precision\": 0.978255033493042,\n        \"recall\": 0.9845987558364868,\n        \"f1-score\": 0.981416642665863,\n        \"specificity\": 0.9976110458374023\n    },\n    \"macro avg\": {\n        \"precision\": 0.8509089350700378,\n        \"recall\": 0.8497309684753418,\n        \"f1-score\": 0.8501648306846619,\n        \"specificity\": 0.9832367300987244\n    },\n    \"accuracy\": 0.8491770029067993,\n    \"auc_roc_scores\": {\n        \"Angioectasia\": 0.97930908203125,\n        \"Bleeding\": 0.9932401180267334,\n        \"Erosion\": 0.9519827961921692,\n        \"Erythema\": 0.9771992564201355,\n        \"Foreign Body\": 0.9954715371131897,\n        \"Lymphangiectasia\": 0.9945369958877563,\n        \"Normal\": 0.9817091226577759,\n        \"Polyp\": 0.9791152477264404,\n        \"Ulcer\": 0.9988216161727905,\n        \"Worms\": 0.99979168176651\n    },\n    \"mean_auc\": 0.9851177334785461,\n    \"average_precision_scores\": {\n        \"Angioectasia\": 0.9017328023910522,\n        \"Bleeding\": 0.9576389789581299,\n        \"Erosion\": 0.7207252979278564,\n        \"Erythema\": 0.8441845774650574,\n        \"Foreign Body\": 0.9739289283752441,\n        \"Lymphangiectasia\": 0.9685418605804443,\n        \"Normal\": 0.9110543727874756,\n        \"Polyp\": 0.8512768745422363,\n        \"Ulcer\": 0.9936438798904419,\n        \"Worms\": 0.9983786940574646\n    },\n    \"mean_average_precision\": 0.9121107459068298,\n    \"mean_f1_score\": 0.8501648306846619,\n    \"mean_specificity\": 0.9832367300987244,\n    \"mean_sensitivity\": 0.8497309684753418,\n    \"balanced_accuracy\": 0.8497309684753418\n}",
    "test_metrics": "{\n    \"Angioectasia\": {\n        \"precision\": 0.7642276287078857,\n        \"recall\": 0.5674044489860535,\n        \"f1-score\": 0.6512702107429504,\n        \"specificity\": 0.9944355487823486\n    },\n    \"Bleeding\": {\n        \"precision\": 0.5967742204666138,\n        \"recall\": 0.8245125412940979,\n        \"f1-score\": 0.6923976540565491,\n        \"specificity\": 0.9873201251029968\n    },\n    \"Erosion\": {\n        \"precision\": 0.379291832447052,\n        \"recall\": 0.6121212244033813,\n        \"f1-score\": 0.4683670103549957,\n        \"specificity\": 0.9227482080459595\n    },\n    \"Erythema\": {\n        \"precision\": 0.3080724775791168,\n        \"recall\": 0.6296296119689941,\n        \"f1-score\": 0.4137168228626251,\n        \"specificity\": 0.9734764695167542\n    },\n    \"Foreign Body\": {\n        \"precision\": 0.3781512677669525,\n        \"recall\": 0.9264705777168274,\n        \"f1-score\": 0.5370844006538391,\n        \"specificity\": 0.9671986103057861\n    },\n    \"Lymphangiectasia\": {\n        \"precision\": 0.5714285969734192,\n        \"recall\": 0.8396501541137695,\n        \"f1-score\": 0.6800472140312195,\n        \"specificity\": 0.9863196015357971\n    },\n    \"Normal\": {\n        \"precision\": 0.9935773015022278,\n        \"recall\": 0.7931960821151733,\n        \"f1-score\": 0.8821505904197693,\n        \"specificity\": 0.9836151003837585\n    },\n    \"Polyp\": {\n        \"precision\": 0.2998281717300415,\n        \"recall\": 0.6980000138282776,\n        \"f1-score\": 0.4194711446762085,\n        \"specificity\": 0.9478633403778076\n    },\n    \"Ulcer\": {\n        \"precision\": 0.63922518491745,\n        \"recall\": 0.9230769276618958,\n        \"f1-score\": 0.7553648352622986,\n        \"specificity\": 0.9905970096588135\n    },\n    \"Worms\": {\n        \"precision\": 0.8630136847496033,\n        \"recall\": 0.9264705777168274,\n        \"f1-score\": 0.8936170339584351,\n        \"specificity\": 0.9993774890899658\n    },\n    \"macro avg\": {\n        \"precision\": 0.5793590545654297,\n        \"recall\": 0.7740532159805298,\n        \"f1-score\": 0.6393486857414246,\n        \"specificity\": 0.9752951860427856\n    },\n    \"accuracy\": 0.7746714353561401,\n    \"auc_roc_scores\": {\n        \"Angioectasia\": 0.9527608156204224,\n        \"Bleeding\": 0.9840923547744751,\n        \"Erosion\": 0.8974612355232239,\n        \"Erythema\": 0.9674417972564697,\n        \"Foreign Body\": 0.9864791631698608,\n        \"Lymphangiectasia\": 0.9821714162826538,\n        \"Normal\": 0.9754674434661865,\n        \"Polyp\": 0.9454896450042725,\n        \"Ulcer\": 0.9950346350669861,\n        \"Worms\": 0.9998169541358948\n    },\n    \"mean_auc\": 0.968621551990509,\n    \"average_precision_scores\": {\n        \"Angioectasia\": 0.7231704592704773,\n        \"Bleeding\": 0.837613046169281,\n        \"Erosion\": 0.5135879516601562,\n        \"Erythema\": 0.44925734400749207,\n        \"Foreign Body\": 0.8841264247894287,\n        \"Lymphangiectasia\": 0.8376806974411011,\n        \"Normal\": 0.9921141862869263,\n        \"Polyp\": 0.5037096738815308,\n        \"Ulcer\": 0.927528977394104,\n        \"Worms\": 0.9726914167404175\n    },\n    \"mean_average_precision\": 0.7641479969024658,\n    \"mean_f1_score\": 0.6393486857414246,\n    \"mean_specificity\": 0.9752951860427856,\n    \"mean_sensitivity\": 0.7740532159805298,\n    \"balanced_accuracy\": 0.7740532159805298\n}"
}