{
    "epoch": 4,
    "train_metrics": "{\n    \"Angioectasia\": {\n        \"precision\": 0.8637510538101196,\n        \"recall\": 0.8311302661895752,\n        \"f1-score\": 0.8471267819404602,\n        \"specificity\": 0.9856637120246887\n    },\n    \"Bleeding\": {\n        \"precision\": 0.9025232195854187,\n        \"recall\": 0.916149914264679,\n        \"f1-score\": 0.9092855453491211,\n        \"specificity\": 0.989173412322998\n    },\n    \"Erosion\": {\n        \"precision\": 0.6840459108352661,\n        \"recall\": 0.6932628750801086,\n        \"f1-score\": 0.6886235475540161,\n        \"specificity\": 0.9641653299331665\n    },\n    \"Erythema\": {\n        \"precision\": 0.8128184676170349,\n        \"recall\": 0.8169811367988586,\n        \"f1-score\": 0.8148944973945618,\n        \"specificity\": 0.9794082045555115\n    },\n    \"Foreign Body\": {\n        \"precision\": 0.9242504239082336,\n        \"recall\": 0.9218258261680603,\n        \"f1-score\": 0.923036515712738,\n        \"specificity\": 0.9914780259132385\n    },\n    \"Lymphangiectasia\": {\n        \"precision\": 0.9296979308128357,\n        \"recall\": 0.9133403301239014,\n        \"f1-score\": 0.9214465618133545,\n        \"specificity\": 0.9922187328338623\n    },\n    \"Normal\": {\n        \"precision\": 0.8723233342170715,\n        \"recall\": 0.8464934825897217,\n        \"f1-score\": 0.8592143654823303,\n        \"specificity\": 0.9858695864677429\n    },\n    \"Polyp\": {\n        \"precision\": 0.7919191718101501,\n        \"recall\": 0.8349307775497437,\n        \"f1-score\": 0.8128563761711121,\n        \"specificity\": 0.9756580591201782\n    },\n    \"Ulcer\": {\n        \"precision\": 0.9762793183326721,\n        \"recall\": 0.9760192036628723,\n        \"f1-score\": 0.9761492609977722,\n        \"specificity\": 0.9973710775375366\n    },\n    \"Worms\": {\n        \"precision\": 0.9908577799797058,\n        \"recall\": 0.9913908839225769,\n        \"f1-score\": 0.9911242723464966,\n        \"specificity\": 0.9989967346191406\n    },\n    \"macro avg\": {\n        \"precision\": 0.8748466372489929,\n        \"recall\": 0.8741524815559387,\n        \"f1-score\": 0.8743757605552673,\n        \"specificity\": 0.9860002398490906\n    },\n    \"accuracy\": 0.87401282787323,\n    \"auc_roc_scores\": {\n        \"Angioectasia\": 0.987412691116333,\n        \"Bleeding\": 0.9958724975585938,\n        \"Erosion\": 0.9571521878242493,\n        \"Erythema\": 0.9850426316261292,\n        \"Foreign Body\": 0.9966027736663818,\n        \"Lymphangiectasia\": 0.9953607320785522,\n        \"Normal\": 0.9853823184967041,\n        \"Polyp\": 0.9854063987731934,\n        \"Ulcer\": 0.9992591738700867,\n        \"Worms\": 0.9998458027839661\n    },\n    \"mean_auc\": 0.98873370885849,\n    \"average_precision_scores\": {\n        \"Angioectasia\": 0.9312800168991089,\n        \"Bleeding\": 0.9685101509094238,\n        \"Erosion\": 0.7710586786270142,\n        \"Erythema\": 0.887661874294281,\n        \"Foreign Body\": 0.9792928099632263,\n        \"Lymphangiectasia\": 0.973629355430603,\n        \"Normal\": 0.9292469024658203,\n        \"Polyp\": 0.8940442800521851,\n        \"Ulcer\": 0.9960447549819946,\n        \"Worms\": 0.9994219541549683\n    },\n    \"mean_average_precision\": 0.9330191016197205,\n    \"mean_f1_score\": 0.8743757605552673,\n    \"mean_specificity\": 0.9860002398490906,\n    \"mean_sensitivity\": 0.8741524815559387,\n    \"balanced_accuracy\": 0.8741524815559387\n}",
    "test_metrics": "{\n    \"Angioectasia\": {\n        \"precision\": 0.6182708144187927,\n        \"recall\": 0.7625754475593567,\n        \"f1-score\": 0.6828829050064087,\n        \"specificity\": 0.9850335717201233\n    },\n    \"Bleeding\": {\n        \"precision\": 0.7039626836776733,\n        \"recall\": 0.8412256240844727,\n        \"f1-score\": 0.7664974331855774,\n        \"specificity\": 0.9919482469558716\n    },\n    \"Erosion\": {\n        \"precision\": 0.6486772298812866,\n        \"recall\": 0.5307359099388123,\n        \"f1-score\": 0.583809494972229,\n        \"specificity\": 0.9778326749801636\n    },\n    \"Erythema\": {\n        \"precision\": 0.421999990940094,\n        \"recall\": 0.7104377150535583,\n        \"f1-score\": 0.5294855833053589,\n        \"specificity\": 0.9817492961883545\n    },\n    \"Foreign Body\": {\n        \"precision\": 0.44117647409439087,\n        \"recall\": 0.9264705777168274,\n        \"f1-score\": 0.5977229475975037,\n        \"specificity\": 0.9747340679168701\n    },\n    \"Lymphangiectasia\": {\n        \"precision\": 0.7300771474838257,\n        \"recall\": 0.82798832654953,\n        \"f1-score\": 0.7759562730789185,\n        \"specificity\": 0.9933497905731201\n    },\n    \"Normal\": {\n        \"precision\": 0.9826750159263611,\n        \"recall\": 0.8909416198730469,\n        \"f1-score\": 0.9345626831054688,\n        \"specificity\": 0.949804961681366\n    },\n    \"Polyp\": {\n        \"precision\": 0.3564356565475464,\n        \"recall\": 0.7200000286102295,\n        \"f1-score\": 0.4768211841583252,\n        \"specificity\": 0.958418607711792\n    },\n    \"Ulcer\": {\n        \"precision\": 0.8504672646522522,\n        \"recall\": 0.9545454382896423,\n        \"f1-score\": 0.8995057940483093,\n        \"specificity\": 0.9969708323478699\n    },\n    \"Worms\": {\n        \"precision\": 0.8591549396514893,\n        \"recall\": 0.8970588445663452,\n        \"f1-score\": 0.8776978254318237,\n        \"specificity\": 0.9993774890899658\n    },\n    \"macro avg\": {\n        \"precision\": 0.6612896919250488,\n        \"recall\": 0.8061979413032532,\n        \"f1-score\": 0.7124941945075989,\n        \"specificity\": 0.9809219241142273\n    },\n    \"accuracy\": 0.8520331978797913,\n    \"auc_roc_scores\": {\n        \"Angioectasia\": 0.9726895093917847,\n        \"Bleeding\": 0.9865660667419434,\n        \"Erosion\": 0.9334110021591187,\n        \"Erythema\": 0.9699653387069702,\n        \"Foreign Body\": 0.9848424196243286,\n        \"Lymphangiectasia\": 0.9866218566894531,\n        \"Normal\": 0.976260781288147,\n        \"Polyp\": 0.963908314704895,\n        \"Ulcer\": 0.9987881183624268,\n        \"Worms\": 0.9997656345367432\n    },\n    \"mean_auc\": 0.9772819876670837,\n    \"average_precision_scores\": {\n        \"Angioectasia\": 0.7966323494911194,\n        \"Bleeding\": 0.8709408640861511,\n        \"Erosion\": 0.6534261703491211,\n        \"Erythema\": 0.585374116897583,\n        \"Foreign Body\": 0.876253068447113,\n        \"Lymphangiectasia\": 0.8594810962677002,\n        \"Normal\": 0.9921059012413025,\n        \"Polyp\": 0.5527594089508057,\n        \"Ulcer\": 0.9724469184875488,\n        \"Worms\": 0.9699784517288208\n    },\n    \"mean_average_precision\": 0.8129398226737976,\n    \"mean_f1_score\": 0.7124941945075989,\n    \"mean_specificity\": 0.9809219241142273,\n    \"mean_sensitivity\": 0.8061979413032532,\n    \"balanced_accuracy\": 0.8061979413032532\n}"
}