{
    "epoch": 6,
    "train_metrics": "{\n    \"Angioectasia\": {\n        \"precision\": 0.8917807936668396,\n        \"recall\": 0.8742949366569519,\n        \"f1-score\": 0.8829513192176819,\n        \"specificity\": 0.9883425831794739\n    },\n    \"Bleeding\": {\n        \"precision\": 0.9169981479644775,\n        \"recall\": 0.9318243265151978,\n        \"f1-score\": 0.9243517518043518,\n        \"specificity\": 0.9907658696174622\n    },\n    \"Erosion\": {\n        \"precision\": 0.7508887052536011,\n        \"recall\": 0.7441734671592712,\n        \"f1-score\": 0.7475159764289856,\n        \"specificity\": 0.973140299320221\n    },\n    \"Erythema\": {\n        \"precision\": 0.8622303009033203,\n        \"recall\": 0.8671895265579224,\n        \"f1-score\": 0.8647028207778931,\n        \"specificity\": 0.9843111634254456\n    },\n    \"Foreign Body\": {\n        \"precision\": 0.942369282245636,\n        \"recall\": 0.9471707940101624,\n        \"f1-score\": 0.9447639584541321,\n        \"specificity\": 0.993624210357666\n    },\n    \"Lymphangiectasia\": {\n        \"precision\": 0.9448034167289734,\n        \"recall\": 0.9404985308647156,\n        \"f1-score\": 0.9426460862159729,\n        \"specificity\": 0.9939485192298889\n    },\n    \"Normal\": {\n        \"precision\": 0.9016221761703491,\n        \"recall\": 0.8768447637557983,\n        \"f1-score\": 0.889060914516449,\n        \"specificity\": 0.9888350963592529\n    },\n    \"Polyp\": {\n        \"precision\": 0.8403908610343933,\n        \"recall\": 0.871168851852417,\n        \"f1-score\": 0.8555031418800354,\n        \"specificity\": 0.9811298251152039\n    },\n    \"Ulcer\": {\n        \"precision\": 0.9835500121116638,\n        \"recall\": 0.9814667701721191,\n        \"f1-score\": 0.9825072884559631,\n        \"specificity\": 0.9981673359870911\n    },\n    \"Worms\": {\n        \"precision\": 0.9906542301177979,\n        \"recall\": 0.9898379445075989,\n        \"f1-score\": 0.9902459383010864,\n        \"specificity\": 0.9989989995956421\n    },\n    \"macro avg\": {\n        \"precision\": 0.9025287628173828,\n        \"recall\": 0.9024470448493958,\n        \"f1-score\": 0.9024249911308289,\n        \"specificity\": 0.9891263842582703\n    },\n    \"accuracy\": 0.9021724462509155,\n    \"auc_roc_scores\": {\n        \"Angioectasia\": 0.9926550388336182,\n        \"Bleeding\": 0.997634768486023,\n        \"Erosion\": 0.9720110297203064,\n        \"Erythema\": 0.992026150226593,\n        \"Foreign Body\": 0.9982259273529053,\n        \"Lymphangiectasia\": 0.997505784034729,\n        \"Normal\": 0.9904179573059082,\n        \"Polyp\": 0.9907029271125793,\n        \"Ulcer\": 0.999602735042572,\n        \"Worms\": 0.99992835521698\n    },\n    \"mean_auc\": 0.9930710792541504,\n    \"average_precision_scores\": {\n        \"Angioectasia\": 0.954641580581665,\n        \"Bleeding\": 0.9797983765602112,\n        \"Erosion\": 0.8417549133300781,\n        \"Erythema\": 0.9365110993385315,\n        \"Foreign Body\": 0.9877166748046875,\n        \"Lymphangiectasia\": 0.9857259392738342,\n        \"Normal\": 0.9530725479125977,\n        \"Polyp\": 0.9313563704490662,\n        \"Ulcer\": 0.9980694055557251,\n        \"Worms\": 0.9993171691894531\n    },\n    \"mean_average_precision\": 0.9567964673042297,\n    \"mean_f1_score\": 0.9024249911308289,\n    \"mean_specificity\": 0.9891263842582703,\n    \"mean_sensitivity\": 0.9024470448493958,\n    \"balanced_accuracy\": 0.9024470448493958\n}",
    "test_metrics": "{\n    \"Angioectasia\": {\n        \"precision\": 0.5596072673797607,\n        \"recall\": 0.8028169274330139,\n        \"f1-score\": 0.6595041155815125,\n        \"specificity\": 0.9799168705940247\n    },\n    \"Bleeding\": {\n        \"precision\": 0.5775193572044373,\n        \"recall\": 0.8300835490226746,\n        \"f1-score\": 0.6811428666114807,\n        \"specificity\": 0.9861789345741272\n    },\n    \"Erosion\": {\n        \"precision\": 0.5756173133850098,\n        \"recall\": 0.6458874344825745,\n        \"f1-score\": 0.6087311506271362,\n        \"specificity\": 0.9632770419120789\n    },\n    \"Erythema\": {\n        \"precision\": 0.39436620473861694,\n        \"recall\": 0.6599326729774475,\n        \"f1-score\": 0.49370276927948,\n        \"specificity\": 0.9809914827346802\n    },\n    \"Foreign Body\": {\n        \"precision\": 0.6363636255264282,\n        \"recall\": 0.8647058606147766,\n        \"f1-score\": 0.7331671118736267,\n        \"specificity\": 0.9893617033958435\n    },\n    \"Lymphangiectasia\": {\n        \"precision\": 0.7289002537727356,\n        \"recall\": 0.8309037685394287,\n        \"f1-score\": 0.776566743850708,\n        \"specificity\": 0.9932864904403687\n    },\n    \"Normal\": {\n        \"precision\": 0.9871496558189392,\n        \"recall\": 0.862781822681427,\n        \"f1-score\": 0.9207851886749268,\n        \"specificity\": 0.9641092419624329\n    },\n    \"Polyp\": {\n        \"precision\": 0.43388959765434265,\n        \"recall\": 0.6759999990463257,\n        \"f1-score\": 0.528537929058075,\n        \"specificity\": 0.9717886447906494\n    },\n    \"Ulcer\": {\n        \"precision\": 0.4404567778110504,\n        \"recall\": 0.9440559148788452,\n        \"f1-score\": 0.600667417049408,\n        \"specificity\": 0.9783541560173035\n    },\n    \"Worms\": {\n        \"precision\": 0.5317460298538208,\n        \"recall\": 0.9852941036224365,\n        \"f1-score\": 0.6907216310501099,\n        \"specificity\": 0.9963271617889404\n    },\n    \"macro avg\": {\n        \"precision\": 0.5865616202354431,\n        \"recall\": 0.8102461695671082,\n        \"f1-score\": 0.6693527102470398,\n        \"specificity\": 0.9803591966629028\n    },\n    \"accuracy\": 0.8364740610122681,\n    \"auc_roc_scores\": {\n        \"Angioectasia\": 0.9622721672058105,\n        \"Bleeding\": 0.9787307977676392,\n        \"Erosion\": 0.954227864742279,\n        \"Erythema\": 0.9714163541793823,\n        \"Foreign Body\": 0.9856123924255371,\n        \"Lymphangiectasia\": 0.9879933595657349,\n        \"Normal\": 0.9790607690811157,\n        \"Polyp\": 0.9588425159454346,\n        \"Ulcer\": 0.9921437501907349,\n        \"Worms\": 0.9996713995933533\n    },\n    \"mean_auc\": 0.9769971966743469,\n    \"average_precision_scores\": {\n        \"Angioectasia\": 0.7920706272125244,\n        \"Bleeding\": 0.816952109336853,\n        \"Erosion\": 0.6892377138137817,\n        \"Erythema\": 0.5775716304779053,\n        \"Foreign Body\": 0.8675564527511597,\n        \"Lymphangiectasia\": 0.8583850860595703,\n        \"Normal\": 0.9933350086212158,\n        \"Polyp\": 0.6150727272033691,\n        \"Ulcer\": 0.9134124517440796,\n        \"Worms\": 0.9705489873886108\n    },\n    \"mean_average_precision\": 0.8094143271446228,\n    \"mean_f1_score\": 0.6693527102470398,\n    \"mean_specificity\": 0.9803591966629028,\n    \"mean_sensitivity\": 0.8102461695671082,\n    \"balanced_accuracy\": 0.8102461695671082\n}"
}