{
    "epoch": 9,
    "train_metrics": "{\n    \"Angioectasia\": {\n        \"precision\": 0.9163528680801392,\n        \"recall\": 0.9112061858177185,\n        \"f1-score\": 0.9137722849845886,\n        \"specificity\": 0.9908173084259033\n    },\n    \"Bleeding\": {\n        \"precision\": 0.9348849654197693,\n        \"recall\": 0.9513038992881775,\n        \"f1-score\": 0.9430229663848877,\n        \"specificity\": 0.9926437735557556\n    },\n    \"Erosion\": {\n        \"precision\": 0.8299915194511414,\n        \"recall\": 0.8019099831581116,\n        \"f1-score\": 0.815709114074707,\n        \"specificity\": 0.9822638630867004\n    },\n    \"Erythema\": {\n        \"precision\": 0.8942582607269287,\n        \"recall\": 0.9122713804244995,\n        \"f1-score\": 0.9031749963760376,\n        \"specificity\": 0.9879707098007202\n    },\n    \"Foreign Body\": {\n        \"precision\": 0.961049497127533,\n        \"recall\": 0.9639175534248352,\n        \"f1-score\": 0.9624813795089722,\n        \"specificity\": 0.9957548379898071\n    },\n    \"Lymphangiectasia\": {\n        \"precision\": 0.9603195190429688,\n        \"recall\": 0.9556410312652588,\n        \"f1-score\": 0.9579745531082153,\n        \"specificity\": 0.9954312443733215\n    },\n    \"Normal\": {\n        \"precision\": 0.9281601309776306,\n        \"recall\": 0.9084809422492981,\n        \"f1-score\": 0.9182150959968567,\n        \"specificity\": 0.9922670722007751\n    },\n    \"Polyp\": {\n        \"precision\": 0.8867631554603577,\n        \"recall\": 0.9071674346923828,\n        \"f1-score\": 0.8968492746353149,\n        \"specificity\": 0.9870513677597046\n    },\n    \"Ulcer\": {\n        \"precision\": 0.9932132363319397,\n        \"recall\": 0.9932132363319397,\n        \"f1-score\": 0.9932132363319397,\n        \"specificity\": 0.9992302060127258\n    },\n    \"Worms\": {\n        \"precision\": 0.9938682913780212,\n        \"recall\": 0.9946638345718384,\n        \"f1-score\": 0.9942659139633179,\n        \"specificity\": 0.9993206858634949\n    },\n    \"macro avg\": {\n        \"precision\": 0.9298861622810364,\n        \"recall\": 0.929977536201477,\n        \"f1-score\": 0.9298679232597351,\n        \"specificity\": 0.9922751784324646\n    },\n    \"accuracy\": 0.9304384589195251,\n    \"auc_roc_scores\": {\n        \"Angioectasia\": 0.9966455698013306,\n        \"Bleeding\": 0.9986628890037537,\n        \"Erosion\": 0.9849693775177002,\n        \"Erythema\": 0.9959722757339478,\n        \"Foreign Body\": 0.9990946054458618,\n        \"Lymphangiectasia\": 0.9990637302398682,\n        \"Normal\": 0.9947209358215332,\n        \"Polyp\": 0.9955174326896667,\n        \"Ulcer\": 0.9999532699584961,\n        \"Worms\": 0.9999681711196899\n    },\n    \"mean_auc\": 0.9964568018913269,\n    \"average_precision_scores\": {\n        \"Angioectasia\": 0.9762258529663086,\n        \"Bleeding\": 0.9891757369041443,\n        \"Erosion\": 0.9047255516052246,\n        \"Erythema\": 0.9649957418441772,\n        \"Foreign Body\": 0.9942874908447266,\n        \"Lymphangiectasia\": 0.9927154779434204,\n        \"Normal\": 0.9700186252593994,\n        \"Polyp\": 0.964942216873169,\n        \"Ulcer\": 0.9996037483215332,\n        \"Worms\": 0.9997526407241821\n    },\n    \"mean_average_precision\": 0.9756442904472351,\n    \"mean_f1_score\": 0.9298679232597351,\n    \"mean_specificity\": 0.9922751784324646,\n    \"mean_sensitivity\": 0.929977536201477,\n    \"balanced_accuracy\": 0.929977536201477\n}",
    "test_metrics": "{\n    \"Angioectasia\": {\n        \"precision\": 0.7150635123252869,\n        \"recall\": 0.7927565574645996,\n        \"f1-score\": 0.7519084215164185,\n        \"specificity\": 0.9899584054946899\n    },\n    \"Bleeding\": {\n        \"precision\": 0.7379807829856873,\n        \"recall\": 0.8551532030105591,\n        \"f1-score\": 0.792258083820343,\n        \"specificity\": 0.9930894374847412\n    },\n    \"Erosion\": {\n        \"precision\": 0.5119949579238892,\n        \"recall\": 0.7021645307540894,\n        \"f1-score\": 0.5921869277954102,\n        \"specificity\": 0.9483875036239624\n    },\n    \"Erythema\": {\n        \"precision\": 0.39082568883895874,\n        \"recall\": 0.7171717286109924,\n        \"f1-score\": 0.5059382319450378,\n        \"specificity\": 0.9790337681770325\n    },\n    \"Foreign Body\": {\n        \"precision\": 0.7678571343421936,\n        \"recall\": 0.8852941393852234,\n        \"f1-score\": 0.8224043846130371,\n        \"specificity\": 0.9942376017570496\n    },\n    \"Lymphangiectasia\": {\n        \"precision\": 0.6832579374313354,\n        \"recall\": 0.8804664611816406,\n        \"f1-score\": 0.7694267630577087,\n        \"specificity\": 0.9911330938339233\n    },\n    \"Normal\": {\n        \"precision\": 0.9946678876876831,\n        \"recall\": 0.8957434892654419,\n        \"f1-score\": 0.9426173567771912,\n        \"specificity\": 0.9846553802490234\n    },\n    \"Polyp\": {\n        \"precision\": 0.47663551568984985,\n        \"recall\": 0.7139999866485596,\n        \"f1-score\": 0.5716572999954224,\n        \"specificity\": 0.9749232530593872\n    },\n    \"Ulcer\": {\n        \"precision\": 0.8589341640472412,\n        \"recall\": 0.9580419659614563,\n        \"f1-score\": 0.9057851433753967,\n        \"specificity\": 0.9971601963043213\n    },\n    \"Worms\": {\n        \"precision\": 0.9710144996643066,\n        \"recall\": 0.9852941036224365,\n        \"f1-score\": 0.9781022071838379,\n        \"specificity\": 0.9998754858970642\n    },\n    \"macro avg\": {\n        \"precision\": 0.7108232378959656,\n        \"recall\": 0.8386085629463196,\n        \"f1-score\": 0.7632285356521606,\n        \"specificity\": 0.985245406627655\n    },\n    \"accuracy\": 0.8698239326477051,\n    \"auc_roc_scores\": {\n        \"Angioectasia\": 0.9763491749763489,\n        \"Bleeding\": 0.9890144467353821,\n        \"Erosion\": 0.9507021307945251,\n        \"Erythema\": 0.9740033745765686,\n        \"Foreign Body\": 0.9887610673904419,\n        \"Lymphangiectasia\": 0.9868042469024658,\n        \"Normal\": 0.9877880811691284,\n        \"Polyp\": 0.968871533870697,\n        \"Ulcer\": 0.9991039037704468,\n        \"Worms\": 0.9999843835830688\n    },\n    \"mean_auc\": 0.9821382761001587,\n    \"average_precision_scores\": {\n        \"Angioectasia\": 0.8415237665176392,\n        \"Bleeding\": 0.8866355419158936,\n        \"Erosion\": 0.6694818735122681,\n        \"Erythema\": 0.5869809985160828,\n        \"Foreign Body\": 0.9147362112998962,\n        \"Lymphangiectasia\": 0.8882951736450195,\n        \"Normal\": 0.9962697625160217,\n        \"Polyp\": 0.6521008014678955,\n        \"Ulcer\": 0.9730967283248901,\n        \"Worms\": 0.9967125058174133\n    },\n    \"mean_average_precision\": 0.840583324432373,\n    \"mean_f1_score\": 0.7632285356521606,\n    \"mean_specificity\": 0.985245406627655,\n    \"mean_sensitivity\": 0.8386085629463196,\n    \"balanced_accuracy\": 0.8386085629463196\n}"
}