{
    "epoch": 20,
    "train_metrics": "{\n    \"Angioectasia\": {\n        \"precision\": 0.981325626373291,\n        \"recall\": 0.9784946441650391,\n        \"f1-score\": 0.9799080491065979,\n        \"specificity\": 0.997899055480957\n    },\n    \"Bleeding\": {\n        \"precision\": 0.9632353186607361,\n        \"recall\": 0.9884127974510193,\n        \"f1-score\": 0.9756616353988647,\n        \"specificity\": 0.9958696961402893\n    },\n    \"Erosion\": {\n        \"precision\": 0.9690635204315186,\n        \"recall\": 0.9178986549377441,\n        \"f1-score\": 0.9427874088287354,\n        \"specificity\": 0.9967178106307983\n    },\n    \"Erythema\": {\n        \"precision\": 0.9415469765663147,\n        \"recall\": 0.9782722592353821,\n        \"f1-score\": 0.959558367729187,\n        \"specificity\": 0.9931334257125854\n    },\n    \"Foreign Body\": {\n        \"precision\": 0.9759165048599243,\n        \"recall\": 0.9859421253204346,\n        \"f1-score\": 0.980903685092926,\n        \"specificity\": 0.9973457455635071\n    },\n    \"Lymphangiectasia\": {\n        \"precision\": 0.9869451522827148,\n        \"recall\": 0.98591548204422,\n        \"f1-score\": 0.9864300489425659,\n        \"specificity\": 0.9985195398330688\n    },\n    \"Normal\": {\n        \"precision\": 0.984460175037384,\n        \"recall\": 0.9717438220977783,\n        \"f1-score\": 0.9780606627464294,\n        \"specificity\": 0.9983181357383728\n    },\n    \"Polyp\": {\n        \"precision\": 0.974105715751648,\n        \"recall\": 0.968932569026947,\n        \"f1-score\": 0.9715122580528259,\n        \"specificity\": 0.9971336722373962\n    },\n    \"Ulcer\": {\n        \"precision\": 0.9989344477653503,\n        \"recall\": 0.9992006421089172,\n        \"f1-score\": 0.9990675449371338,\n        \"specificity\": 0.9998818635940552\n    },\n    \"Worms\": {\n        \"precision\": 0.999730110168457,\n        \"recall\": 0.9991907477378845,\n        \"f1-score\": 0.9994603395462036,\n        \"specificity\": 0.9999704957008362\n    },\n    \"macro avg\": {\n        \"precision\": 0.9775263667106628,\n        \"recall\": 0.9774003028869629,\n        \"f1-score\": 0.9773349761962891,\n        \"specificity\": 0.9974789619445801\n    },\n    \"accuracy\": 0.9773180484771729,\n    \"auc_roc_scores\": {\n        \"Angioectasia\": 0.9998082518577576,\n        \"Bleeding\": 0.9998015761375427,\n        \"Erosion\": 0.9984703063964844,\n        \"Erythema\": 0.9993500113487244,\n        \"Foreign Body\": 0.9998264908790588,\n        \"Lymphangiectasia\": 0.9999248385429382,\n        \"Normal\": 0.9991090297698975,\n        \"Polyp\": 0.9997026920318604,\n        \"Ulcer\": 0.9999993443489075,\n        \"Worms\": 1.0\n    },\n    \"mean_auc\": 0.999599277973175,\n    \"average_precision_scores\": {\n        \"Angioectasia\": 0.998289942741394,\n        \"Bleeding\": 0.9981896877288818,\n        \"Erosion\": 0.9882490634918213,\n        \"Erythema\": 0.9943547248840332,\n        \"Foreign Body\": 0.9986522793769836,\n        \"Lymphangiectasia\": 0.9993606805801392,\n        \"Normal\": 0.9958715438842773,\n        \"Polyp\": 0.9973839521408081,\n        \"Ulcer\": 0.9999945163726807,\n        \"Worms\": 0.9999995231628418\n    },\n    \"mean_average_precision\": 0.9970346689224243,\n    \"mean_f1_score\": 0.9773349761962891,\n    \"mean_specificity\": 0.9974789619445801,\n    \"mean_sensitivity\": 0.9774003028869629,\n    \"balanced_accuracy\": 0.9774003028869629\n}",
    "test_metrics": "{\n    \"Angioectasia\": {\n        \"precision\": 0.7810077667236328,\n        \"recall\": 0.8108651638031006,\n        \"f1-score\": 0.7956564426422119,\n        \"specificity\": 0.99277263879776\n    },\n    \"Bleeding\": {\n        \"precision\": 0.8450704216957092,\n        \"recall\": 0.835654616355896,\n        \"f1-score\": 0.8403361439704895,\n        \"specificity\": 0.9965130090713501\n    },\n    \"Erosion\": {\n        \"precision\": 0.7095761299133301,\n        \"recall\": 0.7826839685440063,\n        \"f1-score\": 0.7443392276763916,\n        \"specificity\": 0.9752954244613647\n    },\n    \"Erythema\": {\n        \"precision\": 0.6366782188415527,\n        \"recall\": 0.619528591632843,\n        \"f1-score\": 0.6279863715171814,\n        \"specificity\": 0.9933691024780273\n    },\n    \"Foreign Body\": {\n        \"precision\": 0.8567415475845337,\n        \"recall\": 0.8970588445663452,\n        \"f1-score\": 0.8764367699623108,\n        \"specificity\": 0.9967705011367798\n    },\n    \"Lymphangiectasia\": {\n        \"precision\": 0.832402229309082,\n        \"recall\": 0.8688046932220459,\n        \"f1-score\": 0.8502140045166016,\n        \"specificity\": 0.996199905872345\n    },\n    \"Normal\": {\n        \"precision\": 0.9818618297576904,\n        \"recall\": 0.9648408889770508,\n        \"f1-score\": 0.9732769727706909,\n        \"specificity\": 0.9430429339408875\n    },\n    \"Polyp\": {\n        \"precision\": 0.6389891505241394,\n        \"recall\": 0.7080000042915344,\n        \"f1-score\": 0.6717267632484436,\n        \"specificity\": 0.9872057437896729\n    },\n    \"Ulcer\": {\n        \"precision\": 0.9722222089767456,\n        \"recall\": 0.9790209531784058,\n        \"f1-score\": 0.9756097793579102,\n        \"specificity\": 0.9994951486587524\n    },\n    \"Worms\": {\n        \"precision\": 0.9852941036224365,\n        \"recall\": 0.9852941036224365,\n        \"f1-score\": 0.9852941036224365,\n        \"specificity\": 0.9999377727508545\n    },\n    \"macro avg\": {\n        \"precision\": 0.8239843249320984,\n        \"recall\": 0.8451752066612244,\n        \"f1-score\": 0.8340876698493958,\n        \"specificity\": 0.9880601763725281\n    },\n    \"accuracy\": 0.9267295002937317,\n    \"auc_roc_scores\": {\n        \"Angioectasia\": 0.9849847555160522,\n        \"Bleeding\": 0.9868367910385132,\n        \"Erosion\": 0.9761135578155518,\n        \"Erythema\": 0.9654377698898315,\n        \"Foreign Body\": 0.9881404638290405,\n        \"Lymphangiectasia\": 0.9902657866477966,\n        \"Normal\": 0.9925493001937866,\n        \"Polyp\": 0.9751274585723877,\n        \"Ulcer\": 0.9986058473587036,\n        \"Worms\": 0.9999780654907227\n    },\n    \"mean_auc\": 0.98580402135849,\n    \"average_precision_scores\": {\n        \"Angioectasia\": 0.8748753666877747,\n        \"Bleeding\": 0.8948813676834106,\n        \"Erosion\": 0.8156962394714355,\n        \"Erythema\": 0.6057820320129395,\n        \"Foreign Body\": 0.9358983039855957,\n        \"Lymphangiectasia\": 0.9079433679580688,\n        \"Normal\": 0.9976112246513367,\n        \"Polyp\": 0.7295647859573364,\n        \"Ulcer\": 0.9876013398170471,\n        \"Worms\": 0.9960668683052063\n    },\n    \"mean_average_precision\": 0.874592125415802,\n    \"mean_f1_score\": 0.8340876698493958,\n    \"mean_specificity\": 0.9880601763725281,\n    \"mean_sensitivity\": 0.8451752066612244,\n    \"balanced_accuracy\": 0.8451752066612244\n}"
}