{
    "epoch": 2,
    "train_metrics": "{\n    \"Angioectasia\": {\n        \"precision\": 0.8028004765510559,\n        \"recall\": 0.7570838928222656,\n        \"f1-score\": 0.7792722582817078,\n        \"specificity\": 0.9801012873649597\n    },\n    \"Bleeding\": {\n        \"precision\": 0.8590743541717529,\n        \"recall\": 0.8710783123970032,\n        \"f1-score\": 0.8650346994400024,\n        \"specificity\": 0.983971118927002\n    },\n    \"Erosion\": {\n        \"precision\": 0.5651511549949646,\n        \"recall\": 0.5832241177558899,\n        \"f1-score\": 0.5740454196929932,\n        \"specificity\": 0.9493371248245239\n    },\n    \"Erythema\": {\n        \"precision\": 0.6881319880485535,\n        \"recall\": 0.6886817812919617,\n        \"f1-score\": 0.688406765460968,\n        \"specificity\": 0.9653787016868591\n    },\n    \"Foreign Body\": {\n        \"precision\": 0.8981828093528748,\n        \"recall\": 0.8847064971923828,\n        \"f1-score\": 0.8913937211036682,\n        \"specificity\": 0.9887304902076721\n    },\n    \"Lymphangiectasia\": {\n        \"precision\": 0.8885492086410522,\n        \"recall\": 0.8640540838241577,\n        \"f1-score\": 0.8761304616928101,\n        \"specificity\": 0.9881735444068909\n    },\n    \"Normal\": {\n        \"precision\": 0.8087595105171204,\n        \"recall\": 0.7913228869438171,\n        \"f1-score\": 0.7999461889266968,\n        \"specificity\": 0.9792318940162659\n    },\n    \"Polyp\": {\n        \"precision\": 0.6806864738464355,\n        \"recall\": 0.7316185832023621,\n        \"f1-score\": 0.705234169960022,\n        \"specificity\": 0.9608685374259949\n    },\n    \"Ulcer\": {\n        \"precision\": 0.9579147696495056,\n        \"recall\": 0.9478774666786194,\n        \"f1-score\": 0.9528696537017822,\n        \"specificity\": 0.9954257011413574\n    },\n    \"Worms\": {\n        \"precision\": 0.9752761721611023,\n        \"recall\": 0.9804336428642273,\n        \"f1-score\": 0.9778481125831604,\n        \"specificity\": 0.9972209930419922\n    },\n    \"macro avg\": {\n        \"precision\": 0.8124527335166931,\n        \"recall\": 0.81000816822052,\n        \"f1-score\": 0.811018168926239,\n        \"specificity\": 0.9788439869880676\n    },\n    \"accuracy\": 0.8096897006034851,\n    \"auc_roc_scores\": {\n        \"Angioectasia\": 0.9735355377197266,\n        \"Bleeding\": 0.9890916347503662,\n        \"Erosion\": 0.9260695576667786,\n        \"Erythema\": 0.961621880531311,\n        \"Foreign Body\": 0.9914377927780151,\n        \"Lymphangiectasia\": 0.9878109097480774,\n        \"Normal\": 0.9748853445053101,\n        \"Polyp\": 0.9667291641235352,\n        \"Ulcer\": 0.9983214139938354,\n        \"Worms\": 0.999552845954895\n    },\n    \"mean_auc\": 0.9769056439399719,\n    \"average_precision_scores\": {\n        \"Angioectasia\": 0.8716177344322205,\n        \"Bleeding\": 0.9378408789634705,\n        \"Erosion\": 0.6269888877868652,\n        \"Erythema\": 0.7669695615768433,\n        \"Foreign Body\": 0.9563011527061462,\n        \"Lymphangiectasia\": 0.9421669244766235,\n        \"Normal\": 0.8703330159187317,\n        \"Polyp\": 0.7889083623886108,\n        \"Ulcer\": 0.9890293478965759,\n        \"Worms\": 0.9970347881317139\n    },\n    \"mean_average_precision\": 0.8747190833091736,\n    \"mean_f1_score\": 0.811018168926239,\n    \"mean_specificity\": 0.9788439869880676,\n    \"mean_sensitivity\": 0.81000816822052,\n    \"balanced_accuracy\": 0.81000816822052\n}",
    "test_metrics": "{\n    \"Angioectasia\": {\n        \"precision\": 0.5958795547485352,\n        \"recall\": 0.7565392255783081,\n        \"f1-score\": 0.6666666865348816,\n        \"specificity\": 0.9836904406547546\n    },\n    \"Bleeding\": {\n        \"precision\": 0.5535390377044678,\n        \"recall\": 0.8495821952819824,\n        \"f1-score\": 0.6703296899795532,\n        \"specificity\": 0.9844037294387817\n    },\n    \"Erosion\": {\n        \"precision\": 0.4656584858894348,\n        \"recall\": 0.6398268342018127,\n        \"f1-score\": 0.5390226244926453,\n        \"specificity\": 0.943379819393158\n    },\n    \"Erythema\": {\n        \"precision\": 0.3355855941772461,\n        \"recall\": 0.5016834735870361,\n        \"f1-score\": 0.4021592438220978,\n        \"specificity\": 0.9813703894615173\n    },\n    \"Foreign Body\": {\n        \"precision\": 0.34015071392059326,\n        \"recall\": 0.929411768913269,\n        \"f1-score\": 0.4980299472808838,\n        \"specificity\": 0.9611828923225403\n    },\n    \"Lymphangiectasia\": {\n        \"precision\": 0.40633246302604675,\n        \"recall\": 0.8979591727256775,\n        \"f1-score\": 0.5594913959503174,\n        \"specificity\": 0.9714991450309753\n    },\n    \"Normal\": {\n        \"precision\": 0.993890643119812,\n        \"recall\": 0.7944168448448181,\n        \"f1-score\": 0.8830287456512451,\n        \"specificity\": 0.9843953251838684\n    },\n    \"Polyp\": {\n        \"precision\": 0.3935406804084778,\n        \"recall\": 0.6579999923706055,\n        \"f1-score\": 0.492514967918396,\n        \"specificity\": 0.9675665497779846\n    },\n    \"Ulcer\": {\n        \"precision\": 0.5987260937690735,\n        \"recall\": 0.9860140085220337,\n        \"f1-score\": 0.7450462579727173,\n        \"specificity\": 0.9880726933479309\n    },\n    \"Worms\": {\n        \"precision\": 0.6153846383094788,\n        \"recall\": 0.9411764740943909,\n        \"f1-score\": 0.7441860437393188,\n        \"specificity\": 0.9975099563598633\n    },\n    \"macro avg\": {\n        \"precision\": 0.5298687815666199,\n        \"recall\": 0.7954609990119934,\n        \"f1-score\": 0.6200475692749023,\n        \"specificity\": 0.9763070940971375\n    },\n    \"accuracy\": 0.7828539609909058,\n    \"auc_roc_scores\": {\n        \"Angioectasia\": 0.9652003049850464,\n        \"Bleeding\": 0.9828363656997681,\n        \"Erosion\": 0.9234495162963867,\n        \"Erythema\": 0.9535107612609863,\n        \"Foreign Body\": 0.985209584236145,\n        \"Lymphangiectasia\": 0.9815722703933716,\n        \"Normal\": 0.9782722592353821,\n        \"Polyp\": 0.9622102975845337,\n        \"Ulcer\": 0.9989553689956665,\n        \"Worms\": 0.9991650581359863\n    },\n    \"mean_auc\": 0.9730381965637207,\n    \"average_precision_scores\": {\n        \"Angioectasia\": 0.773735523223877,\n        \"Bleeding\": 0.8130588531494141,\n        \"Erosion\": 0.6213989853858948,\n        \"Erythema\": 0.42259955406188965,\n        \"Foreign Body\": 0.8697556257247925,\n        \"Lymphangiectasia\": 0.828932523727417,\n        \"Normal\": 0.9931544661521912,\n        \"Polyp\": 0.5527186989784241,\n        \"Ulcer\": 0.9702678918838501,\n        \"Worms\": 0.9559900164604187\n    },\n    \"mean_average_precision\": 0.7801612019538879,\n    \"mean_f1_score\": 0.6200475692749023,\n    \"mean_specificity\": 0.9763070940971375,\n    \"mean_sensitivity\": 0.7954609990119934,\n    \"balanced_accuracy\": 0.7954609990119934\n}"
}