{
    "epoch": 18,
    "train_metrics": "{\n    \"Angioectasia\": {\n        \"precision\": 0.9737766981124878,\n        \"recall\": 0.9737766981124878,\n        \"f1-score\": 0.9737766981124878,\n        \"specificity\": 0.9971393346786499\n    },\n    \"Bleeding\": {\n        \"precision\": 0.9659178853034973,\n        \"recall\": 0.9826635122299194,\n        \"f1-score\": 0.9742187261581421,\n        \"specificity\": 0.9960947036743164\n    },\n    \"Erosion\": {\n        \"precision\": 0.9605549573898315,\n        \"recall\": 0.921210527420044,\n        \"f1-score\": 0.9404714107513428,\n        \"specificity\": 0.9957067370414734\n    },\n    \"Erythema\": {\n        \"precision\": 0.9484879374504089,\n        \"recall\": 0.9716461300849915,\n        \"f1-score\": 0.9599273800849915,\n        \"specificity\": 0.9940528869628906\n    },\n    \"Foreign Body\": {\n        \"precision\": 0.9775460958480835,\n        \"recall\": 0.9851831793785095,\n        \"f1-score\": 0.981349766254425,\n        \"specificity\": 0.9975217580795288\n    },\n    \"Lymphangiectasia\": {\n        \"precision\": 0.9793534278869629,\n        \"recall\": 0.9817538261413574,\n        \"f1-score\": 0.9805521368980408,\n        \"specificity\": 0.9977604150772095\n    },\n    \"Normal\": {\n        \"precision\": 0.981055498123169,\n        \"recall\": 0.9651224613189697,\n        \"f1-score\": 0.9730237722396851,\n        \"specificity\": 0.9979321360588074\n    },\n    \"Polyp\": {\n        \"precision\": 0.9607895612716675,\n        \"recall\": 0.9654248356819153,\n        \"f1-score\": 0.9631016254425049,\n        \"specificity\": 0.995660662651062\n    },\n    \"Ulcer\": {\n        \"precision\": 0.9986945390701294,\n        \"recall\": 0.9989553689956665,\n        \"f1-score\": 0.9988248944282532,\n        \"specificity\": 0.9998520016670227\n    },\n    \"Worms\": {\n        \"precision\": 0.999202311038971,\n        \"recall\": 0.9997339844703674,\n        \"f1-score\": 0.9994680881500244,\n        \"specificity\": 0.999911367893219\n    },\n    \"macro avg\": {\n        \"precision\": 0.9745378494262695,\n        \"recall\": 0.9745470285415649,\n        \"f1-score\": 0.9744715094566345,\n        \"specificity\": 0.9971632361412048\n    },\n    \"accuracy\": 0.9744728207588196,\n    \"auc_roc_scores\": {\n        \"Angioectasia\": 0.99965500831604,\n        \"Bleeding\": 0.9997726678848267,\n        \"Erosion\": 0.9980082511901855,\n        \"Erythema\": 0.999413251876831,\n        \"Foreign Body\": 0.9998672604560852,\n        \"Lymphangiectasia\": 0.9998548626899719,\n        \"Normal\": 0.9992759227752686,\n        \"Polyp\": 0.999557375907898,\n        \"Ulcer\": 0.9999991655349731,\n        \"Worms\": 1.0\n    },\n    \"mean_auc\": 0.9995403289794922,\n    \"average_precision_scores\": {\n        \"Angioectasia\": 0.9976013898849487,\n        \"Bleeding\": 0.997992753982544,\n        \"Erosion\": 0.985331654548645,\n        \"Erythema\": 0.994844913482666,\n        \"Foreign Body\": 0.9988062977790833,\n        \"Lymphangiectasia\": 0.9988442659378052,\n        \"Normal\": 0.9955388307571411,\n        \"Polyp\": 0.9961589574813843,\n        \"Ulcer\": 0.999992847442627,\n        \"Worms\": 0.9999996423721313\n    },\n    \"mean_average_precision\": 0.9965111613273621,\n    \"mean_f1_score\": 0.9744715094566345,\n    \"mean_specificity\": 0.9971632361412048,\n    \"mean_sensitivity\": 0.9745470285415649,\n    \"balanced_accuracy\": 0.9745470285415649\n}",
    "test_metrics": "{\n    \"Angioectasia\": {\n        \"precision\": 0.7920792102813721,\n        \"recall\": 0.8048290014266968,\n        \"f1-score\": 0.7984032034873962,\n        \"specificity\": 0.993284285068512\n    },\n    \"Bleeding\": {\n        \"precision\": 0.8213333487510681,\n        \"recall\": 0.8579387068748474,\n        \"f1-score\": 0.8392370343208313,\n        \"specificity\": 0.995752215385437\n    },\n    \"Erosion\": {\n        \"precision\": 0.703314483165741,\n        \"recall\": 0.7532467246055603,\n        \"f1-score\": 0.7274247407913208,\n        \"specificity\": 0.9754957556724548\n    },\n    \"Erythema\": {\n        \"precision\": 0.6018808484077454,\n        \"recall\": 0.6464646458625793,\n        \"f1-score\": 0.6233766078948975,\n        \"specificity\": 0.9919797778129578\n    },\n    \"Foreign Body\": {\n        \"precision\": 0.8547945022583008,\n        \"recall\": 0.9176470637321472,\n        \"f1-score\": 0.8851063847541809,\n        \"specificity\": 0.9966438412666321\n    },\n    \"Lymphangiectasia\": {\n        \"precision\": 0.7806788682937622,\n        \"recall\": 0.8717201352119446,\n        \"f1-score\": 0.8236914873123169,\n        \"specificity\": 0.994679868221283\n    },\n    \"Normal\": {\n        \"precision\": 0.9828372597694397,\n        \"recall\": 0.9647595286369324,\n        \"f1-score\": 0.9737144708633423,\n        \"specificity\": 0.9461638331413269\n    },\n    \"Polyp\": {\n        \"precision\": 0.6578450202941895,\n        \"recall\": 0.6959999799728394,\n        \"f1-score\": 0.6763848662376404,\n        \"specificity\": 0.9884212017059326\n    },\n    \"Ulcer\": {\n        \"precision\": 0.9652777910232544,\n        \"recall\": 0.9720279574394226,\n        \"f1-score\": 0.9686411023139954,\n        \"specificity\": 0.9993689060211182\n    },\n    \"Worms\": {\n        \"precision\": 0.9714285731315613,\n        \"recall\": 1.0,\n        \"f1-score\": 0.9855072498321533,\n        \"specificity\": 0.9998754858970642\n    },\n    \"macro avg\": {\n        \"precision\": 0.8131470084190369,\n        \"recall\": 0.8484633564949036,\n        \"f1-score\": 0.8301486968994141,\n        \"specificity\": 0.9881665110588074\n    },\n    \"accuracy\": 0.9254277348518372,\n    \"auc_roc_scores\": {\n        \"Angioectasia\": 0.9850277900695801,\n        \"Bleeding\": 0.9885651469230652,\n        \"Erosion\": 0.9752346277236938,\n        \"Erythema\": 0.967372715473175,\n        \"Foreign Body\": 0.9943161010742188,\n        \"Lymphangiectasia\": 0.9919992685317993,\n        \"Normal\": 0.9928725957870483,\n        \"Polyp\": 0.9784356355667114,\n        \"Ulcer\": 0.9974428415298462,\n        \"Worms\": 1.0\n    },\n    \"mean_auc\": 0.9871267676353455,\n    \"average_precision_scores\": {\n        \"Angioectasia\": 0.8709233403205872,\n        \"Bleeding\": 0.9046343564987183,\n        \"Erosion\": 0.8082373738288879,\n        \"Erythema\": 0.6021402478218079,\n        \"Foreign Body\": 0.9488698840141296,\n        \"Lymphangiectasia\": 0.9167972207069397,\n        \"Normal\": 0.9977724552154541,\n        \"Polyp\": 0.7388193607330322,\n        \"Ulcer\": 0.9798707962036133,\n        \"Worms\": 1.0\n    },\n    \"mean_average_precision\": 0.8768064379692078,\n    \"mean_f1_score\": 0.8301486968994141,\n    \"mean_specificity\": 0.9881665110588074,\n    \"mean_sensitivity\": 0.8484633564949036,\n    \"balanced_accuracy\": 0.8484633564949036\n}"
}