{
    "epoch": 17,
    "train_metrics": "{\n    \"Angioectasia\": {\n        \"precision\": 0.9734280705451965,\n        \"recall\": 0.9752240180969238,\n        \"f1-score\": 0.9743252396583557,\n        \"specificity\": 0.9970129728317261\n    },\n    \"Bleeding\": {\n        \"precision\": 0.9633956551551819,\n        \"recall\": 0.9783812165260315,\n        \"f1-score\": 0.9708306193351746,\n        \"specificity\": 0.9958301186561584\n    },\n    \"Erosion\": {\n        \"precision\": 0.9537037014961243,\n        \"recall\": 0.9155555367469788,\n        \"f1-score\": 0.9342403411865234,\n        \"specificity\": 0.9949677586555481\n    },\n    \"Erythema\": {\n        \"precision\": 0.9462310075759888,\n        \"recall\": 0.969936728477478,\n        \"f1-score\": 0.9579372406005859,\n        \"specificity\": 0.9938192963600159\n    },\n    \"Foreign Body\": {\n        \"precision\": 0.9778357148170471,\n        \"recall\": 0.9876217842102051,\n        \"f1-score\": 0.9827044010162354,\n        \"specificity\": 0.9974859356880188\n    },\n    \"Lymphangiectasia\": {\n        \"precision\": 0.9819819927215576,\n        \"recall\": 0.9809423089027405,\n        \"f1-score\": 0.9814618825912476,\n        \"specificity\": 0.9979898929595947\n    },\n    \"Normal\": {\n        \"precision\": 0.9830602407455444,\n        \"recall\": 0.9661571979522705,\n        \"f1-score\": 0.9745354652404785,\n        \"specificity\": 0.9982028603553772\n    },\n    \"Polyp\": {\n        \"precision\": 0.9638940691947937,\n        \"recall\": 0.9690777063369751,\n        \"f1-score\": 0.9664789438247681,\n        \"specificity\": 0.996016263961792\n    },\n    \"Ulcer\": {\n        \"precision\": 0.9991998076438904,\n        \"recall\": 0.9997330904006958,\n        \"f1-score\": 0.9994663596153259,\n        \"specificity\": 0.9999114274978638\n    },\n    \"Worms\": {\n        \"precision\": 0.9997295141220093,\n        \"recall\": 0.9994591474533081,\n        \"f1-score\": 0.9995943307876587,\n        \"specificity\": 0.9999704957008362\n    },\n    \"macro avg\": {\n        \"precision\": 0.9742459654808044,\n        \"recall\": 0.9742088317871094,\n        \"f1-score\": 0.9741575121879578,\n        \"specificity\": 0.9971206784248352\n    },\n    \"accuracy\": 0.9741005897521973,\n    \"auc_roc_scores\": {\n        \"Angioectasia\": 0.999722957611084,\n        \"Bleeding\": 0.9996764063835144,\n        \"Erosion\": 0.997702956199646,\n        \"Erythema\": 0.9993444681167603,\n        \"Foreign Body\": 0.9998735785484314,\n        \"Lymphangiectasia\": 0.9998504519462585,\n        \"Normal\": 0.9989033937454224,\n        \"Polyp\": 0.9995644092559814,\n        \"Ulcer\": 0.9999998807907104,\n        \"Worms\": 0.9999998807907104\n    },\n    \"mean_auc\": 0.9994638562202454,\n    \"average_precision_scores\": {\n        \"Angioectasia\": 0.9977103471755981,\n        \"Bleeding\": 0.9971156716346741,\n        \"Erosion\": 0.983030378818512,\n        \"Erythema\": 0.9941977262496948,\n        \"Foreign Body\": 0.9988961219787598,\n        \"Lymphangiectasia\": 0.9987961053848267,\n        \"Normal\": 0.9947538375854492,\n        \"Polyp\": 0.9960311651229858,\n        \"Ulcer\": 0.9999990463256836,\n        \"Worms\": 0.9999982714653015\n    },\n    \"mean_average_precision\": 0.9960529208183289,\n    \"mean_f1_score\": 0.9741575121879578,\n    \"mean_specificity\": 0.9971206784248352,\n    \"mean_sensitivity\": 0.9742088317871094,\n    \"balanced_accuracy\": 0.9742088317871094\n}",
    "test_metrics": "{\n    \"Angioectasia\": {\n        \"precision\": 0.6513761281967163,\n        \"recall\": 0.8571428656578064,\n        \"f1-score\": 0.7402259111404419,\n        \"specificity\": 0.9854173064231873\n    },\n    \"Bleeding\": {\n        \"precision\": 0.8438355922698975,\n        \"recall\": 0.8579387068748474,\n        \"f1-score\": 0.8508287072181702,\n        \"specificity\": 0.9963862299919128\n    },\n    \"Erosion\": {\n        \"precision\": 0.719563364982605,\n        \"recall\": 0.7419913411140442,\n        \"f1-score\": 0.7306053042411804,\n        \"specificity\": 0.9776991605758667\n    },\n    \"Erythema\": {\n        \"precision\": 0.6294963955879211,\n        \"recall\": 0.5892255902290344,\n        \"f1-score\": 0.6086956262588501,\n        \"specificity\": 0.9934954047203064\n    },\n    \"Foreign Body\": {\n        \"precision\": 0.811170220375061,\n        \"recall\": 0.8970588445663452,\n        \"f1-score\": 0.8519552946090698,\n        \"specificity\": 0.9955040812492371\n    },\n    \"Lymphangiectasia\": {\n        \"precision\": 0.7715736031532288,\n        \"recall\": 0.8862974047660828,\n        \"f1-score\": 0.8249660730361938,\n        \"specificity\": 0.9942998290061951\n    },\n    \"Normal\": {\n        \"precision\": 0.9835422039031982,\n        \"recall\": 0.9581671953201294,\n        \"f1-score\": 0.9706888794898987,\n        \"specificity\": 0.9487646222114563\n    },\n    \"Polyp\": {\n        \"precision\": 0.6315789222717285,\n        \"recall\": 0.6959999799728394,\n        \"f1-score\": 0.6622264385223389,\n        \"specificity\": 0.9870138168334961\n    },\n    \"Ulcer\": {\n        \"precision\": 0.982332170009613,\n        \"recall\": 0.9720279574394226,\n        \"f1-score\": 0.9771528840065002,\n        \"specificity\": 0.9996844530105591\n    },\n    \"Worms\": {\n        \"precision\": 0.9571428298950195,\n        \"recall\": 0.9852941036224365,\n        \"f1-score\": 0.9710144996643066,\n        \"specificity\": 0.9998132586479187\n    },\n    \"macro avg\": {\n        \"precision\": 0.7981612086296082,\n        \"recall\": 0.8441144227981567,\n        \"f1-score\": 0.8188359141349792,\n        \"specificity\": 0.9878078699111938\n    },\n    \"accuracy\": 0.9199727177619934,\n    \"auc_roc_scores\": {\n        \"Angioectasia\": 0.9821633696556091,\n        \"Bleeding\": 0.9864588975906372,\n        \"Erosion\": 0.9736411571502686,\n        \"Erythema\": 0.9572570323944092,\n        \"Foreign Body\": 0.9876905083656311,\n        \"Lymphangiectasia\": 0.9898979067802429,\n        \"Normal\": 0.9924709796905518,\n        \"Polyp\": 0.9770300388336182,\n        \"Ulcer\": 0.9995677471160889,\n        \"Worms\": 0.9999808073043823\n    },\n    \"mean_auc\": 0.9846158027648926,\n    \"average_precision_scores\": {\n        \"Angioectasia\": 0.8684253692626953,\n        \"Bleeding\": 0.8995457887649536,\n        \"Erosion\": 0.8019782304763794,\n        \"Erythema\": 0.6004916429519653,\n        \"Foreign Body\": 0.9299306869506836,\n        \"Lymphangiectasia\": 0.9069644212722778,\n        \"Normal\": 0.9976149797439575,\n        \"Polyp\": 0.7364732027053833,\n        \"Ulcer\": 0.9932001233100891,\n        \"Worms\": 0.9963525533676147\n    },\n    \"mean_average_precision\": 0.8730977177619934,\n    \"mean_f1_score\": 0.8188359141349792,\n    \"mean_specificity\": 0.9878078699111938,\n    \"mean_sensitivity\": 0.8441144227981567,\n    \"balanced_accuracy\": 0.8441144227981567\n}"
}