{
    "epoch": 16,
    "train_metrics": "{\n    \"Angioectasia\": {\n        \"precision\": 0.9712153673171997,\n        \"recall\": 0.9727709293365479,\n        \"f1-score\": 0.971992552280426,\n        \"specificity\": 0.9968104958534241\n    },\n    \"Bleeding\": {\n        \"precision\": 0.9647179841995239,\n        \"recall\": 0.9773023724555969,\n        \"f1-score\": 0.9709694385528564,\n        \"specificity\": 0.9959436058998108\n    },\n    \"Erosion\": {\n        \"precision\": 0.9447953701019287,\n        \"recall\": 0.9122248888015747,\n        \"f1-score\": 0.928224503993988,\n        \"specificity\": 0.9940595626831055\n    },\n    \"Erythema\": {\n        \"precision\": 0.9392930269241333,\n        \"recall\": 0.9649999737739563,\n        \"f1-score\": 0.951973021030426,\n        \"specificity\": 0.9929895997047424\n    },\n    \"Foreign Body\": {\n        \"precision\": 0.9720786213874817,\n        \"recall\": 0.9806990027427673,\n        \"f1-score\": 0.9763697981834412,\n        \"specificity\": 0.9968021512031555\n    },\n    \"Lymphangiectasia\": {\n        \"precision\": 0.9794871807098389,\n        \"recall\": 0.9800162315368652,\n        \"f1-score\": 0.9797516465187073,\n        \"specificity\": 0.9977583885192871\n    },\n    \"Normal\": {\n        \"precision\": 0.9777594804763794,\n        \"recall\": 0.9598382711410522,\n        \"f1-score\": 0.968716025352478,\n        \"specificity\": 0.9976103901863098\n    },\n    \"Polyp\": {\n        \"precision\": 0.9601805210113525,\n        \"recall\": 0.9606905579566956,\n        \"f1-score\": 0.9604354500770569,\n        \"specificity\": 0.9955676198005676\n    },\n    \"Ulcer\": {\n        \"precision\": 0.9984076619148254,\n        \"recall\": 0.9984076619148254,\n        \"f1-score\": 0.9984076619148254,\n        \"specificity\": 0.9998226761817932\n    },\n    \"Worms\": {\n        \"precision\": 0.9994561076164246,\n        \"recall\": 0.9994561076164246,\n        \"f1-score\": 0.9994561076164246,\n        \"specificity\": 0.9999410510063171\n    },\n    \"macro avg\": {\n        \"precision\": 0.9707391858100891,\n        \"recall\": 0.9706405997276306,\n        \"f1-score\": 0.9706296920776367,\n        \"specificity\": 0.996730625629425\n    },\n    \"accuracy\": 0.9705905914306641,\n    \"auc_roc_scores\": {\n        \"Angioectasia\": 0.9996737837791443,\n        \"Bleeding\": 0.9996874332427979,\n        \"Erosion\": 0.9972478747367859,\n        \"Erythema\": 0.9991064667701721,\n        \"Foreign Body\": 0.999793291091919,\n        \"Lymphangiectasia\": 0.9998251795768738,\n        \"Normal\": 0.99908447265625,\n        \"Polyp\": 0.9994583129882812,\n        \"Ulcer\": 0.9999976754188538,\n        \"Worms\": 0.9999997615814209\n    },\n    \"mean_auc\": 0.9993874430656433,\n    \"average_precision_scores\": {\n        \"Angioectasia\": 0.9973152875900269,\n        \"Bleeding\": 0.9972848296165466,\n        \"Erosion\": 0.9803311824798584,\n        \"Erythema\": 0.9923971891403198,\n        \"Foreign Body\": 0.9982572197914124,\n        \"Lymphangiectasia\": 0.9985279440879822,\n        \"Normal\": 0.9939786791801453,\n        \"Polyp\": 0.9953228831291199,\n        \"Ulcer\": 0.9999794960021973,\n        \"Worms\": 0.9999982714653015\n    },\n    \"mean_average_precision\": 0.9953393340110779,\n    \"mean_f1_score\": 0.9706296920776367,\n    \"mean_specificity\": 0.996730625629425,\n    \"mean_sensitivity\": 0.9706405997276306,\n    \"balanced_accuracy\": 0.9706405997276306\n}",
    "test_metrics": "{\n    \"Angioectasia\": {\n        \"precision\": 0.6774716377258301,\n        \"recall\": 0.8410462737083435,\n        \"f1-score\": 0.7504488229751587,\n        \"specificity\": 0.9872721433639526\n    },\n    \"Bleeding\": {\n        \"precision\": 0.800000011920929,\n        \"recall\": 0.8690807819366455,\n        \"f1-score\": 0.8331108093261719,\n        \"specificity\": 0.9950548410415649\n    },\n    \"Erosion\": {\n        \"precision\": 0.6582952737808228,\n        \"recall\": 0.7489177584648132,\n        \"f1-score\": 0.7006885409355164,\n        \"specificity\": 0.9700207114219666\n    },\n    \"Erythema\": {\n        \"precision\": 0.541208803653717,\n        \"recall\": 0.6632996797561646,\n        \"f1-score\": 0.5960665941238403,\n        \"specificity\": 0.9894537329673767\n    },\n    \"Foreign Body\": {\n        \"precision\": 0.8118279576301575,\n        \"recall\": 0.8882352709770203,\n        \"f1-score\": 0.8483145833015442,\n        \"specificity\": 0.9955673813819885\n    },\n    \"Lymphangiectasia\": {\n        \"precision\": 0.7700258493423462,\n        \"recall\": 0.8688046932220459,\n        \"f1-score\": 0.8164383769035339,\n        \"specificity\": 0.9943631887435913\n    },\n    \"Normal\": {\n        \"precision\": 0.988083004951477,\n        \"recall\": 0.9379832148551941,\n        \"f1-score\": 0.9623815417289734,\n        \"specificity\": 0.9638491272926331\n    },\n    \"Polyp\": {\n        \"precision\": 0.5741029381752014,\n        \"recall\": 0.7360000014305115,\n        \"f1-score\": 0.645048201084137,\n        \"specificity\": 0.9825358390808105\n    },\n    \"Ulcer\": {\n        \"precision\": 0.8853503465652466,\n        \"recall\": 0.9720279574394226,\n        \"f1-score\": 0.9266666769981384,\n        \"specificity\": 0.9977281093597412\n    },\n    \"Worms\": {\n        \"precision\": 0.95652174949646,\n        \"recall\": 0.970588207244873,\n        \"f1-score\": 0.9635036587715149,\n        \"specificity\": 0.9998132586479187\n    },\n    \"macro avg\": {\n        \"precision\": 0.7662887573242188,\n        \"recall\": 0.8495983481407166,\n        \"f1-score\": 0.8042667508125305,\n        \"specificity\": 0.987565815448761\n    },\n    \"accuracy\": 0.9068311452865601,\n    \"auc_roc_scores\": {\n        \"Angioectasia\": 0.9814831018447876,\n        \"Bleeding\": 0.9917453527450562,\n        \"Erosion\": 0.9707151651382446,\n        \"Erythema\": 0.9584275484085083,\n        \"Foreign Body\": 0.9901702404022217,\n        \"Lymphangiectasia\": 0.9904537200927734,\n        \"Normal\": 0.9911818504333496,\n        \"Polyp\": 0.9732168912887573,\n        \"Ulcer\": 0.997337818145752,\n        \"Worms\": 0.9992950558662415\n    },\n    \"mean_auc\": 0.9844026565551758,\n    \"average_precision_scores\": {\n        \"Angioectasia\": 0.8685545325279236,\n        \"Bleeding\": 0.913102388381958,\n        \"Erosion\": 0.7902317643165588,\n        \"Erythema\": 0.6129961013793945,\n        \"Foreign Body\": 0.9312304258346558,\n        \"Lymphangiectasia\": 0.9065380096435547,\n        \"Normal\": 0.9972312450408936,\n        \"Polyp\": 0.7262515425682068,\n        \"Ulcer\": 0.978774905204773,\n        \"Worms\": 0.9842709302902222\n    },\n    \"mean_average_precision\": 0.8709182143211365,\n    \"mean_f1_score\": 0.8042667508125305,\n    \"mean_specificity\": 0.987565815448761,\n    \"mean_sensitivity\": 0.8495983481407166,\n    \"balanced_accuracy\": 0.8495983481407166\n}"
}