{
    "epoch": 10,
    "train_metrics": "{\n    \"Angioectasia\": {\n        \"precision\": 0.9363296031951904,\n        \"recall\": 0.9343299269676208,\n        \"f1-score\": 0.9353287220001221,\n        \"specificity\": 0.9929712414741516\n    },\n    \"Bleeding\": {\n        \"precision\": 0.9456177353858948,\n        \"recall\": 0.9603217244148254,\n        \"f1-score\": 0.9529129862785339,\n        \"specificity\": 0.9939191937446594\n    },\n    \"Erosion\": {\n        \"precision\": 0.859123706817627,\n        \"recall\": 0.8354908227920532,\n        \"f1-score\": 0.8471424579620361,\n        \"specificity\": 0.9850143194198608\n    },\n    \"Erythema\": {\n        \"precision\": 0.9050616025924683,\n        \"recall\": 0.9256974458694458,\n        \"f1-score\": 0.9152632355690002,\n        \"specificity\": 0.9893149137496948\n    },\n    \"Foreign Body\": {\n        \"precision\": 0.9667491316795349,\n        \"recall\": 0.9670148491859436,\n        \"f1-score\": 0.9668819308280945,\n        \"specificity\": 0.9964379072189331\n    },\n    \"Lymphangiectasia\": {\n        \"precision\": 0.9651495218276978,\n        \"recall\": 0.9674139618873596,\n        \"f1-score\": 0.966280460357666,\n        \"specificity\": 0.9960321187973022\n    },\n    \"Normal\": {\n        \"precision\": 0.9422866702079773,\n        \"recall\": 0.9174433946609497,\n        \"f1-score\": 0.9296991229057312,\n        \"specificity\": 0.9937669634819031\n    },\n    \"Polyp\": {\n        \"precision\": 0.9135107398033142,\n        \"recall\": 0.9277547001838684,\n        \"f1-score\": 0.9205776453018188,\n        \"specificity\": 0.989987850189209\n    },\n    \"Ulcer\": {\n        \"precision\": 0.9931901693344116,\n        \"recall\": 0.9924103617668152,\n        \"f1-score\": 0.9928001165390015,\n        \"specificity\": 0.9992304444313049\n    },\n    \"Worms\": {\n        \"precision\": 0.9984194040298462,\n        \"recall\": 0.9981564283370972,\n        \"f1-score\": 0.9982879161834717,\n        \"specificity\": 0.9998225569725037\n    },\n    \"macro avg\": {\n        \"precision\": 0.9425438046455383,\n        \"recall\": 0.9426034092903137,\n        \"f1-score\": 0.9425174593925476,\n        \"specificity\": 0.9936497807502747\n    },\n    \"accuracy\": 0.9428297877311707,\n    \"auc_roc_scores\": {\n        \"Angioectasia\": 0.9977056980133057,\n        \"Bleeding\": 0.9990289211273193,\n        \"Erosion\": 0.9881712794303894,\n        \"Erythema\": 0.9969667196273804,\n        \"Foreign Body\": 0.9992750287055969,\n        \"Lymphangiectasia\": 0.9991964101791382,\n        \"Normal\": 0.9956609010696411,\n        \"Polyp\": 0.9971187710762024,\n        \"Ulcer\": 0.9999688267707825,\n        \"Worms\": 0.9999983310699463\n    },\n    \"mean_auc\": 0.997309148311615,\n    \"average_precision_scores\": {\n        \"Angioectasia\": 0.9837667942047119,\n        \"Bleeding\": 0.9915235638618469,\n        \"Erosion\": 0.9244531393051147,\n        \"Erythema\": 0.9730238318443298,\n        \"Foreign Body\": 0.9949639439582825,\n        \"Lymphangiectasia\": 0.9947329759597778,\n        \"Normal\": 0.9768744111061096,\n        \"Polyp\": 0.9768092632293701,\n        \"Ulcer\": 0.9997338652610779,\n        \"Worms\": 0.9999855756759644\n    },\n    \"mean_average_precision\": 0.981586754322052,\n    \"mean_f1_score\": 0.9425174593925476,\n    \"mean_specificity\": 0.9936497807502747,\n    \"mean_sensitivity\": 0.9426034092903137,\n    \"balanced_accuracy\": 0.9426034092903137\n}",
    "test_metrics": "{\n    \"Angioectasia\": {\n        \"precision\": 0.6105263233184814,\n        \"recall\": 0.8169013857841492,\n        \"f1-score\": 0.6987951993942261,\n        \"specificity\": 0.9834346175193787\n    },\n    \"Bleeding\": {\n        \"precision\": 0.7953367829322815,\n        \"recall\": 0.8551532030105591,\n        \"f1-score\": 0.8241610527038574,\n        \"specificity\": 0.9949914216995239\n    },\n    \"Erosion\": {\n        \"precision\": 0.5038575530052185,\n        \"recall\": 0.7350649237632751,\n        \"f1-score\": 0.5978873372077942,\n        \"specificity\": 0.9441810846328735\n    },\n    \"Erythema\": {\n        \"precision\": 0.4486607015132904,\n        \"recall\": 0.6767676472663879,\n        \"f1-score\": 0.5395973324775696,\n        \"specificity\": 0.9844016432762146\n    },\n    \"Foreign Body\": {\n        \"precision\": 0.8433048725128174,\n        \"recall\": 0.8705882430076599,\n        \"f1-score\": 0.8567293882369995,\n        \"specificity\": 0.9965172410011292\n    },\n    \"Lymphangiectasia\": {\n        \"precision\": 0.7639257311820984,\n        \"recall\": 0.8396501541137695,\n        \"f1-score\": 0.800000011920929,\n        \"specificity\": 0.9943631887435913\n    },\n    \"Normal\": {\n        \"precision\": 0.9914376139640808,\n        \"recall\": 0.8952551484107971,\n        \"f1-score\": 0.9408947229385376,\n        \"specificity\": 0.9752925634384155\n    },\n    \"Polyp\": {\n        \"precision\": 0.4841269850730896,\n        \"recall\": 0.7319999933242798,\n        \"f1-score\": 0.5828025341033936,\n        \"specificity\": 0.9750511646270752\n    },\n    \"Ulcer\": {\n        \"precision\": 0.9200000166893005,\n        \"recall\": 0.9650349617004395,\n        \"f1-score\": 0.9419795274734497,\n        \"specificity\": 0.9984854459762573\n    },\n    \"Worms\": {\n        \"precision\": 0.9710144996643066,\n        \"recall\": 0.9852941036224365,\n        \"f1-score\": 0.9781022071838379,\n        \"specificity\": 0.9998754858970642\n    },\n    \"macro avg\": {\n        \"precision\": 0.7332190871238708,\n        \"recall\": 0.8371710181236267,\n        \"f1-score\": 0.776094913482666,\n        \"specificity\": 0.9846593737602234\n    },\n    \"accuracy\": 0.8713116645812988,\n    \"auc_roc_scores\": {\n        \"Angioectasia\": 0.974135160446167,\n        \"Bleeding\": 0.9872814416885376,\n        \"Erosion\": 0.9531093835830688,\n        \"Erythema\": 0.9697201251983643,\n        \"Foreign Body\": 0.9856933951377869,\n        \"Lymphangiectasia\": 0.9900083541870117,\n        \"Normal\": 0.9883675575256348,\n        \"Polyp\": 0.9752179980278015,\n        \"Ulcer\": 0.9980428218841553,\n        \"Worms\": 0.9995331168174744\n    },\n    \"mean_auc\": 0.9821109771728516,\n    \"average_precision_scores\": {\n        \"Angioectasia\": 0.8337544202804565,\n        \"Bleeding\": 0.8978952765464783,\n        \"Erosion\": 0.6889102458953857,\n        \"Erythema\": 0.5917420387268066,\n        \"Foreign Body\": 0.9255784153938293,\n        \"Lymphangiectasia\": 0.8847659826278687,\n        \"Normal\": 0.9963381290435791,\n        \"Polyp\": 0.6622762680053711,\n        \"Ulcer\": 0.9789600372314453,\n        \"Worms\": 0.9870242476463318\n    },\n    \"mean_average_precision\": 0.8447244763374329,\n    \"mean_f1_score\": 0.776094913482666,\n    \"mean_specificity\": 0.9846593737602234,\n    \"mean_sensitivity\": 0.8371710181236267,\n    \"balanced_accuracy\": 0.8371710181236267\n}"
}