{
    "Angioectasia": {
        "precision": 0.9521568417549133,
        "recall": 0.9514106512069702,
        "f1-score": 0.9517835974693298,
        "specificity": 0.9945824146270752
    },
    "Bleeding": {
        "precision": 0.96156907081604,
        "recall": 0.973959743976593,
        "f1-score": 0.9677247405052185,
        "specificity": 0.9957204461097717
    },
    "Erosion": {
        "precision": 0.9082191586494446,
        "recall": 0.8899328708648682,
        "f1-score": 0.8989830613136292,
        "specificity": 0.9901127219200134
    },
    "Erythema": {
        "precision": 0.9349805116653442,
        "recall": 0.9485487937927246,
        "f1-score": 0.9417157769203186,
        "specificity": 0.9926072955131531
    },
    "Foreign Body": {
        "precision": 0.9718194007873535,
        "recall": 0.9752883315086365,
        "f1-score": 0.9735507965087891,
        "specificity": 0.9969674944877625
    },
    "Lymphangiectasia": {
        "precision": 0.9782838821411133,
        "recall": 0.9769902229309082,
        "f1-score": 0.9776366353034973,
        "specificity": 0.9975758194923401
    },
    "Normal": {
        "precision": 0.9603345990180969,
        "recall": 0.9505876302719116,
        "f1-score": 0.9554362297058105,
        "specificity": 0.9956589937210083
    },
    "Polyp": {
        "precision": 0.9552707076072693,
        "recall": 0.9570230841636658,
        "f1-score": 0.9561461210250854,
        "specificity": 0.9949395060539246
    },
    "Ulcer": {
        "precision": 0.995439887046814,
        "recall": 0.9949061870574951,
        "f1-score": 0.9951729774475098,
        "specificity": 0.999498188495636
    },
    "Worms": {
        "precision": 0.9992159008979797,
        "recall": 0.9992159008979797,
        "f1-score": 0.9992159008979797,
        "specificity": 0.9999111890792847
    },
    "accuracy": 0.961815595626831,
    "macro avg": {
        "precision": 0.9617289900779724,
        "recall": 0.9617863893508911,
        "f1-score": 0.9617366194725037,
        "specificity": 0.9957574009895325
    },
    "auc_roc_scores": {
        "Angioectasia": 0.9990234375,
        "Bleeding": 0.9995279312133789,
        "Erosion": 0.9946087598800659,
        "Erythema": 0.9985036849975586,
        "Foreign Body": 0.9996663331985474,
        "Lymphangiectasia": 0.9997014403343201,
        "Normal": 0.9980176687240601,
        "Polyp": 0.9988880753517151,
        "Ulcer": 0.9999806880950928,
        "Worms": 0.9999995827674866
    },
    "average_precision_scores": {
        "Angioectasia": 0.9924620985984802,
        "Bleeding": 0.995766818523407,
        "Erosion": 0.9627881050109863,
        "Erythema": 0.9867669939994812,
        "Foreign Body": 0.9972494840621948,
        "Lymphangiectasia": 0.9977735280990601,
        "Normal": 0.9891464710235596,
        "Polyp": 0.9908241629600525,
        "Ulcer": 0.9998381733894348,
        "Worms": 0.9999961853027344
    },
    "mean_auc": 0.9987916946411133,
    "mean_average_precision": 0.9912611842155457
}