{
    "epoch": 18,
    "train_metrics": "{\n    \"Angioectasia\": {\n        \"precision\": 0.9299643039703369,\n        \"recall\": 0.9198587536811829,\n        \"f1-score\": 0.9248839020729065,\n        \"specificity\": 0.9924836158752441\n    },\n    \"Bleeding\": {\n        \"precision\": 0.9492197632789612,\n        \"recall\": 0.956556499004364,\n        \"f1-score\": 0.9528740048408508,\n        \"specificity\": 0.9943287372589111\n    },\n    \"Erosion\": {\n        \"precision\": 0.816390872001648,\n        \"recall\": 0.80916428565979,\n        \"f1-score\": 0.8127614855766296,\n        \"specificity\": 0.9792987108230591\n    },\n    \"Erythema\": {\n        \"precision\": 0.8866439461708069,\n        \"recall\": 0.9061410427093506,\n        \"f1-score\": 0.8962864875793457,\n        \"specificity\": 0.9872483611106873\n    },\n    \"Foreign Body\": {\n        \"precision\": 0.9678370356559753,\n        \"recall\": 0.9642189741134644,\n        \"f1-score\": 0.96602463722229,\n        \"specificity\": 0.9964562058448792\n    },\n    \"Lymphangiectasia\": {\n        \"precision\": 0.9633620977401733,\n        \"recall\": 0.960773766040802,\n        \"f1-score\": 0.9620661735534668,\n        \"specificity\": 0.9959864020347595\n    },\n    \"Normal\": {\n        \"precision\": 0.9346070885658264,\n        \"recall\": 0.9120272994041443,\n        \"f1-score\": 0.9231791496276855,\n        \"specificity\": 0.9928104281425476\n    },\n    \"Polyp\": {\n        \"precision\": 0.8991339802742004,\n        \"recall\": 0.9128523468971252,\n        \"f1-score\": 0.9059412479400635,\n        \"specificity\": 0.9882631897926331\n    },\n    \"Ulcer\": {\n        \"precision\": 0.9914734959602356,\n        \"recall\": 0.9946538209915161,\n        \"f1-score\": 0.9930611252784729,\n        \"specificity\": 0.9990550875663757\n    },\n    \"Worms\": {\n        \"precision\": 0.9962456226348877,\n        \"recall\": 0.9983875155448914,\n        \"f1-score\": 0.9973154067993164,\n        \"specificity\": 0.999586820602417\n    },\n    \"macro avg\": {\n        \"precision\": 0.9334878325462341,\n        \"recall\": 0.9334635138511658,\n        \"f1-score\": 0.9334394335746765,\n        \"specificity\": 0.9925518035888672\n    },\n    \"accuracy\": 0.9330177903175354,\n    \"auc_roc_scores\": {\n        \"Angioectasia\": 0.9972214698791504,\n        \"Bleeding\": 0.9988955855369568,\n        \"Erosion\": 0.9832332730293274,\n        \"Erythema\": 0.9952995777130127,\n        \"Foreign Body\": 0.9994426965713501,\n        \"Lymphangiectasia\": 0.9989731311798096,\n        \"Normal\": 0.9945332407951355,\n        \"Polyp\": 0.9957883358001709,\n        \"Ulcer\": 0.9999587535858154,\n        \"Worms\": 0.9999925494194031\n    },\n    \"mean_auc\": 0.9963338971138,\n    \"average_precision_scores\": {\n        \"Angioectasia\": 0.9794961810112,\n        \"Bleeding\": 0.9901952743530273,\n        \"Erosion\": 0.8995068073272705,\n        \"Erythema\": 0.9593756198883057,\n        \"Foreign Body\": 0.9954816102981567,\n        \"Lymphangiectasia\": 0.9925477504730225,\n        \"Normal\": 0.9706823825836182,\n        \"Polyp\": 0.9681496620178223,\n        \"Ulcer\": 0.9996303915977478,\n        \"Worms\": 0.9999301433563232\n    },\n    \"mean_average_precision\": 0.9754995703697205,\n    \"mean_f1_score\": 0.9334394335746765,\n    \"mean_specificity\": 0.9925518035888672,\n    \"mean_sensitivity\": 0.9334635138511658,\n    \"balanced_accuracy\": 0.9334635138511658\n}",
    "test_metrics": "{\n    \"Angioectasia\": {\n        \"precision\": 0.5848527550697327,\n        \"recall\": 0.8390341997146606,\n        \"f1-score\": 0.6892561912536621,\n        \"specificity\": 0.9810681343078613\n    },\n    \"Bleeding\": {\n        \"precision\": 0.743842363357544,\n        \"recall\": 0.8412256240844727,\n        \"f1-score\": 0.7895424962043762,\n        \"specificity\": 0.9934064745903015\n    },\n    \"Erosion\": {\n        \"precision\": 0.5961538553237915,\n        \"recall\": 0.6709956526756287,\n        \"f1-score\": 0.6313645839691162,\n        \"specificity\": 0.9649462699890137\n    },\n    \"Erythema\": {\n        \"precision\": 0.41555556654930115,\n        \"recall\": 0.6296296119689941,\n        \"f1-score\": 0.5006693601608276,\n        \"specificity\": 0.9833912253379822\n    },\n    \"Foreign Body\": {\n        \"precision\": 0.7575757503509521,\n        \"recall\": 0.8823529481887817,\n        \"f1-score\": 0.8152173757553101,\n        \"specificity\": 0.9939209818840027\n    },\n    \"Lymphangiectasia\": {\n        \"precision\": 0.6430062651634216,\n        \"recall\": 0.8979591727256775,\n        \"f1-score\": 0.7493917346000671,\n        \"specificity\": 0.9891696572303772\n    },\n    \"Normal\": {\n        \"precision\": 0.9903548359870911,\n        \"recall\": 0.9108814001083374,\n        \"f1-score\": 0.948957085609436,\n        \"specificity\": 0.9716514945030212\n    },\n    \"Polyp\": {\n        \"precision\": 0.509040355682373,\n        \"recall\": 0.7319999933242798,\n        \"f1-score\": 0.6004921793937683,\n        \"specificity\": 0.9774181246757507\n    },\n    \"Ulcer\": {\n        \"precision\": 0.9317406415939331,\n        \"recall\": 0.9545454382896423,\n        \"f1-score\": 0.9430052042007446,\n        \"specificity\": 0.9987378716468811\n    },\n    \"Worms\": {\n        \"precision\": 0.9066666960716248,\n        \"recall\": 1.0,\n        \"f1-score\": 0.9510489702224731,\n        \"specificity\": 0.9995642304420471\n    },\n    \"macro avg\": {\n        \"precision\": 0.7078789472579956,\n        \"recall\": 0.8358623385429382,\n        \"f1-score\": 0.7618945240974426,\n        \"specificity\": 0.985327422618866\n    },\n    \"accuracy\": 0.8794941902160645,\n    \"auc_roc_scores\": {\n        \"Angioectasia\": 0.9759948253631592,\n        \"Bleeding\": 0.9893206357955933,\n        \"Erosion\": 0.9491804838180542,\n        \"Erythema\": 0.9669461250305176,\n        \"Foreign Body\": 0.9908095598220825,\n        \"Lymphangiectasia\": 0.9860156774520874,\n        \"Normal\": 0.9878525733947754,\n        \"Polyp\": 0.9709898233413696,\n        \"Ulcer\": 0.9997623562812805,\n        \"Worms\": 0.9999890327453613\n    },\n    \"mean_auc\": 0.9816861152648926,\n    \"average_precision_scores\": {\n        \"Angioectasia\": 0.8253437280654907,\n        \"Bleeding\": 0.8691771030426025,\n        \"Erosion\": 0.7099977731704712,\n        \"Erythema\": 0.5175936222076416,\n        \"Foreign Body\": 0.8891883492469788,\n        \"Lymphangiectasia\": 0.8836925029754639,\n        \"Normal\": 0.9962151050567627,\n        \"Polyp\": 0.675803542137146,\n        \"Ulcer\": 0.9891669750213623,\n        \"Worms\": 0.997529149055481\n    },\n    \"mean_average_precision\": 0.8353708386421204,\n    \"mean_f1_score\": 0.7618945240974426,\n    \"mean_specificity\": 0.985327422618866,\n    \"mean_sensitivity\": 0.8358623385429382,\n    \"balanced_accuracy\": 0.8358623385429382\n}"
}