{
    "epoch": 7,
    "train_metrics": "{\n    \"Angioectasia\": {\n        \"precision\": 0.8675034642219543,\n        \"recall\": 0.8398595452308655,\n        \"f1-score\": 0.8534577488899231,\n        \"specificity\": 0.9859898686408997\n    },\n    \"Bleeding\": {\n        \"precision\": 0.9014909267425537,\n        \"recall\": 0.9102150797843933,\n        \"f1-score\": 0.9058319926261902,\n        \"specificity\": 0.9890813827514648\n    },\n    \"Erosion\": {\n        \"precision\": 0.6678908467292786,\n        \"recall\": 0.6753315925598145,\n        \"f1-score\": 0.6715906262397766,\n        \"specificity\": 0.9625853300094604\n    },\n    \"Erythema\": {\n        \"precision\": 0.7850922346115112,\n        \"recall\": 0.7936302423477173,\n        \"f1-score\": 0.7893381118774414,\n        \"specificity\": 0.9751370549201965\n    },\n    \"Foreign Body\": {\n        \"precision\": 0.9312025904655457,\n        \"recall\": 0.9276848435401917,\n        \"f1-score\": 0.9294403791427612,\n        \"specificity\": 0.9925075769424438\n    },\n    \"Lymphangiectasia\": {\n        \"precision\": 0.9329039454460144,\n        \"recall\": 0.9188475012779236,\n        \"f1-score\": 0.9258223176002502,\n        \"specificity\": 0.9926087856292725\n    },\n    \"Normal\": {\n        \"precision\": 0.8776077628135681,\n        \"recall\": 0.8467525243759155,\n        \"f1-score\": 0.8619040846824646,\n        \"specificity\": 0.9870133996009827\n    },\n    \"Polyp\": {\n        \"precision\": 0.7842198014259338,\n        \"recall\": 0.8227981925010681,\n        \"f1-score\": 0.803045928478241,\n        \"specificity\": 0.974694013595581\n    },\n    \"Ulcer\": {\n        \"precision\": 0.9793139696121216,\n        \"recall\": 0.9803407788276672,\n        \"f1-score\": 0.9798271059989929,\n        \"specificity\": 0.9976621866226196\n    },\n    \"Worms\": {\n        \"precision\": 0.9893361926078796,\n        \"recall\": 0.9919807314872742,\n        \"f1-score\": 0.9906566739082336,\n        \"specificity\": 0.9988188743591309\n    },\n    \"macro avg\": {\n        \"precision\": 0.8716562390327454,\n        \"recall\": 0.8707441687583923,\n        \"f1-score\": 0.8710914850234985,\n        \"specificity\": 0.9856098294258118\n    },\n    \"accuracy\": 0.8705294132232666,\n    \"auc_roc_scores\": {\n        \"Angioectasia\": 0.9886879920959473,\n        \"Bleeding\": 0.9960710406303406,\n        \"Erosion\": 0.954338788986206,\n        \"Erythema\": 0.9824259281158447,\n        \"Foreign Body\": 0.9970766305923462,\n        \"Lymphangiectasia\": 0.9958389401435852,\n        \"Normal\": 0.9833793640136719,\n        \"Polyp\": 0.9845010042190552,\n        \"Ulcer\": 0.9995200037956238,\n        \"Worms\": 0.9999480247497559\n    },\n    \"mean_auc\": 0.9881788492202759,\n    \"average_precision_scores\": {\n        \"Angioectasia\": 0.934898853302002,\n        \"Bleeding\": 0.9698561429977417,\n        \"Erosion\": 0.7503370642662048,\n        \"Erythema\": 0.8685747385025024,\n        \"Foreign Body\": 0.9800330400466919,\n        \"Lymphangiectasia\": 0.9770234823226929,\n        \"Normal\": 0.9265249967575073,\n        \"Polyp\": 0.8885339498519897,\n        \"Ulcer\": 0.9970889091491699,\n        \"Worms\": 0.9995131492614746\n    },\n    \"mean_average_precision\": 0.9292384386062622,\n    \"mean_f1_score\": 0.8710914850234985,\n    \"mean_specificity\": 0.9856098294258118,\n    \"mean_sensitivity\": 0.8707441687583923,\n    \"balanced_accuracy\": 0.8707441687583923\n}",
    "test_metrics": "{\n    \"Angioectasia\": {\n        \"precision\": 0.5338753461837769,\n        \"recall\": 0.7927565574645996,\n        \"f1-score\": 0.6380566954612732,\n        \"specificity\": 0.9779980778694153\n    },\n    \"Bleeding\": {\n        \"precision\": 0.7195122241973877,\n        \"recall\": 0.8217270374298096,\n        \"f1-score\": 0.7672301530838013,\n        \"specificity\": 0.9927090406417847\n    },\n    \"Erosion\": {\n        \"precision\": 0.5003194808959961,\n        \"recall\": 0.6779220700263977,\n        \"f1-score\": 0.5757352709770203,\n        \"specificity\": 0.9477866291999817\n    },\n    \"Erythema\": {\n        \"precision\": 0.2938311696052551,\n        \"recall\": 0.6094276309013367,\n        \"f1-score\": 0.3964950740337372,\n        \"specificity\": 0.9725292325019836\n    },\n    \"Foreign Body\": {\n        \"precision\": 0.6845794320106506,\n        \"recall\": 0.8617647290229797,\n        \"f1-score\": 0.7630208134651184,\n        \"specificity\": 0.9914513826370239\n    },\n    \"Lymphangiectasia\": {\n        \"precision\": 0.6534216403961182,\n        \"recall\": 0.8629737496376038,\n        \"f1-score\": 0.7437185645103455,\n        \"specificity\": 0.9900563955307007\n    },\n    \"Normal\": {\n        \"precision\": 0.9921473264694214,\n        \"recall\": 0.8637584447860718,\n        \"f1-score\": 0.9235119819641113,\n        \"specificity\": 0.9781534671783447\n    },\n    \"Polyp\": {\n        \"precision\": 0.41835519671440125,\n        \"recall\": 0.7020000219345093,\n        \"f1-score\": 0.5242718458175659,\n        \"specificity\": 0.9687820076942444\n    },\n    \"Ulcer\": {\n        \"precision\": 0.8819671869277954,\n        \"recall\": 0.940559446811676,\n        \"f1-score\": 0.9103214740753174,\n        \"specificity\": 0.9977281093597412\n    },\n    \"Worms\": {\n        \"precision\": 0.8395061492919922,\n        \"recall\": 1.0,\n        \"f1-score\": 0.9127516746520996,\n        \"specificity\": 0.9991907477378845\n    },\n    \"macro avg\": {\n        \"precision\": 0.6517515182495117,\n        \"recall\": 0.8132889866828918,\n        \"f1-score\": 0.7155113816261292,\n        \"specificity\": 0.9816385507583618\n    },\n    \"accuracy\": 0.839511513710022,\n    \"auc_roc_scores\": {\n        \"Angioectasia\": 0.9697585701942444,\n        \"Bleeding\": 0.9852464199066162,\n        \"Erosion\": 0.93959641456604,\n        \"Erythema\": 0.9584929943084717,\n        \"Foreign Body\": 0.9870421886444092,\n        \"Lymphangiectasia\": 0.9813302755355835,\n        \"Normal\": 0.980594277381897,\n        \"Polyp\": 0.9692227840423584,\n        \"Ulcer\": 0.9974648356437683,\n        \"Worms\": 0.9999442100524902\n    },\n    \"mean_auc\": 0.9768692851066589,\n    \"average_precision_scores\": {\n        \"Angioectasia\": 0.7662318348884583,\n        \"Bleeding\": 0.8255480527877808,\n        \"Erosion\": 0.6557037830352783,\n        \"Erythema\": 0.4058365225791931,\n        \"Foreign Body\": 0.8784136772155762,\n        \"Lymphangiectasia\": 0.854419469833374,\n        \"Normal\": 0.993850827217102,\n        \"Polyp\": 0.6041288375854492,\n        \"Ulcer\": 0.9683942794799805,\n        \"Worms\": 0.9876331090927124\n    },\n    \"mean_average_precision\": 0.7940160632133484,\n    \"mean_f1_score\": 0.7155113816261292,\n    \"mean_specificity\": 0.9816385507583618,\n    \"mean_sensitivity\": 0.8132889866828918,\n    \"balanced_accuracy\": 0.8132889866828918\n}"
}