{
    "epoch": 5,
    "train_metrics": "{\n    \"Angioectasia\": {\n        \"precision\": 0.829635739326477,\n        \"recall\": 0.7927244305610657,\n        \"f1-score\": 0.8107602000236511,\n        \"specificity\": 0.9815900325775146\n    },\n    \"Bleeding\": {\n        \"precision\": 0.8815721273422241,\n        \"recall\": 0.8920199871063232,\n        \"f1-score\": 0.8867653012275696,\n        \"specificity\": 0.9865424633026123\n    },\n    \"Erosion\": {\n        \"precision\": 0.5916467308998108,\n        \"recall\": 0.5984929800033569,\n        \"f1-score\": 0.5950501561164856,\n        \"specificity\": 0.9547077417373657\n    },\n    \"Erythema\": {\n        \"precision\": 0.7101337313652039,\n        \"recall\": 0.7275362610816956,\n        \"f1-score\": 0.7187296748161316,\n        \"specificity\": 0.9666686654090881\n    },\n    \"Foreign Body\": {\n        \"precision\": 0.9197514057159424,\n        \"recall\": 0.9099171161651611,\n        \"f1-score\": 0.9148078560829163,\n        \"specificity\": 0.9912301301956177\n    },\n    \"Lymphangiectasia\": {\n        \"precision\": 0.9168915152549744,\n        \"recall\": 0.8937401175498962,\n        \"f1-score\": 0.905167818069458,\n        \"specificity\": 0.9908888936042786\n    },\n    \"Normal\": {\n        \"precision\": 0.8486824035644531,\n        \"recall\": 0.8158788084983826,\n        \"f1-score\": 0.8319573998451233,\n        \"specificity\": 0.9835099577903748\n    },\n    \"Polyp\": {\n        \"precision\": 0.7272727489471436,\n        \"recall\": 0.7774158716201782,\n        \"f1-score\": 0.7515087723731995,\n        \"specificity\": 0.9683400392532349\n    },\n    \"Ulcer\": {\n        \"precision\": 0.9674381017684937,\n        \"recall\": 0.9708344340324402,\n        \"f1-score\": 0.9691333174705505,\n        \"specificity\": 0.9964311122894287\n    },\n    \"Worms\": {\n        \"precision\": 0.986308753490448,\n        \"recall\": 0.9878999590873718,\n        \"f1-score\": 0.9871037006378174,\n        \"specificity\": 0.9984950423240662\n    },\n    \"macro avg\": {\n        \"precision\": 0.837933361530304,\n        \"recall\": 0.8366460204124451,\n        \"f1-score\": 0.8370984196662903,\n        \"specificity\": 0.9818404316902161\n    },\n    \"accuracy\": 0.8365463614463806,\n    \"auc_roc_scores\": {\n        \"Angioectasia\": 0.9800431728363037,\n        \"Bleeding\": 0.9938960075378418,\n        \"Erosion\": 0.9385440349578857,\n        \"Erythema\": 0.9704352021217346,\n        \"Foreign Body\": 0.9955512285232544,\n        \"Lymphangiectasia\": 0.993644118309021,\n        \"Normal\": 0.9795792102813721,\n        \"Polyp\": 0.9763163328170776,\n        \"Ulcer\": 0.9991377592086792,\n        \"Worms\": 0.9997628331184387\n    },\n    \"mean_auc\": 0.9826909899711609,\n    \"average_precision_scores\": {\n        \"Angioectasia\": 0.9003764390945435,\n        \"Bleeding\": 0.9586141109466553,\n        \"Erosion\": 0.6702594757080078,\n        \"Erythema\": 0.7932920455932617,\n        \"Foreign Body\": 0.9725630879402161,\n        \"Lymphangiectasia\": 0.9645686149597168,\n        \"Normal\": 0.9090753793716431,\n        \"Polyp\": 0.8345073461532593,\n        \"Ulcer\": 0.9931596517562866,\n        \"Worms\": 0.9990520477294922\n    },\n    \"mean_average_precision\": 0.8995468020439148,\n    \"mean_f1_score\": 0.8370984196662903,\n    \"mean_specificity\": 0.9818404316902161,\n    \"mean_sensitivity\": 0.8366460204124451,\n    \"balanced_accuracy\": 0.8366460204124451\n}",
    "test_metrics": "{\n    \"Angioectasia\": {\n        \"precision\": 0.47512438893318176,\n        \"recall\": 0.7686116695404053,\n        \"f1-score\": 0.5872405767440796,\n        \"specificity\": 0.9730092883110046\n    },\n    \"Bleeding\": {\n        \"precision\": 0.6050583720207214,\n        \"recall\": 0.8662952780723572,\n        \"f1-score\": 0.712485671043396,\n        \"specificity\": 0.9871299266815186\n    },\n    \"Erosion\": {\n        \"precision\": 0.5064935088157654,\n        \"recall\": 0.5740259885787964,\n        \"f1-score\": 0.538149356842041,\n        \"specificity\": 0.9568672180175781\n    },\n    \"Erythema\": {\n        \"precision\": 0.3095238208770752,\n        \"recall\": 0.6565656661987305,\n        \"f1-score\": 0.4207119643688202,\n        \"specificity\": 0.9725292325019836\n    },\n    \"Foreign Body\": {\n        \"precision\": 0.6302521228790283,\n        \"recall\": 0.8823529481887817,\n        \"f1-score\": 0.7352941036224365,\n        \"specificity\": 0.9888551235198975\n    },\n    \"Lymphangiectasia\": {\n        \"precision\": 0.6752941012382507,\n        \"recall\": 0.8367347121238708,\n        \"f1-score\": 0.7473958134651184,\n        \"specificity\": 0.991259753704071\n    },\n    \"Normal\": {\n        \"precision\": 0.98958820104599,\n        \"recall\": 0.8586310744285583,\n        \"f1-score\": 0.9194701313972473,\n        \"specificity\": 0.9711313247680664\n    },\n    \"Polyp\": {\n        \"precision\": 0.3936052918434143,\n        \"recall\": 0.7139999866485596,\n        \"f1-score\": 0.5074626803398132,\n        \"specificity\": 0.9648157358169556\n    },\n    \"Ulcer\": {\n        \"precision\": 0.8283132314682007,\n        \"recall\": 0.9615384340286255,\n        \"f1-score\": 0.8899676203727722,\n        \"specificity\": 0.9964028596878052\n    },\n    \"Worms\": {\n        \"precision\": 0.8918918967247009,\n        \"recall\": 0.970588207244873,\n        \"f1-score\": 0.9295774698257446,\n        \"specificity\": 0.9995020031929016\n    },\n    \"macro avg\": {\n        \"precision\": 0.6305145621299744,\n        \"recall\": 0.8089343905448914,\n        \"f1-score\": 0.6987755298614502,\n        \"specificity\": 0.9801502227783203\n    },\n    \"accuracy\": 0.829779326915741,\n    \"auc_roc_scores\": {\n        \"Angioectasia\": 0.9592980742454529,\n        \"Bleeding\": 0.9881478548049927,\n        \"Erosion\": 0.9317502975463867,\n        \"Erythema\": 0.963645339012146,\n        \"Foreign Body\": 0.9853416085243225,\n        \"Lymphangiectasia\": 0.9821486473083496,\n        \"Normal\": 0.976423978805542,\n        \"Polyp\": 0.9713423848152161,\n        \"Ulcer\": 0.994873046875,\n        \"Worms\": 0.9997262954711914\n    },\n    \"mean_auc\": 0.9752697348594666,\n    \"average_precision_scores\": {\n        \"Angioectasia\": 0.7342439889907837,\n        \"Bleeding\": 0.8186144232749939,\n        \"Erosion\": 0.612334132194519,\n        \"Erythema\": 0.43843168020248413,\n        \"Foreign Body\": 0.8725780248641968,\n        \"Lymphangiectasia\": 0.8529826402664185,\n        \"Normal\": 0.9925494194030762,\n        \"Polyp\": 0.6166979074478149,\n        \"Ulcer\": 0.9722555875778198,\n        \"Worms\": 0.9724777340888977\n    },\n    \"mean_average_precision\": 0.788316547870636,\n    \"mean_f1_score\": 0.6987755298614502,\n    \"mean_specificity\": 0.9801502227783203,\n    \"mean_sensitivity\": 0.8089343905448914,\n    \"balanced_accuracy\": 0.8089343905448914\n}"
}