{
    "epoch": 3,
    "train_metrics": "{\n    \"Angioectasia\": {\n        \"precision\": 0.7810544967651367,\n        \"recall\": 0.7142468094825745,\n        \"f1-score\": 0.746158242225647,\n        \"specificity\": 0.9783415794372559\n    },\n    \"Bleeding\": {\n        \"precision\": 0.8425406813621521,\n        \"recall\": 0.8389582633972168,\n        \"f1-score\": 0.8407456874847412,\n        \"specificity\": 0.9825670719146729\n    },\n    \"Erosion\": {\n        \"precision\": 0.4893117845058441,\n        \"recall\": 0.5029475092887878,\n        \"f1-score\": 0.49603593349456787,\n        \"specificity\": 0.942169725894928\n    },\n    \"Erythema\": {\n        \"precision\": 0.6140031218528748,\n        \"recall\": 0.6304115653038025,\n        \"f1-score\": 0.6220991611480713,\n        \"specificity\": 0.9562084674835205\n    },\n    \"Foreign Body\": {\n        \"precision\": 0.881777286529541,\n        \"recall\": 0.8675513863563538,\n        \"f1-score\": 0.8746064901351929,\n        \"specificity\": 0.9867610335350037\n    },\n    \"Lymphangiectasia\": {\n        \"precision\": 0.900943398475647,\n        \"recall\": 0.8649440407752991,\n        \"f1-score\": 0.8825767636299133,\n        \"specificity\": 0.9894543886184692\n    },\n    \"Normal\": {\n        \"precision\": 0.7904040217399597,\n        \"recall\": 0.7634146213531494,\n        \"f1-score\": 0.7766749262809753,\n        \"specificity\": 0.9779756665229797\n    },\n    \"Polyp\": {\n        \"precision\": 0.6380487680435181,\n        \"recall\": 0.7030368447303772,\n        \"f1-score\": 0.668968141078949,\n        \"specificity\": 0.9562060832977295\n    },\n    \"Ulcer\": {\n        \"precision\": 0.9415338039398193,\n        \"recall\": 0.955315887928009,\n        \"f1-score\": 0.9483747482299805,\n        \"specificity\": 0.9931480288505554\n    },\n    \"Worms\": {\n        \"precision\": 0.9749019742012024,\n        \"recall\": 0.9820911288261414,\n        \"f1-score\": 0.9784833192825317,\n        \"specificity\": 0.9971606135368347\n    },\n    \"macro avg\": {\n        \"precision\": 0.7854519486427307,\n        \"recall\": 0.782291829586029,\n        \"f1-score\": 0.7834723591804504,\n        \"specificity\": 0.9759992957115173\n    },\n    \"accuracy\": 0.783843457698822,\n    \"auc_roc_scores\": {\n        \"Angioectasia\": 0.9622690677642822,\n        \"Bleeding\": 0.9871412515640259,\n        \"Erosion\": 0.9034038782119751,\n        \"Erythema\": 0.9491516947746277,\n        \"Foreign Body\": 0.990066647529602,\n        \"Lymphangiectasia\": 0.9868903160095215,\n        \"Normal\": 0.9637765884399414,\n        \"Polyp\": 0.957760214805603,\n        \"Ulcer\": 0.9982091784477234,\n        \"Worms\": 0.9996904134750366\n    },\n    \"mean_auc\": 0.9698359370231628,\n    \"average_precision_scores\": {\n        \"Angioectasia\": 0.8329370021820068,\n        \"Bleeding\": 0.9233757257461548,\n        \"Erosion\": 0.5263555645942688,\n        \"Erythema\": 0.6852743029594421,\n        \"Foreign Body\": 0.9469353556632996,\n        \"Lymphangiectasia\": 0.9400365352630615,\n        \"Normal\": 0.8460174798965454,\n        \"Polyp\": 0.7399136424064636,\n        \"Ulcer\": 0.9871472120285034,\n        \"Worms\": 0.9973105788230896\n    },\n    \"mean_average_precision\": 0.842530369758606,\n    \"mean_f1_score\": 0.7834723591804504,\n    \"mean_specificity\": 0.9759992957115173,\n    \"mean_sensitivity\": 0.782291829586029,\n    \"balanced_accuracy\": 0.782291829586029\n}",
    "test_metrics": "{\n    \"Angioectasia\": {\n        \"precision\": 0.4569190740585327,\n        \"recall\": 0.7042253613471985,\n        \"f1-score\": 0.5542359352111816,\n        \"specificity\": 0.9733930230140686\n    },\n    \"Bleeding\": {\n        \"precision\": 0.5469613075256348,\n        \"recall\": 0.8272980451583862,\n        \"f1-score\": 0.6585366129875183,\n        \"specificity\": 0.9844037294387817\n    },\n    \"Erosion\": {\n        \"precision\": 0.45797330141067505,\n        \"recall\": 0.5047619342803955,\n        \"f1-score\": 0.4802306294441223,\n        \"specificity\": 0.9539293646812439\n    },\n    \"Erythema\": {\n        \"precision\": 0.1933649331331253,\n        \"recall\": 0.6868686676025391,\n        \"f1-score\": 0.30177515745162964,\n        \"specificity\": 0.9462583065032959\n    },\n    \"Foreign Body\": {\n        \"precision\": 0.44134896993637085,\n        \"recall\": 0.8852941393852234,\n        \"f1-score\": 0.5890411138534546,\n        \"specificity\": 0.9758738875389099\n    },\n    \"Lymphangiectasia\": {\n        \"precision\": 0.5140351057052612,\n        \"recall\": 0.8542274236679077,\n        \"f1-score\": 0.6418401002883911,\n        \"specificity\": 0.9824561476707458\n    },\n    \"Normal\": {\n        \"precision\": 0.9869012832641602,\n        \"recall\": 0.8032880425453186,\n        \"f1-score\": 0.8856784105300903,\n        \"specificity\": 0.9659298062324524\n    },\n    \"Polyp\": {\n        \"precision\": 0.3721212148666382,\n        \"recall\": 0.6140000224113464,\n        \"f1-score\": 0.46339622139930725,\n        \"specificity\": 0.9668628573417664\n    },\n    \"Ulcer\": {\n        \"precision\": 0.7683284282684326,\n        \"recall\": 0.9160839319229126,\n        \"f1-score\": 0.8357256650924683,\n        \"specificity\": 0.995014488697052\n    },\n    \"Worms\": {\n        \"precision\": 0.8684210777282715,\n        \"recall\": 0.970588207244873,\n        \"f1-score\": 0.9166666865348816,\n        \"specificity\": 0.9993774890899658\n    },\n    \"macro avg\": {\n        \"precision\": 0.5606374740600586,\n        \"recall\": 0.776663601398468,\n        \"f1-score\": 0.6327126622200012,\n        \"specificity\": 0.9743499755859375\n    },\n    \"accuracy\": 0.7769030332565308,\n    \"auc_roc_scores\": {\n        \"Angioectasia\": 0.9483660459518433,\n        \"Bleeding\": 0.9845646619796753,\n        \"Erosion\": 0.910049557685852,\n        \"Erythema\": 0.9547792673110962,\n        \"Foreign Body\": 0.9762435555458069,\n        \"Lymphangiectasia\": 0.9814675450325012,\n        \"Normal\": 0.9648637771606445,\n        \"Polyp\": 0.9632065296173096,\n        \"Ulcer\": 0.9952114820480347,\n        \"Worms\": 0.9998819828033447\n    },\n    \"mean_auc\": 0.9678635001182556,\n    \"average_precision_scores\": {\n        \"Angioectasia\": 0.6917953491210938,\n        \"Bleeding\": 0.813429594039917,\n        \"Erosion\": 0.5267342329025269,\n        \"Erythema\": 0.40633273124694824,\n        \"Foreign Body\": 0.8335751891136169,\n        \"Lymphangiectasia\": 0.8281665444374084,\n        \"Normal\": 0.9886868000030518,\n        \"Polyp\": 0.5400046110153198,\n        \"Ulcer\": 0.9428861737251282,\n        \"Worms\": 0.9753029346466064\n    },\n    \"mean_average_precision\": 0.7546914219856262,\n    \"mean_f1_score\": 0.6327126622200012,\n    \"mean_specificity\": 0.9743499755859375,\n    \"mean_sensitivity\": 0.776663601398468,\n    \"balanced_accuracy\": 0.776663601398468\n}"
}