{
    "epoch": 8,
    "train_metrics": "{\n    \"Angioectasia\": {\n        \"precision\": 0.8729341626167297,\n        \"recall\": 0.8562317490577698,\n        \"f1-score\": 0.8645022511482239,\n        \"specificity\": 0.9861422777175903\n    },\n    \"Bleeding\": {\n        \"precision\": 0.914893627166748,\n        \"recall\": 0.9191017150878906,\n        \"f1-score\": 0.9169928431510925,\n        \"specificity\": 0.9906814694404602\n    },\n    \"Erosion\": {\n        \"precision\": 0.7068607211112976,\n        \"recall\": 0.7096269130706787,\n        \"f1-score\": 0.7082411050796509,\n        \"specificity\": 0.966601550579071\n    },\n    \"Erythema\": {\n        \"precision\": 0.8030422329902649,\n        \"recall\": 0.8246700763702393,\n        \"f1-score\": 0.813712477684021,\n        \"specificity\": 0.9778426885604858\n    },\n    \"Foreign Body\": {\n        \"precision\": 0.9478947520256042,\n        \"recall\": 0.933402419090271,\n        \"f1-score\": 0.9405927658081055,\n        \"specificity\": 0.9941329956054688\n    },\n    \"Lymphangiectasia\": {\n        \"precision\": 0.9461371302604675,\n        \"recall\": 0.930942177772522,\n        \"f1-score\": 0.9384781718254089,\n        \"specificity\": 0.9941542744636536\n    },\n    \"Normal\": {\n        \"precision\": 0.8837845325469971,\n        \"recall\": 0.8557055592536926,\n        \"f1-score\": 0.8695183992385864,\n        \"specificity\": 0.9874371886253357\n    },\n    \"Polyp\": {\n        \"precision\": 0.8115249276161194,\n        \"recall\": 0.8455689549446106,\n        \"f1-score\": 0.8281972408294678,\n        \"specificity\": 0.9778356552124023\n    },\n    \"Ulcer\": {\n        \"precision\": 0.9783653616905212,\n        \"recall\": 0.983619749546051,\n        \"f1-score\": 0.9809855222702026,\n        \"specificity\": 0.9976094365119934\n    },\n    \"Worms\": {\n        \"precision\": 0.9932267665863037,\n        \"recall\": 0.9929577708244324,\n        \"f1-score\": 0.9930922389030457,\n        \"specificity\": 0.9992628693580627\n    },\n    \"macro avg\": {\n        \"precision\": 0.8858663439750671,\n        \"recall\": 0.885182797908783,\n        \"f1-score\": 0.8854312896728516,\n        \"specificity\": 0.9871700406074524\n    },\n    \"accuracy\": 0.8845959305763245,\n    \"auc_roc_scores\": {\n        \"Angioectasia\": 0.9898924827575684,\n        \"Bleeding\": 0.9969207048416138,\n        \"Erosion\": 0.9621394872665405,\n        \"Erythema\": 0.9859384298324585,\n        \"Foreign Body\": 0.9978033900260925,\n        \"Lymphangiectasia\": 0.9973560571670532,\n        \"Normal\": 0.9856600761413574,\n        \"Polyp\": 0.9876903295516968,\n        \"Ulcer\": 0.9997620582580566,\n        \"Worms\": 0.9999722242355347\n    },\n    \"mean_auc\": 0.9903135299682617,\n    \"average_precision_scores\": {\n        \"Angioectasia\": 0.9412387609481812,\n        \"Bleeding\": 0.9756999015808105,\n        \"Erosion\": 0.7943336963653564,\n        \"Erythema\": 0.893953800201416,\n        \"Foreign Body\": 0.9846866130828857,\n        \"Lymphangiectasia\": 0.9827229976654053,\n        \"Normal\": 0.933763861656189,\n        \"Polyp\": 0.9112579822540283,\n        \"Ulcer\": 0.9977689981460571,\n        \"Worms\": 0.9997424483299255\n    },\n    \"mean_average_precision\": 0.9415168762207031,\n    \"mean_f1_score\": 0.8854312896728516,\n    \"mean_specificity\": 0.9871700406074524,\n    \"mean_sensitivity\": 0.885182797908783,\n    \"balanced_accuracy\": 0.885182797908783\n}",
    "test_metrics": "{\n    \"Angioectasia\": {\n        \"precision\": 0.5686853528022766,\n        \"recall\": 0.7746478915214539,\n        \"f1-score\": 0.6558773517608643,\n        \"specificity\": 0.9813239574432373\n    },\n    \"Bleeding\": {\n        \"precision\": 0.6937354803085327,\n        \"recall\": 0.8328690528869629,\n        \"f1-score\": 0.7569620013237,\n        \"specificity\": 0.991631269454956\n    },\n    \"Erosion\": {\n        \"precision\": 0.5350269675254822,\n        \"recall\": 0.6017315983772278,\n        \"f1-score\": 0.566422164440155,\n        \"specificity\": 0.9596714973449707\n    },\n    \"Erythema\": {\n        \"precision\": 0.283197820186615,\n        \"recall\": 0.7037037014961243,\n        \"f1-score\": 0.4038647413253784,\n        \"specificity\": 0.9665929675102234\n    },\n    \"Foreign Body\": {\n        \"precision\": 0.5242214798927307,\n        \"recall\": 0.8911764621734619,\n        \"f1-score\": 0.6601307392120361,\n        \"specificity\": 0.982586145401001\n    },\n    \"Lymphangiectasia\": {\n        \"precision\": 0.6666666865348816,\n        \"recall\": 0.8629737496376038,\n        \"f1-score\": 0.7522236108779907,\n        \"specificity\": 0.9906263947486877\n    },\n    \"Normal\": {\n        \"precision\": 0.9877766370773315,\n        \"recall\": 0.8681533336639404,\n        \"f1-score\": 0.9241098761558533,\n        \"specificity\": 0.9656696915626526\n    },\n    \"Polyp\": {\n        \"precision\": 0.46073299646377563,\n        \"recall\": 0.7039999961853027,\n        \"f1-score\": 0.5569620132446289,\n        \"specificity\": 0.9736437797546387\n    },\n    \"Ulcer\": {\n        \"precision\": 0.8615384697914124,\n        \"recall\": 0.9790209531784058,\n        \"f1-score\": 0.9165302515029907,\n        \"specificity\": 0.9971601963043213\n    },\n    \"Worms\": {\n        \"precision\": 0.8831169009208679,\n        \"recall\": 1.0,\n        \"f1-score\": 0.9379310607910156,\n        \"specificity\": 0.9994397163391113\n    },\n    \"macro avg\": {\n        \"precision\": 0.6464698910713196,\n        \"recall\": 0.8218277096748352,\n        \"f1-score\": 0.7131013870239258,\n        \"specificity\": 0.9808346033096313\n    },\n    \"accuracy\": 0.8401933908462524,\n    \"auc_roc_scores\": {\n        \"Angioectasia\": 0.9727451801300049,\n        \"Bleeding\": 0.9890384078025818,\n        \"Erosion\": 0.9315191507339478,\n        \"Erythema\": 0.956339955329895,\n        \"Foreign Body\": 0.9818872213363647,\n        \"Lymphangiectasia\": 0.9832422137260437,\n        \"Normal\": 0.9814203977584839,\n        \"Polyp\": 0.9737129211425781,\n        \"Ulcer\": 0.9966442584991455,\n        \"Worms\": 0.9999706745147705\n    },\n    \"mean_auc\": 0.9766520857810974,\n    \"average_precision_scores\": {\n        \"Angioectasia\": 0.7833684086799622,\n        \"Bleeding\": 0.8627544641494751,\n        \"Erosion\": 0.6460677981376648,\n        \"Erythema\": 0.44513171911239624,\n        \"Foreign Body\": 0.8775255680084229,\n        \"Lymphangiectasia\": 0.8667150735855103,\n        \"Normal\": 0.9941167235374451,\n        \"Polyp\": 0.6266144514083862,\n        \"Ulcer\": 0.9805232286453247,\n        \"Worms\": 0.9931490421295166\n    },\n    \"mean_average_precision\": 0.8075966238975525,\n    \"mean_f1_score\": 0.7131013870239258,\n    \"mean_specificity\": 0.9808346033096313,\n    \"mean_sensitivity\": 0.8218277096748352,\n    \"balanced_accuracy\": 0.8218277096748352\n}"
}