{
    "epoch": 17,
    "train_metrics": "{\n    \"Angioectasia\": {\n        \"precision\": 0.9330394268035889,\n        \"recall\": 0.9208593964576721,\n        \"f1-score\": 0.9269093871116638,\n        \"specificity\": 0.9928382039070129\n    },\n    \"Bleeding\": {\n        \"precision\": 0.9483543038368225,\n        \"recall\": 0.9496248364448547,\n        \"f1-score\": 0.9489891529083252,\n        \"specificity\": 0.9943025708198547\n    },\n    \"Erosion\": {\n        \"precision\": 0.805049479007721,\n        \"recall\": 0.8044213056564331,\n        \"f1-score\": 0.8047352433204651,\n        \"specificity\": 0.9778152704238892\n    },\n    \"Erythema\": {\n        \"precision\": 0.8854085206985474,\n        \"recall\": 0.902607798576355,\n        \"f1-score\": 0.8939254283905029,\n        \"specificity\": 0.9870306253433228\n    },\n    \"Foreign Body\": {\n        \"precision\": 0.9585289359092712,\n        \"recall\": 0.958279013633728,\n        \"f1-score\": 0.9584039449691772,\n        \"specificity\": 0.9952919483184814\n    },\n    \"Lymphangiectasia\": {\n        \"precision\": 0.9651410579681396,\n        \"recall\": 0.9569920897483826,\n        \"f1-score\": 0.9610492587089539,\n        \"specificity\": 0.9961262345314026\n    },\n    \"Normal\": {\n        \"precision\": 0.9297577142715454,\n        \"recall\": 0.9087280631065369,\n        \"f1-score\": 0.919122576713562,\n        \"specificity\": 0.9923779368400574\n    },\n    \"Polyp\": {\n        \"precision\": 0.8841996788978577,\n        \"recall\": 0.9056404829025269,\n        \"f1-score\": 0.8947916626930237,\n        \"specificity\": 0.9866915345191956\n    },\n    \"Ulcer\": {\n        \"precision\": 0.9917222857475281,\n        \"recall\": 0.9888178706169128,\n        \"f1-score\": 0.9902679920196533,\n        \"specificity\": 0.9990842342376709\n    },\n    \"Worms\": {\n        \"precision\": 0.9948257207870483,\n        \"recall\": 0.9975423216819763,\n        \"f1-score\": 0.9961821436882019,\n        \"specificity\": 0.9994402527809143\n    },\n    \"macro avg\": {\n        \"precision\": 0.9296028017997742,\n        \"recall\": 0.929351270198822,\n        \"f1-score\": 0.9294376373291016,\n        \"specificity\": 0.9920998811721802\n    },\n    \"accuracy\": 0.9289494156837463,\n    \"auc_roc_scores\": {\n        \"Angioectasia\": 0.9971894025802612,\n        \"Bleeding\": 0.9987892508506775,\n        \"Erosion\": 0.9830365180969238,\n        \"Erythema\": 0.9951214790344238,\n        \"Foreign Body\": 0.9987853169441223,\n        \"Lymphangiectasia\": 0.9989466667175293,\n        \"Normal\": 0.9937769174575806,\n        \"Polyp\": 0.995560884475708,\n        \"Ulcer\": 0.9999411702156067,\n        \"Worms\": 0.9999935030937195\n    },\n    \"mean_auc\": 0.996114194393158,\n    \"average_precision_scores\": {\n        \"Angioectasia\": 0.9800862073898315,\n        \"Bleeding\": 0.9899101853370667,\n        \"Erosion\": 0.8958485126495361,\n        \"Erythema\": 0.9576449990272522,\n        \"Foreign Body\": 0.9927150011062622,\n        \"Lymphangiectasia\": 0.992653489112854,\n        \"Normal\": 0.9690417051315308,\n        \"Polyp\": 0.9630385637283325,\n        \"Ulcer\": 0.9994843602180481,\n        \"Worms\": 0.9999396800994873\n    },\n    \"mean_average_precision\": 0.9740363359451294,\n    \"mean_f1_score\": 0.9294376373291016,\n    \"mean_specificity\": 0.9920998811721802,\n    \"mean_sensitivity\": 0.929351270198822,\n    \"balanced_accuracy\": 0.929351270198822\n}",
    "test_metrics": "{\n    \"Angioectasia\": {\n        \"precision\": 0.6485568881034851,\n        \"recall\": 0.7686116695404053,\n        \"f1-score\": 0.7034990787506104,\n        \"specificity\": 0.9867604970932007\n    },\n    \"Bleeding\": {\n        \"precision\": 0.6945701241493225,\n        \"recall\": 0.8551532030105591,\n        \"f1-score\": 0.7665418386459351,\n        \"specificity\": 0.9914410710334778\n    },\n    \"Erosion\": {\n        \"precision\": 0.5533844828605652,\n        \"recall\": 0.6865800619125366,\n        \"f1-score\": 0.6128284335136414,\n        \"specificity\": 0.9572678208351135\n    },\n    \"Erythema\": {\n        \"precision\": 0.4199134111404419,\n        \"recall\": 0.6531986594200134,\n        \"f1-score\": 0.5111989378929138,\n        \"specificity\": 0.9830754399299622\n    },\n    \"Foreign Body\": {\n        \"precision\": 0.7015945315361023,\n        \"recall\": 0.9058823585510254,\n        \"f1-score\": 0.7907573580741882,\n        \"specificity\": 0.9917046427726746\n    },\n    \"Lymphangiectasia\": {\n        \"precision\": 0.7983425259590149,\n        \"recall\": 0.8425655961036682,\n        \"f1-score\": 0.8198581337928772,\n        \"specificity\": 0.9953765273094177\n    },\n    \"Normal\": {\n        \"precision\": 0.9902732372283936,\n        \"recall\": 0.9114511013031006,\n        \"f1-score\": 0.9492287039756775,\n        \"specificity\": 0.9713914394378662\n    },\n    \"Polyp\": {\n        \"precision\": 0.5220483541488647,\n        \"recall\": 0.734000027179718,\n        \"f1-score\": 0.6101413369178772,\n        \"specificity\": 0.9785056114196777\n    },\n    \"Ulcer\": {\n        \"precision\": 0.8917197585105896,\n        \"recall\": 0.9790209531784058,\n        \"f1-score\": 0.9333333373069763,\n        \"specificity\": 0.9978543519973755\n    },\n    \"Worms\": {\n        \"precision\": 0.8101266026496887,\n        \"recall\": 0.9411764740943909,\n        \"f1-score\": 0.8707482814788818,\n        \"specificity\": 0.9990662336349487\n    },\n    \"macro avg\": {\n        \"precision\": 0.7030529975891113,\n        \"recall\": 0.8277640342712402,\n        \"f1-score\": 0.7568135261535645,\n        \"specificity\": 0.9852443933486938\n    },\n    \"accuracy\": 0.8791842460632324,\n    \"auc_roc_scores\": {\n        \"Angioectasia\": 0.9733092784881592,\n        \"Bleeding\": 0.9906018376350403,\n        \"Erosion\": 0.9456512928009033,\n        \"Erythema\": 0.9671628475189209,\n        \"Foreign Body\": 0.9901437759399414,\n        \"Lymphangiectasia\": 0.9862804412841797,\n        \"Normal\": 0.9882256388664246,\n        \"Polyp\": 0.9730555415153503,\n        \"Ulcer\": 0.999738335609436,\n        \"Worms\": 0.9999194145202637\n    },\n    \"mean_auc\": 0.9814088940620422,\n    \"average_precision_scores\": {\n        \"Angioectasia\": 0.8070886135101318,\n        \"Bleeding\": 0.8706282377243042,\n        \"Erosion\": 0.7000611424446106,\n        \"Erythema\": 0.5615453720092773,\n        \"Foreign Body\": 0.9061658978462219,\n        \"Lymphangiectasia\": 0.8776196837425232,\n        \"Normal\": 0.9963392019271851,\n        \"Polyp\": 0.6711716055870056,\n        \"Ulcer\": 0.9894459247589111,\n        \"Worms\": 0.9845483303070068\n    },\n    \"mean_average_precision\": 0.8364614844322205,\n    \"mean_f1_score\": 0.7568135261535645,\n    \"mean_specificity\": 0.9852443933486938,\n    \"mean_sensitivity\": 0.8277640342712402,\n    \"balanced_accuracy\": 0.8277640342712402\n}"
}