{
    "epoch": 16,
    "train_metrics": "{\n    \"Angioectasia\": {\n        \"precision\": 0.9256883263587952,\n        \"recall\": 0.9166225790977478,\n        \"f1-score\": 0.9211331009864807,\n        \"specificity\": 0.9917821884155273\n    },\n    \"Bleeding\": {\n        \"precision\": 0.9431279897689819,\n        \"recall\": 0.9554547667503357,\n        \"f1-score\": 0.9492513537406921,\n        \"specificity\": 0.9936203956604004\n    },\n    \"Erosion\": {\n        \"precision\": 0.8044812083244324,\n        \"recall\": 0.8103170394897461,\n        \"f1-score\": 0.8073885440826416,\n        \"specificity\": 0.9783679842948914\n    },\n    \"Erythema\": {\n        \"precision\": 0.8863042593002319,\n        \"recall\": 0.8935441374778748,\n        \"f1-score\": 0.8899094462394714,\n        \"specificity\": 0.9871347546577454\n    },\n    \"Foreign Body\": {\n        \"precision\": 0.962942898273468,\n        \"recall\": 0.9611231088638306,\n        \"f1-score\": 0.9620321393013,\n        \"specificity\": 0.9959590435028076\n    },\n    \"Lymphangiectasia\": {\n        \"precision\": 0.9614973068237305,\n        \"recall\": 0.9591891169548035,\n        \"f1-score\": 0.9603418111801147,\n        \"specificity\": 0.9957469701766968\n    },\n    \"Normal\": {\n        \"precision\": 0.9263938665390015,\n        \"recall\": 0.8923280239105225,\n        \"f1-score\": 0.9090418815612793,\n        \"specificity\": 0.9920773506164551\n    },\n    \"Polyp\": {\n        \"precision\": 0.8850899934768677,\n        \"recall\": 0.9048620462417603,\n        \"f1-score\": 0.8948668241500854,\n        \"specificity\": 0.9867759346961975\n    },\n    \"Ulcer\": {\n        \"precision\": 0.992409884929657,\n        \"recall\": 0.9918721318244934,\n        \"f1-score\": 0.9921409487724304,\n        \"specificity\": 0.9991744160652161\n    },\n    \"Worms\": {\n        \"precision\": 0.9973931312561035,\n        \"recall\": 0.9979134202003479,\n        \"f1-score\": 0.9976531863212585,\n        \"specificity\": 0.9997038841247559\n    },\n    \"macro avg\": {\n        \"precision\": 0.9285328984260559,\n        \"recall\": 0.9283226132392883,\n        \"f1-score\": 0.9283758997917175,\n        \"specificity\": 0.9920342564582825\n    },\n    \"accuracy\": 0.9283112287521362,\n    \"auc_roc_scores\": {\n        \"Angioectasia\": 0.996356725692749,\n        \"Bleeding\": 0.9987818002700806,\n        \"Erosion\": 0.9823272228240967,\n        \"Erythema\": 0.9948562383651733,\n        \"Foreign Body\": 0.9989979863166809,\n        \"Lymphangiectasia\": 0.9990372061729431,\n        \"Normal\": 0.9921849966049194,\n        \"Polyp\": 0.9951270818710327,\n        \"Ulcer\": 0.9999046325683594,\n        \"Worms\": 0.9999955892562866\n    },\n    \"mean_auc\": 0.9957569241523743,\n    \"average_precision_scores\": {\n        \"Angioectasia\": 0.9755817651748657,\n        \"Bleeding\": 0.9892260432243347,\n        \"Erosion\": 0.8908801674842834,\n        \"Erythema\": 0.9549998044967651,\n        \"Foreign Body\": 0.9940145015716553,\n        \"Lymphangiectasia\": 0.9926602840423584,\n        \"Normal\": 0.9615892171859741,\n        \"Polyp\": 0.960787296295166,\n        \"Ulcer\": 0.9993529319763184,\n        \"Worms\": 0.9999606013298035\n    },\n    \"mean_average_precision\": 0.9719053506851196,\n    \"mean_f1_score\": 0.9283758997917175,\n    \"mean_specificity\": 0.9920342564582825,\n    \"mean_sensitivity\": 0.9283226132392883,\n    \"balanced_accuracy\": 0.9283226132392883\n}",
    "test_metrics": "{\n    \"Angioectasia\": {\n        \"precision\": 0.6096423268318176,\n        \"recall\": 0.7887324094772339,\n        \"f1-score\": 0.6877192854881287,\n        \"specificity\": 0.9839462637901306\n    },\n    \"Bleeding\": {\n        \"precision\": 0.7020785212516785,\n        \"recall\": 0.8467966318130493,\n        \"f1-score\": 0.7676767706871033,\n        \"specificity\": 0.9918214678764343\n    },\n    \"Erosion\": {\n        \"precision\": 0.5755603909492493,\n        \"recall\": 0.6891775131225586,\n        \"f1-score\": 0.6272655725479126,\n        \"specificity\": 0.9608065485954285\n    },\n    \"Erythema\": {\n        \"precision\": 0.40243902802467346,\n        \"recall\": 0.6666666865348816,\n        \"f1-score\": 0.5019011497497559,\n        \"specificity\": 0.9814335107803345\n    },\n    \"Foreign Body\": {\n        \"precision\": 0.75314861536026,\n        \"recall\": 0.8794117569923401,\n        \"f1-score\": 0.8113975524902344,\n        \"specificity\": 0.993794322013855\n    },\n    \"Lymphangiectasia\": {\n        \"precision\": 0.6840909123420715,\n        \"recall\": 0.8775510191917419,\n        \"f1-score\": 0.7688378095626831,\n        \"specificity\": 0.9911963939666748\n    },\n    \"Normal\": {\n        \"precision\": 0.9901847243309021,\n        \"recall\": 0.9031496644020081,\n        \"f1-score\": 0.9446667432785034,\n        \"specificity\": 0.9713914394378662\n    },\n    \"Polyp\": {\n        \"precision\": 0.49865952134132385,\n        \"recall\": 0.7440000176429749,\n        \"f1-score\": 0.5971107482910156,\n        \"specificity\": 0.9760746955871582\n    },\n    \"Ulcer\": {\n        \"precision\": 0.882539689540863,\n        \"recall\": 0.9720279574394226,\n        \"f1-score\": 0.9251247644424438,\n        \"specificity\": 0.9976650476455688\n    },\n    \"Worms\": {\n        \"precision\": 0.8947368264198303,\n        \"recall\": 1.0,\n        \"f1-score\": 0.9444444179534912,\n        \"specificity\": 0.9995020031929016\n    },\n    \"macro avg\": {\n        \"precision\": 0.6993080377578735,\n        \"recall\": 0.836751401424408,\n        \"f1-score\": 0.7576145529747009,\n        \"specificity\": 0.9847631454467773\n    },\n    \"accuracy\": 0.8743491172790527,\n    \"auc_roc_scores\": {\n        \"Angioectasia\": 0.9733933806419373,\n        \"Bleeding\": 0.9881584048271179,\n        \"Erosion\": 0.9478713274002075,\n        \"Erythema\": 0.9586265683174133,\n        \"Foreign Body\": 0.9873828887939453,\n        \"Lymphangiectasia\": 0.9848320484161377,\n        \"Normal\": 0.987084150314331,\n        \"Polyp\": 0.9742910265922546,\n        \"Ulcer\": 0.9983510971069336,\n        \"Worms\": 0.999968945980072\n    },\n    \"mean_auc\": 0.9799960255622864,\n    \"average_precision_scores\": {\n        \"Angioectasia\": 0.8055259585380554,\n        \"Bleeding\": 0.8508304357528687,\n        \"Erosion\": 0.7027484774589539,\n        \"Erythema\": 0.5213618874549866,\n        \"Foreign Body\": 0.8986915349960327,\n        \"Lymphangiectasia\": 0.880333423614502,\n        \"Normal\": 0.9960228204727173,\n        \"Polyp\": 0.6827051639556885,\n        \"Ulcer\": 0.9866390228271484,\n        \"Worms\": 0.9925743937492371\n    },\n    \"mean_average_precision\": 0.8317433595657349,\n    \"mean_f1_score\": 0.7576145529747009,\n    \"mean_specificity\": 0.9847631454467773,\n    \"mean_sensitivity\": 0.836751401424408,\n    \"balanced_accuracy\": 0.836751401424408\n}"
}