{
    "epoch": 1,
    "train_metrics": "{\n    \"Angioectasia\": {\n        \"precision\": 0.5629138946533203,\n        \"recall\": 0.365788072347641,\n        \"f1-score\": 0.4434300661087036,\n        \"specificity\": 0.9688394665718079\n    },\n    \"Bleeding\": {\n        \"precision\": 0.6240694522857666,\n        \"recall\": 0.5319936275482178,\n        \"f1-score\": 0.5743648409843445,\n        \"specificity\": 0.9641684889793396\n    },\n    \"Erosion\": {\n        \"precision\": 0.2667827010154724,\n        \"recall\": 0.28582844138145447,\n        \"f1-score\": 0.27597737312316895,\n        \"specificity\": 0.9128880500793457\n    },\n    \"Erythema\": {\n        \"precision\": 0.4062393009662628,\n        \"recall\": 0.31566327810287476,\n        \"f1-score\": 0.35526907444000244,\n        \"specificity\": 0.9488376379013062\n    },\n    \"Foreign Body\": {\n        \"precision\": 0.653683602809906,\n        \"recall\": 0.5859269499778748,\n        \"f1-score\": 0.6179534792900085,\n        \"specificity\": 0.9661771655082703\n    },\n    \"Lymphangiectasia\": {\n        \"precision\": 0.6705068945884705,\n        \"recall\": 0.5357706546783447,\n        \"f1-score\": 0.5956140160560608,\n        \"specificity\": 0.9703890085220337\n    },\n    \"Normal\": {\n        \"precision\": 0.48310568928718567,\n        \"recall\": 0.5336156487464905,\n        \"f1-score\": 0.5071060061454773,\n        \"specificity\": 0.9362381100654602\n    },\n    \"Polyp\": {\n        \"precision\": 0.3451601266860962,\n        \"recall\": 0.5042530298233032,\n        \"f1-score\": 0.4098077416419983,\n        \"specificity\": 0.8936622738838196\n    },\n    \"Ulcer\": {\n        \"precision\": 0.5930348038673401,\n        \"recall\": 0.7803089618682861,\n        \"f1-score\": 0.673903226852417,\n        \"specificity\": 0.9394755363464355\n    },\n    \"Worms\": {\n        \"precision\": 0.7683233022689819,\n        \"recall\": 0.8177931904792786,\n        \"f1-score\": 0.7922868132591248,\n        \"specificity\": 0.9727439284324646\n    },\n    \"macro avg\": {\n        \"precision\": 0.5373819470405579,\n        \"recall\": 0.5256941914558411,\n        \"f1-score\": 0.5245712995529175,\n        \"specificity\": 0.9473419189453125\n    },\n    \"accuracy\": 0.526125431060791,\n    \"auc_roc_scores\": {\n        \"Angioectasia\": 0.8215330243110657,\n        \"Bleeding\": 0.8935876488685608,\n        \"Erosion\": 0.7750896215438843,\n        \"Erythema\": 0.8345446586608887,\n        \"Foreign Body\": 0.9098603129386902,\n        \"Lymphangiectasia\": 0.892116904258728,\n        \"Normal\": 0.8608014583587646,\n        \"Polyp\": 0.8508781790733337,\n        \"Ulcer\": 0.9494902491569519,\n        \"Worms\": 0.9775261878967285\n    },\n    \"mean_auc\": 0.876542866230011,\n    \"average_precision_scores\": {\n        \"Angioectasia\": 0.5032287836074829,\n        \"Bleeding\": 0.6482254862785339,\n        \"Erosion\": 0.25182124972343445,\n        \"Erythema\": 0.3558531701564789,\n        \"Foreign Body\": 0.6971491575241089,\n        \"Lymphangiectasia\": 0.6678237915039062,\n        \"Normal\": 0.5330065488815308,\n        \"Polyp\": 0.38890644907951355,\n        \"Ulcer\": 0.7990368604660034,\n        \"Worms\": 0.8866760730743408\n    },\n    \"mean_average_precision\": 0.5731727480888367,\n    \"mean_f1_score\": 0.5245712995529175,\n    \"mean_specificity\": 0.9473419189453125,\n    \"mean_sensitivity\": 0.5256941914558411,\n    \"balanced_accuracy\": 0.5256941914558411\n}",
    "test_metrics": "{\n    \"Angioectasia\": {\n        \"precision\": 0.27361562848091125,\n        \"recall\": 0.5070422291755676,\n        \"f1-score\": 0.3554301857948303,\n        \"specificity\": 0.9572113752365112\n    },\n    \"Bleeding\": {\n        \"precision\": 0.5666666626930237,\n        \"recall\": 0.6629526615142822,\n        \"f1-score\": 0.6110398173332214,\n        \"specificity\": 0.9884613156318665\n    },\n    \"Erosion\": {\n        \"precision\": 0.29125139117240906,\n        \"recall\": 0.45541125535964966,\n        \"f1-score\": 0.3552853763103485,\n        \"specificity\": 0.914535641670227\n    },\n    \"Erythema\": {\n        \"precision\": 0.10242941230535507,\n        \"recall\": 0.5252525210380554,\n        \"f1-score\": 0.17142857611179352,\n        \"specificity\": 0.9136722683906555\n    },\n    \"Foreign Body\": {\n        \"precision\": 0.2510785162448883,\n        \"recall\": 0.8558823466300964,\n        \"f1-score\": 0.38825884461402893,\n        \"specificity\": 0.945035457611084\n    },\n    \"Lymphangiectasia\": {\n        \"precision\": 0.5272727012634277,\n        \"recall\": 0.7609329223632812,\n        \"f1-score\": 0.6229116916656494,\n        \"specificity\": 0.9851795434951782\n    },\n    \"Normal\": {\n        \"precision\": 0.9802466034889221,\n        \"recall\": 0.6340848207473755,\n        \"f1-score\": 0.770051896572113,\n        \"specificity\": 0.9591677784919739\n    },\n    \"Polyp\": {\n        \"precision\": 0.26841574907302856,\n        \"recall\": 0.5320000052452087,\n        \"f1-score\": 0.35680750012397766,\n        \"specificity\": 0.9536207914352417\n    },\n    \"Ulcer\": {\n        \"precision\": 0.3233766257762909,\n        \"recall\": 0.8706293702125549,\n        \"f1-score\": 0.47159090638160706,\n        \"specificity\": 0.9671210646629333\n    },\n    \"Worms\": {\n        \"precision\": 0.6565656661987305,\n        \"recall\": 0.9558823704719543,\n        \"f1-score\": 0.7784430980682373,\n        \"specificity\": 0.9978834390640259\n    },\n    \"macro avg\": {\n        \"precision\": 0.4240919053554535,\n        \"recall\": 0.676007091999054,\n        \"f1-score\": 0.488124817609787,\n        \"specificity\": 0.9581888318061829\n    },\n    \"accuracy\": 0.6257748603820801,\n    \"auc_roc_scores\": {\n        \"Angioectasia\": 0.8409197330474854,\n        \"Bleeding\": 0.9681118130683899,\n        \"Erosion\": 0.8571390509605408,\n        \"Erythema\": 0.8688618540763855,\n        \"Foreign Body\": 0.9559797048568726,\n        \"Lymphangiectasia\": 0.968052089214325,\n        \"Normal\": 0.912306547164917,\n        \"Polyp\": 0.9361018538475037,\n        \"Ulcer\": 0.9767906069755554,\n        \"Worms\": 0.9991733431816101\n    },\n    \"mean_auc\": 0.9283437132835388,\n    \"average_precision_scores\": {\n        \"Angioectasia\": 0.43111497163772583,\n        \"Bleeding\": 0.674055814743042,\n        \"Erosion\": 0.28235918283462524,\n        \"Erythema\": 0.09574435651302338,\n        \"Foreign Body\": 0.6689353585243225,\n        \"Lymphangiectasia\": 0.7142965793609619,\n        \"Normal\": 0.9703264236450195,\n        \"Polyp\": 0.3533584177494049,\n        \"Ulcer\": 0.7732771635055542,\n        \"Worms\": 0.9356430768966675\n    },\n    \"mean_average_precision\": 0.589911162853241,\n    \"mean_f1_score\": 0.488124817609787,\n    \"mean_specificity\": 0.9581888318061829,\n    \"mean_sensitivity\": 0.676007091999054,\n    \"balanced_accuracy\": 0.676007091999054\n}"
}