{
    "epoch": 6,
    "train_metrics": "{\n    \"Angioectasia\": {\n        \"precision\": 0.8447463512420654,\n        \"recall\": 0.8131839036941528,\n        \"f1-score\": 0.8286646604537964,\n        \"specificity\": 0.983461320400238\n    },\n    \"Bleeding\": {\n        \"precision\": 0.9053735136985779,\n        \"recall\": 0.9132733941078186,\n        \"f1-score\": 0.9093062877655029,\n        \"specificity\": 0.9893274307250977\n    },\n    \"Erosion\": {\n        \"precision\": 0.6436992287635803,\n        \"recall\": 0.6525896191596985,\n        \"f1-score\": 0.6481139659881592,\n        \"specificity\": 0.9598132371902466\n    },\n    \"Erythema\": {\n        \"precision\": 0.7439183592796326,\n        \"recall\": 0.7624664902687073,\n        \"f1-score\": 0.7530782222747803,\n        \"specificity\": 0.9711013436317444\n    },\n    \"Foreign Body\": {\n        \"precision\": 0.9354663491249084,\n        \"recall\": 0.9234475493431091,\n        \"f1-score\": 0.9294180870056152,\n        \"specificity\": 0.9929733276367188\n    },\n    \"Lymphangiectasia\": {\n        \"precision\": 0.9360892176628113,\n        \"recall\": 0.9171329736709595,\n        \"f1-score\": 0.9265141487121582,\n        \"specificity\": 0.993058443069458\n    },\n    \"Normal\": {\n        \"precision\": 0.856451153755188,\n        \"recall\": 0.8292884826660156,\n        \"f1-score\": 0.8426509499549866,\n        \"specificity\": 0.9851681590080261\n    },\n    \"Polyp\": {\n        \"precision\": 0.7758318781852722,\n        \"recall\": 0.8147661685943604,\n        \"f1-score\": 0.7948225140571594,\n        \"specificity\": 0.973491907119751\n    },\n    \"Ulcer\": {\n        \"precision\": 0.9753086566925049,\n        \"recall\": 0.9775715470314026,\n        \"f1-score\": 0.9764387607574463,\n        \"specificity\": 0.9971536993980408\n    },\n    \"Worms\": {\n        \"precision\": 0.9891648888587952,\n        \"recall\": 0.9894263744354248,\n        \"f1-score\": 0.9892956018447876,\n        \"specificity\": 0.9987878203392029\n    },\n    \"macro avg\": {\n        \"precision\": 0.8606049418449402,\n        \"recall\": 0.8593146204948425,\n        \"f1-score\": 0.8598303198814392,\n        \"specificity\": 0.984433650970459\n    },\n    \"accuracy\": 0.8598664999008179,\n    \"auc_roc_scores\": {\n        \"Angioectasia\": 0.9845420122146606,\n        \"Bleeding\": 0.9958189129829407,\n        \"Erosion\": 0.949385941028595,\n        \"Erythema\": 0.9773719906806946,\n        \"Foreign Body\": 0.9966046810150146,\n        \"Lymphangiectasia\": 0.9950926303863525,\n        \"Normal\": 0.9813051223754883,\n        \"Polyp\": 0.9828732013702393,\n        \"Ulcer\": 0.9995145201683044,\n        \"Worms\": 0.9998162984848022\n    },\n    \"mean_auc\": 0.986232578754425,\n    \"average_precision_scores\": {\n        \"Angioectasia\": 0.9176698923110962,\n        \"Bleeding\": 0.9689760208129883,\n        \"Erosion\": 0.719763994216919,\n        \"Erythema\": 0.8289636969566345,\n        \"Foreign Body\": 0.979621171951294,\n        \"Lymphangiectasia\": 0.9738938212394714,\n        \"Normal\": 0.9097342491149902,\n        \"Polyp\": 0.8824133276939392,\n        \"Ulcer\": 0.9970908761024475,\n        \"Worms\": 0.999208927154541\n    },\n    \"mean_average_precision\": 0.9177336096763611,\n    \"mean_f1_score\": 0.8598303198814392,\n    \"mean_specificity\": 0.984433650970459,\n    \"mean_sensitivity\": 0.8593146204948425,\n    \"balanced_accuracy\": 0.8593146204948425\n}",
    "test_metrics": "{\n    \"Angioectasia\": {\n        \"precision\": 0.4808405339717865,\n        \"recall\": 0.7826961874961853,\n        \"f1-score\": 0.5957121253013611,\n        \"specificity\": 0.9731371998786926\n    },\n    \"Bleeding\": {\n        \"precision\": 0.710073709487915,\n        \"recall\": 0.8050139546394348,\n        \"f1-score\": 0.7545691728591919,\n        \"specificity\": 0.9925188422203064\n    },\n    \"Erosion\": {\n        \"precision\": 0.4676258862018585,\n        \"recall\": 0.6190476417541504,\n        \"f1-score\": 0.5327869057655334,\n        \"specificity\": 0.9456499814987183\n    },\n    \"Erythema\": {\n        \"precision\": 0.3059360682964325,\n        \"recall\": 0.6767676472663879,\n        \"f1-score\": 0.42138364911079407,\n        \"specificity\": 0.9712030291557312\n    },\n    \"Foreign Body\": {\n        \"precision\": 0.6032063961029053,\n        \"recall\": 0.8852941393852234,\n        \"f1-score\": 0.7175208330154419,\n        \"specificity\": 0.9874619841575623\n    },\n    \"Lymphangiectasia\": {\n        \"precision\": 0.6247379183769226,\n        \"recall\": 0.8688046932220459,\n        \"f1-score\": 0.7268292903900146,\n        \"specificity\": 0.9886630177497864\n    },\n    \"Normal\": {\n        \"precision\": 0.9914772510528564,\n        \"recall\": 0.8521201014518738,\n        \"f1-score\": 0.9165316820144653,\n        \"specificity\": 0.9765929579734802\n    },\n    \"Polyp\": {\n        \"precision\": 0.45838838815689087,\n        \"recall\": 0.6940000057220459,\n        \"f1-score\": 0.5521081686019897,\n        \"specificity\": 0.9737717509269714\n    },\n    \"Ulcer\": {\n        \"precision\": 0.761772871017456,\n        \"recall\": 0.9615384340286255,\n        \"f1-score\": 0.8500772714614868,\n        \"specificity\": 0.9945727586746216\n    },\n    \"Worms\": {\n        \"precision\": 0.8684210777282715,\n        \"recall\": 0.970588207244873,\n        \"f1-score\": 0.9166666865348816,\n        \"specificity\": 0.9993774890899658\n    },\n    \"macro avg\": {\n        \"precision\": 0.6272479891777039,\n        \"recall\": 0.8115871548652649,\n        \"f1-score\": 0.6984185576438904,\n        \"specificity\": 0.9802948832511902\n    },\n    \"accuracy\": 0.8276097178459167,\n    \"auc_roc_scores\": {\n        \"Angioectasia\": 0.9600098133087158,\n        \"Bleeding\": 0.9866836071014404,\n        \"Erosion\": 0.9271167516708374,\n        \"Erythema\": 0.9580044150352478,\n        \"Foreign Body\": 0.9846426248550415,\n        \"Lymphangiectasia\": 0.9848108291625977,\n        \"Normal\": 0.9797017574310303,\n        \"Polyp\": 0.971965491771698,\n        \"Ulcer\": 0.9987818002700806,\n        \"Worms\": 0.9998818635940552\n    },\n    \"mean_auc\": 0.9751598238945007,\n    \"average_precision_scores\": {\n        \"Angioectasia\": 0.7521851062774658,\n        \"Bleeding\": 0.8229230642318726,\n        \"Erosion\": 0.6081967353820801,\n        \"Erythema\": 0.46594178676605225,\n        \"Foreign Body\": 0.8759604096412659,\n        \"Lymphangiectasia\": 0.8749727010726929,\n        \"Normal\": 0.9936217069625854,\n        \"Polyp\": 0.6236485242843628,\n        \"Ulcer\": 0.9655776023864746,\n        \"Worms\": 0.9804070591926575\n    },\n    \"mean_average_precision\": 0.7963435053825378,\n    \"mean_f1_score\": 0.6984185576438904,\n    \"mean_specificity\": 0.9802948832511902,\n    \"mean_sensitivity\": 0.8115871548652649,\n    \"balanced_accuracy\": 0.8115871548652649\n}"
}