{
    "epoch": 2,
    "train_metrics": "{\n    \"Angioectasia\": {\n        \"precision\": 0.7228192090988159,\n        \"recall\": 0.6182752251625061,\n        \"f1-score\": 0.6664723753929138,\n        \"specificity\": 0.9741358757019043\n    },\n    \"Bleeding\": {\n        \"precision\": 0.796707808971405,\n        \"recall\": 0.7800161242485046,\n        \"f1-score\": 0.7882736325263977,\n        \"specificity\": 0.9781312942504883\n    },\n    \"Erosion\": {\n        \"precision\": 0.4104202389717102,\n        \"recall\": 0.4404008388519287,\n        \"f1-score\": 0.42488232254981995,\n        \"specificity\": 0.9290551543235779\n    },\n    \"Erythema\": {\n        \"precision\": 0.537051796913147,\n        \"recall\": 0.5451604127883911,\n        \"f1-score\": 0.5410757064819336,\n        \"specificity\": 0.9485810399055481\n    },\n    \"Foreign Body\": {\n        \"precision\": 0.8473154306411743,\n        \"recall\": 0.8184764981269836,\n        \"f1-score\": 0.8326463103294373,\n        \"specificity\": 0.9838961958885193\n    },\n    \"Lymphangiectasia\": {\n        \"precision\": 0.8620198965072632,\n        \"recall\": 0.8026490211486816,\n        \"f1-score\": 0.8312757015228271,\n        \"specificity\": 0.9856644868850708\n    },\n    \"Normal\": {\n        \"precision\": 0.7102241516113281,\n        \"recall\": 0.6909574270248413,\n        \"f1-score\": 0.7004583477973938,\n        \"specificity\": 0.968682587146759\n    },\n    \"Polyp\": {\n        \"precision\": 0.5524553656578064,\n        \"recall\": 0.6462141275405884,\n        \"f1-score\": 0.5956678986549377,\n        \"specificity\": 0.9406400918960571\n    },\n    \"Ulcer\": {\n        \"precision\": 0.9023003578186035,\n        \"recall\": 0.9141136407852173,\n        \"f1-score\": 0.9081685543060303,\n        \"specificity\": 0.9888126254081726\n    },\n    \"Worms\": {\n        \"precision\": 0.9521469473838806,\n        \"recall\": 0.9691942930221558,\n        \"f1-score\": 0.9605950117111206,\n        \"specificity\": 0.99452805519104\n    },\n    \"macro avg\": {\n        \"precision\": 0.7293461561203003,\n        \"recall\": 0.7225457429885864,\n        \"f1-score\": 0.7249516248703003,\n        \"specificity\": 0.9692127108573914\n    },\n    \"accuracy\": 0.7229505181312561,\n    \"auc_roc_scores\": {\n        \"Angioectasia\": 0.9407753944396973,\n        \"Bleeding\": 0.9752864837646484,\n        \"Erosion\": 0.8692141771316528,\n        \"Erythema\": 0.9255083799362183,\n        \"Foreign Body\": 0.9806894659996033,\n        \"Lymphangiectasia\": 0.9744621515274048,\n        \"Normal\": 0.939257025718689,\n        \"Polyp\": 0.9362644553184509,\n        \"Ulcer\": 0.9948439598083496,\n        \"Worms\": 0.9992339611053467\n    },\n    \"mean_auc\": 0.9535536170005798,\n    \"average_precision_scores\": {\n        \"Angioectasia\": 0.7616138458251953,\n        \"Bleeding\": 0.8725473880767822,\n        \"Erosion\": 0.4206647276878357,\n        \"Erythema\": 0.568492591381073,\n        \"Foreign Body\": 0.9077649116516113,\n        \"Lymphangiectasia\": 0.8956938982009888,\n        \"Normal\": 0.7594478726387024,\n        \"Polyp\": 0.6303085684776306,\n        \"Ulcer\": 0.9665331840515137,\n        \"Worms\": 0.9939624071121216\n    },\n    \"mean_average_precision\": 0.7777029871940613,\n    \"mean_f1_score\": 0.7249516248703003,\n    \"mean_specificity\": 0.9692127108573914,\n    \"mean_sensitivity\": 0.7225457429885864,\n    \"balanced_accuracy\": 0.7225457429885864\n}",
    "test_metrics": "{\n    \"Angioectasia\": {\n        \"precision\": 0.3954050838947296,\n        \"recall\": 0.6579476594924927,\n        \"f1-score\": 0.4939576983451843,\n        \"specificity\": 0.9680204391479492\n    },\n    \"Bleeding\": {\n        \"precision\": 0.5134168267250061,\n        \"recall\": 0.7994428873062134,\n        \"f1-score\": 0.6252723336219788,\n        \"specificity\": 0.9827553629875183\n    },\n    \"Erosion\": {\n        \"precision\": 0.33220911026000977,\n        \"recall\": 0.5116882920265198,\n        \"f1-score\": 0.4028629958629608,\n        \"specificity\": 0.9206783771514893\n    },\n    \"Erythema\": {\n        \"precision\": 0.12909440696239471,\n        \"recall\": 0.6767676472663879,\n        \"f1-score\": 0.21682848036289215,\n        \"specificity\": 0.9143669009208679\n    },\n    \"Foreign Body\": {\n        \"precision\": 0.32275712490081787,\n        \"recall\": 0.8676470518112183,\n        \"f1-score\": 0.47049441933631897,\n        \"specificity\": 0.9608029127120972\n    },\n    \"Lymphangiectasia\": {\n        \"precision\": 0.5243242979049683,\n        \"recall\": 0.8483964800834656,\n        \"f1-score\": 0.6481069326400757,\n        \"specificity\": 0.9832795262336731\n    },\n    \"Normal\": {\n        \"precision\": 0.9898613095283508,\n        \"recall\": 0.6912997364997864,\n        \"f1-score\": 0.814069390296936,\n        \"specificity\": 0.9773731827735901\n    },\n    \"Polyp\": {\n        \"precision\": 0.3306342661380768,\n        \"recall\": 0.49000000953674316,\n        \"f1-score\": 0.39484286308288574,\n        \"specificity\": 0.9682702422142029\n    },\n    \"Ulcer\": {\n        \"precision\": 0.552742600440979,\n        \"recall\": 0.9160839319229126,\n        \"f1-score\": 0.6894736886024475,\n        \"specificity\": 0.9866212010383606\n    },\n    \"Worms\": {\n        \"precision\": 0.4689655303955078,\n        \"recall\": 1.0,\n        \"f1-score\": 0.6384976506233215,\n        \"specificity\": 0.9952066540718079\n    },\n    \"macro avg\": {\n        \"precision\": 0.4559410512447357,\n        \"recall\": 0.7459273934364319,\n        \"f1-score\": 0.5394406318664551,\n        \"specificity\": 0.9657374620437622\n    },\n    \"accuracy\": 0.6856558322906494,\n    \"auc_roc_scores\": {\n        \"Angioectasia\": 0.9157761931419373,\n        \"Bleeding\": 0.9856986999511719,\n        \"Erosion\": 0.8758467435836792,\n        \"Erythema\": 0.9201524257659912,\n        \"Foreign Body\": 0.9694442749023438,\n        \"Lymphangiectasia\": 0.9829667806625366,\n        \"Normal\": 0.9544320106506348,\n        \"Polyp\": 0.9557900428771973,\n        \"Ulcer\": 0.9875892400741577,\n        \"Worms\": 0.9998068809509277\n    },\n    \"mean_auc\": 0.9547503590583801,\n    \"average_precision_scores\": {\n        \"Angioectasia\": 0.619356095790863,\n        \"Bleeding\": 0.7688796520233154,\n        \"Erosion\": 0.4179289638996124,\n        \"Erythema\": 0.20806437730789185,\n        \"Foreign Body\": 0.7727258205413818,\n        \"Lymphangiectasia\": 0.8185087442398071,\n        \"Normal\": 0.9850572943687439,\n        \"Polyp\": 0.4782848358154297,\n        \"Ulcer\": 0.889609694480896,\n        \"Worms\": 0.9579563140869141\n    },\n    \"mean_average_precision\": 0.6916372179985046,\n    \"mean_f1_score\": 0.5394406318664551,\n    \"mean_specificity\": 0.9657374620437622,\n    \"mean_sensitivity\": 0.7459273934364319,\n    \"balanced_accuracy\": 0.7459273934364319\n}"
}