{
    "epoch": 10,
    "train_metrics": "{\n    \"Angioectasia\": {\n        \"precision\": 0.9039022922515869,\n        \"recall\": 0.8839563727378845,\n        \"f1-score\": 0.8938180804252625,\n        \"specificity\": 0.9892756342887878\n    },\n    \"Bleeding\": {\n        \"precision\": 0.9255826473236084,\n        \"recall\": 0.9367461800575256,\n        \"f1-score\": 0.9311309456825256,\n        \"specificity\": 0.991705060005188\n    },\n    \"Erosion\": {\n        \"precision\": 0.7446399331092834,\n        \"recall\": 0.7375442385673523,\n        \"f1-score\": 0.7410750985145569,\n        \"specificity\": 0.972623348236084\n    },\n    \"Erythema\": {\n        \"precision\": 0.8356415033340454,\n        \"recall\": 0.8532550930976868,\n        \"f1-score\": 0.8443564176559448,\n        \"specificity\": 0.9814229607582092\n    },\n    \"Foreign Body\": {\n        \"precision\": 0.9528753757476807,\n        \"recall\": 0.9508501887321472,\n        \"f1-score\": 0.9518616795539856,\n        \"specificity\": 0.9947699904441833\n    },\n    \"Lymphangiectasia\": {\n        \"precision\": 0.94669508934021,\n        \"recall\": 0.9394339919090271,\n        \"f1-score\": 0.9430505633354187,\n        \"specificity\": 0.9940873980522156\n    },\n    \"Normal\": {\n        \"precision\": 0.8999724984169006,\n        \"recall\": 0.8789586424827576,\n        \"f1-score\": 0.8893414735794067,\n        \"specificity\": 0.9892565011978149\n    },\n    \"Polyp\": {\n        \"precision\": 0.8451204299926758,\n        \"recall\": 0.8723181486129761,\n        \"f1-score\": 0.8585039377212524,\n        \"specificity\": 0.9819150567054749\n    },\n    \"Ulcer\": {\n        \"precision\": 0.9851261377334595,\n        \"recall\": 0.983558714389801,\n        \"f1-score\": 0.9843418002128601,\n        \"specificity\": 0.9983449578285217\n    },\n    \"Worms\": {\n        \"precision\": 0.9935863018035889,\n        \"recall\": 0.9943835139274597,\n        \"f1-score\": 0.9939847588539124,\n        \"specificity\": 0.9992913603782654\n    },\n    \"macro avg\": {\n        \"precision\": 0.9033142328262329,\n        \"recall\": 0.9031006097793579,\n        \"f1-score\": 0.9031464457511902,\n        \"specificity\": 0.9892692565917969\n    },\n    \"accuracy\": 0.9033956527709961,\n    \"auc_roc_scores\": {\n        \"Angioectasia\": 0.9937845468521118,\n        \"Bleeding\": 0.9973920583724976,\n        \"Erosion\": 0.9716091752052307,\n        \"Erythema\": 0.9904580116271973,\n        \"Foreign Body\": 0.9987093210220337,\n        \"Lymphangiectasia\": 0.9977688789367676,\n        \"Normal\": 0.9888976812362671,\n        \"Polyp\": 0.9917517900466919,\n        \"Ulcer\": 0.9998679161071777,\n        \"Worms\": 0.9999788403511047\n    },\n    \"mean_auc\": 0.9930217862129211,\n    \"average_precision_scores\": {\n        \"Angioectasia\": 0.9616917371749878,\n        \"Bleeding\": 0.9811303019523621,\n        \"Erosion\": 0.8300160765647888,\n        \"Erythema\": 0.9222747087478638,\n        \"Foreign Body\": 0.9899351596832275,\n        \"Lymphangiectasia\": 0.9861576557159424,\n        \"Normal\": 0.9503211975097656,\n        \"Polyp\": 0.9359967112541199,\n        \"Ulcer\": 0.9988694190979004,\n        \"Worms\": 0.9998108148574829\n    },\n    \"mean_average_precision\": 0.9556204080581665,\n    \"mean_f1_score\": 0.9031464457511902,\n    \"mean_specificity\": 0.9892692565917969,\n    \"mean_sensitivity\": 0.9031006097793579,\n    \"balanced_accuracy\": 0.9031006097793579\n}",
    "test_metrics": "{\n    \"Angioectasia\": {\n        \"precision\": 0.48851269483566284,\n        \"recall\": 0.8128772377967834,\n        \"f1-score\": 0.6102719306945801,\n        \"specificity\": 0.9729453325271606\n    },\n    \"Bleeding\": {\n        \"precision\": 0.6933333277702332,\n        \"recall\": 0.8690807819366455,\n        \"f1-score\": 0.7713226079940796,\n        \"specificity\": 0.9912508726119995\n    },\n    \"Erosion\": {\n        \"precision\": 0.5694996118545532,\n        \"recall\": 0.6207792162895203,\n        \"f1-score\": 0.5940347909927368,\n        \"specificity\": 0.9638111591339111\n    },\n    \"Erythema\": {\n        \"precision\": 0.3747495114803314,\n        \"recall\": 0.6296296119689941,\n        \"f1-score\": 0.46984925866127014,\n        \"specificity\": 0.980296790599823\n    },\n    \"Foreign Body\": {\n        \"precision\": 0.7437810897827148,\n        \"recall\": 0.8794117569923401,\n        \"f1-score\": 0.8059298992156982,\n        \"specificity\": 0.9934777021408081\n    },\n    \"Lymphangiectasia\": {\n        \"precision\": 0.6430107355117798,\n        \"recall\": 0.8717201352119446,\n        \"f1-score\": 0.7400990128517151,\n        \"specificity\": 0.9894863367080688\n    },\n    \"Normal\": {\n        \"precision\": 0.9898881316184998,\n        \"recall\": 0.9003011584281921,\n        \"f1-score\": 0.9429715871810913,\n        \"specificity\": 0.9706111550331116\n    },\n    \"Polyp\": {\n        \"precision\": 0.5138036608695984,\n        \"recall\": 0.6700000166893005,\n        \"f1-score\": 0.5815972089767456,\n        \"specificity\": 0.9797210693359375\n    },\n    \"Ulcer\": {\n        \"precision\": 0.8797468543052673,\n        \"recall\": 0.9720279574394226,\n        \"f1-score\": 0.9235880374908447,\n        \"specificity\": 0.9976019263267517\n    },\n    \"Worms\": {\n        \"precision\": 0.7701149582862854,\n        \"recall\": 0.9852941036224365,\n        \"f1-score\": 0.8645161390304565,\n        \"specificity\": 0.9987549781799316\n    },\n    \"macro avg\": {\n        \"precision\": 0.6666440963745117,\n        \"recall\": 0.8211122751235962,\n        \"f1-score\": 0.7304180264472961,\n        \"specificity\": 0.9837957620620728\n    },\n    \"accuracy\": 0.8653607964515686,\n    \"auc_roc_scores\": {\n        \"Angioectasia\": 0.9729042649269104,\n        \"Bleeding\": 0.9905160069465637,\n        \"Erosion\": 0.9442859292030334,\n        \"Erythema\": 0.9584307670593262,\n        \"Foreign Body\": 0.9905579686164856,\n        \"Lymphangiectasia\": 0.984033465385437,\n        \"Normal\": 0.9846187829971313,\n        \"Polyp\": 0.9741212725639343,\n        \"Ulcer\": 0.9972912073135376,\n        \"Worms\": 0.9999249577522278\n    },\n    \"mean_auc\": 0.9796684384346008,\n    \"average_precision_scores\": {\n        \"Angioectasia\": 0.7844634652137756,\n        \"Bleeding\": 0.8765875101089478,\n        \"Erosion\": 0.6730628609657288,\n        \"Erythema\": 0.48843976855278015,\n        \"Foreign Body\": 0.899083137512207,\n        \"Lymphangiectasia\": 0.8521487712860107,\n        \"Normal\": 0.9952458143234253,\n        \"Polyp\": 0.6664842367172241,\n        \"Ulcer\": 0.9813749194145203,\n        \"Worms\": 0.9830689430236816\n    },\n    \"mean_average_precision\": 0.8199959993362427,\n    \"mean_f1_score\": 0.7304180264472961,\n    \"mean_specificity\": 0.9837957620620728,\n    \"mean_sensitivity\": 0.8211122751235962,\n    \"balanced_accuracy\": 0.8211122751235962\n}"
}