{
    "epoch": 15,
    "train_metrics": "{\n    \"Angioectasia\": {\n        \"precision\": 0.9203166365623474,\n        \"recall\": 0.9171706438064575,\n        \"f1-score\": 0.9187409281730652,\n        \"specificity\": 0.9910661578178406\n    },\n    \"Bleeding\": {\n        \"precision\": 0.9470556378364563,\n        \"recall\": 0.9498780965805054,\n        \"f1-score\": 0.9484647512435913,\n        \"specificity\": 0.994221031665802\n    },\n    \"Erosion\": {\n        \"precision\": 0.8010082244873047,\n        \"recall\": 0.7967801690101624,\n        \"f1-score\": 0.798888623714447,\n        \"specificity\": 0.977822482585907\n    },\n    \"Erythema\": {\n        \"precision\": 0.8761929273605347,\n        \"recall\": 0.8927726745605469,\n        \"f1-score\": 0.8844050765037537,\n        \"specificity\": 0.9857996702194214\n    },\n    \"Foreign Body\": {\n        \"precision\": 0.9607009887695312,\n        \"recall\": 0.9596816897392273,\n        \"f1-score\": 0.9601910710334778,\n        \"specificity\": 0.9956260919570923\n    },\n    \"Lymphangiectasia\": {\n        \"precision\": 0.9700157642364502,\n        \"recall\": 0.9586690664291382,\n        \"f1-score\": 0.96430903673172,\n        \"specificity\": 0.9966232180595398\n    },\n    \"Normal\": {\n        \"precision\": 0.9270861744880676,\n        \"recall\": 0.902233898639679,\n        \"f1-score\": 0.9144912362098694,\n        \"specificity\": 0.9920123219490051\n    },\n    \"Polyp\": {\n        \"precision\": 0.8794382810592651,\n        \"recall\": 0.9043596982955933,\n        \"f1-score\": 0.8917248845100403,\n        \"specificity\": 0.9865928292274475\n    },\n    \"Ulcer\": {\n        \"precision\": 0.9930406808853149,\n        \"recall\": 0.9925093650817871,\n        \"f1-score\": 0.9927749633789062,\n        \"specificity\": 0.9992323517799377\n    },\n    \"Worms\": {\n        \"precision\": 0.9964750409126282,\n        \"recall\": 0.9962049126625061,\n        \"f1-score\": 0.9963399767875671,\n        \"specificity\": 0.9996167421340942\n    },\n    \"macro avg\": {\n        \"precision\": 0.9271330237388611,\n        \"recall\": 0.9270259737968445,\n        \"f1-score\": 0.9270330667495728,\n        \"specificity\": 0.9918613433837891\n    },\n    \"accuracy\": 0.926768958568573,\n    \"auc_roc_scores\": {\n        \"Angioectasia\": 0.9965956211090088,\n        \"Bleeding\": 0.9987702369689941,\n        \"Erosion\": 0.9826005101203918,\n        \"Erythema\": 0.9942504167556763,\n        \"Foreign Body\": 0.9990923404693604,\n        \"Lymphangiectasia\": 0.9988848567008972,\n        \"Normal\": 0.9932453036308289,\n        \"Polyp\": 0.9951639175415039,\n        \"Ulcer\": 0.9999572038650513,\n        \"Worms\": 0.9999910593032837\n    },\n    \"mean_auc\": 0.9958551526069641,\n    \"average_precision_scores\": {\n        \"Angioectasia\": 0.9765452742576599,\n        \"Bleeding\": 0.9898697733879089,\n        \"Erosion\": 0.8901201486587524,\n        \"Erythema\": 0.9505096673965454,\n        \"Foreign Body\": 0.9936165809631348,\n        \"Lymphangiectasia\": 0.993270754814148,\n        \"Normal\": 0.9671782851219177,\n        \"Polyp\": 0.9612647294998169,\n        \"Ulcer\": 0.999602735042572,\n        \"Worms\": 0.9999181032180786\n    },\n    \"mean_average_precision\": 0.9721895456314087,\n    \"mean_f1_score\": 0.9270330667495728,\n    \"mean_specificity\": 0.9918613433837891,\n    \"mean_sensitivity\": 0.9270259737968445,\n    \"balanced_accuracy\": 0.9270259737968445\n}",
    "test_metrics": "{\n    \"Angioectasia\": {\n        \"precision\": 0.5679542422294617,\n        \"recall\": 0.7987927794456482,\n        \"f1-score\": 0.6638795733451843,\n        \"specificity\": 0.9806843400001526\n    },\n    \"Bleeding\": {\n        \"precision\": 0.7469287514686584,\n        \"recall\": 0.8467966318130493,\n        \"f1-score\": 0.7937336564064026,\n        \"specificity\": 0.9934698343276978\n    },\n    \"Erosion\": {\n        \"precision\": 0.5501754283905029,\n        \"recall\": 0.678787887096405,\n        \"f1-score\": 0.6077519655227661,\n        \"specificity\": 0.9572010636329651\n    },\n    \"Erythema\": {\n        \"precision\": 0.4381188154220581,\n        \"recall\": 0.5959596037864685,\n        \"f1-score\": 0.5049928426742554,\n        \"specificity\": 0.9856646656990051\n    },\n    \"Foreign Body\": {\n        \"precision\": 0.6881960034370422,\n        \"recall\": 0.908823549747467,\n        \"f1-score\": 0.7832699418067932,\n        \"specificity\": 0.991134762763977\n    },\n    \"Lymphangiectasia\": {\n        \"precision\": 0.6203319430351257,\n        \"recall\": 0.8717201352119446,\n        \"f1-score\": 0.7248485088348389,\n        \"specificity\": 0.9884096384048462\n    },\n    \"Normal\": {\n        \"precision\": 0.9893143177032471,\n        \"recall\": 0.904207706451416,\n        \"f1-score\": 0.9448484182357788,\n        \"specificity\": 0.9687906503677368\n    },\n    \"Polyp\": {\n        \"precision\": 0.5545171499252319,\n        \"recall\": 0.7120000123977661,\n        \"f1-score\": 0.6234676241874695,\n        \"specificity\": 0.9817041754722595\n    },\n    \"Ulcer\": {\n        \"precision\": 0.884984016418457,\n        \"recall\": 0.9685314893722534,\n        \"f1-score\": 0.9248747825622559,\n        \"specificity\": 0.9977281093597412\n    },\n    \"Worms\": {\n        \"precision\": 0.8395061492919922,\n        \"recall\": 1.0,\n        \"f1-score\": 0.9127516746520996,\n        \"specificity\": 0.9991907477378845\n    },\n    \"macro avg\": {\n        \"precision\": 0.6880027055740356,\n        \"recall\": 0.8285619616508484,\n        \"f1-score\": 0.7484418749809265,\n        \"specificity\": 0.984397828578949\n    },\n    \"accuracy\": 0.872861385345459,\n    \"auc_roc_scores\": {\n        \"Angioectasia\": 0.9743435382843018,\n        \"Bleeding\": 0.9853168725967407,\n        \"Erosion\": 0.9456595182418823,\n        \"Erythema\": 0.9629514217376709,\n        \"Foreign Body\": 0.9859504699707031,\n        \"Lymphangiectasia\": 0.9860345125198364,\n        \"Normal\": 0.9864760637283325,\n        \"Polyp\": 0.9747200608253479,\n        \"Ulcer\": 0.9993918538093567,\n        \"Worms\": 0.9999972581863403\n    },\n    \"mean_auc\": 0.980084240436554,\n    \"average_precision_scores\": {\n        \"Angioectasia\": 0.7953915596008301,\n        \"Bleeding\": 0.8664947748184204,\n        \"Erosion\": 0.6943382620811462,\n        \"Erythema\": 0.5281574726104736,\n        \"Foreign Body\": 0.8873600959777832,\n        \"Lymphangiectasia\": 0.8708165884017944,\n        \"Normal\": 0.9957818984985352,\n        \"Polyp\": 0.6928210854530334,\n        \"Ulcer\": 0.9839580655097961,\n        \"Worms\": 0.9993786811828613\n    },\n    \"mean_average_precision\": 0.8314499258995056,\n    \"mean_f1_score\": 0.7484418749809265,\n    \"mean_specificity\": 0.984397828578949,\n    \"mean_sensitivity\": 0.8285619616508484,\n    \"balanced_accuracy\": 0.8285619616508484\n}"
}