{
    "epoch": 13,
    "train_metrics": "{\n    \"Angioectasia\": {\n        \"precision\": 0.9222700595855713,\n        \"recall\": 0.9069029092788696,\n        \"f1-score\": 0.9145219326019287,\n        \"specificity\": 0.9914562702178955\n    },\n    \"Bleeding\": {\n        \"precision\": 0.9404447078704834,\n        \"recall\": 0.9469616413116455,\n        \"f1-score\": 0.9436919093132019,\n        \"specificity\": 0.9933540225028992\n    },\n    \"Erosion\": {\n        \"precision\": 0.7843673229217529,\n        \"recall\": 0.7694370150566101,\n        \"f1-score\": 0.7768304347991943,\n        \"specificity\": 0.9767098426818848\n    },\n    \"Erythema\": {\n        \"precision\": 0.874936044216156,\n        \"recall\": 0.8941453099250793,\n        \"f1-score\": 0.8844364285469055,\n        \"specificity\": 0.9855244159698486\n    },\n    \"Foreign Body\": {\n        \"precision\": 0.9600740075111389,\n        \"recall\": 0.9613449573516846,\n        \"f1-score\": 0.9607090950012207,\n        \"specificity\": 0.9955365061759949\n    },\n    \"Lymphangiectasia\": {\n        \"precision\": 0.9589512944221497,\n        \"recall\": 0.9574299454689026,\n        \"f1-score\": 0.9581900238990784,\n        \"specificity\": 0.995417594909668\n    },\n    \"Normal\": {\n        \"precision\": 0.9157549142837524,\n        \"recall\": 0.893992006778717,\n        \"f1-score\": 0.9047425985336304,\n        \"specificity\": 0.9909042716026306\n    },\n    \"Polyp\": {\n        \"precision\": 0.8753854036331177,\n        \"recall\": 0.8972873091697693,\n        \"f1-score\": 0.8862010836601257,\n        \"specificity\": 0.9856551289558411\n    },\n    \"Ulcer\": {\n        \"precision\": 0.9888976812362671,\n        \"recall\": 0.9907309412956238,\n        \"f1-score\": 0.9898134469985962,\n        \"specificity\": 0.9987585544586182\n    },\n    \"Worms\": {\n        \"precision\": 0.9923350811004639,\n        \"recall\": 0.9956055879592896,\n        \"f1-score\": 0.9939676523208618,\n        \"specificity\": 0.9991756677627563\n    },\n    \"macro avg\": {\n        \"precision\": 0.9213417172431946,\n        \"recall\": 0.921383798122406,\n        \"f1-score\": 0.9213104248046875,\n        \"specificity\": 0.9912492632865906\n    },\n    \"accuracy\": 0.9212646484375,\n    \"auc_roc_scores\": {\n        \"Angioectasia\": 0.9961810111999512,\n        \"Bleeding\": 0.9984193444252014,\n        \"Erosion\": 0.9777380228042603,\n        \"Erythema\": 0.9941766262054443,\n        \"Foreign Body\": 0.9990196228027344,\n        \"Lymphangiectasia\": 0.9986299276351929,\n        \"Normal\": 0.9920607805252075,\n        \"Polyp\": 0.9943808317184448,\n        \"Ulcer\": 0.9999209642410278,\n        \"Worms\": 0.9999607801437378\n    },\n    \"mean_auc\": 0.9950488209724426,\n    \"average_precision_scores\": {\n        \"Angioectasia\": 0.9744195938110352,\n        \"Bleeding\": 0.9866516590118408,\n        \"Erosion\": 0.8692158460617065,\n        \"Erythema\": 0.9514577388763428,\n        \"Foreign Body\": 0.9926574230194092,\n        \"Lymphangiectasia\": 0.9909907579421997,\n        \"Normal\": 0.960564136505127,\n        \"Polyp\": 0.9573924541473389,\n        \"Ulcer\": 0.9992598295211792,\n        \"Worms\": 0.999756395816803\n    },\n    \"mean_average_precision\": 0.9682365655899048,\n    \"mean_f1_score\": 0.9213104248046875,\n    \"mean_specificity\": 0.9912492632865906,\n    \"mean_sensitivity\": 0.921383798122406,\n    \"balanced_accuracy\": 0.921383798122406\n}",
    "test_metrics": "{\n    \"Angioectasia\": {\n        \"precision\": 0.5653409361839294,\n        \"recall\": 0.800804853439331,\n        \"f1-score\": 0.6627810001373291,\n        \"specificity\": 0.9804285168647766\n    },\n    \"Bleeding\": {\n        \"precision\": 0.6794582605361938,\n        \"recall\": 0.8384401202201843,\n        \"f1-score\": 0.7506234645843506,\n        \"specificity\": 0.9909972548484802\n    },\n    \"Erosion\": {\n        \"precision\": 0.5336821675300598,\n        \"recall\": 0.7064934968948364,\n        \"f1-score\": 0.6080476641654968,\n        \"specificity\": 0.952393651008606\n    },\n    \"Erythema\": {\n        \"precision\": 0.4055793881416321,\n        \"recall\": 0.6363636255264282,\n        \"f1-score\": 0.4954128563404083,\n        \"specificity\": 0.9825071096420288\n    },\n    \"Foreign Body\": {\n        \"precision\": 0.7408313155174255,\n        \"recall\": 0.8911764621734619,\n        \"f1-score\": 0.8090787529945374,\n        \"specificity\": 0.9932877421379089\n    },\n    \"Lymphangiectasia\": {\n        \"precision\": 0.6843317747116089,\n        \"recall\": 0.8658891916275024,\n        \"f1-score\": 0.7644787430763245,\n        \"specificity\": 0.9913230538368225\n    },\n    \"Normal\": {\n        \"precision\": 0.9912745952606201,\n        \"recall\": 0.8968828916549683,\n        \"f1-score\": 0.9417193531990051,\n        \"specificity\": 0.9747724533081055\n    },\n    \"Polyp\": {\n        \"precision\": 0.5460218191146851,\n        \"recall\": 0.699999988079071,\n        \"f1-score\": 0.6134969592094421,\n        \"specificity\": 0.9813843369483948\n    },\n    \"Ulcer\": {\n        \"precision\": 0.8734177350997925,\n        \"recall\": 0.9650349617004395,\n        \"f1-score\": 0.9169435501098633,\n        \"specificity\": 0.9974756836891174\n    },\n    \"Worms\": {\n        \"precision\": 0.9041095972061157,\n        \"recall\": 0.970588207244873,\n        \"f1-score\": 0.936170220375061,\n        \"specificity\": 0.9995642304420471\n    },\n    \"macro avg\": {\n        \"precision\": 0.6924047470092773,\n        \"recall\": 0.8271674513816833,\n        \"f1-score\": 0.7498752474784851,\n        \"specificity\": 0.9844134449958801\n    },\n    \"accuracy\": 0.8688321113586426,\n    \"auc_roc_scores\": {\n        \"Angioectasia\": 0.9729446768760681,\n        \"Bleeding\": 0.9881983399391174,\n        \"Erosion\": 0.9475172758102417,\n        \"Erythema\": 0.9669857025146484,\n        \"Foreign Body\": 0.9933067560195923,\n        \"Lymphangiectasia\": 0.9875789284706116,\n        \"Normal\": 0.9864329099655151,\n        \"Polyp\": 0.9759377241134644,\n        \"Ulcer\": 0.9974929094314575,\n        \"Worms\": 0.9999450445175171\n    },\n    \"mean_auc\": 0.9816340804100037,\n    \"average_precision_scores\": {\n        \"Angioectasia\": 0.7978724241256714,\n        \"Bleeding\": 0.8541991710662842,\n        \"Erosion\": 0.6997836828231812,\n        \"Erythema\": 0.5362648963928223,\n        \"Foreign Body\": 0.9156626462936401,\n        \"Lymphangiectasia\": 0.8828884363174438,\n        \"Normal\": 0.9957686066627502,\n        \"Polyp\": 0.6732921600341797,\n        \"Ulcer\": 0.9822176694869995,\n        \"Worms\": 0.9878392219543457\n    },\n    \"mean_average_precision\": 0.8325788378715515,\n    \"mean_f1_score\": 0.7498752474784851,\n    \"mean_specificity\": 0.9844134449958801,\n    \"mean_sensitivity\": 0.8271674513816833,\n    \"balanced_accuracy\": 0.8271674513816833\n}"
}