{
    "epoch": 20,
    "train_metrics": "{\n    \"Angioectasia\": {\n        \"precision\": 0.9270833134651184,\n        \"recall\": 0.9263410568237305,\n        \"f1-score\": 0.9267120361328125,\n        \"specificity\": 0.9919373989105225\n    },\n    \"Bleeding\": {\n        \"precision\": 0.9489189386367798,\n        \"recall\": 0.9561547040939331,\n        \"f1-score\": 0.9525230526924133,\n        \"specificity\": 0.9944305419921875\n    },\n    \"Erosion\": {\n        \"precision\": 0.8224021792411804,\n        \"recall\": 0.8138354420661926,\n        \"f1-score\": 0.818096399307251,\n        \"specificity\": 0.9805687665939331\n    },\n    \"Erythema\": {\n        \"precision\": 0.8902887105941772,\n        \"recall\": 0.9160140156745911,\n        \"f1-score\": 0.902968168258667,\n        \"specificity\": 0.9876710772514343\n    },\n    \"Foreign Body\": {\n        \"precision\": 0.9672603607177734,\n        \"recall\": 0.9629726409912109,\n        \"f1-score\": 0.9651117324829102,\n        \"specificity\": 0.9962987303733826\n    },\n    \"Lymphangiectasia\": {\n        \"precision\": 0.9684323072433472,\n        \"recall\": 0.9579253792762756,\n        \"f1-score\": 0.9631502032279968,\n        \"specificity\": 0.9965117573738098\n    },\n    \"Normal\": {\n        \"precision\": 0.9330406188964844,\n        \"recall\": 0.9040148854255676,\n        \"f1-score\": 0.9182984232902527,\n        \"specificity\": 0.9927908778190613\n    },\n    \"Polyp\": {\n        \"precision\": 0.8960102796554565,\n        \"recall\": 0.9175013303756714,\n        \"f1-score\": 0.9066284894943237,\n        \"specificity\": 0.9880519509315491\n    },\n    \"Ulcer\": {\n        \"precision\": 0.9917291402816772,\n        \"recall\": 0.9909607172012329,\n        \"f1-score\": 0.9913448095321655,\n        \"specificity\": 0.9990514516830444\n    },\n    \"Worms\": {\n        \"precision\": 0.9967514872550964,\n        \"recall\": 0.9951351284980774,\n        \"f1-score\": 0.9959426522254944,\n        \"specificity\": 0.9996460676193237\n    },\n    \"macro avg\": {\n        \"precision\": 0.9341917037963867,\n        \"recall\": 0.9340855479240417,\n        \"f1-score\": 0.9340776801109314,\n        \"specificity\": 0.9926958084106445\n    },\n    \"accuracy\": 0.9342409372329712,\n    \"auc_roc_scores\": {\n        \"Angioectasia\": 0.9973217844963074,\n        \"Bleeding\": 0.9990465044975281,\n        \"Erosion\": 0.9845191836357117,\n        \"Erythema\": 0.9961419105529785,\n        \"Foreign Body\": 0.9992217421531677,\n        \"Lymphangiectasia\": 0.9990321397781372,\n        \"Normal\": 0.9942343235015869,\n        \"Polyp\": 0.9962275624275208,\n        \"Ulcer\": 0.9998748898506165,\n        \"Worms\": 0.9999936819076538\n    },\n    \"mean_auc\": 0.9965614676475525,\n    \"average_precision_scores\": {\n        \"Angioectasia\": 0.9809078574180603,\n        \"Bleeding\": 0.9916142225265503,\n        \"Erosion\": 0.9060491323471069,\n        \"Erythema\": 0.9651466608047485,\n        \"Foreign Body\": 0.9946024417877197,\n        \"Lymphangiectasia\": 0.9931309819221497,\n        \"Normal\": 0.9703189134597778,\n        \"Polyp\": 0.9717975854873657,\n        \"Ulcer\": 0.9992771148681641,\n        \"Worms\": 0.9999421238899231\n    },\n    \"mean_average_precision\": 0.9772787094116211,\n    \"mean_f1_score\": 0.9340776801109314,\n    \"mean_specificity\": 0.9926958084106445,\n    \"mean_sensitivity\": 0.9340855479240417,\n    \"balanced_accuracy\": 0.9340855479240417\n}",
    "test_metrics": "{\n    \"Angioectasia\": {\n        \"precision\": 0.5604552030563354,\n        \"recall\": 0.7927565574645996,\n        \"f1-score\": 0.6566666960716248,\n        \"specificity\": 0.9802366495132446\n    },\n    \"Bleeding\": {\n        \"precision\": 0.7352941036224365,\n        \"recall\": 0.835654616355896,\n        \"f1-score\": 0.7822685837745667,\n        \"specificity\": 0.9931528568267822\n    },\n    \"Erosion\": {\n        \"precision\": 0.5843591690063477,\n        \"recall\": 0.6987013220787048,\n        \"f1-score\": 0.636435329914093,\n        \"specificity\": 0.9616745710372925\n    },\n    \"Erythema\": {\n        \"precision\": 0.45854923129081726,\n        \"recall\": 0.5959596037864685,\n        \"f1-score\": 0.5183016061782837,\n        \"specificity\": 0.9868013858795166\n    },\n    \"Foreign Body\": {\n        \"precision\": 0.6898876428604126,\n        \"recall\": 0.9029411673545837,\n        \"f1-score\": 0.7821655869483948,\n        \"specificity\": 0.9912614226341248\n    },\n    \"Lymphangiectasia\": {\n        \"precision\": 0.6303901672363281,\n        \"recall\": 0.8950437307357788,\n        \"f1-score\": 0.7397590279579163,\n        \"specificity\": 0.9885996580123901\n    },\n    \"Normal\": {\n        \"precision\": 0.9895824193954468,\n        \"recall\": 0.9045332670211792,\n        \"f1-score\": 0.9451484084129333,\n        \"specificity\": 0.9695708751678467\n    },\n    \"Polyp\": {\n        \"precision\": 0.525874137878418,\n        \"recall\": 0.7519999742507935,\n        \"f1-score\": 0.6189300417900085,\n        \"specificity\": 0.9783137440681458\n    },\n    \"Ulcer\": {\n        \"precision\": 0.9078947305679321,\n        \"recall\": 0.9650349617004395,\n        \"f1-score\": 0.9355932474136353,\n        \"specificity\": 0.9982330203056335\n    },\n    \"Worms\": {\n        \"precision\": 0.9305555820465088,\n        \"recall\": 0.9852941036224365,\n        \"f1-score\": 0.9571428298950195,\n        \"specificity\": 0.9996887445449829\n    },\n    \"macro avg\": {\n        \"precision\": 0.7012842297554016,\n        \"recall\": 0.8327919244766235,\n        \"f1-score\": 0.7572411894798279,\n        \"specificity\": 0.9847532510757446\n    },\n    \"accuracy\": 0.8755888938903809,\n    \"auc_roc_scores\": {\n        \"Angioectasia\": 0.9718401432037354,\n        \"Bleeding\": 0.9904279112815857,\n        \"Erosion\": 0.9456980228424072,\n        \"Erythema\": 0.9640355110168457,\n        \"Foreign Body\": 0.9896928071975708,\n        \"Lymphangiectasia\": 0.9831078052520752,\n        \"Normal\": 0.986904501914978,\n        \"Polyp\": 0.975928783416748,\n        \"Ulcer\": 0.9997100234031677,\n        \"Worms\": 0.9999606609344482\n    },\n    \"mean_auc\": 0.9807306528091431,\n    \"average_precision_scores\": {\n        \"Angioectasia\": 0.7899872064590454,\n        \"Bleeding\": 0.857366681098938,\n        \"Erosion\": 0.7012832164764404,\n        \"Erythema\": 0.5522525310516357,\n        \"Foreign Body\": 0.9011590480804443,\n        \"Lymphangiectasia\": 0.8759840726852417,\n        \"Normal\": 0.9959349632263184,\n        \"Polyp\": 0.702849268913269,\n        \"Ulcer\": 0.9873297214508057,\n        \"Worms\": 0.9925842881202698\n    },\n    \"mean_average_precision\": 0.8356731534004211,\n    \"mean_f1_score\": 0.7572411894798279,\n    \"mean_specificity\": 0.9847532510757446,\n    \"mean_sensitivity\": 0.8327919244766235,\n    \"balanced_accuracy\": 0.8327919244766235\n}"
}