{
    "epoch": 12,
    "train_metrics": "{\n    \"Angioectasia\": {\n        \"precision\": 0.9141201376914978,\n        \"recall\": 0.8975685238838196,\n        \"f1-score\": 0.9057687520980835,\n        \"specificity\": 0.990338146686554\n    },\n    \"Bleeding\": {\n        \"precision\": 0.9420560598373413,\n        \"recall\": 0.9445782899856567,\n        \"f1-score\": 0.9433155059814453,\n        \"specificity\": 0.9935935139656067\n    },\n    \"Erosion\": {\n        \"precision\": 0.7707997560501099,\n        \"recall\": 0.7664798498153687,\n        \"f1-score\": 0.7686337232589722,\n        \"specificity\": 0.9747784733772278\n    },\n    \"Erythema\": {\n        \"precision\": 0.8480719923973083,\n        \"recall\": 0.8732133507728577,\n        \"f1-score\": 0.86045902967453,\n        \"specificity\": 0.9825297594070435\n    },\n    \"Foreign Body\": {\n        \"precision\": 0.9550740122795105,\n        \"recall\": 0.9498028755187988,\n        \"f1-score\": 0.9524311423301697,\n        \"specificity\": 0.9949707388877869\n    },\n    \"Lymphangiectasia\": {\n        \"precision\": 0.954356849193573,\n        \"recall\": 0.9454644918441772,\n        \"f1-score\": 0.9498898386955261,\n        \"specificity\": 0.9951410293579102\n    },\n    \"Normal\": {\n        \"precision\": 0.913797914981842,\n        \"recall\": 0.8853036761283875,\n        \"f1-score\": 0.8993251323699951,\n        \"specificity\": 0.9909195303916931\n    },\n    \"Polyp\": {\n        \"precision\": 0.8584368824958801,\n        \"recall\": 0.8861875534057617,\n        \"f1-score\": 0.8720914721488953,\n        \"specificity\": 0.9838471412658691\n    },\n    \"Ulcer\": {\n        \"precision\": 0.988162636756897,\n        \"recall\": 0.9925045371055603,\n        \"f1-score\": 0.990328848361969,\n        \"specificity\": 0.9986365437507629\n    },\n    \"Worms\": {\n        \"precision\": 0.995439887046814,\n        \"recall\": 0.9957069754600525,\n        \"f1-score\": 0.9955734610557556,\n        \"specificity\": 0.9994982481002808\n    },\n    \"macro avg\": {\n        \"precision\": 0.9140316247940063,\n        \"recall\": 0.9136810302734375,\n        \"f1-score\": 0.9137817621231079,\n        \"specificity\": 0.9904252886772156\n    },\n    \"accuracy\": 0.9138192534446716,\n    \"auc_roc_scores\": {\n        \"Angioectasia\": 0.9950370788574219,\n        \"Bleeding\": 0.9984190464019775,\n        \"Erosion\": 0.9753870964050293,\n        \"Erythema\": 0.9922983050346375,\n        \"Foreign Body\": 0.9987004995346069,\n        \"Lymphangiectasia\": 0.9980660676956177,\n        \"Normal\": 0.990791916847229,\n        \"Polyp\": 0.9932719469070435,\n        \"Ulcer\": 0.999787449836731,\n        \"Worms\": 0.9999698400497437\n    },\n    \"mean_auc\": 0.994172990322113,\n    \"average_precision_scores\": {\n        \"Angioectasia\": 0.9681513905525208,\n        \"Bleeding\": 0.9863479137420654,\n        \"Erosion\": 0.8560584783554077,\n        \"Erythema\": 0.9316656589508057,\n        \"Foreign Body\": 0.9911001920700073,\n        \"Lymphangiectasia\": 0.9876781702041626,\n        \"Normal\": 0.955321192741394,\n        \"Polyp\": 0.9480190277099609,\n        \"Ulcer\": 0.9990653991699219,\n        \"Worms\": 0.9997812509536743\n    },\n    \"mean_average_precision\": 0.9623188376426697,\n    \"mean_f1_score\": 0.9137817621231079,\n    \"mean_specificity\": 0.9904252886772156,\n    \"mean_sensitivity\": 0.9136810302734375,\n    \"balanced_accuracy\": 0.9136810302734375\n}",
    "test_metrics": "{\n    \"Angioectasia\": {\n        \"precision\": 0.5610465407371521,\n        \"recall\": 0.7766599655151367,\n        \"f1-score\": 0.6514768004417419,\n        \"specificity\": 0.9806843400001526\n    },\n    \"Bleeding\": {\n        \"precision\": 0.727053165435791,\n        \"recall\": 0.8384401202201843,\n        \"f1-score\": 0.7787839770317078,\n        \"specificity\": 0.9928358793258667\n    },\n    \"Erosion\": {\n        \"precision\": 0.5737704634666443,\n        \"recall\": 0.6363636255264282,\n        \"f1-score\": 0.6034482717514038,\n        \"specificity\": 0.9635441303253174\n    },\n    \"Erythema\": {\n        \"precision\": 0.3651452362537384,\n        \"recall\": 0.5925925970077515,\n        \"f1-score\": 0.45186135172843933,\n        \"specificity\": 0.9806756973266602\n    },\n    \"Foreign Body\": {\n        \"precision\": 0.5565529465675354,\n        \"recall\": 0.9117646813392639,\n        \"f1-score\": 0.6911928653717041,\n        \"specificity\": 0.9843591451644897\n    },\n    \"Lymphangiectasia\": {\n        \"precision\": 0.6045082211494446,\n        \"recall\": 0.8600583076477051,\n        \"f1-score\": 0.7099879384040833,\n        \"specificity\": 0.9877762794494629\n    },\n    \"Normal\": {\n        \"precision\": 0.9880093932151794,\n        \"recall\": 0.8919183015823364,\n        \"f1-score\": 0.9375080466270447,\n        \"specificity\": 0.9654096364974976\n    },\n    \"Polyp\": {\n        \"precision\": 0.5062068700790405,\n        \"recall\": 0.734000027179718,\n        \"f1-score\": 0.5991836786270142,\n        \"specificity\": 0.977098286151886\n    },\n    \"Ulcer\": {\n        \"precision\": 0.8489425778388977,\n        \"recall\": 0.9825174808502197,\n        \"f1-score\": 0.9108589887619019,\n        \"specificity\": 0.9968446493148804\n    },\n    \"Worms\": {\n        \"precision\": 0.9189189076423645,\n        \"recall\": 1.0,\n        \"f1-score\": 0.9577465057373047,\n        \"specificity\": 0.9996265172958374\n    },\n    \"macro avg\": {\n        \"precision\": 0.6650153994560242,\n        \"recall\": 0.8224315643310547,\n        \"f1-score\": 0.7292048335075378,\n        \"specificity\": 0.982885479927063\n    },\n    \"accuracy\": 0.8602777123451233,\n    \"auc_roc_scores\": {\n        \"Angioectasia\": 0.9722798466682434,\n        \"Bleeding\": 0.9910329580307007,\n        \"Erosion\": 0.9478407502174377,\n        \"Erythema\": 0.9613650441169739,\n        \"Foreign Body\": 0.9887779951095581,\n        \"Lymphangiectasia\": 0.9854991436004639,\n        \"Normal\": 0.9841298460960388,\n        \"Polyp\": 0.9738273024559021,\n        \"Ulcer\": 0.9986467361450195,\n        \"Worms\": 0.9999798536300659\n    },\n    \"mean_auc\": 0.980337917804718,\n    \"average_precision_scores\": {\n        \"Angioectasia\": 0.7897779941558838,\n        \"Bleeding\": 0.8726470470428467,\n        \"Erosion\": 0.6866685152053833,\n        \"Erythema\": 0.483187735080719,\n        \"Foreign Body\": 0.8807682991027832,\n        \"Lymphangiectasia\": 0.8572216629981995,\n        \"Normal\": 0.9949002265930176,\n        \"Polyp\": 0.687080979347229,\n        \"Ulcer\": 0.9855642318725586,\n        \"Worms\": 0.9951298832893372\n    },\n    \"mean_average_precision\": 0.8232946395874023,\n    \"mean_f1_score\": 0.7292048335075378,\n    \"mean_specificity\": 0.982885479927063,\n    \"mean_sensitivity\": 0.8224315643310547,\n    \"balanced_accuracy\": 0.8224315643310547\n}"
}