{
    "epoch": 19,
    "train_metrics": "{\n    \"Angioectasia\": {\n        \"precision\": 0.935782253742218,\n        \"recall\": 0.9175952076911926,\n        \"f1-score\": 0.9265995025634766,\n        \"specificity\": 0.9927995800971985\n    },\n    \"Bleeding\": {\n        \"precision\": 0.9445903301239014,\n        \"recall\": 0.957412838935852,\n        \"f1-score\": 0.9509583711624146,\n        \"specificity\": 0.9937666058540344\n    },\n    \"Erosion\": {\n        \"precision\": 0.817986011505127,\n        \"recall\": 0.8199729919433594,\n        \"f1-score\": 0.8189783096313477,\n        \"specificity\": 0.9800601601600647\n    },\n    \"Erythema\": {\n        \"precision\": 0.8875554203987122,\n        \"recall\": 0.9050279259681702,\n        \"f1-score\": 0.8962065577507019,\n        \"specificity\": 0.9872666001319885\n    },\n    \"Foreign Body\": {\n        \"precision\": 0.9678725600242615,\n        \"recall\": 0.9554904103279114,\n        \"f1-score\": 0.9616416096687317,\n        \"specificity\": 0.9964849948883057\n    },\n    \"Lymphangiectasia\": {\n        \"precision\": 0.9669399857521057,\n        \"recall\": 0.9610936045646667,\n        \"f1-score\": 0.9640079140663147,\n        \"specificity\": 0.9963021278381348\n    },\n    \"Normal\": {\n        \"precision\": 0.9300194382667542,\n        \"recall\": 0.9090662598609924,\n        \"f1-score\": 0.9194234609603882,\n        \"specificity\": 0.9925714135169983\n    },\n    \"Polyp\": {\n        \"precision\": 0.8953909873962402,\n        \"recall\": 0.9194363355636597,\n        \"f1-score\": 0.9072543382644653,\n        \"specificity\": 0.9880635738372803\n    },\n    \"Ulcer\": {\n        \"precision\": 0.9919957518577576,\n        \"recall\": 0.9914666414260864,\n        \"f1-score\": 0.9917311072349548,\n        \"specificity\": 0.999113917350769\n    },\n    \"Worms\": {\n        \"precision\": 0.9970837831497192,\n        \"recall\": 0.9960275292396545,\n        \"f1-score\": 0.9965553879737854,\n        \"specificity\": 0.9996748566627502\n    },\n    \"macro avg\": {\n        \"precision\": 0.9335216879844666,\n        \"recall\": 0.9332590103149414,\n        \"f1-score\": 0.9333357214927673,\n        \"specificity\": 0.9926103949546814\n    },\n    \"accuracy\": 0.933469831943512,\n    \"auc_roc_scores\": {\n        \"Angioectasia\": 0.9970797896385193,\n        \"Bleeding\": 0.9988133311271667,\n        \"Erosion\": 0.9850099086761475,\n        \"Erythema\": 0.9955735206604004,\n        \"Foreign Body\": 0.9991129040718079,\n        \"Lymphangiectasia\": 0.9991014003753662,\n        \"Normal\": 0.9941110610961914,\n        \"Polyp\": 0.9958771467208862,\n        \"Ulcer\": 0.9999231696128845,\n        \"Worms\": 0.9999933838844299\n    },\n    \"mean_auc\": 0.9964596033096313,\n    \"average_precision_scores\": {\n        \"Angioectasia\": 0.979735255241394,\n        \"Bleeding\": 0.9900351762771606,\n        \"Erosion\": 0.9018242955207825,\n        \"Erythema\": 0.9621515870094299,\n        \"Foreign Body\": 0.9937957525253296,\n        \"Lymphangiectasia\": 0.9937692284584045,\n        \"Normal\": 0.9701926708221436,\n        \"Polyp\": 0.9692161083221436,\n        \"Ulcer\": 0.9994852542877197,\n        \"Worms\": 0.9999405145645142\n    },\n    \"mean_average_precision\": 0.9760146141052246,\n    \"mean_f1_score\": 0.9333357214927673,\n    \"mean_specificity\": 0.9926103949546814,\n    \"mean_sensitivity\": 0.9332590103149414,\n    \"balanced_accuracy\": 0.9332590103149414\n}",
    "test_metrics": "{\n    \"Angioectasia\": {\n        \"precision\": 0.5852187275886536,\n        \"recall\": 0.7806841135025024,\n        \"f1-score\": 0.6689655184745789,\n        \"specificity\": 0.98241126537323\n    },\n    \"Bleeding\": {\n        \"precision\": 0.7268408536911011,\n        \"recall\": 0.8523676991462708,\n        \"f1-score\": 0.7846153974533081,\n        \"specificity\": 0.9927090406417847\n    },\n    \"Erosion\": {\n        \"precision\": 0.5457025766372681,\n        \"recall\": 0.6926407217979431,\n        \"f1-score\": 0.6104540228843689,\n        \"specificity\": 0.9555318355560303\n    },\n    \"Erythema\": {\n        \"precision\": 0.42206233739852905,\n        \"recall\": 0.5925925970077515,\n        \"f1-score\": 0.4929971992969513,\n        \"specificity\": 0.9847805500030518\n    },\n    \"Foreign Body\": {\n        \"precision\": 0.7139480113983154,\n        \"recall\": 0.8882352709770203,\n        \"f1-score\": 0.7916120290756226,\n        \"specificity\": 0.9923378825187683\n    },\n    \"Lymphangiectasia\": {\n        \"precision\": 0.6535087823867798,\n        \"recall\": 0.8688046932220459,\n        \"f1-score\": 0.745932400226593,\n        \"specificity\": 0.9899930357933044\n    },\n    \"Normal\": {\n        \"precision\": 0.9906542301177979,\n        \"recall\": 0.9058354496955872,\n        \"f1-score\": 0.9463480710983276,\n        \"specificity\": 0.9726918339729309\n    },\n    \"Polyp\": {\n        \"precision\": 0.5411585569381714,\n        \"recall\": 0.7099999785423279,\n        \"f1-score\": 0.6141868233680725,\n        \"specificity\": 0.9807446002960205\n    },\n    \"Ulcer\": {\n        \"precision\": 0.8769716024398804,\n        \"recall\": 0.9720279574394226,\n        \"f1-score\": 0.9220563769340515,\n        \"specificity\": 0.9975388050079346\n    },\n    \"Worms\": {\n        \"precision\": 0.8589743375778198,\n        \"recall\": 0.9852941036224365,\n        \"f1-score\": 0.9178082346916199,\n        \"specificity\": 0.9993152618408203\n    },\n    \"macro avg\": {\n        \"precision\": 0.6915040016174316,\n        \"recall\": 0.8248482942581177,\n        \"f1-score\": 0.7494975924491882,\n        \"specificity\": 0.9848054051399231\n    },\n    \"accuracy\": 0.8740391731262207,\n    \"auc_roc_scores\": {\n        \"Angioectasia\": 0.9740333557128906,\n        \"Bleeding\": 0.9893448352813721,\n        \"Erosion\": 0.9449626207351685,\n        \"Erythema\": 0.961444616317749,\n        \"Foreign Body\": 0.9882773756980896,\n        \"Lymphangiectasia\": 0.985278308391571,\n        \"Normal\": 0.9880291819572449,\n        \"Polyp\": 0.9721401929855347,\n        \"Ulcer\": 0.999629020690918,\n        \"Worms\": 0.9999542236328125\n    },\n    \"mean_auc\": 0.9803093075752258,\n    \"average_precision_scores\": {\n        \"Angioectasia\": 0.8022497892379761,\n        \"Bleeding\": 0.8548784255981445,\n        \"Erosion\": 0.6886803507804871,\n        \"Erythema\": 0.5380809307098389,\n        \"Foreign Body\": 0.8929299116134644,\n        \"Lymphangiectasia\": 0.8656659126281738,\n        \"Normal\": 0.9962882995605469,\n        \"Polyp\": 0.7050283551216125,\n        \"Ulcer\": 0.9863476753234863,\n        \"Worms\": 0.9909206032752991\n    },\n    \"mean_average_precision\": 0.8321070075035095,\n    \"mean_f1_score\": 0.7494975924491882,\n    \"mean_specificity\": 0.9848054051399231,\n    \"mean_sensitivity\": 0.8248482942581177,\n    \"balanced_accuracy\": 0.8248482942581177\n}"
}