{
    "epoch": 4,
    "train_metrics": "{\n    \"Angioectasia\": {\n        \"precision\": 0.8129717707633972,\n        \"recall\": 0.7652631402015686,\n        \"f1-score\": 0.7883963584899902,\n        \"specificity\": 0.9802111983299255\n    },\n    \"Bleeding\": {\n        \"precision\": 0.8639896512031555,\n        \"recall\": 0.8696219325065613,\n        \"f1-score\": 0.866796612739563,\n        \"specificity\": 0.9844545722007751\n    },\n    \"Erosion\": {\n        \"precision\": 0.5512071251869202,\n        \"recall\": 0.571692168712616,\n        \"f1-score\": 0.5612627863883972,\n        \"specificity\": 0.9477715492248535\n    },\n    \"Erythema\": {\n        \"precision\": 0.6643174290657043,\n        \"recall\": 0.6828548312187195,\n        \"f1-score\": 0.6734585762023926,\n        \"specificity\": 0.962042510509491\n    },\n    \"Foreign Body\": {\n        \"precision\": 0.9085947871208191,\n        \"recall\": 0.8944399952888489,\n        \"f1-score\": 0.9014618396759033,\n        \"specificity\": 0.9901133179664612\n    },\n    \"Lymphangiectasia\": {\n        \"precision\": 0.9172453880310059,\n        \"recall\": 0.8825166821479797,\n        \"f1-score\": 0.8995459675788879,\n        \"specificity\": 0.9915919303894043\n    },\n    \"Normal\": {\n        \"precision\": 0.8221797347068787,\n        \"recall\": 0.7904411554336548,\n        \"f1-score\": 0.8059981465339661,\n        \"specificity\": 0.9807390570640564\n    },\n    \"Polyp\": {\n        \"precision\": 0.705377459526062,\n        \"recall\": 0.7514792680740356,\n        \"f1-score\": 0.7276989221572876,\n        \"specificity\": 0.9655640721321106\n    },\n    \"Ulcer\": {\n        \"precision\": 0.9610592126846313,\n        \"recall\": 0.9680962562561035,\n        \"f1-score\": 0.964564859867096,\n        \"specificity\": 0.9955598711967468\n    },\n    \"Worms\": {\n        \"precision\": 0.9818850159645081,\n        \"recall\": 0.9878499507904053,\n        \"f1-score\": 0.9848584532737732,\n        \"specificity\": 0.9979598522186279\n    },\n    \"macro avg\": {\n        \"precision\": 0.8188827633857727,\n        \"recall\": 0.8164255023002625,\n        \"f1-score\": 0.8174042105674744,\n        \"specificity\": 0.9796008467674255\n    },\n    \"accuracy\": 0.8164171576499939,\n    \"auc_roc_scores\": {\n        \"Angioectasia\": 0.9742187261581421,\n        \"Bleeding\": 0.9912992119789124,\n        \"Erosion\": 0.9239605665206909,\n        \"Erythema\": 0.9614231586456299,\n        \"Foreign Body\": 0.9937335848808289,\n        \"Lymphangiectasia\": 0.9910101890563965,\n        \"Normal\": 0.9731252193450928,\n        \"Polyp\": 0.971060574054718,\n        \"Ulcer\": 0.9988648295402527,\n        \"Worms\": 0.9998790621757507\n    },\n    \"mean_auc\": 0.9778575301170349,\n    \"average_precision_scores\": {\n        \"Angioectasia\": 0.8804709911346436,\n        \"Bleeding\": 0.9431613683700562,\n        \"Erosion\": 0.6132717132568359,\n        \"Erythema\": 0.743190586566925,\n        \"Foreign Body\": 0.9632449746131897,\n        \"Lymphangiectasia\": 0.9524698853492737,\n        \"Normal\": 0.8780019283294678,\n        \"Polyp\": 0.8077023029327393,\n        \"Ulcer\": 0.9932353496551514,\n        \"Worms\": 0.9989410638809204\n    },\n    \"mean_average_precision\": 0.8773689270019531,\n    \"mean_f1_score\": 0.8174042105674744,\n    \"mean_specificity\": 0.9796008467674255,\n    \"mean_sensitivity\": 0.8164255023002625,\n    \"balanced_accuracy\": 0.8164255023002625\n}",
    "test_metrics": "{\n    \"Angioectasia\": {\n        \"precision\": 0.35033684968948364,\n        \"recall\": 0.7323943376541138,\n        \"f1-score\": 0.4739583432674408,\n        \"specificity\": 0.9568276405334473\n    },\n    \"Bleeding\": {\n        \"precision\": 0.5296052694320679,\n        \"recall\": 0.8969359397888184,\n        \"f1-score\": 0.6659772396087646,\n        \"specificity\": 0.9818677306175232\n    },\n    \"Erosion\": {\n        \"precision\": 0.443708598613739,\n        \"recall\": 0.5800865888595581,\n        \"f1-score\": 0.5028142333030701,\n        \"specificity\": 0.943913996219635\n    },\n    \"Erythema\": {\n        \"precision\": 0.28226950764656067,\n        \"recall\": 0.6700336933135986,\n        \"f1-score\": 0.3972055912017822,\n        \"specificity\": 0.9680454730987549\n    },\n    \"Foreign Body\": {\n        \"precision\": 0.49751242995262146,\n        \"recall\": 0.8823529481887817,\n        \"f1-score\": 0.6362672448158264,\n        \"specificity\": 0.9808130860328674\n    },\n    \"Lymphangiectasia\": {\n        \"precision\": 0.5909090638160706,\n        \"recall\": 0.8717201352119446,\n        \"f1-score\": 0.7043580412864685,\n        \"specificity\": 0.9868896007537842\n    },\n    \"Normal\": {\n        \"precision\": 0.9879697561264038,\n        \"recall\": 0.8087409734725952,\n        \"f1-score\": 0.889415979385376,\n        \"specificity\": 0.968530535697937\n    },\n    \"Polyp\": {\n        \"precision\": 0.4738415479660034,\n        \"recall\": 0.6340000033378601,\n        \"f1-score\": 0.5423438549041748,\n        \"specificity\": 0.9774820804595947\n    },\n    \"Ulcer\": {\n        \"precision\": 0.8138138055801392,\n        \"recall\": 0.9475524425506592,\n        \"f1-score\": 0.8756058216094971,\n        \"specificity\": 0.9960873126983643\n    },\n    \"Worms\": {\n        \"precision\": 0.6732673048973083,\n        \"recall\": 1.0,\n        \"f1-score\": 0.8047337532043457,\n        \"specificity\": 0.9979457259178162\n    },\n    \"macro avg\": {\n        \"precision\": 0.5643234252929688,\n        \"recall\": 0.802381694316864,\n        \"f1-score\": 0.6492680907249451,\n        \"specificity\": 0.9758402705192566\n    },\n    \"accuracy\": 0.7901685833930969,\n    \"auc_roc_scores\": {\n        \"Angioectasia\": 0.9372401237487793,\n        \"Bleeding\": 0.9865522384643555,\n        \"Erosion\": 0.912419319152832,\n        \"Erythema\": 0.9612493515014648,\n        \"Foreign Body\": 0.9850735068321228,\n        \"Lymphangiectasia\": 0.9797515869140625,\n        \"Normal\": 0.972986102104187,\n        \"Polyp\": 0.9650593996047974,\n        \"Ulcer\": 0.9968141317367554,\n        \"Worms\": 0.9999176263809204\n    },\n    \"mean_auc\": 0.9697063565254211,\n    \"average_precision_scores\": {\n        \"Angioectasia\": 0.6866349577903748,\n        \"Bleeding\": 0.8492258787155151,\n        \"Erosion\": 0.5620221495628357,\n        \"Erythema\": 0.4475226402282715,\n        \"Foreign Body\": 0.8572683334350586,\n        \"Lymphangiectasia\": 0.8397129774093628,\n        \"Normal\": 0.991080105304718,\n        \"Polyp\": 0.6212623119354248,\n        \"Ulcer\": 0.9581896066665649,\n        \"Worms\": 0.9814589023590088\n    },\n    \"mean_average_precision\": 0.779437780380249,\n    \"mean_f1_score\": 0.6492680907249451,\n    \"mean_specificity\": 0.9758402705192566,\n    \"mean_sensitivity\": 0.802381694316864,\n    \"balanced_accuracy\": 0.802381694316864\n}"
}