{
    "epoch": 14,
    "train_metrics": "{\n    \"Angioectasia\": {\n        \"precision\": 0.9213272929191589,\n        \"recall\": 0.9094030857086182,\n        \"f1-score\": 0.9153263568878174,\n        \"specificity\": 0.9913071990013123\n    },\n    \"Bleeding\": {\n        \"precision\": 0.9420251846313477,\n        \"recall\": 0.9507545828819275,\n        \"f1-score\": 0.9463697671890259,\n        \"specificity\": 0.9934673309326172\n    },\n    \"Erosion\": {\n        \"precision\": 0.795199990272522,\n        \"recall\": 0.7926634550094604,\n        \"f1-score\": 0.7939296960830688,\n        \"specificity\": 0.9773083329200745\n    },\n    \"Erythema\": {\n        \"precision\": 0.8726572394371033,\n        \"recall\": 0.889324963092804,\n        \"f1-score\": 0.8809122443199158,\n        \"specificity\": 0.9853188991546631\n    },\n    \"Foreign Body\": {\n        \"precision\": 0.9628674387931824,\n        \"recall\": 0.9606380462646484,\n        \"f1-score\": 0.9617514610290527,\n        \"specificity\": 0.9957295656204224\n    },\n    \"Lymphangiectasia\": {\n        \"precision\": 0.9675938487052917,\n        \"recall\": 0.9559765458106995,\n        \"f1-score\": 0.9617500901222229,\n        \"specificity\": 0.9964559078216553\n    },\n    \"Normal\": {\n        \"precision\": 0.9260700345039368,\n        \"recall\": 0.9000540375709534,\n        \"f1-score\": 0.9128767251968384,\n        \"specificity\": 0.9921545386314392\n    },\n    \"Polyp\": {\n        \"precision\": 0.8806638717651367,\n        \"recall\": 0.9040021896362305,\n        \"f1-score\": 0.8921803832054138,\n        \"specificity\": 0.9866406917572021\n    },\n    \"Ulcer\": {\n        \"precision\": 0.9872386455535889,\n        \"recall\": 0.9912759065628052,\n        \"f1-score\": 0.9892531633377075,\n        \"specificity\": 0.9986151456832886\n    },\n    \"Worms\": {\n        \"precision\": 0.9970705509185791,\n        \"recall\": 0.9965397715568542,\n        \"f1-score\": 0.9968051314353943,\n        \"specificity\": 0.9996750354766846\n    },\n    \"macro avg\": {\n        \"precision\": 0.9252714514732361,\n        \"recall\": 0.9250632524490356,\n        \"f1-score\": 0.9251155257225037,\n        \"specificity\": 0.9916672706604004\n    },\n    \"accuracy\": 0.9250139594078064,\n    \"auc_roc_scores\": {\n        \"Angioectasia\": 0.9963324666023254,\n        \"Bleeding\": 0.9984441995620728,\n        \"Erosion\": 0.9811038970947266,\n        \"Erythema\": 0.993691086769104,\n        \"Foreign Body\": 0.9990599155426025,\n        \"Lymphangiectasia\": 0.9990106821060181,\n        \"Normal\": 0.9935088157653809,\n        \"Polyp\": 0.9950668811798096,\n        \"Ulcer\": 0.9998243451118469,\n        \"Worms\": 0.9999870657920837\n    },\n    \"mean_auc\": 0.9956029057502747,\n    \"average_precision_scores\": {\n        \"Angioectasia\": 0.9752107262611389,\n        \"Bleeding\": 0.9877352714538574,\n        \"Erosion\": 0.8806781768798828,\n        \"Erythema\": 0.9491527676582336,\n        \"Foreign Body\": 0.993561327457428,\n        \"Lymphangiectasia\": 0.9934099912643433,\n        \"Normal\": 0.9662774801254272,\n        \"Polyp\": 0.9595091342926025,\n        \"Ulcer\": 0.9990384578704834,\n        \"Worms\": 0.9998838305473328\n    },\n    \"mean_average_precision\": 0.9704457521438599,\n    \"mean_f1_score\": 0.9251155257225037,\n    \"mean_specificity\": 0.9916672706604004,\n    \"mean_sensitivity\": 0.9250632524490356,\n    \"balanced_accuracy\": 0.9250632524490356\n}",
    "test_metrics": "{\n    \"Angioectasia\": {\n        \"precision\": 0.5887573957443237,\n        \"recall\": 0.800804853439331,\n        \"f1-score\": 0.678601861000061,\n        \"specificity\": 0.982219398021698\n    },\n    \"Bleeding\": {\n        \"precision\": 0.7432098984718323,\n        \"recall\": 0.8384401202201843,\n        \"f1-score\": 0.7879580855369568,\n        \"specificity\": 0.9934064745903015\n    },\n    \"Erosion\": {\n        \"precision\": 0.5489614009857178,\n        \"recall\": 0.6406926512718201,\n        \"f1-score\": 0.5912904739379883,\n        \"specificity\": 0.9594044089317322\n    },\n    \"Erythema\": {\n        \"precision\": 0.35315313935279846,\n        \"recall\": 0.6599326729774475,\n        \"f1-score\": 0.4600938856601715,\n        \"specificity\": 0.9773287177085876\n    },\n    \"Foreign Body\": {\n        \"precision\": 0.6981566548347473,\n        \"recall\": 0.8911764621734619,\n        \"f1-score\": 0.7829457521438599,\n        \"specificity\": 0.9917046427726746\n    },\n    \"Lymphangiectasia\": {\n        \"precision\": 0.6303418874740601,\n        \"recall\": 0.8600583076477051,\n        \"f1-score\": 0.7274969220161438,\n        \"specificity\": 0.9890429973602295\n    },\n    \"Normal\": {\n        \"precision\": 0.9920842051506042,\n        \"recall\": 0.897615373134613,\n        \"f1-score\": 0.9424884915351868,\n        \"specificity\": 0.9771131277084351\n    },\n    \"Polyp\": {\n        \"precision\": 0.4993215799331665,\n        \"recall\": 0.7360000014305115,\n        \"f1-score\": 0.5949878692626953,\n        \"specificity\": 0.9763945937156677\n    },\n    \"Ulcer\": {\n        \"precision\": 0.8942307829856873,\n        \"recall\": 0.9755244851112366,\n        \"f1-score\": 0.9331103563308716,\n        \"specificity\": 0.9979174733161926\n    },\n    \"Worms\": {\n        \"precision\": 0.8500000238418579,\n        \"recall\": 1.0,\n        \"f1-score\": 0.9189189076423645,\n        \"specificity\": 0.99925297498703\n    },\n    \"macro avg\": {\n        \"precision\": 0.6798216700553894,\n        \"recall\": 0.8300245404243469,\n        \"f1-score\": 0.7417892813682556,\n        \"specificity\": 0.9843785166740417\n    },\n    \"accuracy\": 0.8664146065711975,\n    \"auc_roc_scores\": {\n        \"Angioectasia\": 0.9773825407028198,\n        \"Bleeding\": 0.9886114597320557,\n        \"Erosion\": 0.9394440054893494,\n        \"Erythema\": 0.9640092849731445,\n        \"Foreign Body\": 0.9916821718215942,\n        \"Lymphangiectasia\": 0.9848551750183105,\n        \"Normal\": 0.987338662147522,\n        \"Polyp\": 0.9764310121536255,\n        \"Ulcer\": 0.9990686178207397,\n        \"Worms\": 0.9999762177467346\n    },\n    \"mean_auc\": 0.9808799624443054,\n    \"average_precision_scores\": {\n        \"Angioectasia\": 0.8094050884246826,\n        \"Bleeding\": 0.862466037273407,\n        \"Erosion\": 0.6690928936004639,\n        \"Erythema\": 0.5201581716537476,\n        \"Foreign Body\": 0.9005324840545654,\n        \"Lymphangiectasia\": 0.8741822242736816,\n        \"Normal\": 0.996107816696167,\n        \"Polyp\": 0.6924324631690979,\n        \"Ulcer\": 0.9838590621948242,\n        \"Worms\": 0.9946718215942383\n    },\n    \"mean_average_precision\": 0.8302907943725586,\n    \"mean_f1_score\": 0.7417892813682556,\n    \"mean_specificity\": 0.9843785166740417,\n    \"mean_sensitivity\": 0.8300245404243469,\n    \"balanced_accuracy\": 0.8300245404243469\n}"
}