{
    "epoch": 9,
    "train_metrics": "{\n    \"Angioectasia\": {\n        \"precision\": 0.8899405002593994,\n        \"recall\": 0.8801818490028381,\n        \"f1-score\": 0.8850342631340027,\n        \"specificity\": 0.9879827499389648\n    },\n    \"Bleeding\": {\n        \"precision\": 0.9190489053726196,\n        \"recall\": 0.929729700088501,\n        \"f1-score\": 0.9243584871292114,\n        \"specificity\": 0.9910637736320496\n    },\n    \"Erosion\": {\n        \"precision\": 0.7323831915855408,\n        \"recall\": 0.7281553149223328,\n        \"f1-score\": 0.7302631735801697,\n        \"specificity\": 0.969996452331543\n    },\n    \"Erythema\": {\n        \"precision\": 0.8228924870491028,\n        \"recall\": 0.8364779949188232,\n        \"f1-score\": 0.8296296000480652,\n        \"specificity\": 0.9796691536903381\n    },\n    \"Foreign Body\": {\n        \"precision\": 0.9446842670440674,\n        \"recall\": 0.93986576795578,\n        \"f1-score\": 0.9422688484191895,\n        \"specificity\": 0.9939495921134949\n    },\n    \"Lymphangiectasia\": {\n        \"precision\": 0.9500800967216492,\n        \"recall\": 0.9373189210891724,\n        \"f1-score\": 0.9436563849449158,\n        \"specificity\": 0.9944691061973572\n    },\n    \"Normal\": {\n        \"precision\": 0.8986061811447144,\n        \"recall\": 0.8659468293190002,\n        \"f1-score\": 0.8819742202758789,\n        \"specificity\": 0.9890269041061401\n    },\n    \"Polyp\": {\n        \"precision\": 0.8246906995773315,\n        \"recall\": 0.858826756477356,\n        \"f1-score\": 0.8414126634597778,\n        \"specificity\": 0.9803881049156189\n    },\n    \"Ulcer\": {\n        \"precision\": 0.9848840236663818,\n        \"recall\": 0.9874575138092041,\n        \"f1-score\": 0.9861690998077393,\n        \"specificity\": 0.9982830286026001\n    },\n    \"Worms\": {\n        \"precision\": 0.9920021295547485,\n        \"recall\": 0.9930611252784729,\n        \"f1-score\": 0.9925313591957092,\n        \"specificity\": 0.9991139769554138\n    },\n    \"macro avg\": {\n        \"precision\": 0.8959212303161621,\n        \"recall\": 0.8957021832466125,\n        \"f1-score\": 0.8957298398017883,\n        \"specificity\": 0.9883943796157837\n    },\n    \"accuracy\": 0.8955513834953308,\n    \"auc_roc_scores\": {\n        \"Angioectasia\": 0.9930820465087891,\n        \"Bleeding\": 0.9971942901611328,\n        \"Erosion\": 0.9677938222885132,\n        \"Erythema\": 0.9880596399307251,\n        \"Foreign Body\": 0.9980649948120117,\n        \"Lymphangiectasia\": 0.9975804090499878,\n        \"Normal\": 0.9885417222976685,\n        \"Polyp\": 0.9896005392074585,\n        \"Ulcer\": 0.9997628927230835,\n        \"Worms\": 0.9999688863754272\n    },\n    \"mean_auc\": 0.9919649362564087,\n    \"average_precision_scores\": {\n        \"Angioectasia\": 0.9566130638122559,\n        \"Bleeding\": 0.9780175685882568,\n        \"Erosion\": 0.819984495639801,\n        \"Erythema\": 0.9076133370399475,\n        \"Foreign Body\": 0.9862290024757385,\n        \"Lymphangiectasia\": 0.9849280118942261,\n        \"Normal\": 0.9470130801200867,\n        \"Polyp\": 0.9216935634613037,\n        \"Ulcer\": 0.9984945058822632,\n        \"Worms\": 0.9997220039367676\n    },\n    \"mean_average_precision\": 0.9500309228897095,\n    \"mean_f1_score\": 0.8957298398017883,\n    \"mean_specificity\": 0.9883943796157837,\n    \"mean_sensitivity\": 0.8957021832466125,\n    \"balanced_accuracy\": 0.8957021832466125\n}",
    "test_metrics": "{\n    \"Angioectasia\": {\n        \"precision\": 0.5409153699874878,\n        \"recall\": 0.7847082614898682,\n        \"f1-score\": 0.6403940916061401,\n        \"specificity\": 0.978829562664032\n    },\n    \"Bleeding\": {\n        \"precision\": 0.6416666507720947,\n        \"recall\": 0.8579387068748474,\n        \"f1-score\": 0.7342073917388916,\n        \"specificity\": 0.9890952706336975\n    },\n    \"Erosion\": {\n        \"precision\": 0.5797101259231567,\n        \"recall\": 0.6233766078948975,\n        \"f1-score\": 0.6007509231567383,\n        \"specificity\": 0.965146541595459\n    },\n    \"Erythema\": {\n        \"precision\": 0.39553752541542053,\n        \"recall\": 0.6565656661987305,\n        \"f1-score\": 0.49367088079452515,\n        \"specificity\": 0.9811809062957764\n    },\n    \"Foreign Body\": {\n        \"precision\": 0.6307054162025452,\n        \"recall\": 0.8941176533699036,\n        \"f1-score\": 0.7396593689918518,\n        \"specificity\": 0.9887284636497498\n    },\n    \"Lymphangiectasia\": {\n        \"precision\": 0.7321867346763611,\n        \"recall\": 0.8688046932220459,\n        \"f1-score\": 0.7946666479110718,\n        \"specificity\": 0.9930964708328247\n    },\n    \"Normal\": {\n        \"precision\": 0.9907265901565552,\n        \"recall\": 0.8955807089805603,\n        \"f1-score\": 0.9407540559768677,\n        \"specificity\": 0.973211944103241\n    },\n    \"Polyp\": {\n        \"precision\": 0.44818976521492004,\n        \"recall\": 0.7179999947547913,\n        \"f1-score\": 0.5518831610679626,\n        \"specificity\": 0.9717246890068054\n    },\n    \"Ulcer\": {\n        \"precision\": 0.8863636255264282,\n        \"recall\": 0.9545454382896423,\n        \"f1-score\": 0.9191918969154358,\n        \"specificity\": 0.9977912306785583\n    },\n    \"Worms\": {\n        \"precision\": 0.7472527623176575,\n        \"recall\": 1.0,\n        \"f1-score\": 0.8553459048271179,\n        \"specificity\": 0.9985682368278503\n    },\n    \"macro avg\": {\n        \"precision\": 0.6593254208564758,\n        \"recall\": 0.8253637552261353,\n        \"f1-score\": 0.7270524501800537,\n        \"specificity\": 0.9837374091148376\n    },\n    \"accuracy\": 0.862819254398346,\n    \"auc_roc_scores\": {\n        \"Angioectasia\": 0.9706224203109741,\n        \"Bleeding\": 0.9903825521469116,\n        \"Erosion\": 0.9401240348815918,\n        \"Erythema\": 0.9717129468917847,\n        \"Foreign Body\": 0.9884340167045593,\n        \"Lymphangiectasia\": 0.9857298135757446,\n        \"Normal\": 0.984159529209137,\n        \"Polyp\": 0.9727938771247864,\n        \"Ulcer\": 0.999376654624939,\n        \"Worms\": 0.9999706745147705\n    },\n    \"mean_auc\": 0.9803306460380554,\n    \"average_precision_scores\": {\n        \"Angioectasia\": 0.7760699987411499,\n        \"Bleeding\": 0.8541063070297241,\n        \"Erosion\": 0.6772344708442688,\n        \"Erythema\": 0.5479992032051086,\n        \"Foreign Body\": 0.896881103515625,\n        \"Lymphangiectasia\": 0.8843198418617249,\n        \"Normal\": 0.9950656890869141,\n        \"Polyp\": 0.6192638874053955,\n        \"Ulcer\": 0.9805459380149841,\n        \"Worms\": 0.9938026666641235\n    },\n    \"mean_average_precision\": 0.8225289583206177,\n    \"mean_f1_score\": 0.7270524501800537,\n    \"mean_specificity\": 0.9837374091148376,\n    \"mean_sensitivity\": 0.8253637552261353,\n    \"balanced_accuracy\": 0.8253637552261353\n}"
}