{
    "epoch": 11,
    "train_metrics": "{\n    \"Angioectasia\": {\n        \"precision\": 0.9061903357505798,\n        \"recall\": 0.8892159461975098,\n        \"f1-score\": 0.8976228833198547,\n        \"specificity\": 0.9898435473442078\n    },\n    \"Bleeding\": {\n        \"precision\": 0.9292011857032776,\n        \"recall\": 0.9389848709106445,\n        \"f1-score\": 0.93406742811203,\n        \"specificity\": 0.9921835660934448\n    },\n    \"Erosion\": {\n        \"precision\": 0.7570621371269226,\n        \"recall\": 0.7524064183235168,\n        \"f1-score\": 0.7547271251678467,\n        \"specificity\": 0.9733368754386902\n    },\n    \"Erythema\": {\n        \"precision\": 0.8450524210929871,\n        \"recall\": 0.8609012961387634,\n        \"f1-score\": 0.8529032468795776,\n        \"specificity\": 0.9820539951324463\n    },\n    \"Foreign Body\": {\n        \"precision\": 0.949959397315979,\n        \"recall\": 0.9445938467979431,\n        \"f1-score\": 0.9472690224647522,\n        \"specificity\": 0.9945409893989563\n    },\n    \"Lymphangiectasia\": {\n        \"precision\": 0.9546334743499756,\n        \"recall\": 0.9408397078514099,\n        \"f1-score\": 0.9476863741874695,\n        \"specificity\": 0.9951677918434143\n    },\n    \"Normal\": {\n        \"precision\": 0.9025232195854187,\n        \"recall\": 0.8851263523101807,\n        \"f1-score\": 0.8937401175498962,\n        \"specificity\": 0.9891317486763\n    },\n    \"Polyp\": {\n        \"precision\": 0.8554369807243347,\n        \"recall\": 0.8811829090118408,\n        \"f1-score\": 0.8681191205978394,\n        \"specificity\": 0.9831587076187134\n    },\n    \"Ulcer\": {\n        \"precision\": 0.9875397682189941,\n        \"recall\": 0.9885880947113037,\n        \"f1-score\": 0.988063633441925,\n        \"specificity\": 0.9986110925674438\n    },\n    \"Worms\": {\n        \"precision\": 0.9933932423591614,\n        \"recall\": 0.9962894320487976,\n        \"f1-score\": 0.9948392510414124,\n        \"specificity\": 0.9992610812187195\n    },\n    \"macro avg\": {\n        \"precision\": 0.9080992937088013,\n        \"recall\": 0.9078128933906555,\n        \"f1-score\": 0.9079038500785828,\n        \"specificity\": 0.9897289276123047\n    },\n    \"accuracy\": 0.907597005367279,\n    \"auc_roc_scores\": {\n        \"Angioectasia\": 0.9941370487213135,\n        \"Bleeding\": 0.9980884790420532,\n        \"Erosion\": 0.9741615653038025,\n        \"Erythema\": 0.9909415245056152,\n        \"Foreign Body\": 0.9982291460037231,\n        \"Lymphangiectasia\": 0.9982811212539673,\n        \"Normal\": 0.9914991855621338,\n        \"Polyp\": 0.9924649000167847,\n        \"Ulcer\": 0.9998645782470703,\n        \"Worms\": 0.999984622001648\n    },\n    \"mean_auc\": 0.9937652945518494,\n    \"average_precision_scores\": {\n        \"Angioectasia\": 0.9616682529449463,\n        \"Bleeding\": 0.9844183921813965,\n        \"Erosion\": 0.8458548784255981,\n        \"Erythema\": 0.9272489547729492,\n        \"Foreign Body\": 0.9882688522338867,\n        \"Lymphangiectasia\": 0.9881407022476196,\n        \"Normal\": 0.9576655030250549,\n        \"Polyp\": 0.945379376411438,\n        \"Ulcer\": 0.9989671111106873,\n        \"Worms\": 0.9998651742935181\n    },\n    \"mean_average_precision\": 0.9597477316856384,\n    \"mean_f1_score\": 0.9079038500785828,\n    \"mean_specificity\": 0.9897289276123047,\n    \"mean_sensitivity\": 0.9078128933906555,\n    \"balanced_accuracy\": 0.9078128933906555\n}",
    "test_metrics": "{\n    \"Angioectasia\": {\n        \"precision\": 0.5896656513214111,\n        \"recall\": 0.7806841135025024,\n        \"f1-score\": 0.671861469745636,\n        \"specificity\": 0.98273104429245\n    },\n    \"Bleeding\": {\n        \"precision\": 0.6990950107574463,\n        \"recall\": 0.8607242107391357,\n        \"f1-score\": 0.7715355753898621,\n        \"specificity\": 0.991567850112915\n    },\n    \"Erosion\": {\n        \"precision\": 0.5645282864570618,\n        \"recall\": 0.6476190686225891,\n        \"f1-score\": 0.603225827217102,\n        \"specificity\": 0.9614742398262024\n    },\n    \"Erythema\": {\n        \"precision\": 0.41075268387794495,\n        \"recall\": 0.6430976390838623,\n        \"f1-score\": 0.5013123154640198,\n        \"specificity\": 0.982696533203125\n    },\n    \"Foreign Body\": {\n        \"precision\": 0.7037037014961243,\n        \"recall\": 0.8941176533699036,\n        \"f1-score\": 0.787564754486084,\n        \"specificity\": 0.9918946027755737\n    },\n    \"Lymphangiectasia\": {\n        \"precision\": 0.6748878955841064,\n        \"recall\": 0.8775510191917419,\n        \"f1-score\": 0.7629911303520203,\n        \"specificity\": 0.9908164143562317\n    },\n    \"Normal\": {\n        \"precision\": 0.9868456125259399,\n        \"recall\": 0.909741997718811,\n        \"f1-score\": 0.9467265009880066,\n        \"specificity\": 0.9612483978271484\n    },\n    \"Polyp\": {\n        \"precision\": 0.5229358077049255,\n        \"recall\": 0.6840000152587891,\n        \"f1-score\": 0.5927209854125977,\n        \"specificity\": 0.980040967464447\n    },\n    \"Ulcer\": {\n        \"precision\": 0.9218240976333618,\n        \"recall\": 0.9895104765892029,\n        \"f1-score\": 0.9544687867164612,\n        \"specificity\": 0.9984854459762573\n    },\n    \"Worms\": {\n        \"precision\": 0.8815789222717285,\n        \"recall\": 0.9852941036224365,\n        \"f1-score\": 0.9305555820465088,\n        \"specificity\": 0.9994397163391113\n    },\n    \"macro avg\": {\n        \"precision\": 0.6955817937850952,\n        \"recall\": 0.8272340893745422,\n        \"f1-score\": 0.7522963285446167,\n        \"specificity\": 0.9840394854545593\n    },\n    \"accuracy\": 0.8747210502624512,\n    \"auc_roc_scores\": {\n        \"Angioectasia\": 0.9684616923332214,\n        \"Bleeding\": 0.9881919622421265,\n        \"Erosion\": 0.9482457041740417,\n        \"Erythema\": 0.9692356586456299,\n        \"Foreign Body\": 0.9891393184661865,\n        \"Lymphangiectasia\": 0.9874469637870789,\n        \"Normal\": 0.9848383069038391,\n        \"Polyp\": 0.9726209044456482,\n        \"Ulcer\": 0.9997837543487549,\n        \"Worms\": 0.9999496936798096\n    },\n    \"mean_auc\": 0.9807913899421692,\n    \"average_precision_scores\": {\n        \"Angioectasia\": 0.7875886559486389,\n        \"Bleeding\": 0.8567991256713867,\n        \"Erosion\": 0.6979117393493652,\n        \"Erythema\": 0.5631011128425598,\n        \"Foreign Body\": 0.8915968537330627,\n        \"Lymphangiectasia\": 0.8711516857147217,\n        \"Normal\": 0.9951417446136475,\n        \"Polyp\": 0.6752734184265137,\n        \"Ulcer\": 0.9908148646354675,\n        \"Worms\": 0.9911894202232361\n    },\n    \"mean_average_precision\": 0.8320568203926086,\n    \"mean_f1_score\": 0.7522963285446167,\n    \"mean_specificity\": 0.9840394854545593,\n    \"mean_sensitivity\": 0.8272340893745422,\n    \"balanced_accuracy\": 0.8272340893745422\n}"
}