{
    "Angioectasia": {
        "precision": 0.8672199249267578,
        "recall": 0.8410462737083435,
        "f1-score": 0.8539325594902039,
        "specificity": 0.9959065914154053
    },
    "Bleeding": {
        "precision": 0.8689458966255188,
        "recall": 0.8495821952819824,
        "f1-score": 0.8591549396514893,
        "specificity": 0.9970836043357849
    },
    "Erosion": {
        "precision": 0.8001729846000671,
        "recall": 0.8008658289909363,
        "f1-score": 0.8005192279815674,
        "specificity": 0.9845763444900513
    },
    "Erythema": {
        "precision": 0.6909090876579285,
        "recall": 0.6397306323051453,
        "f1-score": 0.6643356680870056,
        "specificity": 0.9946321249008179
    },
    "Foreign Body": {
        "precision": 0.8622589707374573,
        "recall": 0.9205882549285889,
        "f1-score": 0.8904694318771362,
        "specificity": 0.996833860874176
    },
    "Lymphangiectasia": {
        "precision": 0.8510638475418091,
        "recall": 0.9329445958137512,
        "f1-score": 0.8901251554489136,
        "specificity": 0.9964532256126404
    },
    "Normal": {
        "precision": 0.9816513657569885,
        "recall": 0.9840481877326965,
        "f1-score": 0.9828483462333679,
        "specificity": 0.9412223696708679
    },
    "Polyp": {
        "precision": 0.7770700454711914,
        "recall": 0.7319999933242798,
        "f1-score": 0.7538620233535767,
        "specificity": 0.9932830333709717
    },
    "Ulcer": {
        "precision": 0.9816176295280457,
        "recall": 0.9335664510726929,
        "f1-score": 0.9569892287254333,
        "specificity": 0.9996844530105591
    },
    "Worms": {
        "precision": 0.9855072498321533,
        "recall": 1.0,
        "f1-score": 0.9927007555961609,
        "specificity": 0.9999377727508545
    },
    "macro avg": {
        "precision": 0.866641640663147,
        "recall": 0.863437294960022,
        "f1-score": 0.864493727684021,
        "specificity": 0.9899613261222839
    },
    "accuracy": 0.9461318850517273,
    "auc_roc_scores": {
        "Angioectasia": 0.987118124961853,
        "Bleeding": 0.9854714870452881,
        "Erosion": 0.9848971366882324,
        "Erythema": 0.9891839623451233,
        "Foreign Body": 0.9885151386260986,
        "Lymphangiectasia": 0.9940540790557861,
        "Normal": 0.9960157871246338,
        "Polyp": 0.9857802391052246,
        "Ulcer": 0.997887909412384,
        "Worms": 0.9999945163726807
    },
    "mean_auc": 0.9908918142318726,
    "average_precision_scores": {
        "Angioectasia": 0.9045501351356506,
        "Bleeding": 0.9020779132843018,
        "Erosion": 0.8722904324531555,
        "Erythema": 0.7163441777229309,
        "Foreign Body": 0.9387128353118896,
        "Lymphangiectasia": 0.9464475512504578,
        "Normal": 0.9987960457801819,
        "Polyp": 0.8086738586425781,
        "Ulcer": 0.9672346711158752,
        "Worms": 0.9987329244613647
    },
    "mean_average_precision": 0.9053860902786255,
    "mean_f1_score": 0.864493727684021,
    "mean_specificity": 0.9899613261222839,
    "mean_sensitivity": 0.863437294960022,
    "balanced_accuracy": 0.863437294960022
}