{
    "epoch": 4,
    "train_metrics": "{\n    \"Angioectasia\": {\n        \"precision\": 0.9111227989196777,\n        \"recall\": 0.9035202264785767,\n        \"f1-score\": 0.9073055982589722,\n        \"specificity\": 0.9899917244911194\n    },\n    \"Bleeding\": {\n        \"precision\": 0.9378306865692139,\n        \"recall\": 0.9493840336799622,\n        \"f1-score\": 0.9435719847679138,\n        \"specificity\": 0.9930623173713684\n    },\n    \"Erosion\": {\n        \"precision\": 0.8092196583747864,\n        \"recall\": 0.7897018790245056,\n        \"f1-score\": 0.7993416786193848,\n        \"specificity\": 0.9797446727752686\n    },\n    \"Erythema\": {\n        \"precision\": 0.8766114115715027,\n        \"recall\": 0.8861702084541321,\n        \"f1-score\": 0.8813648819923401,\n        \"specificity\": 0.9861435294151306\n    },\n    \"Foreign Body\": {\n        \"precision\": 0.9564883708953857,\n        \"recall\": 0.9594351649284363,\n        \"f1-score\": 0.9579594731330872,\n        \"specificity\": 0.9949572682380676\n    },\n    \"Lymphangiectasia\": {\n        \"precision\": 0.9556558728218079,\n        \"recall\": 0.9536300897598267,\n        \"f1-score\": 0.9546419382095337,\n        \"specificity\": 0.9950640201568604\n    },\n    \"Normal\": {\n        \"precision\": 0.9232245683670044,\n        \"recall\": 0.9031652212142944,\n        \"f1-score\": 0.9130847454071045,\n        \"specificity\": 0.9917352795600891\n    },\n    \"Polyp\": {\n        \"precision\": 0.878164529800415,\n        \"recall\": 0.9061224460601807,\n        \"f1-score\": 0.8919244408607483,\n        \"specificity\": 0.9863845109939575\n    },\n    \"Ulcer\": {\n        \"precision\": 0.9860342741012573,\n        \"recall\": 0.9852554202079773,\n        \"f1-score\": 0.9856446981430054,\n        \"specificity\": 0.9984323978424072\n    },\n    \"Worms\": {\n        \"precision\": 0.9967698454856873,\n        \"recall\": 0.9959656000137329,\n        \"f1-score\": 0.9963675737380981,\n        \"specificity\": 0.9996458888053894\n    },\n    \"macro avg\": {\n        \"precision\": 0.9231122136116028,\n        \"recall\": 0.9232350587844849,\n        \"f1-score\": 0.9231206774711609,\n        \"specificity\": 0.99151611328125\n    },\n    \"accuracy\": 0.9236046671867371,\n    \"auc_roc_scores\": {\n        \"Angioectasia\": 0.9940189123153687,\n        \"Bleeding\": 0.9979729652404785,\n        \"Erosion\": 0.9806853532791138,\n        \"Erythema\": 0.9938229322433472,\n        \"Foreign Body\": 0.998877763748169,\n        \"Lymphangiectasia\": 0.9987480640411377,\n        \"Normal\": 0.9938294291496277,\n        \"Polyp\": 0.9947741627693176,\n        \"Ulcer\": 0.9998914003372192,\n        \"Worms\": 0.9999927282333374\n    },\n    \"mean_auc\": 0.9952613711357117,\n    \"average_precision_scores\": {\n        \"Angioectasia\": 0.9671430587768555,\n        \"Bleeding\": 0.9840400218963623,\n        \"Erosion\": 0.8824882507324219,\n        \"Erythema\": 0.9458062052726746,\n        \"Foreign Body\": 0.9926948547363281,\n        \"Lymphangiectasia\": 0.9908002614974976,\n        \"Normal\": 0.968244194984436,\n        \"Polyp\": 0.9568936824798584,\n        \"Ulcer\": 0.9990692138671875,\n        \"Worms\": 0.9999351501464844\n    },\n    \"mean_average_precision\": 0.9687114953994751,\n    \"mean_f1_score\": 0.9231206774711609,\n    \"mean_specificity\": 0.99151611328125,\n    \"mean_sensitivity\": 0.9232350587844849,\n    \"balanced_accuracy\": 0.9232350587844849\n}",
    "test_metrics": "{\n    \"Angioectasia\": {\n        \"precision\": 0.7243345975875854,\n        \"recall\": 0.7665995955467224,\n        \"f1-score\": 0.7448680400848389,\n        \"specificity\": 0.9907259345054626\n    },\n    \"Bleeding\": {\n        \"precision\": 0.756892204284668,\n        \"recall\": 0.8412256240844727,\n        \"f1-score\": 0.7968337535858154,\n        \"specificity\": 0.9938502311706543\n    },\n    \"Erosion\": {\n        \"precision\": 0.5957909822463989,\n        \"recall\": 0.7108225226402283,\n        \"f1-score\": 0.6482431888580322,\n        \"specificity\": 0.9628096222877502\n    },\n    \"Erythema\": {\n        \"precision\": 0.4213709533214569,\n        \"recall\": 0.7037037014961243,\n        \"f1-score\": 0.5271122455596924,\n        \"specificity\": 0.9818755984306335\n    },\n    \"Foreign Body\": {\n        \"precision\": 0.6852248311042786,\n        \"recall\": 0.9411764740943909,\n        \"f1-score\": 0.7930607199668884,\n        \"specificity\": 0.9906914830207825\n    },\n    \"Lymphangiectasia\": {\n        \"precision\": 0.8105849623680115,\n        \"recall\": 0.8483964800834656,\n        \"f1-score\": 0.8290598392486572,\n        \"specificity\": 0.9956932067871094\n    },\n    \"Normal\": {\n        \"precision\": 0.9932570457458496,\n        \"recall\": 0.9111256003379822,\n        \"f1-score\": 0.9504202604293823,\n        \"specificity\": 0.9802340865135193\n    },\n    \"Polyp\": {\n        \"precision\": 0.4595237970352173,\n        \"recall\": 0.7720000147819519,\n        \"f1-score\": 0.5761194229125977,\n        \"specificity\": 0.9709570407867432\n    },\n    \"Ulcer\": {\n        \"precision\": 0.9108911156654358,\n        \"recall\": 0.9650349617004395,\n        \"f1-score\": 0.9371816515922546,\n        \"specificity\": 0.9982960820198059\n    },\n    \"Worms\": {\n        \"precision\": 0.7204301357269287,\n        \"recall\": 0.9852941036224365,\n        \"f1-score\": 0.8322981595993042,\n        \"specificity\": 0.998381495475769\n    },\n    \"macro avg\": {\n        \"precision\": 0.7078301310539246,\n        \"recall\": 0.8445379137992859,\n        \"f1-score\": 0.7635197043418884,\n        \"specificity\": 0.9863514304161072\n    },\n    \"accuracy\": 0.883213460445404,\n    \"auc_roc_scores\": {\n        \"Angioectasia\": 0.9773429036140442,\n        \"Bleeding\": 0.9920991659164429,\n        \"Erosion\": 0.95830899477005,\n        \"Erythema\": 0.9794031381607056,\n        \"Foreign Body\": 0.9951909780502319,\n        \"Lymphangiectasia\": 0.9896025061607361,\n        \"Normal\": 0.9892358779907227,\n        \"Polyp\": 0.9789626598358154,\n        \"Ulcer\": 0.9963494539260864,\n        \"Worms\": 0.9998956918716431\n    },\n    \"mean_auc\": 0.985639214515686,\n    \"average_precision_scores\": {\n        \"Angioectasia\": 0.8303260803222656,\n        \"Bleeding\": 0.8878198862075806,\n        \"Erosion\": 0.7144345045089722,\n        \"Erythema\": 0.6321767568588257,\n        \"Foreign Body\": 0.9386935234069824,\n        \"Lymphangiectasia\": 0.8961138725280762,\n        \"Normal\": 0.9966949224472046,\n        \"Polyp\": 0.6845433712005615,\n        \"Ulcer\": 0.9624138474464417,\n        \"Worms\": 0.9842662811279297\n    },\n    \"mean_average_precision\": 0.8527483344078064,\n    \"mean_f1_score\": 0.7635197043418884,\n    \"mean_specificity\": 0.9863514304161072,\n    \"mean_sensitivity\": 0.8445379137992859,\n    \"balanced_accuracy\": 0.8445379137992859\n}"
}