{
    "epoch": 7,
    "train_metrics": "{\n    \"Angioectasia\": {\n        \"precision\": 0.9371368288993835,\n        \"recall\": 0.9329476952552795,\n        \"f1-score\": 0.9350375533103943,\n        \"specificity\": 0.9929594397544861\n    },\n    \"Bleeding\": {\n        \"precision\": 0.9488953948020935,\n        \"recall\": 0.9583333134651184,\n        \"f1-score\": 0.953590989112854,\n        \"specificity\": 0.9943341016769409\n    },\n    \"Erosion\": {\n        \"precision\": 0.8683127760887146,\n        \"recall\": 0.8494364023208618,\n        \"f1-score\": 0.8587708473205566,\n        \"specificity\": 0.9858327507972717\n    },\n    \"Erythema\": {\n        \"precision\": 0.9098883867263794,\n        \"recall\": 0.9248851537704468,\n        \"f1-score\": 0.917325496673584,\n        \"specificity\": 0.9900017976760864\n    },\n    \"Foreign Body\": {\n        \"precision\": 0.9660010933876038,\n        \"recall\": 0.9675675630569458,\n        \"f1-score\": 0.9667837023735046,\n        \"specificity\": 0.9962839484214783\n    },\n    \"Lymphangiectasia\": {\n        \"precision\": 0.9693548679351807,\n        \"recall\": 0.9706594944000244,\n        \"f1-score\": 0.9700067043304443,\n        \"specificity\": 0.9966363906860352\n    },\n    \"Normal\": {\n        \"precision\": 0.9425684809684753,\n        \"recall\": 0.9243807196617126,\n        \"f1-score\": 0.933385968208313,\n        \"specificity\": 0.9936041831970215\n    },\n    \"Polyp\": {\n        \"precision\": 0.9154411554336548,\n        \"recall\": 0.9308411478996277,\n        \"f1-score\": 0.9230769276618958,\n        \"specificity\": 0.9904907941818237\n    },\n    \"Ulcer\": {\n        \"precision\": 0.9953088164329529,\n        \"recall\": 0.9947903156280518,\n        \"f1-score\": 0.9950494766235352,\n        \"specificity\": 0.9994669556617737\n    },\n    \"Worms\": {\n        \"precision\": 0.9976470470428467,\n        \"recall\": 0.9981690049171448,\n        \"f1-score\": 0.9979079365730286,\n        \"specificity\": 0.9997336268424988\n    },\n    \"macro avg\": {\n        \"precision\": 0.9450554847717285,\n        \"recall\": 0.9452010989189148,\n        \"f1-score\": 0.94509357213974,\n        \"specificity\": 0.9939344525337219\n    },\n    \"accuracy\": 0.9453825354576111,\n    \"auc_roc_scores\": {\n        \"Angioectasia\": 0.9975524544715881,\n        \"Bleeding\": 0.9991598129272461,\n        \"Erosion\": 0.9898932576179504,\n        \"Erythema\": 0.9968314170837402,\n        \"Foreign Body\": 0.9993094205856323,\n        \"Lymphangiectasia\": 0.9993407726287842,\n        \"Normal\": 0.9960851669311523,\n        \"Polyp\": 0.9973529577255249,\n        \"Ulcer\": 0.9999784827232361,\n        \"Worms\": 0.9999982118606567\n    },\n    \"mean_auc\": 0.9975501894950867,\n    \"average_precision_scores\": {\n        \"Angioectasia\": 0.9839816093444824,\n        \"Bleeding\": 0.9926283955574036,\n        \"Erosion\": 0.9354627132415771,\n        \"Erythema\": 0.9704581499099731,\n        \"Foreign Body\": 0.9956761598587036,\n        \"Lymphangiectasia\": 0.9955061674118042,\n        \"Normal\": 0.9788726568222046,\n        \"Polyp\": 0.9773945212364197,\n        \"Ulcer\": 0.9998106360435486,\n        \"Worms\": 0.9999841451644897\n    },\n    \"mean_average_precision\": 0.9829775094985962,\n    \"mean_f1_score\": 0.94509357213974,\n    \"mean_specificity\": 0.9939344525337219,\n    \"mean_sensitivity\": 0.9452010989189148,\n    \"balanced_accuracy\": 0.9452010989189148\n}",
    "test_metrics": "{\n    \"Angioectasia\": {\n        \"precision\": 0.7644787430763245,\n        \"recall\": 0.7967807054519653,\n        \"f1-score\": 0.7802955508232117,\n        \"specificity\": 0.9921969771385193\n    },\n    \"Bleeding\": {\n        \"precision\": 0.7952755689620972,\n        \"recall\": 0.844011127948761,\n        \"f1-score\": 0.8189189434051514,\n        \"specificity\": 0.9950548410415649\n    },\n    \"Erosion\": {\n        \"precision\": 0.6819953322410583,\n        \"recall\": 0.7575757503509521,\n        \"f1-score\": 0.7178014516830444,\n        \"specificity\": 0.9727582335472107\n    },\n    \"Erythema\": {\n        \"precision\": 0.6523297429084778,\n        \"recall\": 0.6127946376800537,\n        \"f1-score\": 0.6319444179534912,\n        \"specificity\": 0.9938743114471436\n    },\n    \"Foreign Body\": {\n        \"precision\": 0.8328840732574463,\n        \"recall\": 0.908823549747467,\n        \"f1-score\": 0.8691983222961426,\n        \"specificity\": 0.9960739612579346\n    },\n    \"Lymphangiectasia\": {\n        \"precision\": 0.777479887008667,\n        \"recall\": 0.8454810380935669,\n        \"f1-score\": 0.8100558519363403,\n        \"specificity\": 0.9947431683540344\n    },\n    \"Normal\": {\n        \"precision\": 0.9869258999824524,\n        \"recall\": 0.9461219310760498,\n        \"f1-score\": 0.9660932421684265,\n        \"specificity\": 0.9599480032920837\n    },\n    \"Polyp\": {\n        \"precision\": 0.5025575160980225,\n        \"recall\": 0.7860000133514404,\n        \"f1-score\": 0.613104522228241,\n        \"specificity\": 0.9751151204109192\n    },\n    \"Ulcer\": {\n        \"precision\": 0.9457626938819885,\n        \"recall\": 0.9755244851112366,\n        \"f1-score\": 0.9604130983352661,\n        \"specificity\": 0.9989902973175049\n    },\n    \"Worms\": {\n        \"precision\": 0.9295774698257446,\n        \"recall\": 0.970588207244873,\n        \"f1-score\": 0.9496402740478516,\n        \"specificity\": 0.9996887445449829\n    },\n    \"macro avg\": {\n        \"precision\": 0.7869266867637634,\n        \"recall\": 0.8443701863288879,\n        \"f1-score\": 0.8117465972900391,\n        \"specificity\": 0.9878444075584412\n    },\n    \"accuracy\": 0.9123481512069702,\n    \"auc_roc_scores\": {\n        \"Angioectasia\": 0.9829369783401489,\n        \"Bleeding\": 0.9919662475585938,\n        \"Erosion\": 0.9743913412094116,\n        \"Erythema\": 0.9771413803100586,\n        \"Foreign Body\": 0.9915978908538818,\n        \"Lymphangiectasia\": 0.9879938364028931,\n        \"Normal\": 0.991143524646759,\n        \"Polyp\": 0.9786421060562134,\n        \"Ulcer\": 0.9984691143035889,\n        \"Worms\": 0.9993078708648682\n    },\n    \"mean_auc\": 0.9873590469360352,\n    \"average_precision_scores\": {\n        \"Angioectasia\": 0.8631458282470703,\n        \"Bleeding\": 0.9106011986732483,\n        \"Erosion\": 0.8014311194419861,\n        \"Erythema\": 0.6457375884056091,\n        \"Foreign Body\": 0.9371618032455444,\n        \"Lymphangiectasia\": 0.8841253519058228,\n        \"Normal\": 0.9972535371780396,\n        \"Polyp\": 0.7006272077560425,\n        \"Ulcer\": 0.9863371849060059,\n        \"Worms\": 0.9789512753486633\n    },\n    \"mean_average_precision\": 0.8705372214317322,\n    \"mean_f1_score\": 0.8117465972900391,\n    \"mean_specificity\": 0.9878444075584412,\n    \"mean_sensitivity\": 0.8443701863288879,\n    \"balanced_accuracy\": 0.8443701863288879\n}"
}