{
    "epoch": 5,
    "train_metrics": "{\n    \"Angioectasia\": {\n        \"precision\": 0.9231774210929871,\n        \"recall\": 0.9200521111488342,\n        \"f1-score\": 0.9216120839118958,\n        \"specificity\": 0.9912932515144348\n    },\n    \"Bleeding\": {\n        \"precision\": 0.9396216869354248,\n        \"recall\": 0.9514563083648682,\n        \"f1-score\": 0.945501983165741,\n        \"specificity\": 0.9931057095527649\n    },\n    \"Erosion\": {\n        \"precision\": 0.8309294581413269,\n        \"recall\": 0.8057498335838318,\n        \"f1-score\": 0.8181459307670593,\n        \"specificity\": 0.9812422394752502\n    },\n    \"Erythema\": {\n        \"precision\": 0.884486734867096,\n        \"recall\": 0.9047368168830872,\n        \"f1-score\": 0.8944972157478333,\n        \"specificity\": 0.9867187142372131\n    },\n    \"Foreign Body\": {\n        \"precision\": 0.9630917310714722,\n        \"recall\": 0.968271017074585,\n        \"f1-score\": 0.9656744599342346,\n        \"specificity\": 0.9959277510643005\n    },\n    \"Lymphangiectasia\": {\n        \"precision\": 0.9580998420715332,\n        \"recall\": 0.9616929888725281,\n        \"f1-score\": 0.9598930478096008,\n        \"specificity\": 0.9953652024269104\n    },\n    \"Normal\": {\n        \"precision\": 0.9304130673408508,\n        \"recall\": 0.9089924097061157,\n        \"f1-score\": 0.9195780158042908,\n        \"specificity\": 0.9925991296768188\n    },\n    \"Polyp\": {\n        \"precision\": 0.8943965435028076,\n        \"recall\": 0.906360924243927,\n        \"f1-score\": 0.9003390073776245,\n        \"specificity\": 0.9884515404701233\n    },\n    \"Ulcer\": {\n        \"precision\": 0.9905251860618591,\n        \"recall\": 0.989989161491394,\n        \"f1-score\": 0.9902570843696594,\n        \"specificity\": 0.9989678859710693\n    },\n    \"Worms\": {\n        \"precision\": 0.9957794547080994,\n        \"recall\": 0.9955168962478638,\n        \"f1-score\": 0.9956481456756592,\n        \"specificity\": 0.999526858329773\n    },\n    \"macro avg\": {\n        \"precision\": 0.9310521483421326,\n        \"recall\": 0.9312818646430969,\n        \"f1-score\": 0.931114673614502,\n        \"specificity\": 0.9923198819160461\n    },\n    \"accuracy\": 0.9309171438217163,\n    \"auc_roc_scores\": {\n        \"Angioectasia\": 0.9964258670806885,\n        \"Bleeding\": 0.9986329674720764,\n        \"Erosion\": 0.9841152429580688,\n        \"Erythema\": 0.9950780868530273,\n        \"Foreign Body\": 0.999240517616272,\n        \"Lymphangiectasia\": 0.9989742040634155,\n        \"Normal\": 0.9946077466011047,\n        \"Polyp\": 0.9956828355789185,\n        \"Ulcer\": 0.9998776912689209,\n        \"Worms\": 0.999980092048645\n    },\n    \"mean_auc\": 0.9962615966796875,\n    \"average_precision_scores\": {\n        \"Angioectasia\": 0.9770632982254028,\n        \"Bleeding\": 0.9881425499916077,\n        \"Erosion\": 0.9077790975570679,\n        \"Erythema\": 0.9563955068588257,\n        \"Foreign Body\": 0.9946442246437073,\n        \"Lymphangiectasia\": 0.9924325346946716,\n        \"Normal\": 0.9720606803894043,\n        \"Polyp\": 0.9652946591377258,\n        \"Ulcer\": 0.9994302988052368,\n        \"Worms\": 0.9998520612716675\n    },\n    \"mean_average_precision\": 0.9753094911575317,\n    \"mean_f1_score\": 0.931114673614502,\n    \"mean_specificity\": 0.9923198819160461,\n    \"mean_sensitivity\": 0.9312818646430969,\n    \"balanced_accuracy\": 0.9312818646430969\n}",
    "test_metrics": "{\n    \"Angioectasia\": {\n        \"precision\": 0.67103111743927,\n        \"recall\": 0.8249496817588806,\n        \"f1-score\": 0.7400721907615662,\n        \"specificity\": 0.9871442317962646\n    },\n    \"Bleeding\": {\n        \"precision\": 0.7566264867782593,\n        \"recall\": 0.8746517896652222,\n        \"f1-score\": 0.8113695383071899,\n        \"specificity\": 0.9935966730117798\n    },\n    \"Erosion\": {\n        \"precision\": 0.6350148320198059,\n        \"recall\": 0.7411255240440369,\n        \"f1-score\": 0.6839792132377625,\n        \"specificity\": 0.9671496152877808\n    },\n    \"Erythema\": {\n        \"precision\": 0.4444444477558136,\n        \"recall\": 0.6599326729774475,\n        \"f1-score\": 0.5311653017997742,\n        \"specificity\": 0.9845279455184937\n    },\n    \"Foreign Body\": {\n        \"precision\": 0.7653061151504517,\n        \"recall\": 0.8823529481887817,\n        \"f1-score\": 0.8196721076965332,\n        \"specificity\": 0.9941742420196533\n    },\n    \"Lymphangiectasia\": {\n        \"precision\": 0.5109243988990784,\n        \"recall\": 0.8862974047660828,\n        \"f1-score\": 0.6481876373291016,\n        \"specificity\": 0.9815694689750671\n    },\n    \"Normal\": {\n        \"precision\": 0.9884824752807617,\n        \"recall\": 0.915032148361206,\n        \"f1-score\": 0.950340211391449,\n        \"specificity\": 0.9659298062324524\n    },\n    \"Polyp\": {\n        \"precision\": 0.5618728995323181,\n        \"recall\": 0.671999990940094,\n        \"f1-score\": 0.6120218634605408,\n        \"specificity\": 0.9832395315170288\n    },\n    \"Ulcer\": {\n        \"precision\": 0.9106529355049133,\n        \"recall\": 0.9265734553337097,\n        \"f1-score\": 0.9185441732406616,\n        \"specificity\": 0.998359203338623\n    },\n    \"Worms\": {\n        \"precision\": 0.9552238583564758,\n        \"recall\": 0.9411764740943909,\n        \"f1-score\": 0.9481481313705444,\n        \"specificity\": 0.9998132586479187\n    },\n    \"macro avg\": {\n        \"precision\": 0.7199580073356628,\n        \"recall\": 0.8324092030525208,\n        \"f1-score\": 0.7663500308990479,\n        \"specificity\": 0.9855504035949707\n    },\n    \"accuracy\": 0.8856930136680603,\n    \"auc_roc_scores\": {\n        \"Angioectasia\": 0.9787951707839966,\n        \"Bleeding\": 0.9918138980865479,\n        \"Erosion\": 0.9687844514846802,\n        \"Erythema\": 0.9699368476867676,\n        \"Foreign Body\": 0.9881309866905212,\n        \"Lymphangiectasia\": 0.9862992763519287,\n        \"Normal\": 0.9883931279182434,\n        \"Polyp\": 0.9753261208534241,\n        \"Ulcer\": 0.9968231916427612,\n        \"Worms\": 0.999725341796875\n    },\n    \"mean_auc\": 0.9844028353691101,\n    \"average_precision_scores\": {\n        \"Angioectasia\": 0.8421194553375244,\n        \"Bleeding\": 0.9055216312408447,\n        \"Erosion\": 0.7678613662719727,\n        \"Erythema\": 0.6172982454299927,\n        \"Foreign Body\": 0.9171082973480225,\n        \"Lymphangiectasia\": 0.8601474761962891,\n        \"Normal\": 0.9963641166687012,\n        \"Polyp\": 0.6795685291290283,\n        \"Ulcer\": 0.9683563709259033,\n        \"Worms\": 0.9821850061416626\n    },\n    \"mean_average_precision\": 0.853653073310852,\n    \"mean_f1_score\": 0.7663500308990479,\n    \"mean_specificity\": 0.9855504035949707,\n    \"mean_sensitivity\": 0.8324092030525208,\n    \"balanced_accuracy\": 0.8324092030525208\n}"
}