{
    "epoch": 1,
    "train_metrics": "{\n    \"Angioectasia\": {\n        \"precision\": 0.7746005058288574,\n        \"recall\": 0.7276797294616699,\n        \"f1-score\": 0.7504073977470398,\n        \"specificity\": 0.9762200713157654\n    },\n    \"Bleeding\": {\n        \"precision\": 0.828125,\n        \"recall\": 0.8213703036308289,\n        \"f1-score\": 0.8247338533401489,\n        \"specificity\": 0.9815202355384827\n    },\n    \"Erosion\": {\n        \"precision\": 0.5491691827774048,\n        \"recall\": 0.5479750037193298,\n        \"f1-score\": 0.5485714077949524,\n        \"specificity\": 0.9512202143669128\n    },\n    \"Erythema\": {\n        \"precision\": 0.611267626285553,\n        \"recall\": 0.636024534702301,\n        \"f1-score\": 0.6234003901481628,\n        \"specificity\": 0.95516037940979\n    },\n    \"Foreign Body\": {\n        \"precision\": 0.8828579187393188,\n        \"recall\": 0.8429402709007263,\n        \"f1-score\": 0.8624374270439148,\n        \"specificity\": 0.9874944686889648\n    },\n    \"Lymphangiectasia\": {\n        \"precision\": 0.8694807291030884,\n        \"recall\": 0.8407626152038574,\n        \"f1-score\": 0.8548805713653564,\n        \"specificity\": 0.9861287474632263\n    },\n    \"Normal\": {\n        \"precision\": 0.7777185440063477,\n        \"recall\": 0.7685014605522156,\n        \"f1-score\": 0.7730825543403625,\n        \"specificity\": 0.9753327369689941\n    },\n    \"Polyp\": {\n        \"precision\": 0.6406139135360718,\n        \"recall\": 0.7044923305511475,\n        \"f1-score\": 0.6710363626480103,\n        \"specificity\": 0.9549117088317871\n    },\n    \"Ulcer\": {\n        \"precision\": 0.9262183308601379,\n        \"recall\": 0.9179708361625671,\n        \"f1-score\": 0.9220761656761169,\n        \"specificity\": 0.9920061230659485\n    },\n    \"Worms\": {\n        \"precision\": 0.9338235259056091,\n        \"recall\": 0.9591146111488342,\n        \"f1-score\": 0.9463000893592834,\n        \"specificity\": 0.9922705888748169\n    },\n    \"macro avg\": {\n        \"precision\": 0.7793875336647034,\n        \"recall\": 0.7766832113265991,\n        \"f1-score\": 0.7776926755905151,\n        \"specificity\": 0.9752265810966492\n    },\n    \"accuracy\": 0.777036190032959,\n    \"auc_roc_scores\": {\n        \"Angioectasia\": 0.9618339538574219,\n        \"Bleeding\": 0.9829716682434082,\n        \"Erosion\": 0.9095292687416077,\n        \"Erythema\": 0.94652259349823,\n        \"Foreign Body\": 0.9851404428482056,\n        \"Lymphangiectasia\": 0.982926607131958,\n        \"Normal\": 0.9670888781547546,\n        \"Polyp\": 0.957176685333252,\n        \"Ulcer\": 0.9957687854766846,\n        \"Worms\": 0.9982384443283081\n    },\n    \"mean_auc\": 0.9687196612358093,\n    \"average_precision_scores\": {\n        \"Angioectasia\": 0.841286301612854,\n        \"Bleeding\": 0.9080231189727783,\n        \"Erosion\": 0.5901255011558533,\n        \"Erythema\": 0.6979928016662598,\n        \"Foreign Body\": 0.9327026605606079,\n        \"Lymphangiectasia\": 0.9224320650100708,\n        \"Normal\": 0.8480963706970215,\n        \"Polyp\": 0.7479597330093384,\n        \"Ulcer\": 0.9757977724075317,\n        \"Worms\": 0.9911327958106995\n    },\n    \"mean_average_precision\": 0.8455549478530884,\n    \"mean_f1_score\": 0.7776926755905151,\n    \"mean_specificity\": 0.9752265810966492,\n    \"mean_sensitivity\": 0.7766832113265991,\n    \"balanced_accuracy\": 0.7766832113265991\n}",
    "test_metrics": "{\n    \"Angioectasia\": {\n        \"precision\": 0.663685142993927,\n        \"recall\": 0.7464788556098938,\n        \"f1-score\": 0.7026515007019043,\n        \"specificity\": 0.9879757165908813\n    },\n    \"Bleeding\": {\n        \"precision\": 0.8075881004333496,\n        \"recall\": 0.8300835490226746,\n        \"f1-score\": 0.8186812996864319,\n        \"specificity\": 0.9954986572265625\n    },\n    \"Erosion\": {\n        \"precision\": 0.42447516322135925,\n        \"recall\": 0.7177489399909973,\n        \"f1-score\": 0.5334620475769043,\n        \"specificity\": 0.9249516129493713\n    },\n    \"Erythema\": {\n        \"precision\": 0.2767402231693268,\n        \"recall\": 0.5488215684890747,\n        \"f1-score\": 0.3679458200931549,\n        \"specificity\": 0.973097562789917\n    },\n    \"Foreign Body\": {\n        \"precision\": 0.7708894610404968,\n        \"recall\": 0.841176450252533,\n        \"f1-score\": 0.8045006990432739,\n        \"specificity\": 0.9946175217628479\n    },\n    \"Lymphangiectasia\": {\n        \"precision\": 0.7774648070335388,\n        \"recall\": 0.8046647310256958,\n        \"f1-score\": 0.7908309698104858,\n        \"specificity\": 0.9949964880943298\n    },\n    \"Normal\": {\n        \"precision\": 0.9946236610412598,\n        \"recall\": 0.8130544424057007,\n        \"f1-score\": 0.8947203159332275,\n        \"specificity\": 0.9859557747840881\n    },\n    \"Polyp\": {\n        \"precision\": 0.2850435972213745,\n        \"recall\": 0.8500000238418579,\n        \"f1-score\": 0.42692115902900696,\n        \"specificity\": 0.9318065643310547\n    },\n    \"Ulcer\": {\n        \"precision\": 0.8181818127632141,\n        \"recall\": 0.9440559148788452,\n        \"f1-score\": 0.8766233921051025,\n        \"specificity\": 0.9962135553359985\n    },\n    \"Worms\": {\n        \"precision\": 0.9436619877815247,\n        \"recall\": 0.9852941036224365,\n        \"f1-score\": 0.9640287756919861,\n        \"specificity\": 0.9997509717941284\n    },\n    \"macro avg\": {\n        \"precision\": 0.6762353777885437,\n        \"recall\": 0.8081378936767578,\n        \"f1-score\": 0.7180365920066833,\n        \"specificity\": 0.9784864783287048\n    },\n    \"accuracy\": 0.8043020367622375,\n    \"auc_roc_scores\": {\n        \"Angioectasia\": 0.9669979214668274,\n        \"Bleeding\": 0.9857698678970337,\n        \"Erosion\": 0.9396333694458008,\n        \"Erythema\": 0.9524515867233276,\n        \"Foreign Body\": 0.983344316482544,\n        \"Lymphangiectasia\": 0.9851797223091125,\n        \"Normal\": 0.9774535894393921,\n        \"Polyp\": 0.9723963737487793,\n        \"Ulcer\": 0.9988772869110107,\n        \"Worms\": 0.999998152256012\n    },\n    \"mean_auc\": 0.9762102365493774,\n    \"average_precision_scores\": {\n        \"Angioectasia\": 0.7917934060096741,\n        \"Bleeding\": 0.8658959865570068,\n        \"Erosion\": 0.6548829674720764,\n        \"Erythema\": 0.46773266792297363,\n        \"Foreign Body\": 0.8952145576477051,\n        \"Lymphangiectasia\": 0.8467308878898621,\n        \"Normal\": 0.992576003074646,\n        \"Polyp\": 0.6317862272262573,\n        \"Ulcer\": 0.963391125202179,\n        \"Worms\": 0.9995706081390381\n    },\n    \"mean_average_precision\": 0.8109575510025024,\n    \"mean_f1_score\": 0.7180365920066833,\n    \"mean_specificity\": 0.9784864783287048,\n    \"mean_sensitivity\": 0.8081378936767578,\n    \"balanced_accuracy\": 0.8081378936767578\n}"
}