{
    "epoch": 8,
    "train_metrics": "{\n    \"Angioectasia\": {\n        \"precision\": 0.9515823721885681,\n        \"recall\": 0.9454447627067566,\n        \"f1-score\": 0.9485036134719849,\n        \"specificity\": 0.9947175979614258\n    },\n    \"Bleeding\": {\n        \"precision\": 0.9511317014694214,\n        \"recall\": 0.959522545337677,\n        \"f1-score\": 0.955308735370636,\n        \"specificity\": 0.9943708777427673\n    },\n    \"Erosion\": {\n        \"precision\": 0.8777626156806946,\n        \"recall\": 0.8645525574684143,\n        \"f1-score\": 0.8711075186729431,\n        \"specificity\": 0.9867792129516602\n    },\n    \"Erythema\": {\n        \"precision\": 0.9144427180290222,\n        \"recall\": 0.931503176689148,\n        \"f1-score\": 0.9228941202163696,\n        \"specificity\": 0.9903411865234375\n    },\n    \"Foreign Body\": {\n        \"precision\": 0.9671285152435303,\n        \"recall\": 0.9692349433898926,\n        \"f1-score\": 0.9681805968284607,\n        \"specificity\": 0.9964342713356018\n    },\n    \"Lymphangiectasia\": {\n        \"precision\": 0.9720062017440796,\n        \"recall\": 0.9730150699615479,\n        \"f1-score\": 0.9725103974342346,\n        \"specificity\": 0.9968003034591675\n    },\n    \"Normal\": {\n        \"precision\": 0.9494976997375488,\n        \"recall\": 0.9342772960662842,\n        \"f1-score\": 0.9418260455131531,\n        \"specificity\": 0.9945074319839478\n    },\n    \"Polyp\": {\n        \"precision\": 0.932310938835144,\n        \"recall\": 0.9387646317481995,\n        \"f1-score\": 0.9355266690254211,\n        \"specificity\": 0.9924374222755432\n    },\n    \"Ulcer\": {\n        \"precision\": 0.9944459199905396,\n        \"recall\": 0.9947090148925781,\n        \"f1-score\": 0.9945774078369141,\n        \"specificity\": 0.9993792176246643\n    },\n    \"Worms\": {\n        \"precision\": 0.9986666440963745,\n        \"recall\": 0.9978683590888977,\n        \"f1-score\": 0.9982673525810242,\n        \"specificity\": 0.9998522996902466\n    },\n    \"macro avg\": {\n        \"precision\": 0.9508976340293884,\n        \"recall\": 0.9508892297744751,\n        \"f1-score\": 0.9508702158927917,\n        \"specificity\": 0.9945619702339172\n    },\n    \"accuracy\": 0.951046347618103,\n    \"auc_roc_scores\": {\n        \"Angioectasia\": 0.9984741806983948,\n        \"Bleeding\": 0.9991966485977173,\n        \"Erosion\": 0.9920293092727661,\n        \"Erythema\": 0.9973791837692261,\n        \"Foreign Body\": 0.9994272589683533,\n        \"Lymphangiectasia\": 0.9995255470275879,\n        \"Normal\": 0.9969229102134705,\n        \"Polyp\": 0.9979729652404785,\n        \"Ulcer\": 0.9999807476997375,\n        \"Worms\": 0.9999684691429138\n    },\n    \"mean_auc\": 0.9980877041816711,\n    \"average_precision_scores\": {\n        \"Angioectasia\": 0.9890857934951782,\n        \"Bleeding\": 0.9929272532463074,\n        \"Erosion\": 0.9468247890472412,\n        \"Erythema\": 0.9768611192703247,\n        \"Foreign Body\": 0.9958803653717041,\n        \"Lymphangiectasia\": 0.9963574409484863,\n        \"Normal\": 0.9836910963058472,\n        \"Polyp\": 0.9836893081665039,\n        \"Ulcer\": 0.999826192855835,\n        \"Worms\": 0.9998493790626526\n    },\n    \"mean_average_precision\": 0.9864992499351501,\n    \"mean_f1_score\": 0.9508702158927917,\n    \"mean_specificity\": 0.9945619702339172,\n    \"mean_sensitivity\": 0.9508892297744751,\n    \"balanced_accuracy\": 0.9508892297744751\n}",
    "test_metrics": "{\n    \"Angioectasia\": {\n        \"precision\": 0.5114504098892212,\n        \"recall\": 0.8088530898094177,\n        \"f1-score\": 0.6266562938690186,\n        \"specificity\": 0.975439727306366\n    },\n    \"Bleeding\": {\n        \"precision\": 0.7464788556098938,\n        \"recall\": 0.8857938647270203,\n        \"f1-score\": 0.8101910948753357,\n        \"specificity\": 0.9931528568267822\n    },\n    \"Erosion\": {\n        \"precision\": 0.5514612197875977,\n        \"recall\": 0.7515151500701904,\n        \"f1-score\": 0.6361304521560669,\n        \"specificity\": 0.9528610706329346\n    },\n    \"Erythema\": {\n        \"precision\": 0.3647686839103699,\n        \"recall\": 0.6902356743812561,\n        \"f1-score\": 0.47729918360710144,\n        \"specificity\": 0.9774550199508667\n    },\n    \"Foreign Body\": {\n        \"precision\": 0.784415602684021,\n        \"recall\": 0.8882352709770203,\n        \"f1-score\": 0.8331034779548645,\n        \"specificity\": 0.9947441816329956\n    },\n    \"Lymphangiectasia\": {\n        \"precision\": 0.6244813203811646,\n        \"recall\": 0.8775510191917419,\n        \"f1-score\": 0.7296969890594482,\n        \"specificity\": 0.9885362982749939\n    },\n    \"Normal\": {\n        \"precision\": 0.9949532151222229,\n        \"recall\": 0.8824774026870728,\n        \"f1-score\": 0.9353461265563965,\n        \"specificity\": 0.9856957197189331\n    },\n    \"Polyp\": {\n        \"precision\": 0.6017857193946838,\n        \"recall\": 0.6740000247955322,\n        \"f1-score\": 0.6358490586280823,\n        \"specificity\": 0.9857344031333923\n    },\n    \"Ulcer\": {\n        \"precision\": 0.7350649237632751,\n        \"recall\": 0.9895104765892029,\n        \"f1-score\": 0.8435171246528625,\n        \"specificity\": 0.9935630559921265\n    },\n    \"Worms\": {\n        \"precision\": 0.9054054021835327,\n        \"recall\": 0.9852941036224365,\n        \"f1-score\": 0.9436619877815247,\n        \"specificity\": 0.9995642304420471\n    },\n    \"macro avg\": {\n        \"precision\": 0.6820265650749207,\n        \"recall\": 0.8433465957641602,\n        \"f1-score\": 0.7471451759338379,\n        \"specificity\": 0.9846746325492859\n    },\n    \"accuracy\": 0.8632531762123108,\n    \"auc_roc_scores\": {\n        \"Angioectasia\": 0.9697173833847046,\n        \"Bleeding\": 0.9879903197288513,\n        \"Erosion\": 0.9602219462394714,\n        \"Erythema\": 0.9655404686927795,\n        \"Foreign Body\": 0.988803505897522,\n        \"Lymphangiectasia\": 0.9874184131622314,\n        \"Normal\": 0.9887849688529968,\n        \"Polyp\": 0.9738203287124634,\n        \"Ulcer\": 0.9991412162780762,\n        \"Worms\": 0.9940732717514038\n    },\n    \"mean_auc\": 0.9815511703491211,\n    \"average_precision_scores\": {\n        \"Angioectasia\": 0.8070468902587891,\n        \"Bleeding\": 0.8998533487319946,\n        \"Erosion\": 0.7332838177680969,\n        \"Erythema\": 0.5562707185745239,\n        \"Foreign Body\": 0.9309245944023132,\n        \"Lymphangiectasia\": 0.8804731369018555,\n        \"Normal\": 0.9965001940727234,\n        \"Polyp\": 0.6897343993186951,\n        \"Ulcer\": 0.9840418100357056,\n        \"Worms\": 0.9834108948707581\n    },\n    \"mean_average_precision\": 0.8461540341377258,\n    \"mean_f1_score\": 0.7471451759338379,\n    \"mean_specificity\": 0.9846746325492859,\n    \"mean_sensitivity\": 0.8433465957641602,\n    \"balanced_accuracy\": 0.8433465957641602\n}"
}