{
    "epoch": 3,
    "train_metrics": "{\n    \"Angioectasia\": {\n        \"precision\": 0.8822737336158752,\n        \"recall\": 0.8721704483032227,\n        \"f1-score\": 0.8771929740905762,\n        \"specificity\": 0.9870908856391907\n    },\n    \"Bleeding\": {\n        \"precision\": 0.927471935749054,\n        \"recall\": 0.9377472996711731,\n        \"f1-score\": 0.9325813055038452,\n        \"specificity\": 0.9917790293693542\n    },\n    \"Erosion\": {\n        \"precision\": 0.7523252964019775,\n        \"recall\": 0.7497351765632629,\n        \"f1-score\": 0.7510280013084412,\n        \"specificity\": 0.9724513292312622\n    },\n    \"Erythema\": {\n        \"precision\": 0.8412986993789673,\n        \"recall\": 0.8528172969818115,\n        \"f1-score\": 0.847018837928772,\n        \"specificity\": 0.9819278717041016\n    },\n    \"Foreign Body\": {\n        \"precision\": 0.9519766569137573,\n        \"recall\": 0.9477020502090454,\n        \"f1-score\": 0.9498345255851746,\n        \"specificity\": 0.994648277759552\n    },\n    \"Lymphangiectasia\": {\n        \"precision\": 0.9441280364990234,\n        \"recall\": 0.9397948384284973,\n        \"f1-score\": 0.9419564604759216,\n        \"specificity\": 0.9939238429069519\n    },\n    \"Normal\": {\n        \"precision\": 0.9107717275619507,\n        \"recall\": 0.889324963092804,\n        \"f1-score\": 0.8999205827713013,\n        \"specificity\": 0.9901435375213623\n    },\n    \"Polyp\": {\n        \"precision\": 0.8502237200737,\n        \"recall\": 0.8699164986610413,\n        \"f1-score\": 0.8599573969841003,\n        \"specificity\": 0.9832123517990112\n    },\n    \"Ulcer\": {\n        \"precision\": 0.9853839874267578,\n        \"recall\": 0.9856459498405457,\n        \"f1-score\": 0.9855149388313293,\n        \"specificity\": 0.9983749389648438\n    },\n    \"Worms\": {\n        \"precision\": 0.9935117363929749,\n        \"recall\": 0.9932432174682617,\n        \"f1-score\": 0.9933775067329407,\n        \"specificity\": 0.9992921948432922\n    },\n    \"macro avg\": {\n        \"precision\": 0.9039365649223328,\n        \"recall\": 0.9038097262382507,\n        \"f1-score\": 0.9038382768630981,\n        \"specificity\": 0.9892844557762146\n    },\n    \"accuracy\": 0.9035817980766296,\n    \"auc_roc_scores\": {\n        \"Angioectasia\": 0.9928677082061768,\n        \"Bleeding\": 0.9976353049278259,\n        \"Erosion\": 0.9734233617782593,\n        \"Erythema\": 0.9895768165588379,\n        \"Foreign Body\": 0.9984053373336792,\n        \"Lymphangiectasia\": 0.9976437091827393,\n        \"Normal\": 0.9922680258750916,\n        \"Polyp\": 0.9910948276519775,\n        \"Ulcer\": 0.9998950362205505,\n        \"Worms\": 0.9999629259109497\n    },\n    \"mean_auc\": 0.993277370929718,\n    \"average_precision_scores\": {\n        \"Angioectasia\": 0.9554160237312317,\n        \"Bleeding\": 0.9822786450386047,\n        \"Erosion\": 0.8404537439346313,\n        \"Erythema\": 0.9197006225585938,\n        \"Foreign Body\": 0.9897589683532715,\n        \"Lymphangiectasia\": 0.9854919910430908,\n        \"Normal\": 0.9590104222297668,\n        \"Polyp\": 0.9347177743911743,\n        \"Ulcer\": 0.9990759491920471,\n        \"Worms\": 0.9996916055679321\n    },\n    \"mean_average_precision\": 0.9565595984458923,\n    \"mean_f1_score\": 0.9038382768630981,\n    \"mean_specificity\": 0.9892844557762146,\n    \"mean_sensitivity\": 0.9038097262382507,\n    \"balanced_accuracy\": 0.9038097262382507\n}",
    "test_metrics": "{\n    \"Angioectasia\": {\n        \"precision\": 0.7724425792694092,\n        \"recall\": 0.7444667816162109,\n        \"f1-score\": 0.7581967115402222,\n        \"specificity\": 0.993028461933136\n    },\n    \"Bleeding\": {\n        \"precision\": 0.7780548334121704,\n        \"recall\": 0.8690807819366455,\n        \"f1-score\": 0.821052610874176,\n        \"specificity\": 0.9943574666976929\n    },\n    \"Erosion\": {\n        \"precision\": 0.6044207215309143,\n        \"recall\": 0.6865800619125366,\n        \"f1-score\": 0.6428861021995544,\n        \"specificity\": 0.9653468728065491\n    },\n    \"Erythema\": {\n        \"precision\": 0.3101694881916046,\n        \"recall\": 0.6161616444587708,\n        \"f1-score\": 0.41262683272361755,\n        \"specificity\": 0.9742974638938904\n    },\n    \"Foreign Body\": {\n        \"precision\": 0.5711644887924194,\n        \"recall\": 0.908823549747467,\n        \"f1-score\": 0.7014756202697754,\n        \"specificity\": 0.9853090047836304\n    },\n    \"Lymphangiectasia\": {\n        \"precision\": 0.41689008474349976,\n        \"recall\": 0.9067055583000183,\n        \"f1-score\": 0.5711662173271179,\n        \"specificity\": 0.9724491834640503\n    },\n    \"Normal\": {\n        \"precision\": 0.9880830645561218,\n        \"recall\": 0.8637584447860718,\n        \"f1-score\": 0.9217474460601807,\n        \"specificity\": 0.9667100310325623\n    },\n    \"Polyp\": {\n        \"precision\": 0.42399173974990845,\n        \"recall\": 0.8199999928474426,\n        \"f1-score\": 0.5589638948440552,\n        \"specificity\": 0.9643679857254028\n    },\n    \"Ulcer\": {\n        \"precision\": 0.9100345969200134,\n        \"recall\": 0.9195803999900818,\n        \"f1-score\": 0.9147825837135315,\n        \"specificity\": 0.998359203338623\n    },\n    \"Worms\": {\n        \"precision\": 0.9242424368858337,\n        \"recall\": 0.8970588445663452,\n        \"f1-score\": 0.9104477763175964,\n        \"specificity\": 0.9996887445449829\n    },\n    \"macro avg\": {\n        \"precision\": 0.6699494123458862,\n        \"recall\": 0.8232216238975525,\n        \"f1-score\": 0.7213345766067505,\n        \"specificity\": 0.981391429901123\n    },\n    \"accuracy\": 0.8445945978164673,\n    \"auc_roc_scores\": {\n        \"Angioectasia\": 0.9743595123291016,\n        \"Bleeding\": 0.9918363690376282,\n        \"Erosion\": 0.9325237274169922,\n        \"Erythema\": 0.9459166526794434,\n        \"Foreign Body\": 0.9880568385124207,\n        \"Lymphangiectasia\": 0.9836322069168091,\n        \"Normal\": 0.9823467135429382,\n        \"Polyp\": 0.9766647815704346,\n        \"Ulcer\": 0.9966526627540588,\n        \"Worms\": 0.9998562932014465\n    },\n    \"mean_auc\": 0.9771845936775208,\n    \"average_precision_scores\": {\n        \"Angioectasia\": 0.8299197554588318,\n        \"Bleeding\": 0.9013055562973022,\n        \"Erosion\": 0.7041542530059814,\n        \"Erythema\": 0.4534093737602234,\n        \"Foreign Body\": 0.913905143737793,\n        \"Lymphangiectasia\": 0.8704131841659546,\n        \"Normal\": 0.9943640232086182,\n        \"Polyp\": 0.6597373485565186,\n        \"Ulcer\": 0.967190146446228,\n        \"Worms\": 0.9774213433265686\n    },\n    \"mean_average_precision\": 0.8271819949150085,\n    \"mean_f1_score\": 0.7213345766067505,\n    \"mean_specificity\": 0.981391429901123,\n    \"mean_sensitivity\": 0.8232216238975525,\n    \"balanced_accuracy\": 0.8232216238975525\n}"
}