{
    "epoch": 9,
    "train_metrics": "{\n    \"Angioectasia\": {\n        \"precision\": 0.951471745967865,\n        \"recall\": 0.9509673714637756,\n        \"f1-score\": 0.9512194991111755,\n        \"specificity\": 0.994591236114502\n    },\n    \"Bleeding\": {\n        \"precision\": 0.9554966688156128,\n        \"recall\": 0.9680622816085815,\n        \"f1-score\": 0.9617384076118469,\n        \"specificity\": 0.9950414896011353\n    },\n    \"Erosion\": {\n        \"precision\": 0.8954895734786987,\n        \"recall\": 0.8710540533065796,\n        \"f1-score\": 0.8831027746200562,\n        \"specificity\": 0.9887803196907043\n    },\n    \"Erythema\": {\n        \"precision\": 0.9218266010284424,\n        \"recall\": 0.9373032450675964,\n        \"f1-score\": 0.9295005202293396,\n        \"specificity\": 0.9910341501235962\n    },\n    \"Foreign Body\": {\n        \"precision\": 0.9668259024620056,\n        \"recall\": 0.9719850420951843,\n        \"f1-score\": 0.9693986177444458,\n        \"specificity\": 0.9963082075119019\n    },\n    \"Lymphangiectasia\": {\n        \"precision\": 0.9736913442611694,\n        \"recall\": 0.9723727107048035,\n        \"f1-score\": 0.9730315804481506,\n        \"specificity\": 0.9971399307250977\n    },\n    \"Normal\": {\n        \"precision\": 0.9509119987487793,\n        \"recall\": 0.933385968208313,\n        \"f1-score\": 0.9420675039291382,\n        \"specificity\": 0.994587242603302\n    },\n    \"Polyp\": {\n        \"precision\": 0.933106005191803,\n        \"recall\": 0.943501353263855,\n        \"f1-score\": 0.9382748603820801,\n        \"specificity\": 0.9924638867378235\n    },\n    \"Ulcer\": {\n        \"precision\": 0.9936692118644714,\n        \"recall\": 0.9939314126968384,\n        \"f1-score\": 0.9938002824783325,\n        \"specificity\": 0.9992902874946594\n    },\n    \"Worms\": {\n        \"precision\": 0.9960138201713562,\n        \"recall\": 0.9968085289001465,\n        \"f1-score\": 0.9964110255241394,\n        \"specificity\": 0.999556839466095\n    },\n    \"macro avg\": {\n        \"precision\": 0.953850269317627,\n        \"recall\": 0.9539371728897095,\n        \"f1-score\": 0.9538545608520508,\n        \"specificity\": 0.9948793649673462\n    },\n    \"accuracy\": 0.9539181590080261,\n    \"auc_roc_scores\": {\n        \"Angioectasia\": 0.9987155795097351,\n        \"Bleeding\": 0.9993465542793274,\n        \"Erosion\": 0.9923123121261597,\n        \"Erythema\": 0.9978848695755005,\n        \"Foreign Body\": 0.9995386600494385,\n        \"Lymphangiectasia\": 0.9994971752166748,\n        \"Normal\": 0.9970319271087646,\n        \"Polyp\": 0.9980907440185547,\n        \"Ulcer\": 0.999981164932251,\n        \"Worms\": 0.9999924898147583\n    },\n    \"mean_auc\": 0.9982391595840454,\n    \"average_precision_scores\": {\n        \"Angioectasia\": 0.9902129769325256,\n        \"Bleeding\": 0.9941065907478333,\n        \"Erosion\": 0.9510756731033325,\n        \"Erythema\": 0.9802470207214355,\n        \"Foreign Body\": 0.9961877465248108,\n        \"Lymphangiectasia\": 0.9962791800498962,\n        \"Normal\": 0.9843410849571228,\n        \"Polyp\": 0.9845607876777649,\n        \"Ulcer\": 0.9998339414596558,\n        \"Worms\": 0.9999313354492188\n    },\n    \"mean_average_precision\": 0.9876776933670044,\n    \"mean_f1_score\": 0.9538545608520508,\n    \"mean_specificity\": 0.9948793649673462,\n    \"mean_sensitivity\": 0.9539371728897095,\n    \"balanced_accuracy\": 0.9539371728897095\n}",
    "test_metrics": "{\n    \"Angioectasia\": {\n        \"precision\": 0.5787234306335449,\n        \"recall\": 0.8209255337715149,\n        \"f1-score\": 0.6788685321807861,\n        \"specificity\": 0.9810041785240173\n    },\n    \"Bleeding\": {\n        \"precision\": 0.7071583271026611,\n        \"recall\": 0.9080780148506165,\n        \"f1-score\": 0.795121967792511,\n        \"specificity\": 0.9914410710334778\n    },\n    \"Erosion\": {\n        \"precision\": 0.660592257976532,\n        \"recall\": 0.7532467246055603,\n        \"f1-score\": 0.7038834691047668,\n        \"specificity\": 0.9701542258262634\n    },\n    \"Erythema\": {\n        \"precision\": 0.6109215021133423,\n        \"recall\": 0.6026936173439026,\n        \"f1-score\": 0.6067796349525452,\n        \"specificity\": 0.992800772190094\n    },\n    \"Foreign Body\": {\n        \"precision\": 0.8271276354789734,\n        \"recall\": 0.9147058725357056,\n        \"f1-score\": 0.8687151074409485,\n        \"specificity\": 0.9958840012550354\n    },\n    \"Lymphangiectasia\": {\n        \"precision\": 0.7303921580314636,\n        \"recall\": 0.8688046932220459,\n        \"f1-score\": 0.793608546257019,\n        \"specificity\": 0.9930331110954285\n    },\n    \"Normal\": {\n        \"precision\": 0.9893204569816589,\n        \"recall\": 0.9348905086517334,\n        \"f1-score\": 0.9613356590270996,\n        \"specificity\": 0.9677503108978271\n    },\n    \"Polyp\": {\n        \"precision\": 0.5890652537345886,\n        \"recall\": 0.6679999828338623,\n        \"f1-score\": 0.6260543465614319,\n        \"specificity\": 0.9850946664810181\n    },\n    \"Ulcer\": {\n        \"precision\": 0.8598130941390991,\n        \"recall\": 0.9650349617004395,\n        \"f1-score\": 0.9093904495239258,\n        \"specificity\": 0.9971601963043213\n    },\n    \"Worms\": {\n        \"precision\": 0.931506872177124,\n        \"recall\": 1.0,\n        \"f1-score\": 0.9645389914512634,\n        \"specificity\": 0.9996887445449829\n    },\n    \"macro avg\": {\n        \"precision\": 0.7484621405601501,\n        \"recall\": 0.8436380624771118,\n        \"f1-score\": 0.7908296585083008,\n        \"specificity\": 0.9874011278152466\n    },\n    \"accuracy\": 0.9023679494857788,\n    \"auc_roc_scores\": {\n        \"Angioectasia\": 0.9763264656066895,\n        \"Bleeding\": 0.9887938499450684,\n        \"Erosion\": 0.9744608998298645,\n        \"Erythema\": 0.9684631824493408,\n        \"Foreign Body\": 0.9901090860366821,\n        \"Lymphangiectasia\": 0.9880660176277161,\n        \"Normal\": 0.991001307964325,\n        \"Polyp\": 0.9722622632980347,\n        \"Ulcer\": 0.9981648325920105,\n        \"Worms\": 0.9999972581863403\n    },\n    \"mean_auc\": 0.9847645163536072,\n    \"average_precision_scores\": {\n        \"Angioectasia\": 0.8205330967903137,\n        \"Bleeding\": 0.9184390306472778,\n        \"Erosion\": 0.7937464714050293,\n        \"Erythema\": 0.6447865962982178,\n        \"Foreign Body\": 0.937484622001648,\n        \"Lymphangiectasia\": 0.8953958749771118,\n        \"Normal\": 0.9971187114715576,\n        \"Polyp\": 0.697330117225647,\n        \"Ulcer\": 0.9861942529678345,\n        \"Worms\": 0.9993786215782166\n    },\n    \"mean_average_precision\": 0.8690407872200012,\n    \"mean_f1_score\": 0.7908296585083008,\n    \"mean_specificity\": 0.9874011278152466,\n    \"mean_sensitivity\": 0.8436380624771118,\n    \"balanced_accuracy\": 0.8436380624771118\n}"
}