{
    "epoch": 6,
    "train_metrics": "{\n    \"Angioectasia\": {\n        \"precision\": 0.9351801872253418,\n        \"recall\": 0.9316720366477966,\n        \"f1-score\": 0.9334228038787842,\n        \"specificity\": 0.9928855895996094\n    },\n    \"Bleeding\": {\n        \"precision\": 0.941453218460083,\n        \"recall\": 0.9569606781005859,\n        \"f1-score\": 0.9491435885429382,\n        \"specificity\": 0.9933812022209167\n    },\n    \"Erosion\": {\n        \"precision\": 0.8481012582778931,\n        \"recall\": 0.8300565481185913,\n        \"f1-score\": 0.8389819264411926,\n        \"specificity\": 0.9837139248847961\n    },\n    \"Erythema\": {\n        \"precision\": 0.9068901538848877,\n        \"recall\": 0.920604944229126,\n        \"f1-score\": 0.9136960506439209,\n        \"specificity\": 0.9896767139434814\n    },\n    \"Foreign Body\": {\n        \"precision\": 0.9626020789146423,\n        \"recall\": 0.9623485803604126,\n        \"f1-score\": 0.9624752998352051,\n        \"specificity\": 0.9957999587059021\n    },\n    \"Lymphangiectasia\": {\n        \"precision\": 0.9682539701461792,\n        \"recall\": 0.9672471880912781,\n        \"f1-score\": 0.9677503108978271,\n        \"specificity\": 0.9963862299919128\n    },\n    \"Normal\": {\n        \"precision\": 0.9368155002593994,\n        \"recall\": 0.9164835214614868,\n        \"f1-score\": 0.9265379905700684,\n        \"specificity\": 0.9933758974075317\n    },\n    \"Polyp\": {\n        \"precision\": 0.911239504814148,\n        \"recall\": 0.9265687465667725,\n        \"f1-score\": 0.9188401699066162,\n        \"specificity\": 0.9900183081626892\n    },\n    \"Ulcer\": {\n        \"precision\": 0.9906166195869446,\n        \"recall\": 0.990351140499115,\n        \"f1-score\": 0.990483820438385,\n        \"specificity\": 0.9989668130874634\n    },\n    \"Worms\": {\n        \"precision\": 0.9974561333656311,\n        \"recall\": 0.9966954588890076,\n        \"f1-score\": 0.9970756769180298,\n        \"specificity\": 0.999703049659729\n    },\n    \"macro avg\": {\n        \"precision\": 0.9398609399795532,\n        \"recall\": 0.9398989081382751,\n        \"f1-score\": 0.9398407340049744,\n        \"specificity\": 0.9933907389640808\n    },\n    \"accuracy\": 0.9404631853103638,\n    \"auc_roc_scores\": {\n        \"Angioectasia\": 0.9976487159729004,\n        \"Bleeding\": 0.9987161159515381,\n        \"Erosion\": 0.9868706464767456,\n        \"Erythema\": 0.9964900016784668,\n        \"Foreign Body\": 0.9991729259490967,\n        \"Lymphangiectasia\": 0.9991753101348877,\n        \"Normal\": 0.9951764941215515,\n        \"Polyp\": 0.9965681433677673,\n        \"Ulcer\": 0.9998956918716431,\n        \"Worms\": 0.9999918341636658\n    },\n    \"mean_auc\": 0.9969705939292908,\n    \"average_precision_scores\": {\n        \"Angioectasia\": 0.9829060435295105,\n        \"Bleeding\": 0.9897478818893433,\n        \"Erosion\": 0.9214593172073364,\n        \"Erythema\": 0.9676814079284668,\n        \"Foreign Body\": 0.9938334822654724,\n        \"Lymphangiectasia\": 0.9945069551467896,\n        \"Normal\": 0.9739463925361633,\n        \"Polyp\": 0.9724897146224976,\n        \"Ulcer\": 0.9991116523742676,\n        \"Worms\": 0.9999305605888367\n    },\n    \"mean_average_precision\": 0.9795613288879395,\n    \"mean_f1_score\": 0.9398407340049744,\n    \"mean_specificity\": 0.9933907389640808,\n    \"mean_sensitivity\": 0.9398989081382751,\n    \"balanced_accuracy\": 0.9398989081382751\n}",
    "test_metrics": "{\n    \"Angioectasia\": {\n        \"precision\": 0.6640253663063049,\n        \"recall\": 0.8430583477020264,\n        \"f1-score\": 0.7429078221321106,\n        \"specificity\": 0.9864406585693359\n    },\n    \"Bleeding\": {\n        \"precision\": 0.7306791543960571,\n        \"recall\": 0.8690807819366455,\n        \"f1-score\": 0.7938931584358215,\n        \"specificity\": 0.9927090406417847\n    },\n    \"Erosion\": {\n        \"precision\": 0.6345587968826294,\n        \"recall\": 0.7471861243247986,\n        \"f1-score\": 0.6862822771072388,\n        \"specificity\": 0.9668157696723938\n    },\n    \"Erythema\": {\n        \"precision\": 0.5066313147544861,\n        \"recall\": 0.6430976390838623,\n        \"f1-score\": 0.5667656064033508,\n        \"specificity\": 0.9882538914680481\n    },\n    \"Foreign Body\": {\n        \"precision\": 0.8379120826721191,\n        \"recall\": 0.8970588445663452,\n        \"f1-score\": 0.8664772510528564,\n        \"specificity\": 0.9962639212608337\n    },\n    \"Lymphangiectasia\": {\n        \"precision\": 0.7978723645210266,\n        \"recall\": 0.8746355772018433,\n        \"f1-score\": 0.8344923257827759,\n        \"specificity\": 0.9951865077018738\n    },\n    \"Normal\": {\n        \"precision\": 0.9913126826286316,\n        \"recall\": 0.9287051558494568,\n        \"f1-score\": 0.9589881300926208,\n        \"specificity\": 0.9739921689033508\n    },\n    \"Polyp\": {\n        \"precision\": 0.5354107618331909,\n        \"recall\": 0.7559999823570251,\n        \"f1-score\": 0.6268656849861145,\n        \"specificity\": 0.9790173768997192\n    },\n    \"Ulcer\": {\n        \"precision\": 0.9006622433662415,\n        \"recall\": 0.9510489702224731,\n        \"f1-score\": 0.9251700639724731,\n        \"specificity\": 0.9981067776679993\n    },\n    \"Worms\": {\n        \"precision\": 0.8717948794364929,\n        \"recall\": 1.0,\n        \"f1-score\": 0.931506872177124,\n        \"specificity\": 0.9993774890899658\n    },\n    \"macro avg\": {\n        \"precision\": 0.7470859885215759,\n        \"recall\": 0.8509870767593384,\n        \"f1-score\": 0.7933349013328552,\n        \"specificity\": 0.9876163601875305\n    },\n    \"accuracy\": 0.9000123739242554,\n    \"auc_roc_scores\": {\n        \"Angioectasia\": 0.983736515045166,\n        \"Bleeding\": 0.9918666481971741,\n        \"Erosion\": 0.9708592295646667,\n        \"Erythema\": 0.9805272817611694,\n        \"Foreign Body\": 0.9924421906471252,\n        \"Lymphangiectasia\": 0.9940886497497559,\n        \"Normal\": 0.9913290739059448,\n        \"Polyp\": 0.9821318984031677,\n        \"Ulcer\": 0.99845290184021,\n        \"Worms\": 0.9999898672103882\n    },\n    \"mean_auc\": 0.988542377948761,\n    \"average_precision_scores\": {\n        \"Angioectasia\": 0.8604183197021484,\n        \"Bleeding\": 0.9023646116256714,\n        \"Erosion\": 0.7874592542648315,\n        \"Erythema\": 0.6262118220329285,\n        \"Foreign Body\": 0.9388894438743591,\n        \"Lymphangiectasia\": 0.9082038998603821,\n        \"Normal\": 0.9973227977752686,\n        \"Polyp\": 0.7238857746124268,\n        \"Ulcer\": 0.9801254272460938,\n        \"Worms\": 0.9976711273193359\n    },\n    \"mean_average_precision\": 0.872255265712738,\n    \"mean_f1_score\": 0.7933349013328552,\n    \"mean_specificity\": 0.9876163601875305,\n    \"mean_sensitivity\": 0.8509870767593384,\n    \"balanced_accuracy\": 0.8509870767593384\n}"
}