{
    "epoch": 2,
    "train_metrics": "{\n    \"Angioectasia\": {\n        \"precision\": 0.8583469390869141,\n        \"recall\": 0.8343023061752319,\n        \"f1-score\": 0.8461538553237915,\n        \"specificity\": 0.9845962524414062\n    },\n    \"Bleeding\": {\n        \"precision\": 0.9132480025291443,\n        \"recall\": 0.9175636768341064,\n        \"f1-score\": 0.9154007434844971,\n        \"specificity\": 0.9901769161224365\n    },\n    \"Erosion\": {\n        \"precision\": 0.6863517165184021,\n        \"recall\": 0.6941863298416138,\n        \"f1-score\": 0.6902468204498291,\n        \"specificity\": 0.9646867513656616\n    },\n    \"Erythema\": {\n        \"precision\": 0.7808399200439453,\n        \"recall\": 0.7918552160263062,\n        \"f1-score\": 0.7863089442253113,\n        \"specificity\": 0.9753323197364807\n    },\n    \"Foreign Body\": {\n        \"precision\": 0.9419867396354675,\n        \"recall\": 0.9313777089118958,\n        \"f1-score\": 0.9366521835327148,\n        \"specificity\": 0.993518590927124\n    },\n    \"Lymphangiectasia\": {\n        \"precision\": 0.934214174747467,\n        \"recall\": 0.9237887859344482,\n        \"f1-score\": 0.9289722442626953,\n        \"specificity\": 0.9929566979408264\n    },\n    \"Normal\": {\n        \"precision\": 0.8771511912345886,\n        \"recall\": 0.8681865930557251,\n        \"f1-score\": 0.8726458549499512,\n        \"specificity\": 0.9862685203552246\n    },\n    \"Polyp\": {\n        \"precision\": 0.8090033531188965,\n        \"recall\": 0.837553858757019,\n        \"f1-score\": 0.8230311274528503,\n        \"specificity\": 0.9783449172973633\n    },\n    \"Ulcer\": {\n        \"precision\": 0.982018232345581,\n        \"recall\": 0.9783422350883484,\n        \"f1-score\": 0.9801768064498901,\n        \"specificity\": 0.99802166223526\n    },\n    \"Worms\": {\n        \"precision\": 0.9938304424285889,\n        \"recall\": 0.9932975769042969,\n        \"f1-score\": 0.9935639500617981,\n        \"specificity\": 0.9993211030960083\n    },\n    \"macro avg\": {\n        \"precision\": 0.877699077129364,\n        \"recall\": 0.8770454525947571,\n        \"f1-score\": 0.8773152232170105,\n        \"specificity\": 0.9863224029541016\n    },\n    \"accuracy\": 0.8769112229347229,\n    \"auc_roc_scores\": {\n        \"Angioectasia\": 0.9866747856140137,\n        \"Bleeding\": 0.9961848258972168,\n        \"Erosion\": 0.9591223001480103,\n        \"Erythema\": 0.9815712571144104,\n        \"Foreign Body\": 0.9974729418754578,\n        \"Lymphangiectasia\": 0.9955679774284363,\n        \"Normal\": 0.9897363185882568,\n        \"Polyp\": 0.9866449236869812,\n        \"Ulcer\": 0.9994468688964844,\n        \"Worms\": 0.9999664425849915\n    },\n    \"mean_auc\": 0.9892389178276062,\n    \"average_precision_scores\": {\n        \"Angioectasia\": 0.930141806602478,\n        \"Bleeding\": 0.9738535284996033,\n        \"Erosion\": 0.7705333232879639,\n        \"Erythema\": 0.8649119734764099,\n        \"Foreign Body\": 0.9842990636825562,\n        \"Lymphangiectasia\": 0.9770853519439697,\n        \"Normal\": 0.9427270889282227,\n        \"Polyp\": 0.8996438980102539,\n        \"Ulcer\": 0.9970242381095886,\n        \"Worms\": 0.9997240304946899\n    },\n    \"mean_average_precision\": 0.933994472026825,\n    \"mean_f1_score\": 0.8773152232170105,\n    \"mean_specificity\": 0.9863224029541016,\n    \"mean_sensitivity\": 0.8770454525947571,\n    \"balanced_accuracy\": 0.8770454525947571\n}",
    "test_metrics": "{\n    \"Angioectasia\": {\n        \"precision\": 0.5501392483711243,\n        \"recall\": 0.7947686314582825,\n        \"f1-score\": 0.6502057909965515,\n        \"specificity\": 0.9793412089347839\n    },\n    \"Bleeding\": {\n        \"precision\": 0.5305466055870056,\n        \"recall\": 0.9192200303077698,\n        \"f1-score\": 0.6727828979492188,\n        \"specificity\": 0.9814873337745667\n    },\n    \"Erosion\": {\n        \"precision\": 0.7313237190246582,\n        \"recall\": 0.48311689496040344,\n        \"f1-score\": 0.5818560719490051,\n        \"specificity\": 0.9863123297691345\n    },\n    \"Erythema\": {\n        \"precision\": 0.40234375,\n        \"recall\": 0.6936026811599731,\n        \"f1-score\": 0.5092707276344299,\n        \"specificity\": 0.9806756973266602\n    },\n    \"Foreign Body\": {\n        \"precision\": 0.8198198080062866,\n        \"recall\": 0.8029412031173706,\n        \"f1-score\": 0.8112927079200745,\n        \"specificity\": 0.9962006211280823\n    },\n    \"Lymphangiectasia\": {\n        \"precision\": 0.5543859601020813,\n        \"recall\": 0.9212828278541565,\n        \"f1-score\": 0.6922234296798706,\n        \"specificity\": 0.9839128255844116\n    },\n    \"Normal\": {\n        \"precision\": 0.9837013483047485,\n        \"recall\": 0.9136485457420349,\n        \"f1-score\": 0.9473817348480225,\n        \"specificity\": 0.9516254663467407\n    },\n    \"Polyp\": {\n        \"precision\": 0.45214977860450745,\n        \"recall\": 0.6520000100135803,\n        \"f1-score\": 0.5339885354042053,\n        \"specificity\": 0.9747313261032104\n    },\n    \"Ulcer\": {\n        \"precision\": 0.7645429372787476,\n        \"recall\": 0.9650349617004395,\n        \"f1-score\": 0.8531684875488281,\n        \"specificity\": 0.9946358799934387\n    },\n    \"Worms\": {\n        \"precision\": 0.5666666626930237,\n        \"recall\": 1.0,\n        \"f1-score\": 0.7234042286872864,\n        \"specificity\": 0.9967629313468933\n    },\n    \"macro avg\": {\n        \"precision\": 0.635562002658844,\n        \"recall\": 0.8145615458488464,\n        \"f1-score\": 0.6975574493408203,\n        \"specificity\": 0.9825685620307922\n    },\n    \"accuracy\": 0.8662286400794983,\n    \"auc_roc_scores\": {\n        \"Angioectasia\": 0.9774017333984375,\n        \"Bleeding\": 0.9933979511260986,\n        \"Erosion\": 0.9583417177200317,\n        \"Erythema\": 0.9747909307479858,\n        \"Foreign Body\": 0.9715474843978882,\n        \"Lymphangiectasia\": 0.99226975440979,\n        \"Normal\": 0.9810128211975098,\n        \"Polyp\": 0.9694666862487793,\n        \"Ulcer\": 0.9987521767616272,\n        \"Worms\": 0.9999771118164062\n    },\n    \"mean_auc\": 0.9816957712173462,\n    \"average_precision_scores\": {\n        \"Angioectasia\": 0.8018944263458252,\n        \"Bleeding\": 0.8941037654876709,\n        \"Erosion\": 0.7346211671829224,\n        \"Erythema\": 0.5434203743934631,\n        \"Foreign Body\": 0.8662734031677246,\n        \"Lymphangiectasia\": 0.8584479093551636,\n        \"Normal\": 0.9939401149749756,\n        \"Polyp\": 0.6147035360336304,\n        \"Ulcer\": 0.966789960861206,\n        \"Worms\": 0.995223879814148\n    },\n    \"mean_average_precision\": 0.8269419074058533,\n    \"mean_f1_score\": 0.6975574493408203,\n    \"mean_specificity\": 0.9825685620307922,\n    \"mean_sensitivity\": 0.8145615458488464,\n    \"balanced_accuracy\": 0.8145615458488464\n}"
}