{
    "epoch": 10,
    "train_metrics": "{\n    \"Angioectasia\": {\n        \"precision\": 0.9568943381309509,\n        \"recall\": 0.9563975930213928,\n        \"f1-score\": 0.9566459059715271,\n        \"specificity\": 0.9950820803642273\n    },\n    \"Bleeding\": {\n        \"precision\": 0.9506139159202576,\n        \"recall\": 0.9632291793823242,\n        \"f1-score\": 0.9568799734115601,\n        \"specificity\": 0.9946749210357666\n    },\n    \"Erosion\": {\n        \"precision\": 0.9102029204368591,\n        \"recall\": 0.8801075220108032,\n        \"f1-score\": 0.8949022889137268,\n        \"specificity\": 0.9904683232307434\n    },\n    \"Erythema\": {\n        \"precision\": 0.9239720702171326,\n        \"recall\": 0.9452381134033203,\n        \"f1-score\": 0.9344841241836548,\n        \"specificity\": 0.9913086891174316\n    },\n    \"Foreign Body\": {\n        \"precision\": 0.9708967208862305,\n        \"recall\": 0.9760147333145142,\n        \"f1-score\": 0.9734489917755127,\n        \"specificity\": 0.9967172145843506\n    },\n    \"Lymphangiectasia\": {\n        \"precision\": 0.9766693711280823,\n        \"recall\": 0.9761458039283752,\n        \"f1-score\": 0.976407527923584,\n        \"specificity\": 0.9974318146705627\n    },\n    \"Normal\": {\n        \"precision\": 0.962344229221344,\n        \"recall\": 0.9485101699829102,\n        \"f1-score\": 0.9553771018981934,\n        \"specificity\": 0.9957964420318604\n    },\n    \"Polyp\": {\n        \"precision\": 0.9398437738418579,\n        \"recall\": 0.9472441077232361,\n        \"f1-score\": 0.9435294270515442,\n        \"specificity\": 0.9931650757789612\n    },\n    \"Ulcer\": {\n        \"precision\": 0.997072160243988,\n        \"recall\": 0.9965416193008423,\n        \"f1-score\": 0.996806800365448,\n        \"specificity\": 0.9996750354766846\n    },\n    \"Worms\": {\n        \"precision\": 0.9991926550865173,\n        \"recall\": 0.9989238381385803,\n        \"f1-score\": 0.9990582466125488,\n        \"specificity\": 0.9999114871025085\n    },\n    \"macro avg\": {\n        \"precision\": 0.958770215511322,\n        \"recall\": 0.9588353037834167,\n        \"f1-score\": 0.9587540030479431,\n        \"specificity\": 0.9954231381416321\n    },\n    \"accuracy\": 0.9588108658790588,\n    \"auc_roc_scores\": {\n        \"Angioectasia\": 0.9988381862640381,\n        \"Bleeding\": 0.9993743300437927,\n        \"Erosion\": 0.9948738813400269,\n        \"Erythema\": 0.9983475208282471,\n        \"Foreign Body\": 0.9996795654296875,\n        \"Lymphangiectasia\": 0.9997135400772095,\n        \"Normal\": 0.9979432821273804,\n        \"Polyp\": 0.9986523985862732,\n        \"Ulcer\": 0.9999947547912598,\n        \"Worms\": 0.9999784231185913\n    },\n    \"mean_auc\": 0.9987396597862244,\n    \"average_precision_scores\": {\n        \"Angioectasia\": 0.9923356175422668,\n        \"Bleeding\": 0.994179368019104,\n        \"Erosion\": 0.9639848470687866,\n        \"Erythema\": 0.9848211407661438,\n        \"Foreign Body\": 0.9974624514579773,\n        \"Lymphangiectasia\": 0.997485876083374,\n        \"Normal\": 0.9889596700668335,\n        \"Polyp\": 0.9886412620544434,\n        \"Ulcer\": 0.9999533891677856,\n        \"Worms\": 0.999881386756897\n    },\n    \"mean_average_precision\": 0.9907705187797546,\n    \"mean_f1_score\": 0.9587540030479431,\n    \"mean_specificity\": 0.9954231381416321,\n    \"mean_sensitivity\": 0.9588353037834167,\n    \"balanced_accuracy\": 0.9588353037834167\n}",
    "test_metrics": "{\n    \"Angioectasia\": {\n        \"precision\": 0.7841140627861023,\n        \"recall\": 0.7746478915214539,\n        \"f1-score\": 0.7793522477149963,\n        \"specificity\": 0.993220329284668\n    },\n    \"Bleeding\": {\n        \"precision\": 0.8157181739807129,\n        \"recall\": 0.8384401202201843,\n        \"f1-score\": 0.8269230723381042,\n        \"specificity\": 0.9956888556480408\n    },\n    \"Erosion\": {\n        \"precision\": 0.6254953742027283,\n        \"recall\": 0.8199134469032288,\n        \"f1-score\": 0.7096290588378906,\n        \"specificity\": 0.9621419310569763\n    },\n    \"Erythema\": {\n        \"precision\": 0.5230769515037537,\n        \"recall\": 0.5723905563354492,\n        \"f1-score\": 0.5466237664222717,\n        \"specificity\": 0.990211546421051\n    },\n    \"Foreign Body\": {\n        \"precision\": 0.6917960047721863,\n        \"recall\": 0.9176470637321472,\n        \"f1-score\": 0.7888748645782471,\n        \"specificity\": 0.9911980628967285\n    },\n    \"Lymphangiectasia\": {\n        \"precision\": 0.7183098793029785,\n        \"recall\": 0.8921282887458801,\n        \"f1-score\": 0.7958387732505798,\n        \"specificity\": 0.9923997521400452\n    },\n    \"Normal\": {\n        \"precision\": 0.9890337586402893,\n        \"recall\": 0.9322047829627991,\n        \"f1-score\": 0.9597787857055664,\n        \"specificity\": 0.9669700860977173\n    },\n    \"Polyp\": {\n        \"precision\": 0.6318584084510803,\n        \"recall\": 0.7139999866485596,\n        \"f1-score\": 0.6704225540161133,\n        \"specificity\": 0.9866939783096313\n    },\n    \"Ulcer\": {\n        \"precision\": 0.8294117450714111,\n        \"recall\": 0.9860140085220337,\n        \"f1-score\": 0.9009584784507751,\n        \"specificity\": 0.9963397979736328\n    },\n    \"Worms\": {\n        \"precision\": 0.9571428298950195,\n        \"recall\": 0.9852941036224365,\n        \"f1-score\": 0.9710144996643066,\n        \"specificity\": 0.9998132586479187\n    },\n    \"macro avg\": {\n        \"precision\": 0.7565957903862,\n        \"recall\": 0.8432680368423462,\n        \"f1-score\": 0.7949416041374207,\n        \"specificity\": 0.9874677658081055\n    },\n    \"accuracy\": 0.9038556814193726,\n    \"auc_roc_scores\": {\n        \"Angioectasia\": 0.975487470626831,\n        \"Bleeding\": 0.9847771525382996,\n        \"Erosion\": 0.9740105867385864,\n        \"Erythema\": 0.9466760158538818,\n        \"Foreign Body\": 0.9907035827636719,\n        \"Lymphangiectasia\": 0.9913684129714966,\n        \"Normal\": 0.9904875755310059,\n        \"Polyp\": 0.974727988243103,\n        \"Ulcer\": 0.9988783597946167,\n        \"Worms\": 0.9999936819076538\n    },\n    \"mean_auc\": 0.9827110171318054,\n    \"average_precision_scores\": {\n        \"Angioectasia\": 0.8445730209350586,\n        \"Bleeding\": 0.8993799686431885,\n        \"Erosion\": 0.7878788709640503,\n        \"Erythema\": 0.544399619102478,\n        \"Foreign Body\": 0.9336814284324646,\n        \"Lymphangiectasia\": 0.9049023389816284,\n        \"Normal\": 0.9969925284385681,\n        \"Polyp\": 0.7285163402557373,\n        \"Ulcer\": 0.9873283505439758,\n        \"Worms\": 0.9985372424125671\n    },\n    \"mean_average_precision\": 0.8626190423965454,\n    \"mean_f1_score\": 0.7949416041374207,\n    \"mean_specificity\": 0.9874677658081055,\n    \"mean_sensitivity\": 0.8432680368423462,\n    \"balanced_accuracy\": 0.8432680368423462\n}"
}