{
    "Angioectasia": {
        "precision": 0.9488621354103088,
        "recall": 0.9542272686958313,
        "f1-score": 0.9515371322631836,
        "specificity": 0.9943646192550659
    },
    "Bleeding": {
        "precision": 0.9602649211883545,
        "recall": 0.9684745073318481,
        "f1-score": 0.9643522500991821,
        "specificity": 0.9955705404281616
    },
    "Erosion": {
        "precision": 0.891105592250824,
        "recall": 0.8758170008659363,
        "f1-score": 0.8833951354026794,
        "specificity": 0.9884190559387207
    },
    "Erythema": {
        "precision": 0.928027331829071,
        "recall": 0.9418821930885315,
        "f1-score": 0.9349034428596497,
        "specificity": 0.9919068813323975
    },
    "Foreign Body": {
        "precision": 0.9725918173789978,
        "recall": 0.9692389369010925,
        "f1-score": 0.9709124565124512,
        "specificity": 0.996955931186676
    },
    "Lymphangiectasia": {
        "precision": 0.9745739698410034,
        "recall": 0.972994863986969,
        "f1-score": 0.9737837910652161,
        "specificity": 0.9972274899482727
    },
    "Normal": {
        "precision": 0.9598371982574463,
        "recall": 0.9442071318626404,
        "f1-score": 0.9519580006599426,
        "specificity": 0.9956291913986206
    },
    "Polyp": {
        "precision": 0.9401950836181641,
        "recall": 0.9492096304893494,
        "f1-score": 0.9446808695793152,
        "specificity": 0.993095874786377
    },
    "Ulcer": {
        "precision": 0.9965444207191467,
        "recall": 0.9957503080368042,
        "f1-score": 0.9961472153663635,
        "specificity": 0.9996158480644226
    },
    "Worms": {
        "precision": 0.9981972575187683,
        "recall": 0.9981972575187683,
        "f1-score": 0.9981972575187683,
        "specificity": 0.9997924566268921
    },
    "accuracy": 0.9572951793670654,
    "macro avg": {
        "precision": 0.9570199847221375,
        "recall": 0.9569998979568481,
        "f1-score": 0.9569867253303528,
        "specificity": 0.9952577948570251
    },
    "auc_roc_scores": {
        "Angioectasia": 0.9988980293273926,
        "Bleeding": 0.999424934387207,
        "Erosion": 0.9931875467300415,
        "Erythema": 0.9984176158905029,
        "Foreign Body": 0.9995657205581665,
        "Lymphangiectasia": 0.9995759725570679,
        "Normal": 0.9967947006225586,
        "Polyp": 0.9985228776931763,
        "Ulcer": 0.9999893307685852,
        "Worms": 0.9999986290931702
    },
    "average_precision_scores": {
        "Angioectasia": 0.992002010345459,
        "Bleeding": 0.9946351647377014,
        "Erosion": 0.9549694657325745,
        "Erythema": 0.9855359792709351,
        "Foreign Body": 0.996661365032196,
        "Lymphangiectasia": 0.9966286420822144,
        "Normal": 0.984908938407898,
        "Polyp": 0.9880267977714539,
        "Ulcer": 0.9999045133590698,
        "Worms": 0.999988317489624
    },
    "mean_auc": 0.9984375238418579,
    "mean_average_precision": 0.9893261194229126
}