{
    "epoch": 3,
    "train_metrics": "{\n    \"Angioectasia\": {\n        \"precision\": 0.8707033395767212,\n        \"recall\": 0.8551025986671448,\n        \"f1-score\": 0.8628324270248413,\n        \"specificity\": 0.9855136871337891\n    },\n    \"Bleeding\": {\n        \"precision\": 0.9077847599983215,\n        \"recall\": 0.9171285033226013,\n        \"f1-score\": 0.9124327301979065,\n        \"specificity\": 0.9895617961883545\n    },\n    \"Erosion\": {\n        \"precision\": 0.7147703766822815,\n        \"recall\": 0.7181437015533447,\n        \"f1-score\": 0.7164530754089355,\n        \"specificity\": 0.9676560163497925\n    },\n    \"Erythema\": {\n        \"precision\": 0.8102288246154785,\n        \"recall\": 0.8078368306159973,\n        \"f1-score\": 0.809031069278717,\n        \"specificity\": 0.9791918992996216\n    },\n    \"Foreign Body\": {\n        \"precision\": 0.9389784932136536,\n        \"recall\": 0.9319637417793274,\n        \"f1-score\": 0.9354579448699951,\n        \"specificity\": 0.9932957291603088\n    },\n    \"Lymphangiectasia\": {\n        \"precision\": 0.9415284395217896,\n        \"recall\": 0.9293959736824036,\n        \"f1-score\": 0.9354228377342224,\n        \"specificity\": 0.9936544299125671\n    },\n    \"Normal\": {\n        \"precision\": 0.8750340342521667,\n        \"recall\": 0.8621244430541992,\n        \"f1-score\": 0.8685312867164612,\n        \"specificity\": 0.9864518046379089\n    },\n    \"Polyp\": {\n        \"precision\": 0.8080323338508606,\n        \"recall\": 0.8454017043113708,\n        \"f1-score\": 0.8262947201728821,\n        \"specificity\": 0.9775300621986389\n    },\n    \"Ulcer\": {\n        \"precision\": 0.9795082211494446,\n        \"recall\": 0.9741848111152649,\n        \"f1-score\": 0.9768392443656921,\n        \"specificity\": 0.9977893829345703\n    },\n    \"Worms\": {\n        \"precision\": 0.989364504814148,\n        \"recall\": 0.9891015291213989,\n        \"f1-score\": 0.9892330169677734,\n        \"specificity\": 0.9988181591033936\n    },\n    \"macro avg\": {\n        \"precision\": 0.8835933804512024,\n        \"recall\": 0.883038341999054,\n        \"f1-score\": 0.8832527995109558,\n        \"specificity\": 0.9869462847709656\n    },\n    \"accuracy\": 0.8825750350952148,\n    \"auc_roc_scores\": {\n        \"Angioectasia\": 0.9891027212142944,\n        \"Bleeding\": 0.9958338141441345,\n        \"Erosion\": 0.964375376701355,\n        \"Erythema\": 0.9851292371749878,\n        \"Foreign Body\": 0.9971538782119751,\n        \"Lymphangiectasia\": 0.9967256188392639,\n        \"Normal\": 0.988322913646698,\n        \"Polyp\": 0.9877289533615112,\n        \"Ulcer\": 0.9996687173843384,\n        \"Worms\": 0.9998024702072144\n    },\n    \"mean_auc\": 0.9903843998908997,\n    \"average_precision_scores\": {\n        \"Angioectasia\": 0.9405299425125122,\n        \"Bleeding\": 0.9722058773040771,\n        \"Erosion\": 0.8075451254844666,\n        \"Erythema\": 0.8875821828842163,\n        \"Foreign Body\": 0.9841368198394775,\n        \"Lymphangiectasia\": 0.9808602333068848,\n        \"Normal\": 0.93802410364151,\n        \"Polyp\": 0.9120640158653259,\n        \"Ulcer\": 0.9972784519195557,\n        \"Worms\": 0.9990593791007996\n    },\n    \"mean_average_precision\": 0.9419286847114563,\n    \"mean_f1_score\": 0.8832527995109558,\n    \"mean_specificity\": 0.9869462847709656,\n    \"mean_sensitivity\": 0.883038341999054,\n    \"balanced_accuracy\": 0.883038341999054\n}",
    "test_metrics": "{\n    \"Angioectasia\": {\n        \"precision\": 0.5314136147499084,\n        \"recall\": 0.8169013857841492,\n        \"f1-score\": 0.6439334154129028,\n        \"specificity\": 0.9771026372909546\n    },\n    \"Bleeding\": {\n        \"precision\": 0.8133333325386047,\n        \"recall\": 0.8495821952819824,\n        \"f1-score\": 0.8310626745223999,\n        \"specificity\": 0.9955620169639587\n    },\n    \"Erosion\": {\n        \"precision\": 0.5630996227264404,\n        \"recall\": 0.6606060862541199,\n        \"f1-score\": 0.6079681515693665,\n        \"specificity\": 0.9604727029800415\n    },\n    \"Erythema\": {\n        \"precision\": 0.2776934802532196,\n        \"recall\": 0.6161616444587708,\n        \"f1-score\": 0.3828451931476593,\n        \"specificity\": 0.9699400067329407\n    },\n    \"Foreign Body\": {\n        \"precision\": 0.7356608510017395,\n        \"recall\": 0.8676470518112183,\n        \"f1-score\": 0.7962213158607483,\n        \"specificity\": 0.9932877421379089\n    },\n    \"Lymphangiectasia\": {\n        \"precision\": 0.6834862232208252,\n        \"recall\": 0.8688046932220459,\n        \"f1-score\": 0.7650834321975708,\n        \"specificity\": 0.991259753704071\n    },\n    \"Normal\": {\n        \"precision\": 0.9910860657691956,\n        \"recall\": 0.886790931224823,\n        \"f1-score\": 0.9360422492027283,\n        \"specificity\": 0.9745123386383057\n    },\n    \"Polyp\": {\n        \"precision\": 0.4721485376358032,\n        \"recall\": 0.7120000123977661,\n        \"f1-score\": 0.5677831172943115,\n        \"specificity\": 0.9745393991470337\n    },\n    \"Ulcer\": {\n        \"precision\": 0.9307958483695984,\n        \"recall\": 0.940559446811676,\n        \"f1-score\": 0.9356521964073181,\n        \"specificity\": 0.9987378716468811\n    },\n    \"Worms\": {\n        \"precision\": 0.6380952596664429,\n        \"recall\": 0.9852941036224365,\n        \"f1-score\": 0.7745664715766907,\n        \"specificity\": 0.9976344704627991\n    },\n    \"macro avg\": {\n        \"precision\": 0.6636813282966614,\n        \"recall\": 0.8204347491264343,\n        \"f1-score\": 0.7241158485412598,\n        \"specificity\": 0.9833049178123474\n    },\n    \"accuracy\": 0.857798159122467,\n    \"auc_roc_scores\": {\n        \"Angioectasia\": 0.9763028621673584,\n        \"Bleeding\": 0.9880563616752625,\n        \"Erosion\": 0.9511934518814087,\n        \"Erythema\": 0.9481434226036072,\n        \"Foreign Body\": 0.9885956048965454,\n        \"Lymphangiectasia\": 0.9911531805992126,\n        \"Normal\": 0.9843655824661255,\n        \"Polyp\": 0.9775391817092896,\n        \"Ulcer\": 0.9985120296478271,\n        \"Worms\": 0.9998974204063416\n    },\n    \"mean_auc\": 0.9803758859634399,\n    \"average_precision_scores\": {\n        \"Angioectasia\": 0.817927896976471,\n        \"Bleeding\": 0.8880693912506104,\n        \"Erosion\": 0.693278431892395,\n        \"Erythema\": 0.41127896308898926,\n        \"Foreign Body\": 0.903748095035553,\n        \"Lymphangiectasia\": 0.8870056867599487,\n        \"Normal\": 0.995081901550293,\n        \"Polyp\": 0.6585261821746826,\n        \"Ulcer\": 0.9701269268989563,\n        \"Worms\": 0.9848183393478394\n    },\n    \"mean_average_precision\": 0.8209862112998962,\n    \"mean_f1_score\": 0.7241158485412598,\n    \"mean_specificity\": 0.9833049178123474,\n    \"mean_sensitivity\": 0.8204347491264343,\n    \"balanced_accuracy\": 0.8204347491264343\n}"
}