{
    "epoch": 11,
    "train_metrics": "{\n    \"Angioectasia\": {\n        \"precision\": 0.9588640928268433,\n        \"recall\": 0.9578472971916199,\n        \"f1-score\": 0.9583554267883301,\n        \"specificity\": 0.9954189658164978\n    },\n    \"Bleeding\": {\n        \"precision\": 0.9595522880554199,\n        \"recall\": 0.9671794772148132,\n        \"f1-score\": 0.963350772857666,\n        \"specificity\": 0.9952828884124756\n    },\n    \"Erosion\": {\n        \"precision\": 0.9083990454673767,\n        \"recall\": 0.8921516537666321,\n        \"f1-score\": 0.9002020359039307,\n        \"specificity\": 0.9900475740432739\n    },\n    \"Erythema\": {\n        \"precision\": 0.9358081817626953,\n        \"recall\": 0.9465450048446655,\n        \"f1-score\": 0.9411459565162659,\n        \"specificity\": 0.9926270246505737\n    },\n    \"Foreign Body\": {\n        \"precision\": 0.9706038236618042,\n        \"recall\": 0.9747340679168701,\n        \"f1-score\": 0.9726645350456238,\n        \"specificity\": 0.996720552444458\n    },\n    \"Lymphangiectasia\": {\n        \"precision\": 0.9764138460159302,\n        \"recall\": 0.9756293296813965,\n        \"f1-score\": 0.976021409034729,\n        \"specificity\": 0.9974020719528198\n    },\n    \"Normal\": {\n        \"precision\": 0.9569599628448486,\n        \"recall\": 0.9435938596725464,\n        \"f1-score\": 0.9502299427986145,\n        \"specificity\": 0.9953370094299316\n    },\n    \"Polyp\": {\n        \"precision\": 0.9424498677253723,\n        \"recall\": 0.9504792094230652,\n        \"f1-score\": 0.946447491645813,\n        \"specificity\": 0.9935600161552429\n    },\n    \"Ulcer\": {\n        \"precision\": 0.9970002770423889,\n        \"recall\": 0.996185302734375,\n        \"f1-score\": 0.99659264087677,\n        \"specificity\": 0.9996758699417114\n    },\n    \"Worms\": {\n        \"precision\": 0.9970406293869019,\n        \"recall\": 0.9986526370048523,\n        \"f1-score\": 0.9978460073471069,\n        \"specificity\": 0.999675452709198\n    },\n    \"macro avg\": {\n        \"precision\": 0.9603092074394226,\n        \"recall\": 0.9602997899055481,\n        \"f1-score\": 0.9602856636047363,\n        \"specificity\": 0.9955747723579407\n    },\n    \"accuracy\": 0.9601935744285583,\n    \"auc_roc_scores\": {\n        \"Angioectasia\": 0.9989818334579468,\n        \"Bleeding\": 0.9994404911994934,\n        \"Erosion\": 0.9949172735214233,\n        \"Erythema\": 0.9985583424568176,\n        \"Foreign Body\": 0.9995176196098328,\n        \"Lymphangiectasia\": 0.9996780157089233,\n        \"Normal\": 0.9978170394897461,\n        \"Polyp\": 0.9987143278121948,\n        \"Ulcer\": 0.9999910593032837,\n        \"Worms\": 0.9999955892562866\n    },\n    \"mean_auc\": 0.9987611770629883,\n    \"average_precision_scores\": {\n        \"Angioectasia\": 0.9927059412002563,\n        \"Bleeding\": 0.9954147338867188,\n        \"Erosion\": 0.9648220539093018,\n        \"Erythema\": 0.9873970150947571,\n        \"Foreign Body\": 0.996810793876648,\n        \"Lymphangiectasia\": 0.9975110292434692,\n        \"Normal\": 0.9871593713760376,\n        \"Polyp\": 0.9894537925720215,\n        \"Ulcer\": 0.9999189376831055,\n        \"Worms\": 0.9999613165855408\n    },\n    \"mean_average_precision\": 0.9911155104637146,\n    \"mean_f1_score\": 0.9602856636047363,\n    \"mean_specificity\": 0.9955747723579407,\n    \"mean_sensitivity\": 0.9602997899055481,\n    \"balanced_accuracy\": 0.9602997899055481\n}",
    "test_metrics": "{\n    \"Angioectasia\": {\n        \"precision\": 0.5762711763381958,\n        \"recall\": 0.8209255337715149,\n        \"f1-score\": 0.6771784424781799,\n        \"specificity\": 0.9808122515678406\n    },\n    \"Bleeding\": {\n        \"precision\": 0.6361788511276245,\n        \"recall\": 0.8718662858009338,\n        \"f1-score\": 0.7356051802635193,\n        \"specificity\": 0.9886515140533447\n    },\n    \"Erosion\": {\n        \"precision\": 0.5204846858978271,\n        \"recall\": 0.7809523940086365,\n        \"f1-score\": 0.6246537566184998,\n        \"specificity\": 0.9445149302482605\n    },\n    \"Erythema\": {\n        \"precision\": 0.49262535572052,\n        \"recall\": 0.5622895359992981,\n        \"f1-score\": 0.5251572132110596,\n        \"specificity\": 0.9891380071640015\n    },\n    \"Foreign Body\": {\n        \"precision\": 0.7900262475013733,\n        \"recall\": 0.8852941393852234,\n        \"f1-score\": 0.8349514603614807,\n        \"specificity\": 0.9949341416358948\n    },\n    \"Lymphangiectasia\": {\n        \"precision\": 0.6731182932853699,\n        \"recall\": 0.9125364422798157,\n        \"f1-score\": 0.7747524976730347,\n        \"specificity\": 0.9903730154037476\n    },\n    \"Normal\": {\n        \"precision\": 0.9934921860694885,\n        \"recall\": 0.8821518421173096,\n        \"f1-score\": 0.9345173835754395,\n        \"specificity\": 0.981534481048584\n    },\n    \"Polyp\": {\n        \"precision\": 0.5163934230804443,\n        \"recall\": 0.7559999823570251,\n        \"f1-score\": 0.6136363744735718,\n        \"specificity\": 0.9773541688919067\n    },\n    \"Ulcer\": {\n        \"precision\": 0.8856208920478821,\n        \"recall\": 0.9475524425506592,\n        \"f1-score\": 0.9155405163764954,\n        \"specificity\": 0.9977912306785583\n    },\n    \"Worms\": {\n        \"precision\": 0.9696969985961914,\n        \"recall\": 0.9411764740943909,\n        \"f1-score\": 0.9552238583564758,\n        \"specificity\": 0.9998754858970642\n    },\n    \"macro avg\": {\n        \"precision\": 0.7053908705711365,\n        \"recall\": 0.8360745310783386,\n        \"f1-score\": 0.7591217160224915,\n        \"specificity\": 0.9844979643821716\n    },\n    \"accuracy\": 0.865112841129303,\n    \"auc_roc_scores\": {\n        \"Angioectasia\": 0.9735545516014099,\n        \"Bleeding\": 0.9837028980255127,\n        \"Erosion\": 0.9546076655387878,\n        \"Erythema\": 0.9552559852600098,\n        \"Foreign Body\": 0.9870342016220093,\n        \"Lymphangiectasia\": 0.9856103658676147,\n        \"Normal\": 0.9893266558647156,\n        \"Polyp\": 0.9711187481880188,\n        \"Ulcer\": 0.9948652982711792,\n        \"Worms\": 0.9999597072601318\n    },\n    \"mean_auc\": 0.9795036315917969,\n    \"average_precision_scores\": {\n        \"Angioectasia\": 0.8239849805831909,\n        \"Bleeding\": 0.8647826313972473,\n        \"Erosion\": 0.7554746866226196,\n        \"Erythema\": 0.5722193717956543,\n        \"Foreign Body\": 0.9269356727600098,\n        \"Lymphangiectasia\": 0.9002026319503784,\n        \"Normal\": 0.9965221881866455,\n        \"Polyp\": 0.6924327611923218,\n        \"Ulcer\": 0.9654684662818909,\n        \"Worms\": 0.9919482469558716\n    },\n    \"mean_average_precision\": 0.8489971160888672,\n    \"mean_f1_score\": 0.7591217160224915,\n    \"mean_specificity\": 0.9844979643821716,\n    \"mean_sensitivity\": 0.8360745310783386,\n    \"balanced_accuracy\": 0.8360745310783386\n}"
}