{
    "epoch": 9,
    "train_metrics": "{\n    \"Angioectasia\": {\n        \"precision\": 0.9419097900390625,\n        \"recall\": 0.9439128041267395,\n        \"f1-score\": 0.9429102540016174,\n        \"specificity\": 0.9935293197631836\n    },\n    \"Bleeding\": {\n        \"precision\": 0.953000545501709,\n        \"recall\": 0.9614251255989075,\n        \"f1-score\": 0.9571942687034607,\n        \"specificity\": 0.9947747588157654\n    },\n    \"Erosion\": {\n        \"precision\": 0.8656600117683411,\n        \"recall\": 0.851908802986145,\n        \"f1-score\": 0.858729362487793,\n        \"specificity\": 0.984690248966217\n    },\n    \"Erythema\": {\n        \"precision\": 0.9111052751541138,\n        \"recall\": 0.9250133633613586,\n        \"f1-score\": 0.9180066585540771,\n        \"specificity\": 0.9900510907173157\n    },\n    \"Foreign Body\": {\n        \"precision\": 0.9702811241149902,\n        \"recall\": 0.9687249660491943,\n        \"f1-score\": 0.9695023894309998,\n        \"specificity\": 0.996722400188446\n    },\n    \"Lymphangiectasia\": {\n        \"precision\": 0.9666043519973755,\n        \"recall\": 0.9673796892166138,\n        \"f1-score\": 0.9669918417930603,\n        \"specificity\": 0.9963091015815735\n    },\n    \"Normal\": {\n        \"precision\": 0.9406207799911499,\n        \"recall\": 0.9280958771705627,\n        \"f1-score\": 0.9343163371086121,\n        \"specificity\": 0.9935011267662048\n    },\n    \"Polyp\": {\n        \"precision\": 0.9230359792709351,\n        \"recall\": 0.9294717311859131,\n        \"f1-score\": 0.9262426495552063,\n        \"specificity\": 0.9914693832397461\n    },\n    \"Ulcer\": {\n        \"precision\": 0.993443489074707,\n        \"recall\": 0.991363525390625,\n        \"f1-score\": 0.9924024343490601,\n        \"specificity\": 0.9992600679397583\n    },\n    \"Worms\": {\n        \"precision\": 0.9951193332672119,\n        \"recall\": 0.9948495626449585,\n        \"f1-score\": 0.9949843883514404,\n        \"specificity\": 0.9994692802429199\n    },\n    \"macro avg\": {\n        \"precision\": 0.9460781216621399,\n        \"recall\": 0.946214497089386,\n        \"f1-score\": 0.9461280703544617,\n        \"specificity\": 0.9939777255058289\n    },\n    \"accuracy\": 0.9458345770835876,\n    \"auc_roc_scores\": {\n        \"Angioectasia\": 0.9985080361366272,\n        \"Bleeding\": 0.9993000626564026,\n        \"Erosion\": 0.9911731481552124,\n        \"Erythema\": 0.9972383379936218,\n        \"Foreign Body\": 0.9994666576385498,\n        \"Lymphangiectasia\": 0.9994620084762573,\n        \"Normal\": 0.9961941838264465,\n        \"Polyp\": 0.9977121949195862,\n        \"Ulcer\": 0.9999426603317261,\n        \"Worms\": 0.9999867677688599\n    },\n    \"mean_auc\": 0.9978983998298645,\n    \"average_precision_scores\": {\n        \"Angioectasia\": 0.9885753393173218,\n        \"Bleeding\": 0.9940394163131714,\n        \"Erosion\": 0.9424997568130493,\n        \"Erythema\": 0.9761335253715515,\n        \"Foreign Body\": 0.9961521625518799,\n        \"Lymphangiectasia\": 0.9956547617912292,\n        \"Normal\": 0.9794216156005859,\n        \"Polyp\": 0.980313777923584,\n        \"Ulcer\": 0.9995589256286621,\n        \"Worms\": 0.9998777508735657\n    },\n    \"mean_average_precision\": 0.9852226376533508,\n    \"mean_f1_score\": 0.9461280703544617,\n    \"mean_specificity\": 0.9939777255058289,\n    \"mean_sensitivity\": 0.946214497089386,\n    \"balanced_accuracy\": 0.946214497089386\n}",
    "test_metrics": "{\n    \"Angioectasia\": {\n        \"precision\": 0.5880681872367859,\n        \"recall\": 0.8329979777336121,\n        \"f1-score\": 0.6894254684448242,\n        \"specificity\": 0.9814518690109253\n    },\n    \"Bleeding\": {\n        \"precision\": 0.7323943376541138,\n        \"recall\": 0.8690807819366455,\n        \"f1-score\": 0.7949044704437256,\n        \"specificity\": 0.9927724599838257\n    },\n    \"Erosion\": {\n        \"precision\": 0.6370425820350647,\n        \"recall\": 0.7385281324386597,\n        \"f1-score\": 0.6840416789054871,\n        \"specificity\": 0.9675502181053162\n    },\n    \"Erythema\": {\n        \"precision\": 0.49450549483299255,\n        \"recall\": 0.6060606241226196,\n        \"f1-score\": 0.5446293354034424,\n        \"specificity\": 0.9883801937103271\n    },\n    \"Foreign Body\": {\n        \"precision\": 0.6050583720207214,\n        \"recall\": 0.9147058725357056,\n        \"f1-score\": 0.7283372282981873,\n        \"specificity\": 0.9871453642845154\n    },\n    \"Lymphangiectasia\": {\n        \"precision\": 0.7739361524581909,\n        \"recall\": 0.8483964800834656,\n        \"f1-score\": 0.8094576001167297,\n        \"specificity\": 0.9946165084838867\n    },\n    \"Normal\": {\n        \"precision\": 0.9894384741783142,\n        \"recall\": 0.9149507880210876,\n        \"f1-score\": 0.9507378935813904,\n        \"specificity\": 0.9687906503677368\n    },\n    \"Polyp\": {\n        \"precision\": 0.5162721872329712,\n        \"recall\": 0.6980000138282776,\n        \"f1-score\": 0.5935373902320862,\n        \"specificity\": 0.979081392288208\n    },\n    \"Ulcer\": {\n        \"precision\": 0.8823529481887817,\n        \"recall\": 0.9440559148788452,\n        \"f1-score\": 0.912162184715271,\n        \"specificity\": 0.9977281093597412\n    },\n    \"Worms\": {\n        \"precision\": 0.9846153855323792,\n        \"recall\": 0.9411764740943909,\n        \"f1-score\": 0.9624060392379761,\n        \"specificity\": 0.9999377727508545\n    },\n    \"macro avg\": {\n        \"precision\": 0.7203683853149414,\n        \"recall\": 0.8307952880859375,\n        \"f1-score\": 0.7669639587402344,\n        \"specificity\": 0.9857454299926758\n    },\n    \"accuracy\": 0.8855690360069275,\n    \"auc_roc_scores\": {\n        \"Angioectasia\": 0.9784536361694336,\n        \"Bleeding\": 0.9878774285316467,\n        \"Erosion\": 0.9669532179832458,\n        \"Erythema\": 0.9664290547370911,\n        \"Foreign Body\": 0.9887465238571167,\n        \"Lymphangiectasia\": 0.9877599477767944,\n        \"Normal\": 0.9892106056213379,\n        \"Polyp\": 0.9710737466812134,\n        \"Ulcer\": 0.9952108860015869,\n        \"Worms\": 0.9960790872573853\n    },\n    \"mean_auc\": 0.9827795028686523,\n    \"average_precision_scores\": {\n        \"Angioectasia\": 0.8464536666870117,\n        \"Bleeding\": 0.8916978240013123,\n        \"Erosion\": 0.771571159362793,\n        \"Erythema\": 0.562569260597229,\n        \"Foreign Body\": 0.9098929166793823,\n        \"Lymphangiectasia\": 0.8813010454177856,\n        \"Normal\": 0.9966635704040527,\n        \"Polyp\": 0.679153561592102,\n        \"Ulcer\": 0.9631629586219788,\n        \"Worms\": 0.9806300401687622\n    },\n    \"mean_average_precision\": 0.8483095169067383,\n    \"mean_f1_score\": 0.7669639587402344,\n    \"mean_specificity\": 0.9857454299926758,\n    \"mean_sensitivity\": 0.8307952880859375,\n    \"balanced_accuracy\": 0.8307952880859375\n}"
}