{
    "epoch": 13,
    "train_metrics": "{\n    \"Angioectasia\": {\n        \"precision\": 0.9684125185012817,\n        \"recall\": 0.9665858149528503,\n        \"f1-score\": 0.9674983024597168,\n        \"specificity\": 0.9965482950210571\n    },\n    \"Bleeding\": {\n        \"precision\": 0.9659678936004639,\n        \"recall\": 0.9752611517906189,\n        \"f1-score\": 0.9705922603607178,\n        \"specificity\": 0.9963201880455017\n    },\n    \"Erosion\": {\n        \"precision\": 0.926006555557251,\n        \"recall\": 0.9005290865898132,\n        \"f1-score\": 0.9130901098251343,\n        \"specificity\": 0.9919590950012207\n    },\n    \"Erythema\": {\n        \"precision\": 0.9394252896308899,\n        \"recall\": 0.9577724933624268,\n        \"f1-score\": 0.9485101699829102,\n        \"specificity\": 0.9930806159973145\n    },\n    \"Foreign Body\": {\n        \"precision\": 0.9748730063438416,\n        \"recall\": 0.9751337170600891,\n        \"f1-score\": 0.9750033617019653,\n        \"specificity\": 0.9972244501113892\n    },\n    \"Lymphangiectasia\": {\n        \"precision\": 0.9766960144042969,\n        \"recall\": 0.9802494645118713,\n        \"f1-score\": 0.9784694910049438,\n        \"specificity\": 0.9973340630531311\n    },\n    \"Normal\": {\n        \"precision\": 0.9634344577789307,\n        \"recall\": 0.9556689858436584,\n        \"f1-score\": 0.9595360159873962,\n        \"specificity\": 0.9960159659385681\n    },\n    \"Polyp\": {\n        \"precision\": 0.9594594836235046,\n        \"recall\": 0.9640575051307678,\n        \"f1-score\": 0.9617530107498169,\n        \"specificity\": 0.9954801797866821\n    },\n    \"Ulcer\": {\n        \"precision\": 0.9984126687049866,\n        \"recall\": 0.9981486201286316,\n        \"f1-score\": 0.9982806444168091,\n        \"specificity\": 0.9998226165771484\n    },\n    \"Worms\": {\n        \"precision\": 0.9989588856697083,\n        \"recall\": 0.9989588856697083,\n        \"f1-score\": 0.9989588856697083,\n        \"specificity\": 0.9998815059661865\n    },\n    \"macro avg\": {\n        \"precision\": 0.9671646952629089,\n        \"recall\": 0.9672365188598633,\n        \"f1-score\": 0.9671692252159119,\n        \"specificity\": 0.9963666796684265\n    },\n    \"accuracy\": 0.9672933220863342,\n    \"auc_roc_scores\": {\n        \"Angioectasia\": 0.9994451999664307,\n        \"Bleeding\": 0.9996706247329712,\n        \"Erosion\": 0.996523916721344,\n        \"Erythema\": 0.9990047812461853,\n        \"Foreign Body\": 0.9997308254241943,\n        \"Lymphangiectasia\": 0.9997693300247192,\n        \"Normal\": 0.9984724521636963,\n        \"Polyp\": 0.9993240237236023,\n        \"Ulcer\": 0.9999980330467224,\n        \"Worms\": 0.9999991655349731\n    },\n    \"mean_auc\": 0.9991938471794128,\n    \"average_precision_scores\": {\n        \"Angioectasia\": 0.9956530928611755,\n        \"Bleeding\": 0.9969559907913208,\n        \"Erosion\": 0.9750635027885437,\n        \"Erythema\": 0.9911186099052429,\n        \"Foreign Body\": 0.9977864027023315,\n        \"Lymphangiectasia\": 0.9981421232223511,\n        \"Normal\": 0.9911637306213379,\n        \"Polyp\": 0.9940710067749023,\n        \"Ulcer\": 0.999982476234436,\n        \"Worms\": 0.9999926090240479\n    },\n    \"mean_average_precision\": 0.9939929842948914,\n    \"mean_f1_score\": 0.9671692252159119,\n    \"mean_specificity\": 0.9963666796684265,\n    \"mean_sensitivity\": 0.9672365188598633,\n    \"balanced_accuracy\": 0.9672365188598633\n}",
    "test_metrics": "{\n    \"Angioectasia\": {\n        \"precision\": 0.8547618985176086,\n        \"recall\": 0.7223340272903442,\n        \"f1-score\": 0.7829880118370056,\n        \"specificity\": 0.996098518371582\n    },\n    \"Bleeding\": {\n        \"precision\": 0.8257372379302979,\n        \"recall\": 0.8579387068748474,\n        \"f1-score\": 0.8415300250053406,\n        \"specificity\": 0.995879054069519\n    },\n    \"Erosion\": {\n        \"precision\": 0.6769945621490479,\n        \"recall\": 0.7567099332809448,\n        \"f1-score\": 0.7146361470222473,\n        \"specificity\": 0.9721572995185852\n    },\n    \"Erythema\": {\n        \"precision\": 0.5396341681480408,\n        \"recall\": 0.5959596037864685,\n        \"f1-score\": 0.5663999915122986,\n        \"specificity\": 0.9904641509056091\n    },\n    \"Foreign Body\": {\n        \"precision\": 0.8131579160690308,\n        \"recall\": 0.908823549747467,\n        \"f1-score\": 0.8583333492279053,\n        \"specificity\": 0.9955040812492371\n    },\n    \"Lymphangiectasia\": {\n        \"precision\": 0.8407079577445984,\n        \"recall\": 0.8309037685394287,\n        \"f1-score\": 0.8357771039009094,\n        \"specificity\": 0.9965798854827881\n    },\n    \"Normal\": {\n        \"precision\": 0.9802795648574829,\n        \"recall\": 0.958818256855011,\n        \"f1-score\": 0.969430148601532,\n        \"specificity\": 0.9383615255355835\n    },\n    \"Polyp\": {\n        \"precision\": 0.5952000021934509,\n        \"recall\": 0.7440000176429749,\n        \"f1-score\": 0.6613333225250244,\n        \"specificity\": 0.9838152527809143\n    },\n    \"Ulcer\": {\n        \"precision\": 0.9683098793029785,\n        \"recall\": 0.9615384340286255,\n        \"f1-score\": 0.9649122953414917,\n        \"specificity\": 0.9994320273399353\n    },\n    \"Worms\": {\n        \"precision\": 0.8918918967247009,\n        \"recall\": 0.970588207244873,\n        \"f1-score\": 0.9295774698257446,\n        \"specificity\": 0.9995020031929016\n    },\n    \"macro avg\": {\n        \"precision\": 0.7986675500869751,\n        \"recall\": 0.8307614326477051,\n        \"f1-score\": 0.8124918341636658,\n        \"specificity\": 0.9867793917655945\n    },\n    \"accuracy\": 0.9178031086921692,\n    \"auc_roc_scores\": {\n        \"Angioectasia\": 0.9813684821128845,\n        \"Bleeding\": 0.9828081727027893,\n        \"Erosion\": 0.9701142311096191,\n        \"Erythema\": 0.9644454717636108,\n        \"Foreign Body\": 0.9896539449691772,\n        \"Lymphangiectasia\": 0.9887146949768066,\n        \"Normal\": 0.9914010763168335,\n        \"Polyp\": 0.9796121120452881,\n        \"Ulcer\": 0.9981633424758911,\n        \"Worms\": 0.9999578595161438\n    },\n    \"mean_auc\": 0.984623908996582,\n    \"average_precision_scores\": {\n        \"Angioectasia\": 0.8459372520446777,\n        \"Bleeding\": 0.903336763381958,\n        \"Erosion\": 0.7925154566764832,\n        \"Erythema\": 0.6113536357879639,\n        \"Foreign Body\": 0.9342672824859619,\n        \"Lymphangiectasia\": 0.8989530801773071,\n        \"Normal\": 0.9973017573356628,\n        \"Polyp\": 0.7362018823623657,\n        \"Ulcer\": 0.9814088344573975,\n        \"Worms\": 0.9919440746307373\n    },\n    \"mean_average_precision\": 0.8693220019340515,\n    \"mean_f1_score\": 0.8124918341636658,\n    \"mean_specificity\": 0.9867793917655945,\n    \"mean_sensitivity\": 0.8307614326477051,\n    \"balanced_accuracy\": 0.8307614326477051\n}"
}