{
    "epoch": 2,
    "train_metrics": "{\n    \"Angioectasia\": {\n        \"precision\": 0.845588207244873,\n        \"recall\": 0.8124018907546997,\n        \"f1-score\": 0.8286629319190979,\n        \"specificity\": 0.9832174181938171\n    },\n    \"Bleeding\": {\n        \"precision\": 0.8787069320678711,\n        \"recall\": 0.8903627395629883,\n        \"f1-score\": 0.8844964504241943,\n        \"specificity\": 0.9866127967834473\n    },\n    \"Erosion\": {\n        \"precision\": 0.6439723372459412,\n        \"recall\": 0.6576058268547058,\n        \"f1-score\": 0.6507176756858826,\n        \"specificity\": 0.958823025226593\n    },\n    \"Erythema\": {\n        \"precision\": 0.7408949136734009,\n        \"recall\": 0.7530407309532166,\n        \"f1-score\": 0.7469184398651123,\n        \"specificity\": 0.9705543518066406\n    },\n    \"Foreign Body\": {\n        \"precision\": 0.9246987700462341,\n        \"recall\": 0.9159207940101624,\n        \"f1-score\": 0.9202888607978821,\n        \"specificity\": 0.9918926954269409\n    },\n    \"Lymphangiectasia\": {\n        \"precision\": 0.918411135673523,\n        \"recall\": 0.9052910208702087,\n        \"f1-score\": 0.9118039011955261,\n        \"specificity\": 0.9910131096839905\n    },\n    \"Normal\": {\n        \"precision\": 0.8526315689086914,\n        \"recall\": 0.8284814953804016,\n        \"f1-score\": 0.8403830528259277,\n        \"specificity\": 0.9838432669639587\n    },\n    \"Polyp\": {\n        \"precision\": 0.7519735097885132,\n        \"recall\": 0.7876766920089722,\n        \"f1-score\": 0.7694111466407776,\n        \"specificity\": 0.9712327718734741\n    },\n    \"Ulcer\": {\n        \"precision\": 0.9701977968215942,\n        \"recall\": 0.9639300107955933,\n        \"f1-score\": 0.9670537114143372,\n        \"specificity\": 0.9967544078826904\n    },\n    \"Worms\": {\n        \"precision\": 0.9866310358047485,\n        \"recall\": 0.9868949055671692,\n        \"f1-score\": 0.9867629408836365,\n        \"specificity\": 0.9985236525535583\n    },\n    \"macro avg\": {\n        \"precision\": 0.851370632648468,\n        \"recall\": 0.8501605987548828,\n        \"f1-score\": 0.8506499528884888,\n        \"specificity\": 0.9832467436790466\n    },\n    \"accuracy\": 0.8493099808692932,\n    \"auc_roc_scores\": {\n        \"Angioectasia\": 0.9828207492828369,\n        \"Bleeding\": 0.9935681223869324,\n        \"Erosion\": 0.9491773843765259,\n        \"Erythema\": 0.9737009406089783,\n        \"Foreign Body\": 0.995766282081604,\n        \"Lymphangiectasia\": 0.9935439229011536,\n        \"Normal\": 0.9813840389251709,\n        \"Polyp\": 0.9790008068084717,\n        \"Ulcer\": 0.9989221096038818,\n        \"Worms\": 0.9997698664665222\n    },\n    \"mean_auc\": 0.9847654700279236,\n    \"average_precision_scores\": {\n        \"Angioectasia\": 0.9156590700149536,\n        \"Bleeding\": 0.9556431770324707,\n        \"Erosion\": 0.7270971536636353,\n        \"Erythema\": 0.8248264789581299,\n        \"Foreign Body\": 0.9751483201980591,\n        \"Lymphangiectasia\": 0.9662032127380371,\n        \"Normal\": 0.9093315005302429,\n        \"Polyp\": 0.855739176273346,\n        \"Ulcer\": 0.9934617280960083,\n        \"Worms\": 0.9987226128578186\n    },\n    \"mean_average_precision\": 0.9121832251548767,\n    \"mean_f1_score\": 0.8506499528884888,\n    \"mean_specificity\": 0.9832467436790466,\n    \"mean_sensitivity\": 0.8501605987548828,\n    \"balanced_accuracy\": 0.8501605987548828\n}",
    "test_metrics": "{\n    \"Angioectasia\": {\n        \"precision\": 0.42825111746788025,\n        \"recall\": 0.7686116695404053,\n        \"f1-score\": 0.5500360131263733,\n        \"specificity\": 0.9673808813095093\n    },\n    \"Bleeding\": {\n        \"precision\": 0.5132890343666077,\n        \"recall\": 0.8607242107391357,\n        \"f1-score\": 0.6430801153182983,\n        \"specificity\": 0.9814239740371704\n    },\n    \"Erosion\": {\n        \"precision\": 0.4549064040184021,\n        \"recall\": 0.694372296333313,\n        \"f1-score\": 0.5496915578842163,\n        \"specificity\": 0.9358349442481995\n    },\n    \"Erythema\": {\n        \"precision\": 0.24566929042339325,\n        \"recall\": 0.5252525210380554,\n        \"f1-score\": 0.33476394414901733,\n        \"specificity\": 0.9697505235671997\n    },\n    \"Foreign Body\": {\n        \"precision\": 0.7721179723739624,\n        \"recall\": 0.8470588326454163,\n        \"f1-score\": 0.8078541159629822,\n        \"specificity\": 0.9946175217628479\n    },\n    \"Lymphangiectasia\": {\n        \"precision\": 0.8134110569953918,\n        \"recall\": 0.8134110569953918,\n        \"f1-score\": 0.8134110569953918,\n        \"specificity\": 0.9959465265274048\n    },\n    \"Normal\": {\n        \"precision\": 0.9947208166122437,\n        \"recall\": 0.7974281907081604,\n        \"f1-score\": 0.8852148056030273,\n        \"specificity\": 0.986475944519043\n    },\n    \"Polyp\": {\n        \"precision\": 0.31837424635887146,\n        \"recall\": 0.7519999742507935,\n        \"f1-score\": 0.4473527669906616,\n        \"specificity\": 0.9485030770301819\n    },\n    \"Ulcer\": {\n        \"precision\": 0.6809045076370239,\n        \"recall\": 0.9475524425506592,\n        \"f1-score\": 0.792397677898407,\n        \"specificity\": 0.9919853806495667\n    },\n    \"Worms\": {\n        \"precision\": 0.6736842393875122,\n        \"recall\": 0.9411764740943909,\n        \"f1-score\": 0.7852760553359985,\n        \"specificity\": 0.998070240020752\n    },\n    \"macro avg\": {\n        \"precision\": 0.5895328521728516,\n        \"recall\": 0.7947587370872498,\n        \"f1-score\": 0.6609078049659729,\n        \"specificity\": 0.9769989252090454\n    },\n    \"accuracy\": 0.7888048887252808,\n    \"auc_roc_scores\": {\n        \"Angioectasia\": 0.9633760452270508,\n        \"Bleeding\": 0.9895595908164978,\n        \"Erosion\": 0.9413976669311523,\n        \"Erythema\": 0.9594132900238037,\n        \"Foreign Body\": 0.9846069812774658,\n        \"Lymphangiectasia\": 0.9822895526885986,\n        \"Normal\": 0.9775685667991638,\n        \"Polyp\": 0.9675636291503906,\n        \"Ulcer\": 0.99730384349823,\n        \"Worms\": 0.9962228536605835\n    },\n    \"mean_auc\": 0.9759302139282227,\n    \"average_precision_scores\": {\n        \"Angioectasia\": 0.7189961671829224,\n        \"Bleeding\": 0.8103095293045044,\n        \"Erosion\": 0.6170692443847656,\n        \"Erythema\": 0.3601090908050537,\n        \"Foreign Body\": 0.8845926523208618,\n        \"Lymphangiectasia\": 0.8575763702392578,\n        \"Normal\": 0.9928689002990723,\n        \"Polyp\": 0.5633004903793335,\n        \"Ulcer\": 0.949583113193512,\n        \"Worms\": 0.9445465207099915\n    },\n    \"mean_average_precision\": 0.7698952555656433,\n    \"mean_f1_score\": 0.6609078049659729,\n    \"mean_specificity\": 0.9769989252090454,\n    \"mean_sensitivity\": 0.7947587370872498,\n    \"balanced_accuracy\": 0.7947587370872498\n}"
}