{
    "epoch": 4,
    "train_metrics": "{\n    \"Angioectasia\": {\n        \"precision\": 0.8817415833473206,\n        \"recall\": 0.8645001649856567,\n        \"f1-score\": 0.873035728931427,\n        \"specificity\": 0.9876089096069336\n    },\n    \"Bleeding\": {\n        \"precision\": 0.9198200702667236,\n        \"recall\": 0.9271805882453918,\n        \"f1-score\": 0.9234856367111206,\n        \"specificity\": 0.9910508394241333\n    },\n    \"Erosion\": {\n        \"precision\": 0.7537878751754761,\n        \"recall\": 0.7546045780181885,\n        \"f1-score\": 0.7541959881782532,\n        \"specificity\": 0.9731681942939758\n    },\n    \"Erythema\": {\n        \"precision\": 0.8438085317611694,\n        \"recall\": 0.850862979888916,\n        \"f1-score\": 0.847321093082428,\n        \"specificity\": 0.9827723503112793\n    },\n    \"Foreign Body\": {\n        \"precision\": 0.9484672546386719,\n        \"recall\": 0.9499735236167908,\n        \"f1-score\": 0.9492197632789612,\n        \"specificity\": 0.9942356944084167\n    },\n    \"Lymphangiectasia\": {\n        \"precision\": 0.9453970193862915,\n        \"recall\": 0.9384655952453613,\n        \"f1-score\": 0.9419185519218445,\n        \"specificity\": 0.9938735365867615\n    },\n    \"Normal\": {\n        \"precision\": 0.9082666635513306,\n        \"recall\": 0.8851351141929626,\n        \"f1-score\": 0.8965517282485962,\n        \"specificity\": 0.9898101091384888\n    },\n    \"Polyp\": {\n        \"precision\": 0.8476770520210266,\n        \"recall\": 0.875458836555481,\n        \"f1-score\": 0.8613439798355103,\n        \"specificity\": 0.9822448492050171\n    },\n    \"Ulcer\": {\n        \"precision\": 0.9847269058227539,\n        \"recall\": 0.9837083220481873,\n        \"f1-score\": 0.9842173457145691,\n        \"specificity\": 0.9982513189315796\n    },\n    \"Worms\": {\n        \"precision\": 0.9902860522270203,\n        \"recall\": 0.9916238784790039,\n        \"f1-score\": 0.9909545183181763,\n        \"specificity\": 0.998938262462616\n    },\n    \"macro avg\": {\n        \"precision\": 0.9023979306221008,\n        \"recall\": 0.9021512866020203,\n        \"f1-score\": 0.9022244811058044,\n        \"specificity\": 0.9891953468322754\n    },\n    \"accuracy\": 0.9027042984962463,\n    \"auc_roc_scores\": {\n        \"Angioectasia\": 0.9923662543296814,\n        \"Bleeding\": 0.9974788427352905,\n        \"Erosion\": 0.9734809994697571,\n        \"Erythema\": 0.9900533556938171,\n        \"Foreign Body\": 0.9983446598052979,\n        \"Lymphangiectasia\": 0.9979040622711182,\n        \"Normal\": 0.9924196004867554,\n        \"Polyp\": 0.9915155172348022,\n        \"Ulcer\": 0.999675989151001,\n        \"Worms\": 0.9999691247940063\n    },\n    \"mean_auc\": 0.993320882320404,\n    \"average_precision_scores\": {\n        \"Angioectasia\": 0.9518280029296875,\n        \"Bleeding\": 0.9801127314567566,\n        \"Erosion\": 0.8441365957260132,\n        \"Erythema\": 0.9196823835372925,\n        \"Foreign Body\": 0.9893941879272461,\n        \"Lymphangiectasia\": 0.9856951236724854,\n        \"Normal\": 0.9579281806945801,\n        \"Polyp\": 0.9372351169586182,\n        \"Ulcer\": 0.9980804920196533,\n        \"Worms\": 0.9997221231460571\n    },\n    \"mean_average_precision\": 0.9563814997673035,\n    \"mean_f1_score\": 0.9022244811058044,\n    \"mean_specificity\": 0.9891953468322754,\n    \"mean_sensitivity\": 0.9021512866020203,\n    \"balanced_accuracy\": 0.9021512866020203\n}",
    "test_metrics": "{\n    \"Angioectasia\": {\n        \"precision\": 0.6179401874542236,\n        \"recall\": 0.7484909296035767,\n        \"f1-score\": 0.6769790649414062,\n        \"specificity\": 0.9852893948554993\n    },\n    \"Bleeding\": {\n        \"precision\": 0.7362110018730164,\n        \"recall\": 0.8551532030105591,\n        \"f1-score\": 0.7912371158599854,\n        \"specificity\": 0.993026077747345\n    },\n    \"Erosion\": {\n        \"precision\": 0.5142510533332825,\n        \"recall\": 0.7341991066932678,\n        \"f1-score\": 0.6048502326011658,\n        \"specificity\": 0.9465180039405823\n    },\n    \"Erythema\": {\n        \"precision\": 0.24178403615951538,\n        \"recall\": 0.6936026811599731,\n        \"f1-score\": 0.35857266187667847,\n        \"specificity\": 0.9592043161392212\n    },\n    \"Foreign Body\": {\n        \"precision\": 0.6469298005104065,\n        \"recall\": 0.8676470518112183,\n        \"f1-score\": 0.7412060499191284,\n        \"specificity\": 0.9898049831390381\n    },\n    \"Lymphangiectasia\": {\n        \"precision\": 0.46476760506629944,\n        \"recall\": 0.9037901163101196,\n        \"f1-score\": 0.6138613820075989,\n        \"specificity\": 0.9773893356323242\n    },\n    \"Normal\": {\n        \"precision\": 0.9915583729743958,\n        \"recall\": 0.8508179187774658,\n        \"f1-score\": 0.9158125519752502,\n        \"specificity\": 0.97685307264328\n    },\n    \"Polyp\": {\n        \"precision\": 0.5641025900840759,\n        \"recall\": 0.6159999966621399,\n        \"f1-score\": 0.5889101624488831,\n        \"specificity\": 0.9847748279571533\n    },\n    \"Ulcer\": {\n        \"precision\": 0.914383590221405,\n        \"recall\": 0.9335664510726929,\n        \"f1-score\": 0.9238754510879517,\n        \"specificity\": 0.9984223246574402\n    },\n    \"Worms\": {\n        \"precision\": 0.6111111044883728,\n        \"recall\": 0.970588207244873,\n        \"f1-score\": 0.75,\n        \"specificity\": 0.9973854422569275\n    },\n    \"macro avg\": {\n        \"precision\": 0.6303039789199829,\n        \"recall\": 0.8173854947090149,\n        \"f1-score\": 0.6965305209159851,\n        \"specificity\": 0.9808668494224548\n    },\n    \"accuracy\": 0.8326928019523621,\n    \"auc_roc_scores\": {\n        \"Angioectasia\": 0.9727802276611328,\n        \"Bleeding\": 0.9893910884857178,\n        \"Erosion\": 0.9579317569732666,\n        \"Erythema\": 0.9435948729515076,\n        \"Foreign Body\": 0.9813950061798096,\n        \"Lymphangiectasia\": 0.9861214756965637,\n        \"Normal\": 0.9816112518310547,\n        \"Polyp\": 0.9731268882751465,\n        \"Ulcer\": 0.9955116510391235,\n        \"Worms\": 0.9998507499694824\n    },\n    \"mean_auc\": 0.9781314730644226,\n    \"average_precision_scores\": {\n        \"Angioectasia\": 0.8042397499084473,\n        \"Bleeding\": 0.8962603807449341,\n        \"Erosion\": 0.7012949585914612,\n        \"Erythema\": 0.43632304668426514,\n        \"Foreign Body\": 0.8836377859115601,\n        \"Lymphangiectasia\": 0.8578015565872192,\n        \"Normal\": 0.9940414428710938,\n        \"Polyp\": 0.6727504730224609,\n        \"Ulcer\": 0.9651343822479248,\n        \"Worms\": 0.9835633039474487\n    },\n    \"mean_average_precision\": 0.8195047378540039,\n    \"mean_f1_score\": 0.6965305209159851,\n    \"mean_specificity\": 0.9808668494224548,\n    \"mean_sensitivity\": 0.8173854947090149,\n    \"balanced_accuracy\": 0.8173854947090149\n}"
}