{
    "epoch": 14,
    "train_metrics": "{\n    \"Angioectasia\": {\n        \"precision\": 0.9726355075836182,\n        \"recall\": 0.9710875153541565,\n        \"f1-score\": 0.9718608856201172,\n        \"specificity\": 0.9969559907913208\n    },\n    \"Bleeding\": {\n        \"precision\": 0.9602504968643188,\n        \"recall\": 0.9708229899406433,\n        \"f1-score\": 0.9655078053474426,\n        \"specificity\": 0.9957026243209839\n    },\n    \"Erosion\": {\n        \"precision\": 0.9346666932106018,\n        \"recall\": 0.9132360816001892,\n        \"f1-score\": 0.9238271117210388,\n        \"specificity\": 0.9927448034286499\n    },\n    \"Erythema\": {\n        \"precision\": 0.942842423915863,\n        \"recall\": 0.9541428089141846,\n        \"f1-score\": 0.9484589695930481,\n        \"specificity\": 0.9934259057044983\n    },\n    \"Foreign Body\": {\n        \"precision\": 0.9755253791809082,\n        \"recall\": 0.9791722297668457,\n        \"f1-score\": 0.9773454070091248,\n        \"specificity\": 0.9972831010818481\n    },\n    \"Lymphangiectasia\": {\n        \"precision\": 0.980021059513092,\n        \"recall\": 0.9831223487854004,\n        \"f1-score\": 0.981569230556488,\n        \"specificity\": 0.9977524876594543\n    },\n    \"Normal\": {\n        \"precision\": 0.9721499085426331,\n        \"recall\": 0.9623808264732361,\n        \"f1-score\": 0.9672406911849976,\n        \"specificity\": 0.9968273639678955\n    },\n    \"Polyp\": {\n        \"precision\": 0.9610035419464111,\n        \"recall\": 0.9660087823867798,\n        \"f1-score\": 0.9634996652603149,\n        \"specificity\": 0.9957890510559082\n    },\n    \"Ulcer\": {\n        \"precision\": 0.9980863928794861,\n        \"recall\": 0.9986323714256287,\n        \"f1-score\": 0.9983593225479126,\n        \"specificity\": 0.9997938275337219\n    },\n    \"Worms\": {\n        \"precision\": 0.9989490509033203,\n        \"recall\": 0.9989490509033203,\n        \"f1-score\": 0.9989490509033203,\n        \"specificity\": 0.9998816847801208\n    },\n    \"macro avg\": {\n        \"precision\": 0.9696130752563477,\n        \"recall\": 0.9697555899620056,\n        \"f1-score\": 0.9696618318557739,\n        \"specificity\": 0.9966157078742981\n    },\n    \"accuracy\": 0.969553530216217,\n    \"auc_roc_scores\": {\n        \"Angioectasia\": 0.9996813535690308,\n        \"Bleeding\": 0.9996048212051392,\n        \"Erosion\": 0.997305154800415,\n        \"Erythema\": 0.9990014433860779,\n        \"Foreign Body\": 0.9998434782028198,\n        \"Lymphangiectasia\": 0.9998595714569092,\n        \"Normal\": 0.9988913536071777,\n        \"Polyp\": 0.9994843602180481,\n        \"Ulcer\": 0.9999991059303284,\n        \"Worms\": 0.999998927116394\n    },\n    \"mean_auc\": 0.9993669390678406,\n    \"average_precision_scores\": {\n        \"Angioectasia\": 0.9972155094146729,\n        \"Bleeding\": 0.9964077472686768,\n        \"Erosion\": 0.9798779487609863,\n        \"Erythema\": 0.9916069507598877,\n        \"Foreign Body\": 0.9986311197280884,\n        \"Lymphangiectasia\": 0.9988104104995728,\n        \"Normal\": 0.9939007759094238,\n        \"Polyp\": 0.9953781366348267,\n        \"Ulcer\": 0.9999920725822449,\n        \"Worms\": 0.9999905824661255\n    },\n    \"mean_average_precision\": 0.9951810836791992,\n    \"mean_f1_score\": 0.9696618318557739,\n    \"mean_specificity\": 0.9966157078742981,\n    \"mean_sensitivity\": 0.9697555899620056,\n    \"balanced_accuracy\": 0.9697555899620056\n}",
    "test_metrics": "{\n    \"Angioectasia\": {\n        \"precision\": 0.7786561250686646,\n        \"recall\": 0.7927565574645996,\n        \"f1-score\": 0.7856430411338806,\n        \"specificity\": 0.992836594581604\n    },\n    \"Bleeding\": {\n        \"precision\": 0.8571428656578064,\n        \"recall\": 0.8189415335655212,\n        \"f1-score\": 0.8376068472862244,\n        \"specificity\": 0.9968934059143066\n    },\n    \"Erosion\": {\n        \"precision\": 0.6796267628669739,\n        \"recall\": 0.7567099332809448,\n        \"f1-score\": 0.7160999774932861,\n        \"specificity\": 0.9724911451339722\n    },\n    \"Erythema\": {\n        \"precision\": 0.5993589758872986,\n        \"recall\": 0.6296296119689941,\n        \"f1-score\": 0.6141214966773987,\n        \"specificity\": 0.9921060800552368\n    },\n    \"Foreign Body\": {\n        \"precision\": 0.8794117569923401,\n        \"recall\": 0.8794117569923401,\n        \"f1-score\": 0.8794117569923401,\n        \"specificity\": 0.9974037408828735\n    },\n    \"Lymphangiectasia\": {\n        \"precision\": 0.8652694821357727,\n        \"recall\": 0.8425655961036682,\n        \"f1-score\": 0.8537666201591492,\n        \"specificity\": 0.9971498847007751\n    },\n    \"Normal\": {\n        \"precision\": 0.9795851111412048,\n        \"recall\": 0.9645967483520508,\n        \"f1-score\": 0.9720331430435181,\n        \"specificity\": 0.9357607364654541\n    },\n    \"Polyp\": {\n        \"precision\": 0.6422182321548462,\n        \"recall\": 0.7179999947547913,\n        \"f1-score\": 0.6779981255531311,\n        \"specificity\": 0.9872057437896729\n    },\n    \"Ulcer\": {\n        \"precision\": 0.961403489112854,\n        \"recall\": 0.9580419659614563,\n        \"f1-score\": 0.9597197771072388,\n        \"specificity\": 0.9993058443069458\n    },\n    \"Worms\": {\n        \"precision\": 0.970588207244873,\n        \"recall\": 0.970588207244873,\n        \"f1-score\": 0.970588207244873,\n        \"specificity\": 0.9998754858970642\n    },\n    \"macro avg\": {\n        \"precision\": 0.8213260769844055,\n        \"recall\": 0.8331241607666016,\n        \"f1-score\": 0.826698899269104,\n        \"specificity\": 0.9871029257774353\n    },\n    \"accuracy\": 0.9228861927986145,\n    \"auc_roc_scores\": {\n        \"Angioectasia\": 0.9865033626556396,\n        \"Bleeding\": 0.9877835512161255,\n        \"Erosion\": 0.9732651710510254,\n        \"Erythema\": 0.977278470993042,\n        \"Foreign Body\": 0.9878365993499756,\n        \"Lymphangiectasia\": 0.9901300668716431,\n        \"Normal\": 0.9921962022781372,\n        \"Polyp\": 0.9794327020645142,\n        \"Ulcer\": 0.9993951320648193,\n        \"Worms\": 0.9999853372573853\n    },\n    \"mean_auc\": 0.9873806238174438,\n    \"average_precision_scores\": {\n        \"Angioectasia\": 0.867240309715271,\n        \"Bleeding\": 0.8989741802215576,\n        \"Erosion\": 0.8009226322174072,\n        \"Erythema\": 0.6268157958984375,\n        \"Foreign Body\": 0.934256911277771,\n        \"Lymphangiectasia\": 0.9057818055152893,\n        \"Normal\": 0.9975653886795044,\n        \"Polyp\": 0.7500778436660767,\n        \"Ulcer\": 0.9857349395751953,\n        \"Worms\": 0.9970095157623291\n    },\n    \"mean_average_precision\": 0.8764379620552063,\n    \"mean_f1_score\": 0.826698899269104,\n    \"mean_specificity\": 0.9871029257774353,\n    \"mean_sensitivity\": 0.8331241607666016,\n    \"balanced_accuracy\": 0.8331241607666016\n}"
}