{
    "epoch": 8,
    "train_metrics": "{\n    \"Angioectasia\": {\n        \"precision\": 0.9394912719726562,\n        \"recall\": 0.9347362518310547,\n        \"f1-score\": 0.9371077418327332,\n        \"specificity\": 0.9933241009712219\n    },\n    \"Bleeding\": {\n        \"precision\": 0.9516304135322571,\n        \"recall\": 0.9584017395973206,\n        \"f1-score\": 0.955004096031189,\n        \"specificity\": 0.9947574734687805\n    },\n    \"Erosion\": {\n        \"precision\": 0.8575276136398315,\n        \"recall\": 0.8479360938072205,\n        \"f1-score\": 0.8527048826217651,\n        \"specificity\": 0.984373152256012\n    },\n    \"Erythema\": {\n        \"precision\": 0.9124338626861572,\n        \"recall\": 0.9226859211921692,\n        \"f1-score\": 0.9175312519073486,\n        \"specificity\": 0.9902270436286926\n    },\n    \"Foreign Body\": {\n        \"precision\": 0.9615893959999084,\n        \"recall\": 0.9641434550285339,\n        \"f1-score\": 0.9628646969795227,\n        \"specificity\": 0.9957153797149658\n    },\n    \"Lymphangiectasia\": {\n        \"precision\": 0.9666235446929932,\n        \"recall\": 0.968377411365509,\n        \"f1-score\": 0.9674996733665466,\n        \"specificity\": 0.9961776733398438\n    },\n    \"Normal\": {\n        \"precision\": 0.9409041404724121,\n        \"recall\": 0.9262734651565552,\n        \"f1-score\": 0.9335314631462097,\n        \"specificity\": 0.9935944676399231\n    },\n    \"Polyp\": {\n        \"precision\": 0.9153172373771667,\n        \"recall\": 0.9246446490287781,\n        \"f1-score\": 0.9199573397636414,\n        \"specificity\": 0.9905838370323181\n    },\n    \"Ulcer\": {\n        \"precision\": 0.9950623512268066,\n        \"recall\": 0.9924831390380859,\n        \"f1-score\": 0.9937710762023926,\n        \"specificity\": 0.9994370341300964\n    },\n    \"Worms\": {\n        \"precision\": 0.9954931139945984,\n        \"recall\": 0.9970791339874268,\n        \"f1-score\": 0.9962854981422424,\n        \"specificity\": 0.999497652053833\n    },\n    \"macro avg\": {\n        \"precision\": 0.9436073303222656,\n        \"recall\": 0.9436761140823364,\n        \"f1-score\": 0.9436258673667908,\n        \"specificity\": 0.9937688112258911\n    },\n    \"accuracy\": 0.9438934326171875,\n    \"auc_roc_scores\": {\n        \"Angioectasia\": 0.9977427124977112,\n        \"Bleeding\": 0.999021589756012,\n        \"Erosion\": 0.9896140098571777,\n        \"Erythema\": 0.996786892414093,\n        \"Foreign Body\": 0.9993435144424438,\n        \"Lymphangiectasia\": 0.9992796182632446,\n        \"Normal\": 0.996403694152832,\n        \"Polyp\": 0.9966908097267151,\n        \"Ulcer\": 0.9998162388801575,\n        \"Worms\": 0.9999856948852539\n    },\n    \"mean_auc\": 0.9974684715270996,\n    \"average_precision_scores\": {\n        \"Angioectasia\": 0.9843546152114868,\n        \"Bleeding\": 0.9918485879898071,\n        \"Erosion\": 0.9322024583816528,\n        \"Erythema\": 0.9728751182556152,\n        \"Foreign Body\": 0.9950689077377319,\n        \"Lymphangiectasia\": 0.9951401948928833,\n        \"Normal\": 0.9797439575195312,\n        \"Polyp\": 0.9754090309143066,\n        \"Ulcer\": 0.9993242025375366,\n        \"Worms\": 0.9998685121536255\n    },\n    \"mean_average_precision\": 0.9825836420059204,\n    \"mean_f1_score\": 0.9436258673667908,\n    \"mean_specificity\": 0.9937688112258911,\n    \"mean_sensitivity\": 0.9436761140823364,\n    \"balanced_accuracy\": 0.9436761140823364\n}",
    "test_metrics": "{\n    \"Angioectasia\": {\n        \"precision\": 0.5132075548171997,\n        \"recall\": 0.8209255337715149,\n        \"f1-score\": 0.6315789222717285,\n        \"specificity\": 0.975247859954834\n    },\n    \"Bleeding\": {\n        \"precision\": 0.792553186416626,\n        \"recall\": 0.8300835490226746,\n        \"f1-score\": 0.8108843564987183,\n        \"specificity\": 0.9950548410415649\n    },\n    \"Erosion\": {\n        \"precision\": 0.5975189805030823,\n        \"recall\": 0.7506493330001831,\n        \"f1-score\": 0.6653875708580017,\n        \"specificity\": 0.9610068798065186\n    },\n    \"Erythema\": {\n        \"precision\": 0.5586206912994385,\n        \"recall\": 0.5454545617103577,\n        \"f1-score\": 0.5519590973854065,\n        \"specificity\": 0.9919166564941406\n    },\n    \"Foreign Body\": {\n        \"precision\": 0.7774869203567505,\n        \"recall\": 0.8735294342041016,\n        \"f1-score\": 0.8227146863937378,\n        \"specificity\": 0.9946175217628479\n    },\n    \"Lymphangiectasia\": {\n        \"precision\": 0.7684478163719177,\n        \"recall\": 0.8804664611816406,\n        \"f1-score\": 0.820652186870575,\n        \"specificity\": 0.9942364692687988\n    },\n    \"Normal\": {\n        \"precision\": 0.987248420715332,\n        \"recall\": 0.9262635111808777,\n        \"f1-score\": 0.9557841420173645,\n        \"specificity\": 0.9617685079574585\n    },\n    \"Polyp\": {\n        \"precision\": 0.6319702863693237,\n        \"recall\": 0.6800000071525574,\n        \"f1-score\": 0.6551059484481812,\n        \"specificity\": 0.9873336553573608\n    },\n    \"Ulcer\": {\n        \"precision\": 0.9328858852386475,\n        \"recall\": 0.9720279574394226,\n        \"f1-score\": 0.9520547986030579,\n        \"specificity\": 0.9987378716468811\n    },\n    \"Worms\": {\n        \"precision\": 0.8148148059844971,\n        \"recall\": 0.970588207244873,\n        \"f1-score\": 0.8859060406684875,\n        \"specificity\": 0.9990662336349487\n    },\n    \"macro avg\": {\n        \"precision\": 0.7374755144119263,\n        \"recall\": 0.8249988555908203,\n        \"f1-score\": 0.775202751159668,\n        \"specificity\": 0.9858986139297485\n    },\n    \"accuracy\": 0.8925737738609314,\n    \"auc_roc_scores\": {\n        \"Angioectasia\": 0.9675549864768982,\n        \"Bleeding\": 0.9845434427261353,\n        \"Erosion\": 0.9559129476547241,\n        \"Erythema\": 0.9577295780181885,\n        \"Foreign Body\": 0.9870671629905701,\n        \"Lymphangiectasia\": 0.9915311932563782,\n        \"Normal\": 0.9881604909896851,\n        \"Polyp\": 0.9763539433479309,\n        \"Ulcer\": 0.9998342990875244,\n        \"Worms\": 0.999875545501709\n    },\n    \"mean_auc\": 0.9808563590049744,\n    \"average_precision_scores\": {\n        \"Angioectasia\": 0.81135094165802,\n        \"Bleeding\": 0.8926281929016113,\n        \"Erosion\": 0.7410737872123718,\n        \"Erythema\": 0.5562871098518372,\n        \"Foreign Body\": 0.9079132080078125,\n        \"Lymphangiectasia\": 0.8952937722206116,\n        \"Normal\": 0.9962612390518188,\n        \"Polyp\": 0.7045854926109314,\n        \"Ulcer\": 0.991607666015625,\n        \"Worms\": 0.9759030342102051\n    },\n    \"mean_average_precision\": 0.8472904562950134,\n    \"mean_f1_score\": 0.775202751159668,\n    \"mean_specificity\": 0.9858986139297485,\n    \"mean_sensitivity\": 0.8249988555908203,\n    \"balanced_accuracy\": 0.8249988555908203\n}"
}