{
    "epoch": 1,
    "train_metrics": "{\n    \"Angioectasia\": {\n        \"precision\": 0.7252810597419739,\n        \"recall\": 0.6679055094718933,\n        \"f1-score\": 0.6954118013381958,\n        \"specificity\": 0.9718380570411682\n    },\n    \"Bleeding\": {\n        \"precision\": 0.7761274576187134,\n        \"recall\": 0.7645650506019592,\n        \"f1-score\": 0.7703028917312622,\n        \"specificity\": 0.9755081534385681\n    },\n    \"Erosion\": {\n        \"precision\": 0.4804288148880005,\n        \"recall\": 0.5033960342407227,\n        \"f1-score\": 0.49164435267448425,\n        \"specificity\": 0.9383048415184021\n    },\n    \"Erythema\": {\n        \"precision\": 0.5753788948059082,\n        \"recall\": 0.5810955762863159,\n        \"f1-score\": 0.5782231092453003,\n        \"specificity\": 0.9528672099113464\n    },\n    \"Foreign Body\": {\n        \"precision\": 0.7950181365013123,\n        \"recall\": 0.7970863580703735,\n        \"f1-score\": 0.7960509061813354,\n        \"specificity\": 0.9766016006469727\n    },\n    \"Lymphangiectasia\": {\n        \"precision\": 0.8389667272567749,\n        \"recall\": 0.8027872443199158,\n        \"f1-score\": 0.8204783797264099,\n        \"specificity\": 0.9826647639274597\n    },\n    \"Normal\": {\n        \"precision\": 0.7409369945526123,\n        \"recall\": 0.7173326015472412,\n        \"f1-score\": 0.7289437651634216,\n        \"specificity\": 0.9725983142852783\n    },\n    \"Polyp\": {\n        \"precision\": 0.6069190502166748,\n        \"recall\": 0.6573445796966553,\n        \"f1-score\": 0.6311261653900146,\n        \"specificity\": 0.9537790417671204\n    },\n    \"Ulcer\": {\n        \"precision\": 0.875806450843811,\n        \"recall\": 0.8798271417617798,\n        \"f1-score\": 0.8778122067451477,\n        \"specificity\": 0.9863733053207397\n    },\n    \"Worms\": {\n        \"precision\": 0.8970322608947754,\n        \"recall\": 0.9166666865348816,\n        \"f1-score\": 0.9067431688308716,\n        \"specificity\": 0.9882004857063293\n    },\n    \"macro avg\": {\n        \"precision\": 0.7311895489692688,\n        \"recall\": 0.7288007140159607,\n        \"f1-score\": 0.7296736836433411,\n        \"specificity\": 0.9698736071586609\n    },\n    \"accuracy\": 0.7288536429405212,\n    \"auc_roc_scores\": {\n        \"Angioectasia\": 0.9471092224121094,\n        \"Bleeding\": 0.9704027771949768,\n        \"Erosion\": 0.8891570568084717,\n        \"Erythema\": 0.9300443530082703,\n        \"Foreign Body\": 0.9764535427093506,\n        \"Lymphangiectasia\": 0.9761545658111572,\n        \"Normal\": 0.9535761475563049,\n        \"Polyp\": 0.9426271915435791,\n        \"Ulcer\": 0.990246057510376,\n        \"Worms\": 0.9961553812026978\n    },\n    \"mean_auc\": 0.957192599773407,\n    \"average_precision_scores\": {\n        \"Angioectasia\": 0.7925667762756348,\n        \"Bleeding\": 0.8600574731826782,\n        \"Erosion\": 0.5163136124610901,\n        \"Erythema\": 0.6464222073554993,\n        \"Foreign Body\": 0.8951752781867981,\n        \"Lymphangiectasia\": 0.8974881172180176,\n        \"Normal\": 0.7994004487991333,\n        \"Polyp\": 0.699235200881958,\n        \"Ulcer\": 0.9523972272872925,\n        \"Worms\": 0.9760890007019043\n    },\n    \"mean_average_precision\": 0.8035144805908203,\n    \"mean_f1_score\": 0.7296736836433411,\n    \"mean_specificity\": 0.9698736071586609,\n    \"mean_sensitivity\": 0.7288007140159607,\n    \"balanced_accuracy\": 0.7288007140159607\n}",
    "test_metrics": "{\n    \"Angioectasia\": {\n        \"precision\": 0.46543779969215393,\n        \"recall\": 0.8128772377967834,\n        \"f1-score\": 0.5919414162635803,\n        \"specificity\": 0.9703229665756226\n    },\n    \"Bleeding\": {\n        \"precision\": 0.6333333253860474,\n        \"recall\": 0.8467966318130493,\n        \"f1-score\": 0.724672257900238,\n        \"specificity\": 0.988841712474823\n    },\n    \"Erosion\": {\n        \"precision\": 0.5272232294082642,\n        \"recall\": 0.5030303001403809,\n        \"f1-score\": 0.514842689037323,\n        \"specificity\": 0.9652132987976074\n    },\n    \"Erythema\": {\n        \"precision\": 0.27272728085517883,\n        \"recall\": 0.7171717286109924,\n        \"f1-score\": 0.3951762616634369,\n        \"specificity\": 0.9641301035881042\n    },\n    \"Foreign Body\": {\n        \"precision\": 0.6589861512184143,\n        \"recall\": 0.841176450252533,\n        \"f1-score\": 0.7390180826187134,\n        \"specificity\": 0.990628182888031\n    },\n    \"Lymphangiectasia\": {\n        \"precision\": 0.5276752710342407,\n        \"recall\": 0.8338192701339722,\n        \"f1-score\": 0.6463276743888855,\n        \"specificity\": 0.9837861657142639\n    },\n    \"Normal\": {\n        \"precision\": 0.9880369305610657,\n        \"recall\": 0.8536664843559265,\n        \"f1-score\": 0.9159498810768127,\n        \"specificity\": 0.9669700860977173\n    },\n    \"Polyp\": {\n        \"precision\": 0.3804713785648346,\n        \"recall\": 0.6779999732971191,\n        \"f1-score\": 0.48741912841796875,\n        \"specificity\": 0.9646878242492676\n    },\n    \"Ulcer\": {\n        \"precision\": 0.8539682626724243,\n        \"recall\": 0.940559446811676,\n        \"f1-score\": 0.8951746821403503,\n        \"specificity\": 0.9970970749855042\n    },\n    \"Worms\": {\n        \"precision\": 0.6407766938209534,\n        \"recall\": 0.970588207244873,\n        \"f1-score\": 0.7719298005104065,\n        \"specificity\": 0.9976966977119446\n    },\n    \"macro avg\": {\n        \"precision\": 0.5948635935783386,\n        \"recall\": 0.7997685670852661,\n        \"f1-score\": 0.6682451963424683,\n        \"specificity\": 0.9789373278617859\n    },\n    \"accuracy\": 0.8205429911613464,\n    \"auc_roc_scores\": {\n        \"Angioectasia\": 0.9704298973083496,\n        \"Bleeding\": 0.9926592111587524,\n        \"Erosion\": 0.9349591732025146,\n        \"Erythema\": 0.9691713452339172,\n        \"Foreign Body\": 0.9835314750671387,\n        \"Lymphangiectasia\": 0.9872995615005493,\n        \"Normal\": 0.9760876893997192,\n        \"Polyp\": 0.9684938788414001,\n        \"Ulcer\": 0.9989035725593567,\n        \"Worms\": 0.9995660781860352\n    },\n    \"mean_auc\": 0.978110134601593,\n    \"average_precision_scores\": {\n        \"Angioectasia\": 0.7831769585609436,\n        \"Bleeding\": 0.8658503293991089,\n        \"Erosion\": 0.599974513053894,\n        \"Erythema\": 0.48856815695762634,\n        \"Foreign Body\": 0.8678138256072998,\n        \"Lymphangiectasia\": 0.7897675037384033,\n        \"Normal\": 0.9921013712882996,\n        \"Polyp\": 0.5933946967124939,\n        \"Ulcer\": 0.9691792726516724,\n        \"Worms\": 0.9756379127502441\n    },\n    \"mean_average_precision\": 0.7925464510917664,\n    \"mean_f1_score\": 0.6682451963424683,\n    \"mean_specificity\": 0.9789373278617859,\n    \"mean_sensitivity\": 0.7997685670852661,\n    \"balanced_accuracy\": 0.7997685670852661\n}"
}