{
    "epoch": 6,
    "train_metrics": "{\n    \"Angioectasia\": {\n        \"precision\": 0.922231137752533,\n        \"recall\": 0.915845513343811,\n        \"f1-score\": 0.9190272688865662,\n        \"specificity\": 0.991433322429657\n    },\n    \"Bleeding\": {\n        \"precision\": 0.9382915496826172,\n        \"recall\": 0.9492911696434021,\n        \"f1-score\": 0.9437593221664429,\n        \"specificity\": 0.9932525753974915\n    },\n    \"Erosion\": {\n        \"precision\": 0.8082777261734009,\n        \"recall\": 0.8022793531417847,\n        \"f1-score\": 0.805267333984375,\n        \"specificity\": 0.9787787199020386\n    },\n    \"Erythema\": {\n        \"precision\": 0.8852933645248413,\n        \"recall\": 0.8975726962089539,\n        \"f1-score\": 0.8913907408714294,\n        \"specificity\": 0.9871227145195007\n    },\n    \"Foreign Body\": {\n        \"precision\": 0.9591564536094666,\n        \"recall\": 0.9571124315261841,\n        \"f1-score\": 0.958133339881897,\n        \"specificity\": 0.995480477809906\n    },\n    \"Lymphangiectasia\": {\n        \"precision\": 0.9591178297996521,\n        \"recall\": 0.9580870270729065,\n        \"f1-score\": 0.9586021304130554,\n        \"specificity\": 0.9955142140388489\n    },\n    \"Normal\": {\n        \"precision\": 0.9219242930412292,\n        \"recall\": 0.9017742276191711,\n        \"f1-score\": 0.9117379188537598,\n        \"specificity\": 0.9911916255950928\n    },\n    \"Polyp\": {\n        \"precision\": 0.894859790802002,\n        \"recall\": 0.9071052670478821,\n        \"f1-score\": 0.9009409546852112,\n        \"specificity\": 0.9880202412605286\n    },\n    \"Ulcer\": {\n        \"precision\": 0.9863854646682739,\n        \"recall\": 0.9861222505569458,\n        \"f1-score\": 0.9862538576126099,\n        \"specificity\": 0.9984937906265259\n    },\n    \"Worms\": {\n        \"precision\": 0.9952064156532288,\n        \"recall\": 0.9965333342552185,\n        \"f1-score\": 0.9958693981170654,\n        \"specificity\": 0.9994683265686035\n    },\n    \"macro avg\": {\n        \"precision\": 0.9270744323730469,\n        \"recall\": 0.9271723031997681,\n        \"f1-score\": 0.9270982146263123,\n        \"specificity\": 0.9918755888938904\n    },\n    \"accuracy\": 0.9269018769264221,\n    \"auc_roc_scores\": {\n        \"Angioectasia\": 0.9962900280952454,\n        \"Bleeding\": 0.9982269406318665,\n        \"Erosion\": 0.9822542667388916,\n        \"Erythema\": 0.9947152137756348,\n        \"Foreign Body\": 0.9987204670906067,\n        \"Lymphangiectasia\": 0.9990199208259583,\n        \"Normal\": 0.9931929707527161,\n        \"Polyp\": 0.9951707124710083,\n        \"Ulcer\": 0.9998242259025574,\n        \"Worms\": 0.9999851584434509\n    },\n    \"mean_auc\": 0.9957399368286133,\n    \"average_precision_scores\": {\n        \"Angioectasia\": 0.9761278033256531,\n        \"Bleeding\": 0.9866064190864563,\n        \"Erosion\": 0.894188642501831,\n        \"Erythema\": 0.9541442394256592,\n        \"Foreign Body\": 0.9924122095108032,\n        \"Lymphangiectasia\": 0.9925593137741089,\n        \"Normal\": 0.9653369188308716,\n        \"Polyp\": 0.96492600440979,\n        \"Ulcer\": 0.9987186789512634,\n        \"Worms\": 0.9998679757118225\n    },\n    \"mean_average_precision\": 0.9724888205528259,\n    \"mean_f1_score\": 0.9270982146263123,\n    \"mean_specificity\": 0.9918755888938904,\n    \"mean_sensitivity\": 0.9271723031997681,\n    \"balanced_accuracy\": 0.9271723031997681\n}",
    "test_metrics": "{\n    \"Angioectasia\": {\n        \"precision\": 0.6031007766723633,\n        \"recall\": 0.7826961874961853,\n        \"f1-score\": 0.6812609434127808,\n        \"specificity\": 0.9836264848709106\n    },\n    \"Bleeding\": {\n        \"precision\": 0.777479887008667,\n        \"recall\": 0.8077994585037231,\n        \"f1-score\": 0.7923497557640076,\n        \"specificity\": 0.9947378635406494\n    },\n    \"Erosion\": {\n        \"precision\": 0.555112898349762,\n        \"recall\": 0.723809540271759,\n        \"f1-score\": 0.6283352375030518,\n        \"specificity\": 0.9552647471427917\n    },\n    \"Erythema\": {\n        \"precision\": 0.3715847134590149,\n        \"recall\": 0.6868686676025391,\n        \"f1-score\": 0.4822694957256317,\n        \"specificity\": 0.978212833404541\n    },\n    \"Foreign Body\": {\n        \"precision\": 0.5308219194412231,\n        \"recall\": 0.9117646813392639,\n        \"f1-score\": 0.6709956526756287,\n        \"specificity\": 0.9826494455337524\n    },\n    \"Lymphangiectasia\": {\n        \"precision\": 0.8929765820503235,\n        \"recall\": 0.7784256339073181,\n        \"f1-score\": 0.8317757248878479,\n        \"specificity\": 0.9979732632637024\n    },\n    \"Normal\": {\n        \"precision\": 0.9912840127944946,\n        \"recall\": 0.897859513759613,\n        \"f1-score\": 0.9422616958618164,\n        \"specificity\": 0.9747724533081055\n    },\n    \"Polyp\": {\n        \"precision\": 0.46875,\n        \"recall\": 0.6299999952316284,\n        \"f1-score\": 0.5375426411628723,\n        \"specificity\": 0.97716224193573\n    },\n    \"Ulcer\": {\n        \"precision\": 0.8983606696128845,\n        \"recall\": 0.9580419659614563,\n        \"f1-score\": 0.9272419810295105,\n        \"specificity\": 0.9980436563491821\n    },\n    \"Worms\": {\n        \"precision\": 0.9428571462631226,\n        \"recall\": 0.970588207244873,\n        \"f1-score\": 0.95652174949646,\n        \"specificity\": 0.9997509717941284\n    },\n    \"macro avg\": {\n        \"precision\": 0.7032328844070435,\n        \"recall\": 0.8147854208946228,\n        \"f1-score\": 0.7450554966926575,\n        \"specificity\": 0.9842193722724915\n    },\n    \"accuracy\": 0.866786539554596,\n    \"auc_roc_scores\": {\n        \"Angioectasia\": 0.9790554046630859,\n        \"Bleeding\": 0.9832348227500916,\n        \"Erosion\": 0.9578248262405396,\n        \"Erythema\": 0.9708400368690491,\n        \"Foreign Body\": 0.984939694404602,\n        \"Lymphangiectasia\": 0.9858421087265015,\n        \"Normal\": 0.9867925643920898,\n        \"Polyp\": 0.9644207954406738,\n        \"Ulcer\": 0.9993821382522583,\n        \"Worms\": 0.9981571435928345\n    },\n    \"mean_auc\": 0.9810490012168884,\n    \"average_precision_scores\": {\n        \"Angioectasia\": 0.8243824243545532,\n        \"Bleeding\": 0.8551946878433228,\n        \"Erosion\": 0.7228450775146484,\n        \"Erythema\": 0.5502681732177734,\n        \"Foreign Body\": 0.8801618814468384,\n        \"Lymphangiectasia\": 0.8888391256332397,\n        \"Normal\": 0.9958992004394531,\n        \"Polyp\": 0.5950204133987427,\n        \"Ulcer\": 0.9823948740959167,\n        \"Worms\": 0.9843127131462097\n    },\n    \"mean_average_precision\": 0.827931821346283,\n    \"mean_f1_score\": 0.7450554966926575,\n    \"mean_specificity\": 0.9842193722724915,\n    \"mean_sensitivity\": 0.8147854208946228,\n    \"balanced_accuracy\": 0.8147854208946228\n}"
}