{
    "epoch": 7,
    "train_metrics": "{\n    \"Angioectasia\": {\n        \"precision\": 0.9375337958335876,\n        \"recall\": 0.9270053505897522,\n        \"f1-score\": 0.932239830493927,\n        \"specificity\": 0.993179202079773\n    },\n    \"Bleeding\": {\n        \"precision\": 0.943366527557373,\n        \"recall\": 0.9521037340164185,\n        \"f1-score\": 0.9477149844169617,\n        \"specificity\": 0.9936147332191467\n    },\n    \"Erosion\": {\n        \"precision\": 0.832314670085907,\n        \"recall\": 0.830108642578125,\n        \"f1-score\": 0.831210196018219,\n        \"specificity\": 0.9813501238822937\n    },\n    \"Erythema\": {\n        \"precision\": 0.8948744535446167,\n        \"recall\": 0.90625,\n        \"f1-score\": 0.9005263447761536,\n        \"specificity\": 0.9881173968315125\n    },\n    \"Foreign Body\": {\n        \"precision\": 0.9599266648292542,\n        \"recall\": 0.9611853957176208,\n        \"f1-score\": 0.9605556130409241,\n        \"specificity\": 0.9954725503921509\n    },\n    \"Lymphangiectasia\": {\n        \"precision\": 0.9604608416557312,\n        \"recall\": 0.9604608416557312,\n        \"f1-score\": 0.9604608416557312,\n        \"specificity\": 0.9955309629440308\n    },\n    \"Normal\": {\n        \"precision\": 0.9300835728645325,\n        \"recall\": 0.9068440794944763,\n        \"f1-score\": 0.9183168411254883,\n        \"specificity\": 0.9926013350486755\n    },\n    \"Polyp\": {\n        \"precision\": 0.9066137671470642,\n        \"recall\": 0.9192596673965454,\n        \"f1-score\": 0.9128929376602173,\n        \"specificity\": 0.9895805716514587\n    },\n    \"Ulcer\": {\n        \"precision\": 0.9932632446289062,\n        \"recall\": 0.9919267892837524,\n        \"f1-score\": 0.9925945997238159,\n        \"specificity\": 0.9992623329162598\n    },\n    \"Worms\": {\n        \"precision\": 0.9944590926170349,\n        \"recall\": 0.9968262314796448,\n        \"f1-score\": 0.99564129114151,\n        \"specificity\": 0.9993791580200195\n    },\n    \"macro avg\": {\n        \"precision\": 0.9352896809577942,\n        \"recall\": 0.9351970553398132,\n        \"f1-score\": 0.935215413570404,\n        \"specificity\": 0.9928089380264282\n    },\n    \"accuracy\": 0.9352779984474182,\n    \"auc_roc_scores\": {\n        \"Angioectasia\": 0.9971451759338379,\n        \"Bleeding\": 0.9987624287605286,\n        \"Erosion\": 0.9865939617156982,\n        \"Erythema\": 0.995581328868866,\n        \"Foreign Body\": 0.9993836879730225,\n        \"Lymphangiectasia\": 0.9991530179977417,\n        \"Normal\": 0.9944868087768555,\n        \"Polyp\": 0.9963901042938232,\n        \"Ulcer\": 0.9997937679290771,\n        \"Worms\": 0.9999922513961792\n    },\n    \"mean_auc\": 0.9967283606529236,\n    \"average_precision_scores\": {\n        \"Angioectasia\": 0.9814735651016235,\n        \"Bleeding\": 0.9894391298294067,\n        \"Erosion\": 0.9138883352279663,\n        \"Erythema\": 0.9636399149894714,\n        \"Foreign Body\": 0.9950584173202515,\n        \"Lymphangiectasia\": 0.993664562702179,\n        \"Normal\": 0.9707306623458862,\n        \"Polyp\": 0.9708954095840454,\n        \"Ulcer\": 0.9992116093635559,\n        \"Worms\": 0.9999305009841919\n    },\n    \"mean_average_precision\": 0.9777932167053223,\n    \"mean_f1_score\": 0.935215413570404,\n    \"mean_specificity\": 0.9928089380264282,\n    \"mean_sensitivity\": 0.9351970553398132,\n    \"balanced_accuracy\": 0.9351970553398132\n}",
    "test_metrics": "{\n    \"Angioectasia\": {\n        \"precision\": 0.6972972750663757,\n        \"recall\": 0.7786720395088196,\n        \"f1-score\": 0.7357414364814758,\n        \"specificity\": 0.989254891872406\n    },\n    \"Bleeding\": {\n        \"precision\": 0.7957559823989868,\n        \"recall\": 0.835654616355896,\n        \"f1-score\": 0.8152173757553101,\n        \"specificity\": 0.995118260383606\n    },\n    \"Erosion\": {\n        \"precision\": 0.5771954655647278,\n        \"recall\": 0.7056276798248291,\n        \"f1-score\": 0.6349824666976929,\n        \"specificity\": 0.9601388573646545\n    },\n    \"Erythema\": {\n        \"precision\": 0.3720930218696594,\n        \"recall\": 0.7003366947174072,\n        \"f1-score\": 0.4859813153743744,\n        \"specificity\": 0.9778339266777039\n    },\n    \"Foreign Body\": {\n        \"precision\": 0.7409201264381409,\n        \"recall\": 0.8999999761581421,\n        \"f1-score\": 0.8127490282058716,\n        \"specificity\": 0.9932244420051575\n    },\n    \"Lymphangiectasia\": {\n        \"precision\": 0.6866666674613953,\n        \"recall\": 0.9008746147155762,\n        \"f1-score\": 0.7793190479278564,\n        \"specificity\": 0.9910697340965271\n    },\n    \"Normal\": {\n        \"precision\": 0.9912694692611694,\n        \"recall\": 0.9055912494659424,\n        \"f1-score\": 0.9464954137802124,\n        \"specificity\": 0.9745123386383057\n    },\n    \"Polyp\": {\n        \"precision\": 0.5385906100273132,\n        \"recall\": 0.6420000195503235,\n        \"f1-score\": 0.5857664346694946,\n        \"specificity\": 0.9824078679084778\n    },\n    \"Ulcer\": {\n        \"precision\": 0.6595744490623474,\n        \"recall\": 0.9755244851112366,\n        \"f1-score\": 0.7870239615440369,\n        \"specificity\": 0.9909125566482544\n    },\n    \"Worms\": {\n        \"precision\": 0.5491803288459778,\n        \"recall\": 0.9852941036224365,\n        \"f1-score\": 0.7052631378173828,\n        \"specificity\": 0.996576189994812\n    },\n    \"macro avg\": {\n        \"precision\": 0.6608543395996094,\n        \"recall\": 0.8329575657844543,\n        \"f1-score\": 0.7288539409637451,\n        \"specificity\": 0.9851049780845642\n    },\n    \"accuracy\": 0.8752169609069824,\n    \"auc_roc_scores\": {\n        \"Angioectasia\": 0.9803197979927063,\n        \"Bleeding\": 0.9881666302680969,\n        \"Erosion\": 0.9567697644233704,\n        \"Erythema\": 0.9714540243148804,\n        \"Foreign Body\": 0.9927537441253662,\n        \"Lymphangiectasia\": 0.9904839992523193,\n        \"Normal\": 0.9883568286895752,\n        \"Polyp\": 0.9731351137161255,\n        \"Ulcer\": 0.9984477162361145,\n        \"Worms\": 0.9998800754547119\n    },\n    \"mean_auc\": 0.9839767813682556,\n    \"average_precision_scores\": {\n        \"Angioectasia\": 0.8425546884536743,\n        \"Bleeding\": 0.8950252532958984,\n        \"Erosion\": 0.7247968912124634,\n        \"Erythema\": 0.5630064010620117,\n        \"Foreign Body\": 0.925072431564331,\n        \"Lymphangiectasia\": 0.9067745804786682,\n        \"Normal\": 0.9963438510894775,\n        \"Polyp\": 0.677394688129425,\n        \"Ulcer\": 0.9746668934822083,\n        \"Worms\": 0.9846728444099426\n    },\n    \"mean_average_precision\": 0.8490309119224548,\n    \"mean_f1_score\": 0.7288539409637451,\n    \"mean_specificity\": 0.9851049780845642,\n    \"mean_sensitivity\": 0.8329575657844543,\n    \"balanced_accuracy\": 0.8329575657844543\n}"
}