{
    "epoch": 10,
    "train_metrics": "{\n    \"Angioectasia\": {\n        \"precision\": 0.9547644257545471,\n        \"recall\": 0.9522156715393066,\n        \"f1-score\": 0.9534883499145508,\n        \"specificity\": 0.9950090050697327\n    },\n    \"Bleeding\": {\n        \"precision\": 0.9544008374214172,\n        \"recall\": 0.9643718004226685,\n        \"f1-score\": 0.9593604207038879,\n        \"specificity\": 0.9949223399162292\n    },\n    \"Erosion\": {\n        \"precision\": 0.8928664326667786,\n        \"recall\": 0.8832435011863708,\n        \"f1-score\": 0.8880289196968079,\n        \"specificity\": 0.9877484440803528\n    },\n    \"Erythema\": {\n        \"precision\": 0.923399806022644,\n        \"recall\": 0.9364192485809326,\n        \"f1-score\": 0.9298639297485352,\n        \"specificity\": 0.9913731813430786\n    },\n    \"Foreign Body\": {\n        \"precision\": 0.9695919156074524,\n        \"recall\": 0.9724451303482056,\n        \"f1-score\": 0.9710164070129395,\n        \"specificity\": 0.9966340661048889\n    },\n    \"Lymphangiectasia\": {\n        \"precision\": 0.9728112816810608,\n        \"recall\": 0.9709633588790894,\n        \"f1-score\": 0.9718864560127258,\n        \"specificity\": 0.9970520734786987\n    },\n    \"Normal\": {\n        \"precision\": 0.9510564208030701,\n        \"recall\": 0.9367755651473999,\n        \"f1-score\": 0.9438619613647461,\n        \"specificity\": 0.9945875406265259\n    },\n    \"Polyp\": {\n        \"precision\": 0.9401389360427856,\n        \"recall\": 0.9451907873153687,\n        \"f1-score\": 0.9426580667495728,\n        \"specificity\": 0.9933894276618958\n    },\n    \"Ulcer\": {\n        \"precision\": 0.996791422367096,\n        \"recall\": 0.9954606294631958,\n        \"f1-score\": 0.9961255788803101,\n        \"specificity\": 0.9996455907821655\n    },\n    \"Worms\": {\n        \"precision\": 0.9973573088645935,\n        \"recall\": 0.996830403804779,\n        \"f1-score\": 0.9970937967300415,\n        \"specificity\": 0.9997043013572693\n    },\n    \"macro avg\": {\n        \"precision\": 0.9553179144859314,\n        \"recall\": 0.9553915858268738,\n        \"f1-score\": 0.9553384184837341,\n        \"specificity\": 0.9950065612792969\n    },\n    \"accuracy\": 0.9550881385803223,\n    \"auc_roc_scores\": {\n        \"Angioectasia\": 0.998748779296875,\n        \"Bleeding\": 0.9994014501571655,\n        \"Erosion\": 0.9936195015907288,\n        \"Erythema\": 0.997867226600647,\n        \"Foreign Body\": 0.9995588064193726,\n        \"Lymphangiectasia\": 0.999640166759491,\n        \"Normal\": 0.997444212436676,\n        \"Polyp\": 0.9984388947486877,\n        \"Ulcer\": 0.9999841451644897,\n        \"Worms\": 0.9999948740005493\n    },\n    \"mean_auc\": 0.9984698295593262,\n    \"average_precision_scores\": {\n        \"Angioectasia\": 0.9907384514808655,\n        \"Bleeding\": 0.9947091341018677,\n        \"Erosion\": 0.9581890106201172,\n        \"Erythema\": 0.9813622236251831,\n        \"Foreign Body\": 0.9967122077941895,\n        \"Lymphangiectasia\": 0.9970811605453491,\n        \"Normal\": 0.9849011301994324,\n        \"Polyp\": 0.9863529205322266,\n        \"Ulcer\": 0.9998577833175659,\n        \"Worms\": 0.9999550580978394\n    },\n    \"mean_average_precision\": 0.9889859557151794,\n    \"mean_f1_score\": 0.9553384184837341,\n    \"mean_specificity\": 0.9950065612792969,\n    \"mean_sensitivity\": 0.9553915858268738,\n    \"balanced_accuracy\": 0.9553915858268738\n}",
    "test_metrics": "{\n    \"Angioectasia\": {\n        \"precision\": 0.6722129583358765,\n        \"recall\": 0.8128772377967834,\n        \"f1-score\": 0.7358834147453308,\n        \"specificity\": 0.9874000549316406\n    },\n    \"Bleeding\": {\n        \"precision\": 0.5437392592430115,\n        \"recall\": 0.8830083608627319,\n        \"f1-score\": 0.6730360984802246,\n        \"specificity\": 0.9831357598304749\n    },\n    \"Erosion\": {\n        \"precision\": 0.6417468786239624,\n        \"recall\": 0.7506493330001831,\n        \"f1-score\": 0.6919393539428711,\n        \"specificity\": 0.9676837921142578\n    },\n    \"Erythema\": {\n        \"precision\": 0.5055555701255798,\n        \"recall\": 0.6127946376800537,\n        \"f1-score\": 0.5540334582328796,\n        \"specificity\": 0.9887591004371643\n    },\n    \"Foreign Body\": {\n        \"precision\": 0.75,\n        \"recall\": 0.8999999761581421,\n        \"f1-score\": 0.8181818127632141,\n        \"specificity\": 0.9935410618782043\n    },\n    \"Lymphangiectasia\": {\n        \"precision\": 0.7698209881782532,\n        \"recall\": 0.8775510191917419,\n        \"f1-score\": 0.8201634883880615,\n        \"specificity\": 0.9942998290061951\n    },\n    \"Normal\": {\n        \"precision\": 0.9862527847290039,\n        \"recall\": 0.9283795952796936,\n        \"f1-score\": 0.9564415216445923,\n        \"specificity\": 0.958647608757019\n    },\n    \"Polyp\": {\n        \"precision\": 0.688524603843689,\n        \"recall\": 0.671999990940094,\n        \"f1-score\": 0.6801619529724121,\n        \"specificity\": 0.9902763366699219\n    },\n    \"Ulcer\": {\n        \"precision\": 0.8913738131523132,\n        \"recall\": 0.9755244851112366,\n        \"f1-score\": 0.9315525889396667,\n        \"specificity\": 0.9978543519973755\n    },\n    \"Worms\": {\n        \"precision\": 0.9436619877815247,\n        \"recall\": 0.9852941036224365,\n        \"f1-score\": 0.9640287756919861,\n        \"specificity\": 0.9997509717941284\n    },\n    \"macro avg\": {\n        \"precision\": 0.739288866519928,\n        \"recall\": 0.83980792760849,\n        \"f1-score\": 0.7825422883033752,\n        \"specificity\": 0.986134946346283\n    },\n    \"accuracy\": 0.8967270255088806,\n    \"auc_roc_scores\": {\n        \"Angioectasia\": 0.9784948825836182,\n        \"Bleeding\": 0.9869492053985596,\n        \"Erosion\": 0.9672291278839111,\n        \"Erythema\": 0.9630916118621826,\n        \"Foreign Body\": 0.9862302541732788,\n        \"Lymphangiectasia\": 0.9922460913658142,\n        \"Normal\": 0.9889209866523743,\n        \"Polyp\": 0.9761652946472168,\n        \"Ulcer\": 0.9995033144950867,\n        \"Worms\": 0.9999752640724182\n    },\n    \"mean_auc\": 0.9838806390762329,\n    \"average_precision_scores\": {\n        \"Angioectasia\": 0.8442014455795288,\n        \"Bleeding\": 0.8711631298065186,\n        \"Erosion\": 0.7771052718162537,\n        \"Erythema\": 0.5896720886230469,\n        \"Foreign Body\": 0.9237724542617798,\n        \"Lymphangiectasia\": 0.9094464778900146,\n        \"Normal\": 0.9965012669563293,\n        \"Polyp\": 0.7378424406051636,\n        \"Ulcer\": 0.9859846830368042,\n        \"Worms\": 0.9946842193603516\n    },\n    \"mean_average_precision\": 0.8630372881889343,\n    \"mean_f1_score\": 0.7825422883033752,\n    \"mean_specificity\": 0.986134946346283,\n    \"mean_sensitivity\": 0.83980792760849,\n    \"balanced_accuracy\": 0.83980792760849\n}"
}