{
    "epoch": 5,
    "train_metrics": "{\n    \"Angioectasia\": {\n        \"precision\": 0.897449254989624,\n        \"recall\": 0.8882019519805908,\n        \"f1-score\": 0.8928016424179077,\n        \"specificity\": 0.9883172512054443\n    },\n    \"Bleeding\": {\n        \"precision\": 0.935719907283783,\n        \"recall\": 0.9406356811523438,\n        \"f1-score\": 0.9381713271141052,\n        \"specificity\": 0.9927219152450562\n    },\n    \"Erosion\": {\n        \"precision\": 0.7754817008972168,\n        \"recall\": 0.7752652168273926,\n        \"f1-score\": 0.7753734588623047,\n        \"specificity\": 0.9763703346252441\n    },\n    \"Erythema\": {\n        \"precision\": 0.8728662133216858,\n        \"recall\": 0.8827621936798096,\n        \"f1-score\": 0.8777863383293152,\n        \"specificity\": 0.98520427942276\n    },\n    \"Foreign Body\": {\n        \"precision\": 0.9539804458618164,\n        \"recall\": 0.9504611492156982,\n        \"f1-score\": 0.9522175192832947,\n        \"specificity\": 0.9948539137840271\n    },\n    \"Lymphangiectasia\": {\n        \"precision\": 0.9513776302337646,\n        \"recall\": 0.9488146305084229,\n        \"f1-score\": 0.9500944018363953,\n        \"specificity\": 0.9946894645690918\n    },\n    \"Normal\": {\n        \"precision\": 0.9007431268692017,\n        \"recall\": 0.8856993913650513,\n        \"f1-score\": 0.8931578993797302,\n        \"specificity\": 0.9889267086982727\n    },\n    \"Polyp\": {\n        \"precision\": 0.8702449202537537,\n        \"recall\": 0.8864119052886963,\n        \"f1-score\": 0.8782539963722229,\n        \"specificity\": 0.9852832555770874\n    },\n    \"Ulcer\": {\n        \"precision\": 0.9870985746383667,\n        \"recall\": 0.9857456088066101,\n        \"f1-score\": 0.9864216446876526,\n        \"specificity\": 0.9986159801483154\n    },\n    \"Worms\": {\n        \"precision\": 0.9924324154853821,\n        \"recall\": 0.9924324154853821,\n        \"f1-score\": 0.9924324154853821,\n        \"specificity\": 0.9991742372512817\n    },\n    \"macro avg\": {\n        \"precision\": 0.9137393832206726,\n        \"recall\": 0.9136430621147156,\n        \"f1-score\": 0.9136711359024048,\n        \"specificity\": 0.9904157519340515\n    },\n    \"accuracy\": 0.9137394428253174,\n    \"auc_roc_scores\": {\n        \"Angioectasia\": 0.994316816329956,\n        \"Bleeding\": 0.9979305863380432,\n        \"Erosion\": 0.9787955284118652,\n        \"Erythema\": 0.9930755496025085,\n        \"Foreign Body\": 0.9984922409057617,\n        \"Lymphangiectasia\": 0.9981797933578491,\n        \"Normal\": 0.991946280002594,\n        \"Polyp\": 0.9935289621353149,\n        \"Ulcer\": 0.999786913394928,\n        \"Worms\": 0.999942421913147\n    },\n    \"mean_auc\": 0.9945995211601257,\n    \"average_precision_scores\": {\n        \"Angioectasia\": 0.9643855094909668,\n        \"Bleeding\": 0.984847903251648,\n        \"Erosion\": 0.8646167516708374,\n        \"Erythema\": 0.9450371265411377,\n        \"Foreign Body\": 0.9903684854507446,\n        \"Lymphangiectasia\": 0.9889096021652222,\n        \"Normal\": 0.9574416875839233,\n        \"Polyp\": 0.9509354829788208,\n        \"Ulcer\": 0.9989230632781982,\n        \"Worms\": 0.9995418787002563\n    },\n    \"mean_average_precision\": 0.9645008444786072,\n    \"mean_f1_score\": 0.9136711359024048,\n    \"mean_specificity\": 0.9904157519340515,\n    \"mean_sensitivity\": 0.9136430621147156,\n    \"balanced_accuracy\": 0.9136430621147156\n}",
    "test_metrics": "{\n    \"Angioectasia\": {\n        \"precision\": 0.5544827580451965,\n        \"recall\": 0.8088530898094177,\n        \"f1-score\": 0.6579378247261047,\n        \"specificity\": 0.9793412089347839\n    },\n    \"Bleeding\": {\n        \"precision\": 0.623481810092926,\n        \"recall\": 0.8579387068748474,\n        \"f1-score\": 0.7221571207046509,\n        \"specificity\": 0.9882076978683472\n    },\n    \"Erosion\": {\n        \"precision\": 0.47632962465286255,\n        \"recall\": 0.7056276798248291,\n        \"f1-score\": 0.5687369108200073,\n        \"specificity\": 0.94017493724823\n    },\n    \"Erythema\": {\n        \"precision\": 0.42553192377090454,\n        \"recall\": 0.6060606241226196,\n        \"f1-score\": 0.5,\n        \"specificity\": 0.9846542477607727\n    },\n    \"Foreign Body\": {\n        \"precision\": 0.6125760674476624,\n        \"recall\": 0.8882352709770203,\n        \"f1-score\": 0.7250900268554688,\n        \"specificity\": 0.9879052639007568\n    },\n    \"Lymphangiectasia\": {\n        \"precision\": 0.3573141396045685,\n        \"recall\": 0.8688046932220459,\n        \"f1-score\": 0.5063721537590027,\n        \"specificity\": 0.9660522937774658\n    },\n    \"Normal\": {\n        \"precision\": 0.9939603805541992,\n        \"recall\": 0.8170424103736877,\n        \"f1-score\": 0.8968597650527954,\n        \"specificity\": 0.9841352701187134\n    },\n    \"Polyp\": {\n        \"precision\": 0.4532374143600464,\n        \"recall\": 0.7559999823570251,\n        \"f1-score\": 0.5667166709899902,\n        \"specificity\": 0.9708290696144104\n    },\n    \"Ulcer\": {\n        \"precision\": 0.6327944397926331,\n        \"recall\": 0.9580419659614563,\n        \"f1-score\": 0.7621696591377258,\n        \"specificity\": 0.9899659156799316\n    },\n    \"Worms\": {\n        \"precision\": 0.7647058963775635,\n        \"recall\": 0.9558823704719543,\n        \"f1-score\": 0.8496732115745544,\n        \"specificity\": 0.9987549781799316\n    },\n    \"macro avg\": {\n        \"precision\": 0.5894414782524109,\n        \"recall\": 0.822248637676239,\n        \"f1-score\": 0.6755713820457458,\n        \"specificity\": 0.9790021181106567\n    },\n    \"accuracy\": 0.8096330165863037,\n    \"auc_roc_scores\": {\n        \"Angioectasia\": 0.9649757742881775,\n        \"Bleeding\": 0.9815413951873779,\n        \"Erosion\": 0.9345666766166687,\n        \"Erythema\": 0.9637935757637024,\n        \"Foreign Body\": 0.9860705137252808,\n        \"Lymphangiectasia\": 0.9810621738433838,\n        \"Normal\": 0.9839263558387756,\n        \"Polyp\": 0.9726885557174683,\n        \"Ulcer\": 0.9974563121795654,\n        \"Worms\": 0.999700665473938\n    },\n    \"mean_auc\": 0.9765781760215759,\n    \"average_precision_scores\": {\n        \"Angioectasia\": 0.792409360408783,\n        \"Bleeding\": 0.8602364659309387,\n        \"Erosion\": 0.6501429080963135,\n        \"Erythema\": 0.5164464712142944,\n        \"Foreign Body\": 0.9025430679321289,\n        \"Lymphangiectasia\": 0.7902362942695618,\n        \"Normal\": 0.9949281811714172,\n        \"Polyp\": 0.6688919067382812,\n        \"Ulcer\": 0.958329439163208,\n        \"Worms\": 0.9675867557525635\n    },\n    \"mean_average_precision\": 0.8101751208305359,\n    \"mean_f1_score\": 0.6755713820457458,\n    \"mean_specificity\": 0.9790021181106567,\n    \"mean_sensitivity\": 0.822248637676239,\n    \"balanced_accuracy\": 0.822248637676239\n}"
}