{
    "epoch": 2,
    "train_metrics": "{\n    \"Angioectasia\": {\n        \"precision\": 0.8431317806243896,\n        \"recall\": 0.8086584806442261,\n        \"f1-score\": 0.8255354166030884,\n        \"specificity\": 0.9833751916885376\n    },\n    \"Bleeding\": {\n        \"precision\": 0.8856543302536011,\n        \"recall\": 0.8856543302536011,\n        \"f1-score\": 0.8856543302536011,\n        \"specificity\": 0.9870982766151428\n    },\n    \"Erosion\": {\n        \"precision\": 0.6251276731491089,\n        \"recall\": 0.6391645073890686,\n        \"f1-score\": 0.6320681571960449,\n        \"specificity\": 0.9565384984016418\n    },\n    \"Erythema\": {\n        \"precision\": 0.7347313165664673,\n        \"recall\": 0.7433041930198669,\n        \"f1-score\": 0.7389928698539734,\n        \"specificity\": 0.9700910449028015\n    },\n    \"Foreign Body\": {\n        \"precision\": 0.9180503487586975,\n        \"recall\": 0.9071182608604431,\n        \"f1-score\": 0.9125515818595886,\n        \"specificity\": 0.9909542202949524\n    },\n    \"Lymphangiectasia\": {\n        \"precision\": 0.9235979318618774,\n        \"recall\": 0.9049641489982605,\n        \"f1-score\": 0.9141861200332642,\n        \"specificity\": 0.9916666746139526\n    },\n    \"Normal\": {\n        \"precision\": 0.846132218837738,\n        \"recall\": 0.8277380466461182,\n        \"f1-score\": 0.8368340730667114,\n        \"specificity\": 0.9838989973068237\n    },\n    \"Polyp\": {\n        \"precision\": 0.7614087462425232,\n        \"recall\": 0.8110964298248291,\n        \"f1-score\": 0.7854675650596619,\n        \"specificity\": 0.9715569615364075\n    },\n    \"Ulcer\": {\n        \"precision\": 0.9727446436882019,\n        \"recall\": 0.9672086834907532,\n        \"f1-score\": 0.9699687361717224,\n        \"specificity\": 0.9970515966415405\n    },\n    \"Worms\": {\n        \"precision\": 0.9876087307929993,\n        \"recall\": 0.9868282675743103,\n        \"f1-score\": 0.9872183203697205,\n        \"specificity\": 0.9986099004745483\n    },\n    \"macro avg\": {\n        \"precision\": 0.8498188257217407,\n        \"recall\": 0.8481735587120056,\n        \"f1-score\": 0.8488476872444153,\n        \"specificity\": 0.9830841422080994\n    },\n    \"accuracy\": 0.8478208780288696,\n    \"auc_roc_scores\": {\n        \"Angioectasia\": 0.9818805456161499,\n        \"Bleeding\": 0.9935827851295471,\n        \"Erosion\": 0.9435136318206787,\n        \"Erythema\": 0.9741230010986328,\n        \"Foreign Body\": 0.9951702952384949,\n        \"Lymphangiectasia\": 0.9932796955108643,\n        \"Normal\": 0.9814563989639282,\n        \"Polyp\": 0.9797227382659912,\n        \"Ulcer\": 0.9991910457611084,\n        \"Worms\": 0.9997955560684204\n    },\n    \"mean_auc\": 0.9841716885566711,\n    \"average_precision_scores\": {\n        \"Angioectasia\": 0.9126593470573425,\n        \"Bleeding\": 0.9574939012527466,\n        \"Erosion\": 0.6997143030166626,\n        \"Erythema\": 0.8166019916534424,\n        \"Foreign Body\": 0.9711995124816895,\n        \"Lymphangiectasia\": 0.9652559161186218,\n        \"Normal\": 0.9081660509109497,\n        \"Polyp\": 0.8662993907928467,\n        \"Ulcer\": 0.9948698878288269,\n        \"Worms\": 0.9986332058906555\n    },\n    \"mean_average_precision\": 0.9090893864631653,\n    \"mean_f1_score\": 0.8488476872444153,\n    \"mean_specificity\": 0.9830841422080994,\n    \"mean_sensitivity\": 0.8481735587120056,\n    \"balanced_accuracy\": 0.8481735587120056\n}",
    "test_metrics": "{\n    \"Angioectasia\": {\n        \"precision\": 0.43844491243362427,\n        \"recall\": 0.8169013857841492,\n        \"f1-score\": 0.5706254243850708,\n        \"specificity\": 0.9667412638664246\n    },\n    \"Bleeding\": {\n        \"precision\": 0.5862675905227661,\n        \"recall\": 0.9275766015052795,\n        \"f1-score\": 0.7184466123580933,\n        \"specificity\": 0.9851011037826538\n    },\n    \"Erosion\": {\n        \"precision\": 0.4840724468231201,\n        \"recall\": 0.6709956526756287,\n        \"f1-score\": 0.5624092817306519,\n        \"specificity\": 0.9448487758636475\n    },\n    \"Erythema\": {\n        \"precision\": 0.31672024726867676,\n        \"recall\": 0.6632996797561646,\n        \"f1-score\": 0.4287268817424774,\n        \"specificity\": 0.9731607437133789\n    },\n    \"Foreign Body\": {\n        \"precision\": 0.47846153378486633,\n        \"recall\": 0.9147058725357056,\n        \"f1-score\": 0.6282828450202942,\n        \"specificity\": 0.9785334467887878\n    },\n    \"Lymphangiectasia\": {\n        \"precision\": 0.5921568870544434,\n        \"recall\": 0.8804664611816406,\n        \"f1-score\": 0.7080891132354736,\n        \"specificity\": 0.9868263006210327\n    },\n    \"Normal\": {\n        \"precision\": 0.9970437288284302,\n        \"recall\": 0.8234719634056091,\n        \"f1-score\": 0.9019834995269775,\n        \"specificity\": 0.9921976327896118\n    },\n    \"Polyp\": {\n        \"precision\": 0.4781250059604645,\n        \"recall\": 0.6119999885559082,\n        \"f1-score\": 0.5368421077728271,\n        \"specificity\": 0.9786335825920105\n    },\n    \"Ulcer\": {\n        \"precision\": 0.712435245513916,\n        \"recall\": 0.9615384340286255,\n        \"f1-score\": 0.8184523582458496,\n        \"specificity\": 0.9929950833320618\n    },\n    \"Worms\": {\n        \"precision\": 0.8024691343307495,\n        \"recall\": 0.9558823704719543,\n        \"f1-score\": 0.8724831938743591,\n        \"specificity\": 0.9990040063858032\n    },\n    \"macro avg\": {\n        \"precision\": 0.5886196494102478,\n        \"recall\": 0.8226838111877441,\n        \"f1-score\": 0.6746341586112976,\n        \"specificity\": 0.9798041582107544\n    },\n    \"accuracy\": 0.8113067150115967,\n    \"auc_roc_scores\": {\n        \"Angioectasia\": 0.9629868268966675,\n        \"Bleeding\": 0.9905986785888672,\n        \"Erosion\": 0.9412435293197632,\n        \"Erythema\": 0.9682079553604126,\n        \"Foreign Body\": 0.9867523908615112,\n        \"Lymphangiectasia\": 0.9866611957550049,\n        \"Normal\": 0.9835360050201416,\n        \"Polyp\": 0.9695062041282654,\n        \"Ulcer\": 0.9968430995941162,\n        \"Worms\": 0.9995734095573425\n    },\n    \"mean_auc\": 0.9785909652709961,\n    \"average_precision_scores\": {\n        \"Angioectasia\": 0.7639830112457275,\n        \"Bleeding\": 0.8828617334365845,\n        \"Erosion\": 0.6569900512695312,\n        \"Erythema\": 0.5079295039176941,\n        \"Foreign Body\": 0.868677020072937,\n        \"Lymphangiectasia\": 0.8681865930557251,\n        \"Normal\": 0.9949411153793335,\n        \"Polyp\": 0.6226587295532227,\n        \"Ulcer\": 0.9630452394485474,\n        \"Worms\": 0.9726638197898865\n    },\n    \"mean_average_precision\": 0.8101937174797058,\n    \"mean_f1_score\": 0.6746341586112976,\n    \"mean_specificity\": 0.9798041582107544,\n    \"mean_sensitivity\": 0.8226838111877441,\n    \"balanced_accuracy\": 0.8226838111877441\n}"
}