{
    "epoch": 16,
    "train_metrics": "{\n    \"Angioectasia\": {\n        \"precision\": 0.9643987417221069,\n        \"recall\": 0.9677163362503052,\n        \"f1-score\": 0.9660546779632568,\n        \"specificity\": 0.9960092306137085\n    },\n    \"Bleeding\": {\n        \"precision\": 0.9599575996398926,\n        \"recall\": 0.9707696437835693,\n        \"f1-score\": 0.9653333425521851,\n        \"specificity\": 0.9955428242683411\n    },\n    \"Erosion\": {\n        \"precision\": 0.9301500916481018,\n        \"recall\": 0.90640789270401,\n        \"f1-score\": 0.9181255102157593,\n        \"specificity\": 0.9924363493919373\n    },\n    \"Erythema\": {\n        \"precision\": 0.9405106902122498,\n        \"recall\": 0.9497607946395874,\n        \"f1-score\": 0.9451130628585815,\n        \"specificity\": 0.993322491645813\n    },\n    \"Foreign Body\": {\n        \"precision\": 0.9701799750328064,\n        \"recall\": 0.9764553904533386,\n        \"f1-score\": 0.9733075499534607,\n        \"specificity\": 0.996562123298645\n    },\n    \"Lymphangiectasia\": {\n        \"precision\": 0.9797665476799011,\n        \"recall\": 0.9797665476799011,\n        \"f1-score\": 0.9797665476799011,\n        \"specificity\": 0.9976890087127686\n    },\n    \"Normal\": {\n        \"precision\": 0.97132807970047,\n        \"recall\": 0.9617032408714294,\n        \"f1-score\": 0.96649169921875,\n        \"specificity\": 0.9968706369400024\n    },\n    \"Polyp\": {\n        \"precision\": 0.9588106870651245,\n        \"recall\": 0.964070200920105,\n        \"f1-score\": 0.9614332318305969,\n        \"specificity\": 0.995553731918335\n    },\n    \"Ulcer\": {\n        \"precision\": 0.997804582118988,\n        \"recall\": 0.9967105388641357,\n        \"f1-score\": 0.9972572922706604,\n        \"specificity\": 0.9997644424438477\n    },\n    \"Worms\": {\n        \"precision\": 0.9992163181304932,\n        \"recall\": 0.9992163181304932,\n        \"f1-score\": 0.9992163181304932,\n        \"specificity\": 0.9999111890792847\n    },\n    \"macro avg\": {\n        \"precision\": 0.9672123193740845,\n        \"recall\": 0.9672576785087585,\n        \"f1-score\": 0.9672099947929382,\n        \"specificity\": 0.9963662028312683\n    },\n    \"accuracy\": 0.9672933220863342,\n    \"auc_roc_scores\": {\n        \"Angioectasia\": 0.9995210766792297,\n        \"Bleeding\": 0.9995986223220825,\n        \"Erosion\": 0.9967586398124695,\n        \"Erythema\": 0.998870849609375,\n        \"Foreign Body\": 0.9996790885925293,\n        \"Lymphangiectasia\": 0.9997935891151428,\n        \"Normal\": 0.9989972114562988,\n        \"Polyp\": 0.9992388486862183,\n        \"Ulcer\": 0.9999905824661255,\n        \"Worms\": 0.9999996423721313\n    },\n    \"mean_auc\": 0.9992448687553406,\n    \"average_precision_scores\": {\n        \"Angioectasia\": 0.996078372001648,\n        \"Bleeding\": 0.9964331984519958,\n        \"Erosion\": 0.9769107103347778,\n        \"Erythema\": 0.9897698760032654,\n        \"Foreign Body\": 0.9976993799209595,\n        \"Lymphangiectasia\": 0.9982982873916626,\n        \"Normal\": 0.9932438731193542,\n        \"Polyp\": 0.9941129684448242,\n        \"Ulcer\": 0.9999173879623413,\n        \"Worms\": 0.9999969005584717\n    },\n    \"mean_average_precision\": 0.9942461252212524,\n    \"mean_f1_score\": 0.9672099947929382,\n    \"mean_specificity\": 0.9963662028312683,\n    \"mean_sensitivity\": 0.9672576785087585,\n    \"balanced_accuracy\": 0.9672576785087585\n}",
    "test_metrics": "{\n    \"Angioectasia\": {\n        \"precision\": 0.7891566157341003,\n        \"recall\": 0.7907444834709167,\n        \"f1-score\": 0.7899497747421265,\n        \"specificity\": 0.993284285068512\n    },\n    \"Bleeding\": {\n        \"precision\": 0.8077921867370605,\n        \"recall\": 0.8662952780723572,\n        \"f1-score\": 0.8360214829444885,\n        \"specificity\": 0.9953084588050842\n    },\n    \"Erosion\": {\n        \"precision\": 0.64665287733078,\n        \"recall\": 0.8112553954124451,\n        \"f1-score\": 0.719662070274353,\n        \"specificity\": 0.9658142328262329\n    },\n    \"Erythema\": {\n        \"precision\": 0.5412843823432922,\n        \"recall\": 0.5959596037864685,\n        \"f1-score\": 0.567307710647583,\n        \"specificity\": 0.990527331829071\n    },\n    \"Foreign Body\": {\n        \"precision\": 0.7753086686134338,\n        \"recall\": 0.9235293865203857,\n        \"f1-score\": 0.8429530262947083,\n        \"specificity\": 0.9942376017570496\n    },\n    \"Lymphangiectasia\": {\n        \"precision\": 0.7362110018730164,\n        \"recall\": 0.8950437307357788,\n        \"f1-score\": 0.807894766330719,\n        \"specificity\": 0.9930331110954285\n    },\n    \"Normal\": {\n        \"precision\": 0.9902210831642151,\n        \"recall\": 0.947749674320221,\n        \"f1-score\": 0.9685199856758118,\n        \"specificity\": 0.9700910449028015\n    },\n    \"Polyp\": {\n        \"precision\": 0.6990654468536377,\n        \"recall\": 0.7480000257492065,\n        \"f1-score\": 0.7227053046226501,\n        \"specificity\": 0.9897006154060364\n    },\n    \"Ulcer\": {\n        \"precision\": 0.9721254110336304,\n        \"recall\": 0.9755244851112366,\n        \"f1-score\": 0.9738219976425171,\n        \"specificity\": 0.9994951486587524\n    },\n    \"Worms\": {\n        \"precision\": 0.9420289993286133,\n        \"recall\": 0.9558823704719543,\n        \"f1-score\": 0.9489051103591919,\n        \"specificity\": 0.9997509717941284\n    },\n    \"macro avg\": {\n        \"precision\": 0.7899846434593201,\n        \"recall\": 0.8509985208511353,\n        \"f1-score\": 0.8177741169929504,\n        \"specificity\": 0.9891242980957031\n    },\n    \"accuracy\": 0.9175551533699036,\n    \"auc_roc_scores\": {\n        \"Angioectasia\": 0.9797549247741699,\n        \"Bleeding\": 0.9883848428726196,\n        \"Erosion\": 0.9710864424705505,\n        \"Erythema\": 0.9708558917045593,\n        \"Foreign Body\": 0.9893893003463745,\n        \"Lymphangiectasia\": 0.9909960627555847,\n        \"Normal\": 0.9934881925582886,\n        \"Polyp\": 0.9763450622558594,\n        \"Ulcer\": 0.9990185499191284,\n        \"Worms\": 0.9999660849571228\n    },\n    \"mean_auc\": 0.9859285354614258,\n    \"average_precision_scores\": {\n        \"Angioectasia\": 0.8437668085098267,\n        \"Bleeding\": 0.8984857797622681,\n        \"Erosion\": 0.8013394474983215,\n        \"Erythema\": 0.6146863698959351,\n        \"Foreign Body\": 0.9345888495445251,\n        \"Lymphangiectasia\": 0.9076130390167236,\n        \"Normal\": 0.9979954957962036,\n        \"Polyp\": 0.774935245513916,\n        \"Ulcer\": 0.9891274571418762,\n        \"Worms\": 0.9931257367134094\n    },\n    \"mean_average_precision\": 0.8755664825439453,\n    \"mean_f1_score\": 0.8177741169929504,\n    \"mean_specificity\": 0.9891242980957031,\n    \"mean_sensitivity\": 0.8509985208511353,\n    \"balanced_accuracy\": 0.8509985208511353\n}"
}