{
    "epoch": 12,
    "train_metrics": "{\n    \"Angioectasia\": {\n        \"precision\": 0.9631093740463257,\n        \"recall\": 0.9595694541931152,\n        \"f1-score\": 0.9613361358642578,\n        \"specificity\": 0.9958577156066895\n    },\n    \"Bleeding\": {\n        \"precision\": 0.9594342112541199,\n        \"recall\": 0.9713590741157532,\n        \"f1-score\": 0.9653598070144653,\n        \"specificity\": 0.9955170154571533\n    },\n    \"Erosion\": {\n        \"precision\": 0.9080077409744263,\n        \"recall\": 0.8946219086647034,\n        \"f1-score\": 0.9012651443481445,\n        \"specificity\": 0.9902191758155823\n    },\n    \"Erythema\": {\n        \"precision\": 0.936751663684845,\n        \"recall\": 0.9478535652160645,\n        \"f1-score\": 0.9422699213027954,\n        \"specificity\": 0.9928127527236938\n    },\n    \"Foreign Body\": {\n        \"precision\": 0.9729657173156738,\n        \"recall\": 0.9721850752830505,\n        \"f1-score\": 0.9725752472877502,\n        \"specificity\": 0.9970178604125977\n    },\n    \"Lymphangiectasia\": {\n        \"precision\": 0.9783218502998352,\n        \"recall\": 0.9793208837509155,\n        \"f1-score\": 0.9788210988044739,\n        \"specificity\": 0.9974769949913025\n    },\n    \"Normal\": {\n        \"precision\": 0.9532432556152344,\n        \"recall\": 0.944057822227478,\n        \"f1-score\": 0.948628306388855,\n        \"specificity\": 0.9948923587799072\n    },\n    \"Polyp\": {\n        \"precision\": 0.9452749490737915,\n        \"recall\": 0.9495843648910522,\n        \"f1-score\": 0.9474247694015503,\n        \"specificity\": 0.9939488768577576\n    },\n    \"Ulcer\": {\n        \"precision\": 0.9965526461601257,\n        \"recall\": 0.994179904460907,\n        \"f1-score\": 0.9953648447990417,\n        \"specificity\": 0.9996156692504883\n    },\n    \"Worms\": {\n        \"precision\": 0.9970588088035583,\n        \"recall\": 0.9981263279914856,\n        \"f1-score\": 0.9975922703742981,\n        \"specificity\": 0.9996752142906189\n    },\n    \"macro avg\": {\n        \"precision\": 0.9610719680786133,\n        \"recall\": 0.9610859155654907,\n        \"f1-score\": 0.961063802242279,\n        \"specificity\": 0.995703399181366\n    },\n    \"accuracy\": 0.9613103866577148,\n    \"auc_roc_scores\": {\n        \"Angioectasia\": 0.9989909529685974,\n        \"Bleeding\": 0.9994615912437439,\n        \"Erosion\": 0.9948601722717285,\n        \"Erythema\": 0.998404860496521,\n        \"Foreign Body\": 0.9996166229248047,\n        \"Lymphangiectasia\": 0.9996377825737,\n        \"Normal\": 0.9974532723426819,\n        \"Polyp\": 0.99873948097229,\n        \"Ulcer\": 0.9999079704284668,\n        \"Worms\": 0.9999983310699463\n    },\n    \"mean_auc\": 0.998707115650177,\n    \"average_precision_scores\": {\n        \"Angioectasia\": 0.9928064346313477,\n        \"Bleeding\": 0.9952298402786255,\n        \"Erosion\": 0.9644725322723389,\n        \"Erythema\": 0.9857193231582642,\n        \"Foreign Body\": 0.9967597126960754,\n        \"Lymphangiectasia\": 0.9975647330284119,\n        \"Normal\": 0.9859097599983215,\n        \"Polyp\": 0.9886298179626465,\n        \"Ulcer\": 0.9996898174285889,\n        \"Worms\": 0.9999854564666748\n    },\n    \"mean_average_precision\": 0.9906767010688782,\n    \"mean_f1_score\": 0.961063802242279,\n    \"mean_specificity\": 0.995703399181366,\n    \"mean_sensitivity\": 0.9610859155654907,\n    \"balanced_accuracy\": 0.9610859155654907\n}",
    "test_metrics": "{\n    \"Angioectasia\": {\n        \"precision\": 0.6785714030265808,\n        \"recall\": 0.8410462737083435,\n        \"f1-score\": 0.7511230707168579,\n        \"specificity\": 0.9873360991477966\n    },\n    \"Bleeding\": {\n        \"precision\": 0.8399999737739563,\n        \"recall\": 0.8189415335655212,\n        \"f1-score\": 0.8293371200561523,\n        \"specificity\": 0.9964496493339539\n    },\n    \"Erosion\": {\n        \"precision\": 0.7085514664649963,\n        \"recall\": 0.7030302882194519,\n        \"f1-score\": 0.7057800889015198,\n        \"specificity\": 0.9776991605758667\n    },\n    \"Erythema\": {\n        \"precision\": 0.5210526585578918,\n        \"recall\": 0.6666666865348816,\n        \"f1-score\": 0.5849335193634033,\n        \"specificity\": 0.9885064959526062\n    },\n    \"Foreign Body\": {\n        \"precision\": 0.8196721076965332,\n        \"recall\": 0.8823529481887817,\n        \"f1-score\": 0.8498583436012268,\n        \"specificity\": 0.9958206415176392\n    },\n    \"Lymphangiectasia\": {\n        \"precision\": 0.722352921962738,\n        \"recall\": 0.8950437307357788,\n        \"f1-score\": 0.7994791865348816,\n        \"specificity\": 0.9925264716148376\n    },\n    \"Normal\": {\n        \"precision\": 0.9887793064117432,\n        \"recall\": 0.946691632270813,\n        \"f1-score\": 0.9672778844833374,\n        \"specificity\": 0.9656696915626526\n    },\n    \"Polyp\": {\n        \"precision\": 0.5463347434997559,\n        \"recall\": 0.7900000214576721,\n        \"f1-score\": 0.645952582359314,\n        \"specificity\": 0.9790173768997192\n    },\n    \"Ulcer\": {\n        \"precision\": 0.9518900513648987,\n        \"recall\": 0.9685314893722534,\n        \"f1-score\": 0.9601386189460754,\n        \"specificity\": 0.9991164803504944\n    },\n    \"Worms\": {\n        \"precision\": 0.9436619877815247,\n        \"recall\": 0.9852941036224365,\n        \"f1-score\": 0.9640287756919861,\n        \"specificity\": 0.9997509717941284\n    },\n    \"macro avg\": {\n        \"precision\": 0.7720867395401001,\n        \"recall\": 0.8497598767280579,\n        \"f1-score\": 0.805790901184082,\n        \"specificity\": 0.9881893396377563\n    },\n    \"accuracy\": 0.9112323522567749,\n    \"auc_roc_scores\": {\n        \"Angioectasia\": 0.9843180179595947,\n        \"Bleeding\": 0.9920213222503662,\n        \"Erosion\": 0.9690834879875183,\n        \"Erythema\": 0.9753220677375793,\n        \"Foreign Body\": 0.9903922080993652,\n        \"Lymphangiectasia\": 0.9899009466171265,\n        \"Normal\": 0.9920079708099365,\n        \"Polyp\": 0.9810174703598022,\n        \"Ulcer\": 0.9998265504837036,\n        \"Worms\": 0.999983549118042\n    },\n    \"mean_auc\": 0.9873873591423035,\n    \"average_precision_scores\": {\n        \"Angioectasia\": 0.855316162109375,\n        \"Bleeding\": 0.9086056351661682,\n        \"Erosion\": 0.7932321429252625,\n        \"Erythema\": 0.6191306114196777,\n        \"Foreign Body\": 0.9231783747673035,\n        \"Lymphangiectasia\": 0.900007963180542,\n        \"Normal\": 0.9975653290748596,\n        \"Polyp\": 0.7479298114776611,\n        \"Ulcer\": 0.9911205768585205,\n        \"Worms\": 0.9961227178573608\n    },\n    \"mean_average_precision\": 0.8732209205627441,\n    \"mean_f1_score\": 0.805790901184082,\n    \"mean_specificity\": 0.9881893396377563,\n    \"mean_sensitivity\": 0.8497598767280579,\n    \"balanced_accuracy\": 0.8497598767280579\n}"
}