{
    "epoch": 14,
    "train_metrics": "{\n    \"Angioectasia\": {\n        \"precision\": 0.9610905051231384,\n        \"recall\": 0.9593130946159363,\n        \"f1-score\": 0.9602009654045105,\n        \"specificity\": 0.9956536889076233\n    },\n    \"Bleeding\": {\n        \"precision\": 0.9610762596130371,\n        \"recall\": 0.9666316509246826,\n        \"f1-score\": 0.96384596824646,\n        \"specificity\": 0.9955918192863464\n    },\n    \"Erosion\": {\n        \"precision\": 0.9110146760940552,\n        \"recall\": 0.8990629315376282,\n        \"f1-score\": 0.904999315738678,\n        \"specificity\": 0.9903165102005005\n    },\n    \"Erythema\": {\n        \"precision\": 0.9327447414398193,\n        \"recall\": 0.948758602142334,\n        \"f1-score\": 0.9406835436820984,\n        \"specificity\": 0.9923420548439026\n    },\n    \"Foreign Body\": {\n        \"precision\": 0.9733656048774719,\n        \"recall\": 0.9746767282485962,\n        \"f1-score\": 0.9740207195281982,\n        \"specificity\": 0.9970791935920715\n    },\n    \"Lymphangiectasia\": {\n        \"precision\": 0.9791777729988098,\n        \"recall\": 0.9750133156776428,\n        \"f1-score\": 0.9770910739898682,\n        \"specificity\": 0.9976953864097595\n    },\n    \"Normal\": {\n        \"precision\": 0.9651380777359009,\n        \"recall\": 0.9541357159614563,\n        \"f1-score\": 0.9596053957939148,\n        \"specificity\": 0.9961578249931335\n    },\n    \"Polyp\": {\n        \"precision\": 0.9437751173973083,\n        \"recall\": 0.9501347541809082,\n        \"f1-score\": 0.9469442367553711,\n        \"specificity\": 0.9938047528266907\n    },\n    \"Ulcer\": {\n        \"precision\": 0.997629702091217,\n        \"recall\": 0.996842086315155,\n        \"f1-score\": 0.9972357749938965,\n        \"specificity\": 0.9997338056564331\n    },\n    \"Worms\": {\n        \"precision\": 0.9986631274223328,\n        \"recall\": 0.9989302158355713,\n        \"f1-score\": 0.9987966418266296,\n        \"specificity\": 0.9998523592948914\n    },\n    \"macro avg\": {\n        \"precision\": 0.9623675346374512,\n        \"recall\": 0.9623498916625977,\n        \"f1-score\": 0.962342381477356,\n        \"specificity\": 0.9958228468894958\n    },\n    \"accuracy\": 0.9624006152153015,\n    \"auc_roc_scores\": {\n        \"Angioectasia\": 0.999312698841095,\n        \"Bleeding\": 0.9995319247245789,\n        \"Erosion\": 0.9957119226455688,\n        \"Erythema\": 0.998721718788147,\n        \"Foreign Body\": 0.9997471570968628,\n        \"Lymphangiectasia\": 0.9997872710227966,\n        \"Normal\": 0.9986453056335449,\n        \"Polyp\": 0.9989389181137085,\n        \"Ulcer\": 0.999996542930603,\n        \"Worms\": 0.9999996423721313\n    },\n    \"mean_auc\": 0.9990392923355103,\n    \"average_precision_scores\": {\n        \"Angioectasia\": 0.9945701956748962,\n        \"Bleeding\": 0.9958708882331848,\n        \"Erosion\": 0.9705650806427002,\n        \"Erythema\": 0.9884105920791626,\n        \"Foreign Body\": 0.9977763295173645,\n        \"Lymphangiectasia\": 0.9981938600540161,\n        \"Normal\": 0.9918324947357178,\n        \"Polyp\": 0.9909126162528992,\n        \"Ulcer\": 0.9999691247940063,\n        \"Worms\": 0.9999967217445374\n    },\n    \"mean_average_precision\": 0.9928098917007446,\n    \"mean_f1_score\": 0.962342381477356,\n    \"mean_specificity\": 0.9958228468894958,\n    \"mean_sensitivity\": 0.9623498916625977,\n    \"balanced_accuracy\": 0.9623498916625977\n}",
    "test_metrics": "{\n    \"Angioectasia\": {\n        \"precision\": 0.692307710647583,\n        \"recall\": 0.7967807054519653,\n        \"f1-score\": 0.7408792972564697,\n        \"specificity\": 0.9887431859970093\n    },\n    \"Bleeding\": {\n        \"precision\": 0.8172042965888977,\n        \"recall\": 0.8467966318130493,\n        \"f1-score\": 0.8317373394966125,\n        \"specificity\": 0.9956888556480408\n    },\n    \"Erosion\": {\n        \"precision\": 0.6492374539375305,\n        \"recall\": 0.7740259766578674,\n        \"f1-score\": 0.7061611413955688,\n        \"specificity\": 0.9677505493164062\n    },\n    \"Erythema\": {\n        \"precision\": 0.5392953753471375,\n        \"recall\": 0.6700336933135986,\n        \"f1-score\": 0.597597599029541,\n        \"specificity\": 0.9892643094062805\n    },\n    \"Foreign Body\": {\n        \"precision\": 0.8089005351066589,\n        \"recall\": 0.908823549747467,\n        \"f1-score\": 0.8559556603431702,\n        \"specificity\": 0.9953774213790894\n    },\n    \"Lymphangiectasia\": {\n        \"precision\": 0.7626262903213501,\n        \"recall\": 0.8804664611816406,\n        \"f1-score\": 0.817320704460144,\n        \"specificity\": 0.9940465092658997\n    },\n    \"Normal\": {\n        \"precision\": 0.9899523258209229,\n        \"recall\": 0.9462032914161682,\n        \"f1-score\": 0.9675835371017456,\n        \"specificity\": 0.9693108201026917\n    },\n    \"Polyp\": {\n        \"precision\": 0.6505576372146606,\n        \"recall\": 0.699999988079071,\n        \"f1-score\": 0.6743738055229187,\n        \"specificity\": 0.9879733920097351\n    },\n    \"Ulcer\": {\n        \"precision\": 0.9213114976882935,\n        \"recall\": 0.9825174808502197,\n        \"f1-score\": 0.950930655002594,\n        \"specificity\": 0.9984854459762573\n    },\n    \"Worms\": {\n        \"precision\": 0.8701298832893372,\n        \"recall\": 0.9852941036224365,\n        \"f1-score\": 0.9241379499435425,\n        \"specificity\": 0.9993774890899658\n    },\n    \"macro avg\": {\n        \"precision\": 0.7701522707939148,\n        \"recall\": 0.8490942120552063,\n        \"f1-score\": 0.8066677451133728,\n        \"specificity\": 0.9886018633842468\n    },\n    \"accuracy\": 0.9129680395126343,\n    \"auc_roc_scores\": {\n        \"Angioectasia\": 0.9758827686309814,\n        \"Bleeding\": 0.9873887300491333,\n        \"Erosion\": 0.9705489873886108,\n        \"Erythema\": 0.9777653217315674,\n        \"Foreign Body\": 0.9938963651657104,\n        \"Lymphangiectasia\": 0.9849228858947754,\n        \"Normal\": 0.9927569627761841,\n        \"Polyp\": 0.9738926887512207,\n        \"Ulcer\": 0.9997784495353699,\n        \"Worms\": 0.9999808073043823\n    },\n    \"mean_auc\": 0.9856813549995422,\n    \"average_precision_scores\": {\n        \"Angioectasia\": 0.8342061042785645,\n        \"Bleeding\": 0.8911851048469543,\n        \"Erosion\": 0.7868102788925171,\n        \"Erythema\": 0.6313431262969971,\n        \"Foreign Body\": 0.9409565329551697,\n        \"Lymphangiectasia\": 0.906005859375,\n        \"Normal\": 0.9977449774742126,\n        \"Polyp\": 0.7414902448654175,\n        \"Ulcer\": 0.9934489727020264,\n        \"Worms\": 0.9960712194442749\n    },\n    \"mean_average_precision\": 0.8719262480735779,\n    \"mean_f1_score\": 0.8066677451133728,\n    \"mean_specificity\": 0.9886018633842468,\n    \"mean_sensitivity\": 0.8490942120552063,\n    \"balanced_accuracy\": 0.8490942120552063\n}"
}