{
    "epoch": 9,
    "train_metrics": "{\n    \"Angioectasia\": {\n        \"precision\": 0.9442398548126221,\n        \"recall\": 0.9407756924629211,\n        \"f1-score\": 0.9425045847892761,\n        \"specificity\": 0.9937261343002319\n    },\n    \"Bleeding\": {\n        \"precision\": 0.9472731947898865,\n        \"recall\": 0.9539302587509155,\n        \"f1-score\": 0.9505900740623474,\n        \"specificity\": 0.9939582347869873\n    },\n    \"Erosion\": {\n        \"precision\": 0.8655349016189575,\n        \"recall\": 0.8558486700057983,\n        \"f1-score\": 0.8606645464897156,\n        \"specificity\": 0.9852602481842041\n    },\n    \"Erythema\": {\n        \"precision\": 0.9066523313522339,\n        \"recall\": 0.9159891605377197,\n        \"f1-score\": 0.9112968444824219,\n        \"specificity\": 0.9897396564483643\n    },\n    \"Foreign Body\": {\n        \"precision\": 0.9613259434700012,\n        \"recall\": 0.9656448364257812,\n        \"f1-score\": 0.963480532169342,\n        \"specificity\": 0.9956538677215576\n    },\n    \"Lymphangiectasia\": {\n        \"precision\": 0.9737625122070312,\n        \"recall\": 0.9719222187995911,\n        \"f1-score\": 0.9728415012359619,\n        \"specificity\": 0.9971389174461365\n    },\n    \"Normal\": {\n        \"precision\": 0.9466480612754822,\n        \"recall\": 0.9267159104347229,\n        \"f1-score\": 0.9365759491920471,\n        \"specificity\": 0.9943740963935852\n    },\n    \"Polyp\": {\n        \"precision\": 0.9216244220733643,\n        \"recall\": 0.9363994598388672,\n        \"f1-score\": 0.9289531707763672,\n        \"specificity\": 0.991036057472229\n    },\n    \"Ulcer\": {\n        \"precision\": 0.9949061870574951,\n        \"recall\": 0.9933083653450012,\n        \"f1-score\": 0.9941065907478333,\n        \"specificity\": 0.9994390606880188\n    },\n    \"Worms\": {\n        \"precision\": 0.9971227049827576,\n        \"recall\": 0.9979057312011719,\n        \"f1-score\": 0.9975140690803528,\n        \"specificity\": 0.9996744394302368\n    },\n    \"macro avg\": {\n        \"precision\": 0.9459090232849121,\n        \"recall\": 0.9458439946174622,\n        \"f1-score\": 0.9458527565002441,\n        \"specificity\": 0.9940000772476196\n    },\n    \"accuracy\": 0.9459940791130066,\n    \"auc_roc_scores\": {\n        \"Angioectasia\": 0.9980685710906982,\n        \"Bleeding\": 0.9989169836044312,\n        \"Erosion\": 0.9901440143585205,\n        \"Erythema\": 0.9970167875289917,\n        \"Foreign Body\": 0.999262809753418,\n        \"Lymphangiectasia\": 0.9995778799057007,\n        \"Normal\": 0.9961367845535278,\n        \"Polyp\": 0.9975525140762329,\n        \"Ulcer\": 0.9999707937240601,\n        \"Worms\": 0.9999961853027344\n    },\n    \"mean_auc\": 0.9976642727851868,\n    \"average_precision_scores\": {\n        \"Angioectasia\": 0.9872109889984131,\n        \"Bleeding\": 0.9907513856887817,\n        \"Erosion\": 0.9386149644851685,\n        \"Erythema\": 0.9731547832489014,\n        \"Foreign Body\": 0.994665265083313,\n        \"Lymphangiectasia\": 0.9964965581893921,\n        \"Normal\": 0.9791629910469055,\n        \"Polyp\": 0.9786367416381836,\n        \"Ulcer\": 0.9997379183769226,\n        \"Worms\": 0.9999665021896362\n    },\n    \"mean_average_precision\": 0.9838398098945618,\n    \"mean_f1_score\": 0.9458527565002441,\n    \"mean_specificity\": 0.9940000772476196,\n    \"mean_sensitivity\": 0.9458439946174622,\n    \"balanced_accuracy\": 0.9458439946174622\n}",
    "test_metrics": "{\n    \"Angioectasia\": {\n        \"precision\": 0.6217054128646851,\n        \"recall\": 0.8068410754203796,\n        \"f1-score\": 0.7022767066955566,\n        \"specificity\": 0.9843940138816833\n    },\n    \"Bleeding\": {\n        \"precision\": 0.8142076730728149,\n        \"recall\": 0.8300835490226746,\n        \"f1-score\": 0.822068989276886,\n        \"specificity\": 0.9956888556480408\n    },\n    \"Erosion\": {\n        \"precision\": 0.6166298985481262,\n        \"recall\": 0.7255411148071289,\n        \"f1-score\": 0.6666666865348816,\n        \"specificity\": 0.9652132987976074\n    },\n    \"Erythema\": {\n        \"precision\": 0.49275362491607666,\n        \"recall\": 0.6868686676025391,\n        \"f1-score\": 0.5738396644592285,\n        \"specificity\": 0.9867382645606995\n    },\n    \"Foreign Body\": {\n        \"precision\": 0.7592137455940247,\n        \"recall\": 0.908823549747467,\n        \"f1-score\": 0.827309250831604,\n        \"specificity\": 0.993794322013855\n    },\n    \"Lymphangiectasia\": {\n        \"precision\": 0.7166666388511658,\n        \"recall\": 0.8775510191917419,\n        \"f1-score\": 0.78899085521698,\n        \"specificity\": 0.9924631118774414\n    },\n    \"Normal\": {\n        \"precision\": 0.9892286062240601,\n        \"recall\": 0.9268332123756409,\n        \"f1-score\": 0.9570149779319763,\n        \"specificity\": 0.9677503108978271\n    },\n    \"Polyp\": {\n        \"precision\": 0.5665634870529175,\n        \"recall\": 0.7319999933242798,\n        \"f1-score\": 0.6387434601783752,\n        \"specificity\": 0.982088029384613\n    },\n    \"Ulcer\": {\n        \"precision\": 0.9651567935943604,\n        \"recall\": 0.9685314893722534,\n        \"f1-score\": 0.9668411612510681,\n        \"specificity\": 0.9993689060211182\n    },\n    \"Worms\": {\n        \"precision\": 0.8815789222717285,\n        \"recall\": 0.9852941036224365,\n        \"f1-score\": 0.9305555820465088,\n        \"specificity\": 0.9994397163391113\n    },\n    \"macro avg\": {\n        \"precision\": 0.7423705458641052,\n        \"recall\": 0.8448368310928345,\n        \"f1-score\": 0.7874307036399841,\n        \"specificity\": 0.9866939783096313\n    },\n    \"accuracy\": 0.8956732153892517,\n    \"auc_roc_scores\": {\n        \"Angioectasia\": 0.9718016386032104,\n        \"Bleeding\": 0.9868080019950867,\n        \"Erosion\": 0.9581789970397949,\n        \"Erythema\": 0.9758141040802002,\n        \"Foreign Body\": 0.9932519197463989,\n        \"Lymphangiectasia\": 0.9902711510658264,\n        \"Normal\": 0.990752100944519,\n        \"Polyp\": 0.9741394519805908,\n        \"Ulcer\": 0.9958922863006592,\n        \"Worms\": 0.9999597072601318\n    },\n    \"mean_auc\": 0.9836869239807129,\n    \"average_precision_scores\": {\n        \"Angioectasia\": 0.829950213432312,\n        \"Bleeding\": 0.8877115249633789,\n        \"Erosion\": 0.7572378516197205,\n        \"Erythema\": 0.6080116033554077,\n        \"Foreign Body\": 0.9322015643119812,\n        \"Lymphangiectasia\": 0.89971923828125,\n        \"Normal\": 0.9971225261688232,\n        \"Polyp\": 0.7032467126846313,\n        \"Ulcer\": 0.9845166206359863,\n        \"Worms\": 0.9920446872711182\n    },\n    \"mean_average_precision\": 0.8591762781143188,\n    \"mean_f1_score\": 0.7874307036399841,\n    \"mean_specificity\": 0.9866939783096313,\n    \"mean_sensitivity\": 0.8448368310928345,\n    \"balanced_accuracy\": 0.8448368310928345\n}"
}