{
    "epoch": 7,
    "train_metrics": "{\n    \"Angioectasia\": {\n        \"precision\": 0.9319905638694763,\n        \"recall\": 0.9281062483787537,\n        \"f1-score\": 0.9300443530082703,\n        \"specificity\": 0.9923003911972046\n    },\n    \"Bleeding\": {\n        \"precision\": 0.9458180069923401,\n        \"recall\": 0.9543524384498596,\n        \"f1-score\": 0.9500660300254822,\n        \"specificity\": 0.9939123392105103\n    },\n    \"Erosion\": {\n        \"precision\": 0.8397834897041321,\n        \"recall\": 0.8285714387893677,\n        \"f1-score\": 0.8341397643089294,\n        \"specificity\": 0.9825173020362854\n    },\n    \"Erythema\": {\n        \"precision\": 0.8947094082832336,\n        \"recall\": 0.9058047533035278,\n        \"f1-score\": 0.900222897529602,\n        \"specificity\": 0.9880533218383789\n    },\n    \"Foreign Body\": {\n        \"precision\": 0.9586820006370544,\n        \"recall\": 0.9586820006370544,\n        \"f1-score\": 0.9586820006370544,\n        \"specificity\": 0.9953230619430542\n    },\n    \"Lymphangiectasia\": {\n        \"precision\": 0.9621974229812622,\n        \"recall\": 0.9611518383026123,\n        \"f1-score\": 0.9616743922233582,\n        \"specificity\": 0.9959028363227844\n    },\n    \"Normal\": {\n        \"precision\": 0.9293861985206604,\n        \"recall\": 0.9135077595710754,\n        \"f1-score\": 0.9213785529136658,\n        \"specificity\": 0.9923215508460999\n    },\n    \"Polyp\": {\n        \"precision\": 0.9058215022087097,\n        \"recall\": 0.9174528121948242,\n        \"f1-score\": 0.9116000533103943,\n        \"specificity\": 0.9892278909683228\n    },\n    \"Ulcer\": {\n        \"precision\": 0.9913932085037231,\n        \"recall\": 0.9924609661102295,\n        \"f1-score\": 0.9919267892837524,\n        \"specificity\": 0.9990558624267578\n    },\n    \"Worms\": {\n        \"precision\": 0.9956569075584412,\n        \"recall\": 0.9956569075584412,\n        \"f1-score\": 0.9956569075584412,\n        \"specificity\": 0.9995283484458923\n    },\n    \"macro avg\": {\n        \"precision\": 0.9355438351631165,\n        \"recall\": 0.9355747103691101,\n        \"f1-score\": 0.935539186000824,\n        \"specificity\": 0.9928142428398132\n    },\n    \"accuracy\": 0.9353577494621277,\n    \"auc_roc_scores\": {\n        \"Angioectasia\": 0.9971852898597717,\n        \"Bleeding\": 0.9986801743507385,\n        \"Erosion\": 0.9860795736312866,\n        \"Erythema\": 0.9953851699829102,\n        \"Foreign Body\": 0.9988435506820679,\n        \"Lymphangiectasia\": 0.9991470575332642,\n        \"Normal\": 0.9945088028907776,\n        \"Polyp\": 0.9960449934005737,\n        \"Ulcer\": 0.9999587535858154,\n        \"Worms\": 0.9999809265136719\n    },\n    \"mean_auc\": 0.996581494808197,\n    \"average_precision_scores\": {\n        \"Angioectasia\": 0.9812894463539124,\n        \"Bleeding\": 0.9896567463874817,\n        \"Erosion\": 0.913116991519928,\n        \"Erythema\": 0.9609009027481079,\n        \"Foreign Body\": 0.9927420616149902,\n        \"Lymphangiectasia\": 0.9931042194366455,\n        \"Normal\": 0.9721570611000061,\n        \"Polyp\": 0.9700607061386108,\n        \"Ulcer\": 0.9996223449707031,\n        \"Worms\": 0.9998257756233215\n    },\n    \"mean_average_precision\": 0.9772476553916931,\n    \"mean_f1_score\": 0.935539186000824,\n    \"mean_specificity\": 0.9928142428398132,\n    \"mean_sensitivity\": 0.9355747103691101,\n    \"balanced_accuracy\": 0.9355747103691101\n}",
    "test_metrics": "{\n    \"Angioectasia\": {\n        \"precision\": 0.5626741051673889,\n        \"recall\": 0.8128772377967834,\n        \"f1-score\": 0.6650205850601196,\n        \"specificity\": 0.9799168705940247\n    },\n    \"Bleeding\": {\n        \"precision\": 0.75,\n        \"recall\": 0.8272980451583862,\n        \"f1-score\": 0.7867549657821655,\n        \"specificity\": 0.993723452091217\n    },\n    \"Erosion\": {\n        \"precision\": 0.6174545288085938,\n        \"recall\": 0.7350649237632751,\n        \"f1-score\": 0.6711462736129761,\n        \"specificity\": 0.9648794531822205\n    },\n    \"Erythema\": {\n        \"precision\": 0.4423963129520416,\n        \"recall\": 0.6464646458625793,\n        \"f1-score\": 0.5253077745437622,\n        \"specificity\": 0.9847173690795898\n    },\n    \"Foreign Body\": {\n        \"precision\": 0.7323601245880127,\n        \"recall\": 0.8852941393852234,\n        \"f1-score\": 0.8015978932380676,\n        \"specificity\": 0.9930344223976135\n    },\n    \"Lymphangiectasia\": {\n        \"precision\": 0.6372950673103333,\n        \"recall\": 0.9067055583000183,\n        \"f1-score\": 0.7484958171844482,\n        \"specificity\": 0.9887896776199341\n    },\n    \"Normal\": {\n        \"precision\": 0.9917728304862976,\n        \"recall\": 0.9124277830123901,\n        \"f1-score\": 0.9504472017288208,\n        \"specificity\": 0.9758127331733704\n    },\n    \"Polyp\": {\n        \"precision\": 0.5891088843345642,\n        \"recall\": 0.7139999866485596,\n        \"f1-score\": 0.6455696225166321,\n        \"specificity\": 0.9840711355209351\n    },\n    \"Ulcer\": {\n        \"precision\": 0.8668730854988098,\n        \"recall\": 0.9790209531784058,\n        \"f1-score\": 0.9195402264595032,\n        \"specificity\": 0.9972863793373108\n    },\n    \"Worms\": {\n        \"precision\": 0.8701298832893372,\n        \"recall\": 0.9852941036224365,\n        \"f1-score\": 0.9241379499435425,\n        \"specificity\": 0.9993774890899658\n    },\n    \"macro avg\": {\n        \"precision\": 0.7060064673423767,\n        \"recall\": 0.8404447436332703,\n        \"f1-score\": 0.7638018727302551,\n        \"specificity\": 0.9861608743667603\n    },\n    \"accuracy\": 0.8845152258872986,\n    \"auc_roc_scores\": {\n        \"Angioectasia\": 0.9759582281112671,\n        \"Bleeding\": 0.9910986423492432,\n        \"Erosion\": 0.9655050039291382,\n        \"Erythema\": 0.9678821563720703,\n        \"Foreign Body\": 0.9906542301177979,\n        \"Lymphangiectasia\": 0.9895390272140503,\n        \"Normal\": 0.9897410869598389,\n        \"Polyp\": 0.976921558380127,\n        \"Ulcer\": 0.9959810972213745,\n        \"Worms\": 0.9999432563781738\n    },\n    \"mean_auc\": 0.9843224883079529,\n    \"average_precision_scores\": {\n        \"Angioectasia\": 0.8191182613372803,\n        \"Bleeding\": 0.8808814287185669,\n        \"Erosion\": 0.7587679624557495,\n        \"Erythema\": 0.5663232803344727,\n        \"Foreign Body\": 0.923434853553772,\n        \"Lymphangiectasia\": 0.8932158946990967,\n        \"Normal\": 0.9967997074127197,\n        \"Polyp\": 0.7223169803619385,\n        \"Ulcer\": 0.9849575757980347,\n        \"Worms\": 0.9871920347213745\n    },\n    \"mean_average_precision\": 0.8533008694648743,\n    \"mean_f1_score\": 0.7638018727302551,\n    \"mean_specificity\": 0.9861608743667603,\n    \"mean_sensitivity\": 0.8404447436332703,\n    \"balanced_accuracy\": 0.8404447436332703\n}"
}