{
    "epoch": 1,
    "train_metrics": "{\n    \"Angioectasia\": {\n        \"precision\": 0.7161404490470886,\n        \"recall\": 0.6435958743095398,\n        \"f1-score\": 0.6779329776763916,\n        \"specificity\": 0.971568763256073\n    },\n    \"Bleeding\": {\n        \"precision\": 0.7756959199905396,\n        \"recall\": 0.7769436836242676,\n        \"f1-score\": 0.7763193249702454,\n        \"specificity\": 0.9752634763717651\n    },\n    \"Erosion\": {\n        \"precision\": 0.4321351945400238,\n        \"recall\": 0.44124898314476013,\n        \"f1-score\": 0.4366445243358612,\n        \"specificity\": 0.9376546144485474\n    },\n    \"Erythema\": {\n        \"precision\": 0.5650212168693542,\n        \"recall\": 0.5534182190895081,\n        \"f1-score\": 0.5591595768928528,\n        \"specificity\": 0.9514514207839966\n    },\n    \"Foreign Body\": {\n        \"precision\": 0.7953922152519226,\n        \"recall\": 0.7837837934494019,\n        \"f1-score\": 0.7895453572273254,\n        \"specificity\": 0.9779986143112183\n    },\n    \"Lymphangiectasia\": {\n        \"precision\": 0.8149985671043396,\n        \"recall\": 0.750806450843811,\n        \"f1-score\": 0.7815867066383362,\n        \"specificity\": 0.9812907576560974\n    },\n    \"Normal\": {\n        \"precision\": 0.7089375257492065,\n        \"recall\": 0.7070733904838562,\n        \"f1-score\": 0.7080042362213135,\n        \"specificity\": 0.9673411250114441\n    },\n    \"Polyp\": {\n        \"precision\": 0.5671992301940918,\n        \"recall\": 0.633263349533081,\n        \"f1-score\": 0.5984134674072266,\n        \"specificity\": 0.9454948902130127\n    },\n    \"Ulcer\": {\n        \"precision\": 0.8595282435417175,\n        \"recall\": 0.8708378076553345,\n        \"f1-score\": 0.8651460409164429,\n        \"specificity\": 0.9843579530715942\n    },\n    \"Worms\": {\n        \"precision\": 0.8865802884101868,\n        \"recall\": 0.9423226714134216,\n        \"f1-score\": 0.9136019945144653,\n        \"specificity\": 0.9862551093101501\n    },\n    \"macro avg\": {\n        \"precision\": 0.7121629118919373,\n        \"recall\": 0.7103294730186462,\n        \"f1-score\": 0.7106354236602783,\n        \"specificity\": 0.9678676724433899\n    },\n    \"accuracy\": 0.7107985019683838,\n    \"auc_roc_scores\": {\n        \"Angioectasia\": 0.9400619268417358,\n        \"Bleeding\": 0.9723944067955017,\n        \"Erosion\": 0.8703017234802246,\n        \"Erythema\": 0.9234042167663574,\n        \"Foreign Body\": 0.9730088710784912,\n        \"Lymphangiectasia\": 0.968505322933197,\n        \"Normal\": 0.946357011795044,\n        \"Polyp\": 0.9351217746734619,\n        \"Ulcer\": 0.9885731339454651,\n        \"Worms\": 0.9968875646591187\n    },\n    \"mean_auc\": 0.9514616131782532,\n    \"average_precision_scores\": {\n        \"Angioectasia\": 0.7683435678482056,\n        \"Bleeding\": 0.8625603914260864,\n        \"Erosion\": 0.4608215391635895,\n        \"Erythema\": 0.6176964640617371,\n        \"Foreign Body\": 0.8817301988601685,\n        \"Lymphangiectasia\": 0.8659530878067017,\n        \"Normal\": 0.7819424867630005,\n        \"Polyp\": 0.6653233766555786,\n        \"Ulcer\": 0.9412298202514648,\n        \"Worms\": 0.9800043106079102\n    },\n    \"mean_average_precision\": 0.7825605273246765,\n    \"mean_f1_score\": 0.7106354236602783,\n    \"mean_specificity\": 0.9678676724433899,\n    \"mean_sensitivity\": 0.7103294730186462,\n    \"balanced_accuracy\": 0.7103294730186462\n}",
    "test_metrics": "{\n    \"Angioectasia\": {\n        \"precision\": 0.5153284668922424,\n        \"recall\": 0.7102615833282471,\n        \"f1-score\": 0.5972927212715149,\n        \"specificity\": 0.978765606880188\n    },\n    \"Bleeding\": {\n        \"precision\": 0.5286956429481506,\n        \"recall\": 0.8467966318130493,\n        \"f1-score\": 0.6509636044502258,\n        \"specificity\": 0.9828187227249146\n    },\n    \"Erosion\": {\n        \"precision\": 0.5318315625190735,\n        \"recall\": 0.4701298773288727,\n        \"f1-score\": 0.4990808963775635,\n        \"specificity\": 0.9680843949317932\n    },\n    \"Erythema\": {\n        \"precision\": 0.21714818477630615,\n        \"recall\": 0.7845118045806885,\n        \"f1-score\": 0.3401459753513336,\n        \"specificity\": 0.9469529390335083\n    },\n    \"Foreign Body\": {\n        \"precision\": 0.49663299322128296,\n        \"recall\": 0.8676470518112183,\n        \"f1-score\": 0.6316916346549988,\n        \"specificity\": 0.9810663461685181\n    },\n    \"Lymphangiectasia\": {\n        \"precision\": 0.4145006835460663,\n        \"recall\": 0.8833819031715393,\n        \"f1-score\": 0.5642458200454712,\n        \"specificity\": 0.9728925228118896\n    },\n    \"Normal\": {\n        \"precision\": 0.9904162883758545,\n        \"recall\": 0.8074387311935425,\n        \"f1-score\": 0.8896161913871765,\n        \"specificity\": 0.9750325083732605\n    },\n    \"Polyp\": {\n        \"precision\": 0.336091011762619,\n        \"recall\": 0.6499999761581421,\n        \"f1-score\": 0.4430811107158661,\n        \"specificity\": 0.9589303731918335\n    },\n    \"Ulcer\": {\n        \"precision\": 0.7231183052062988,\n        \"recall\": 0.940559446811676,\n        \"f1-score\": 0.8176291584968567,\n        \"specificity\": 0.9934999346733093\n    },\n    \"Worms\": {\n        \"precision\": 0.6804123520851135,\n        \"recall\": 0.970588207244873,\n        \"f1-score\": 0.800000011920929,\n        \"specificity\": 0.998070240020752\n    },\n    \"macro avg\": {\n        \"precision\": 0.5434175729751587,\n        \"recall\": 0.7931315302848816,\n        \"f1-score\": 0.6233747005462646,\n        \"specificity\": 0.9756113290786743\n    },\n    \"accuracy\": 0.7818001508712769,\n    \"auc_roc_scores\": {\n        \"Angioectasia\": 0.9473052024841309,\n        \"Bleeding\": 0.9829439520835876,\n        \"Erosion\": 0.9258092045783997,\n        \"Erythema\": 0.9609036445617676,\n        \"Foreign Body\": 0.9854444265365601,\n        \"Lymphangiectasia\": 0.9815077781677246,\n        \"Normal\": 0.9704161286354065,\n        \"Polyp\": 0.9566710591316223,\n        \"Ulcer\": 0.9980518221855164,\n        \"Worms\": 0.9996932744979858\n    },\n    \"mean_auc\": 0.9708746075630188,\n    \"average_precision_scores\": {\n        \"Angioectasia\": 0.7012079954147339,\n        \"Bleeding\": 0.8156464099884033,\n        \"Erosion\": 0.5683839321136475,\n        \"Erythema\": 0.4238395094871521,\n        \"Foreign Body\": 0.8338097333908081,\n        \"Lymphangiectasia\": 0.8045802712440491,\n        \"Normal\": 0.9907141923904419,\n        \"Polyp\": 0.5056613683700562,\n        \"Ulcer\": 0.9377623200416565,\n        \"Worms\": 0.952702522277832\n    },\n    \"mean_average_precision\": 0.7534308433532715,\n    \"mean_f1_score\": 0.6233747005462646,\n    \"mean_specificity\": 0.9756113290786743,\n    \"mean_sensitivity\": 0.7931315302848816,\n    \"balanced_accuracy\": 0.7931315302848816\n}"
}