{
    "epoch": 11,
    "train_metrics": "{\n    \"Angioectasia\": {\n        \"precision\": 0.9548184871673584,\n        \"recall\": 0.9555671811103821,\n        \"f1-score\": 0.9551926851272583,\n        \"specificity\": 0.9948787689208984\n    },\n    \"Bleeding\": {\n        \"precision\": 0.9568440318107605,\n        \"recall\": 0.9657936692237854,\n        \"f1-score\": 0.9612980484962463,\n        \"specificity\": 0.9951867461204529\n    },\n    \"Erosion\": {\n        \"precision\": 0.8871780633926392,\n        \"recall\": 0.8710830211639404,\n        \"f1-score\": 0.8790568709373474,\n        \"specificity\": 0.9881362318992615\n    },\n    \"Erythema\": {\n        \"precision\": 0.9250659346580505,\n        \"recall\": 0.9374331831932068,\n        \"f1-score\": 0.9312084913253784,\n        \"specificity\": 0.9916142821311951\n    },\n    \"Foreign Body\": {\n        \"precision\": 0.9676811099052429,\n        \"recall\": 0.9687247276306152,\n        \"f1-score\": 0.9682026505470276,\n        \"specificity\": 0.9964599609375\n    },\n    \"Lymphangiectasia\": {\n        \"precision\": 0.9776256680488586,\n        \"recall\": 0.9730154275894165,\n        \"f1-score\": 0.9753151535987854,\n        \"specificity\": 0.9974844455718994\n    },\n    \"Normal\": {\n        \"precision\": 0.9499587416648865,\n        \"recall\": 0.9383487105369568,\n        \"f1-score\": 0.9441180229187012,\n        \"specificity\": 0.9946352243423462\n    },\n    \"Polyp\": {\n        \"precision\": 0.9407522082328796,\n        \"recall\": 0.9502992630004883,\n        \"f1-score\": 0.9455016255378723,\n        \"specificity\": 0.9931880235671997\n    },\n    \"Ulcer\": {\n        \"precision\": 0.9960505366325378,\n        \"recall\": 0.9952644109725952,\n        \"f1-score\": 0.9956573247909546,\n        \"specificity\": 0.999556303024292\n    },\n    \"Worms\": {\n        \"precision\": 0.9971128702163696,\n        \"recall\": 0.9973746538162231,\n        \"f1-score\": 0.9972437620162964,\n        \"specificity\": 0.9996745586395264\n    },\n    \"macro avg\": {\n        \"precision\": 0.955308735370636,\n        \"recall\": 0.9552904367446899,\n        \"f1-score\": 0.9552794694900513,\n        \"specificity\": 0.9950815439224243\n    },\n    \"accuracy\": 0.9556997418403625,\n    \"auc_roc_scores\": {\n        \"Angioectasia\": 0.9988324642181396,\n        \"Bleeding\": 0.999344527721405,\n        \"Erosion\": 0.9931734800338745,\n        \"Erythema\": 0.9981719851493835,\n        \"Foreign Body\": 0.999603271484375,\n        \"Lymphangiectasia\": 0.9996041059494019,\n        \"Normal\": 0.997337818145752,\n        \"Polyp\": 0.9985120892524719,\n        \"Ulcer\": 0.9999896287918091,\n        \"Worms\": 0.9999966025352478\n    },\n    \"mean_auc\": 0.998456597328186,\n    \"average_precision_scores\": {\n        \"Angioectasia\": 0.991392970085144,\n        \"Bleeding\": 0.994412362575531,\n        \"Erosion\": 0.9530918002128601,\n        \"Erythema\": 0.9826968908309937,\n        \"Foreign Body\": 0.9964637160301208,\n        \"Lymphangiectasia\": 0.9967795610427856,\n        \"Normal\": 0.9839361310005188,\n        \"Polyp\": 0.9883214235305786,\n        \"Ulcer\": 0.9999092817306519,\n        \"Worms\": 0.9999699592590332\n    },\n    \"mean_average_precision\": 0.9886974692344666,\n    \"mean_f1_score\": 0.9552794694900513,\n    \"mean_specificity\": 0.9950815439224243,\n    \"mean_sensitivity\": 0.9552904367446899,\n    \"balanced_accuracy\": 0.9552904367446899\n}",
    "test_metrics": "{\n    \"Angioectasia\": {\n        \"precision\": 0.5761973857879639,\n        \"recall\": 0.7987927794456482,\n        \"f1-score\": 0.6694772243499756,\n        \"specificity\": 0.9813239574432373\n    },\n    \"Bleeding\": {\n        \"precision\": 0.7399527430534363,\n        \"recall\": 0.8718662858009338,\n        \"f1-score\": 0.8005114793777466,\n        \"specificity\": 0.993026077747345\n    },\n    \"Erosion\": {\n        \"precision\": 0.6725663542747498,\n        \"recall\": 0.723809540271759,\n        \"f1-score\": 0.6972476840019226,\n        \"specificity\": 0.9728249907493591\n    },\n    \"Erythema\": {\n        \"precision\": 0.4476885497570038,\n        \"recall\": 0.619528591632843,\n        \"f1-score\": 0.5197740197181702,\n        \"specificity\": 0.9856646656990051\n    },\n    \"Foreign Body\": {\n        \"precision\": 0.8010610342025757,\n        \"recall\": 0.8882352709770203,\n        \"f1-score\": 0.8423988819122314,\n        \"specificity\": 0.9952507615089417\n    },\n    \"Lymphangiectasia\": {\n        \"precision\": 0.7066974639892578,\n        \"recall\": 0.8921282887458801,\n        \"f1-score\": 0.7886598110198975,\n        \"specificity\": 0.9919564127922058\n    },\n    \"Normal\": {\n        \"precision\": 0.9900314807891846,\n        \"recall\": 0.9214617013931274,\n        \"f1-score\": 0.9545167088508606,\n        \"specificity\": 0.9703510999679565\n    },\n    \"Polyp\": {\n        \"precision\": 0.5321716070175171,\n        \"recall\": 0.7940000295639038,\n        \"f1-score\": 0.6372391581535339,\n        \"specificity\": 0.9776740074157715\n    },\n    \"Ulcer\": {\n        \"precision\": 0.9331103563308716,\n        \"recall\": 0.9755244851112366,\n        \"f1-score\": 0.9538461565971375,\n        \"specificity\": 0.9987378716468811\n    },\n    \"Worms\": {\n        \"precision\": 0.9066666960716248,\n        \"recall\": 1.0,\n        \"f1-score\": 0.9510489702224731,\n        \"specificity\": 0.9995642304420471\n    },\n    \"macro avg\": {\n        \"precision\": 0.7306143641471863,\n        \"recall\": 0.8485347032546997,\n        \"f1-score\": 0.7814720273017883,\n        \"specificity\": 0.9866374135017395\n    },\n    \"accuracy\": 0.8928837180137634,\n    \"auc_roc_scores\": {\n        \"Angioectasia\": 0.9705170392990112,\n        \"Bleeding\": 0.9898974299430847,\n        \"Erosion\": 0.9621785879135132,\n        \"Erythema\": 0.9596848487854004,\n        \"Foreign Body\": 0.9913744330406189,\n        \"Lymphangiectasia\": 0.9892878532409668,\n        \"Normal\": 0.9897335171699524,\n        \"Polyp\": 0.9768798351287842,\n        \"Ulcer\": 0.9992504119873047,\n        \"Worms\": 1.0\n    },\n    \"mean_auc\": 0.9828804135322571,\n    \"average_precision_scores\": {\n        \"Angioectasia\": 0.801367461681366,\n        \"Bleeding\": 0.888775110244751,\n        \"Erosion\": 0.7648520469665527,\n        \"Erythema\": 0.554031491279602,\n        \"Foreign Body\": 0.9257069826126099,\n        \"Lymphangiectasia\": 0.8976516723632812,\n        \"Normal\": 0.9967453479766846,\n        \"Polyp\": 0.736790657043457,\n        \"Ulcer\": 0.9888619184494019,\n        \"Worms\": 1.0\n    },\n    \"mean_average_precision\": 0.8554782867431641,\n    \"mean_f1_score\": 0.7814720273017883,\n    \"mean_specificity\": 0.9866374135017395,\n    \"mean_sensitivity\": 0.8485347032546997,\n    \"balanced_accuracy\": 0.8485347032546997\n}"
}