{
    "epoch": 13,
    "train_metrics": "{\n    \"Angioectasia\": {\n        \"precision\": 0.958554744720459,\n        \"recall\": 0.9575371742248535,\n        \"f1-score\": 0.9580456614494324,\n        \"specificity\": 0.9953899383544922\n    },\n    \"Bleeding\": {\n        \"precision\": 0.9586777091026306,\n        \"recall\": 0.96875,\n        \"f1-score\": 0.963687539100647,\n        \"specificity\": 0.9954270720481873\n    },\n    \"Erosion\": {\n        \"precision\": 0.9129952788352966,\n        \"recall\": 0.8922285437583923,\n        \"f1-score\": 0.9024924635887146,\n        \"specificity\": 0.9907413125038147\n    },\n    \"Erythema\": {\n        \"precision\": 0.9364102482795715,\n        \"recall\": 0.9451345801353455,\n        \"f1-score\": 0.9407522082328796,\n        \"specificity\": 0.9926503300666809\n    },\n    \"Foreign Body\": {\n        \"precision\": 0.9698031544685364,\n        \"recall\": 0.9769147038459778,\n        \"f1-score\": 0.973345935344696,\n        \"specificity\": 0.9966986179351807\n    },\n    \"Lymphangiectasia\": {\n        \"precision\": 0.9767123460769653,\n        \"recall\": 0.9759101867675781,\n        \"f1-score\": 0.9763110876083374,\n        \"specificity\": 0.9974966049194336\n    },\n    \"Normal\": {\n        \"precision\": 0.9600518941879272,\n        \"recall\": 0.9482449293136597,\n        \"f1-score\": 0.9541118741035461,\n        \"specificity\": 0.9954308271408081\n    },\n    \"Polyp\": {\n        \"precision\": 0.9453537464141846,\n        \"recall\": 0.9549333453178406,\n        \"f1-score\": 0.9501193761825562,\n        \"specificity\": 0.9938860535621643\n    },\n    \"Ulcer\": {\n        \"precision\": 0.9957582354545593,\n        \"recall\": 0.9954943060874939,\n        \"f1-score\": 0.9956262707710266,\n        \"specificity\": 0.999527096748352\n    },\n    \"Worms\": {\n        \"precision\": 0.9989498853683472,\n        \"recall\": 0.9989498853683472,\n        \"f1-score\": 0.9989498853683472,\n        \"specificity\": 0.9998816251754761\n    },\n    \"macro avg\": {\n        \"precision\": 0.9613267183303833,\n        \"recall\": 0.9614097476005554,\n        \"f1-score\": 0.9613442420959473,\n        \"specificity\": 0.99571293592453\n    },\n    \"accuracy\": 0.9614167809486389,\n    \"auc_roc_scores\": {\n        \"Angioectasia\": 0.9990964531898499,\n        \"Bleeding\": 0.9993939399719238,\n        \"Erosion\": 0.9945361614227295,\n        \"Erythema\": 0.9984585046768188,\n        \"Foreign Body\": 0.9997014999389648,\n        \"Lymphangiectasia\": 0.9997228980064392,\n        \"Normal\": 0.9976040720939636,\n        \"Polyp\": 0.9988473057746887,\n        \"Ulcer\": 0.9999592304229736,\n        \"Worms\": 0.9999983906745911\n    },\n    \"mean_auc\": 0.998731791973114,\n    \"average_precision_scores\": {\n        \"Angioectasia\": 0.9927085638046265,\n        \"Bleeding\": 0.9952071309089661,\n        \"Erosion\": 0.9642413854598999,\n        \"Erythema\": 0.9866660833358765,\n        \"Foreign Body\": 0.9975394010543823,\n        \"Lymphangiectasia\": 0.997719407081604,\n        \"Normal\": 0.9881294369697571,\n        \"Polyp\": 0.9896314144134521,\n        \"Ulcer\": 0.9997696876525879,\n        \"Worms\": 0.999984860420227\n    },\n    \"mean_average_precision\": 0.9911597371101379,\n    \"mean_f1_score\": 0.9613442420959473,\n    \"mean_specificity\": 0.99571293592453,\n    \"mean_sensitivity\": 0.9614097476005554,\n    \"balanced_accuracy\": 0.9614097476005554\n}",
    "test_metrics": "{\n    \"Angioectasia\": {\n        \"precision\": 0.704273521900177,\n        \"recall\": 0.8289738297462463,\n        \"f1-score\": 0.7615526914596558,\n        \"specificity\": 0.9889350533485413\n    },\n    \"Bleeding\": {\n        \"precision\": 0.7806122303009033,\n        \"recall\": 0.8523676991462708,\n        \"f1-score\": 0.8149134516716003,\n        \"specificity\": 0.9945476651191711\n    },\n    \"Erosion\": {\n        \"precision\": 0.6893203854560852,\n        \"recall\": 0.7376623153686523,\n        \"f1-score\": 0.7126725316047668,\n        \"specificity\": 0.9743607044219971\n    },\n    \"Erythema\": {\n        \"precision\": 0.5354330539703369,\n        \"recall\": 0.6868686676025391,\n        \"f1-score\": 0.6017699241638184,\n        \"specificity\": 0.9888222217559814\n    },\n    \"Foreign Body\": {\n        \"precision\": 0.8252688050270081,\n        \"recall\": 0.9029411673545837,\n        \"f1-score\": 0.8623595237731934,\n        \"specificity\": 0.9958840012550354\n    },\n    \"Lymphangiectasia\": {\n        \"precision\": 0.784415602684021,\n        \"recall\": 0.8804664611816406,\n        \"f1-score\": 0.8296703100204468,\n        \"specificity\": 0.9947431683540344\n    },\n    \"Normal\": {\n        \"precision\": 0.9875729084014893,\n        \"recall\": 0.9507609605789185,\n        \"f1-score\": 0.9688173532485962,\n        \"specificity\": 0.9617685079574585\n    },\n    \"Polyp\": {\n        \"precision\": 0.6307692527770996,\n        \"recall\": 0.7379999756813049,\n        \"f1-score\": 0.6801843047142029,\n        \"specificity\": 0.9861822128295898\n    },\n    \"Ulcer\": {\n        \"precision\": 0.9489796161651611,\n        \"recall\": 0.9755244851112366,\n        \"f1-score\": 0.9620689749717712,\n        \"specificity\": 0.999053418636322\n    },\n    \"Worms\": {\n        \"precision\": 0.9178082346916199,\n        \"recall\": 0.9852941036224365,\n        \"f1-score\": 0.9503546357154846,\n        \"specificity\": 0.9996265172958374\n    },\n    \"macro avg\": {\n        \"precision\": 0.780445396900177,\n        \"recall\": 0.8538859486579895,\n        \"f1-score\": 0.8144363760948181,\n        \"specificity\": 0.9883923530578613\n    },\n    \"accuracy\": 0.9161913990974426,\n    \"auc_roc_scores\": {\n        \"Angioectasia\": 0.9798368811607361,\n        \"Bleeding\": 0.9912971258163452,\n        \"Erosion\": 0.9736709594726562,\n        \"Erythema\": 0.9784201383590698,\n        \"Foreign Body\": 0.9930819272994995,\n        \"Lymphangiectasia\": 0.988008975982666,\n        \"Normal\": 0.9928518533706665,\n        \"Polyp\": 0.9780651330947876,\n        \"Ulcer\": 0.9990930557250977,\n        \"Worms\": 0.9999853372573853\n    },\n    \"mean_auc\": 0.9874311685562134,\n    \"average_precision_scores\": {\n        \"Angioectasia\": 0.856959879398346,\n        \"Bleeding\": 0.8870885372161865,\n        \"Erosion\": 0.7980260252952576,\n        \"Erythema\": 0.6531318426132202,\n        \"Foreign Body\": 0.935276985168457,\n        \"Lymphangiectasia\": 0.9037110209465027,\n        \"Normal\": 0.9977860450744629,\n        \"Polyp\": 0.7373402118682861,\n        \"Ulcer\": 0.9880160689353943,\n        \"Worms\": 0.9968739151954651\n    },\n    \"mean_average_precision\": 0.8754210472106934,\n    \"mean_f1_score\": 0.8144363760948181,\n    \"mean_specificity\": 0.9883923530578613,\n    \"mean_sensitivity\": 0.8538859486579895,\n    \"balanced_accuracy\": 0.8538859486579895\n}"
}