{
    "epoch": 3,
    "train_metrics": "{\n    \"Angioectasia\": {\n        \"precision\": 0.8758489489555359,\n        \"recall\": 0.8576748967170715,\n        \"f1-score\": 0.8666666746139526,\n        \"specificity\": 0.9864984750747681\n    },\n    \"Bleeding\": {\n        \"precision\": 0.9173198342323303,\n        \"recall\": 0.9243311882019043,\n        \"f1-score\": 0.92081218957901,\n        \"specificity\": 0.9902915358543396\n    },\n    \"Erosion\": {\n        \"precision\": 0.7131453156471252,\n        \"recall\": 0.717921257019043,\n        \"f1-score\": 0.7155252695083618,\n        \"specificity\": 0.9681761860847473\n    },\n    \"Erythema\": {\n        \"precision\": 0.7988740801811218,\n        \"recall\": 0.8179198503494263,\n        \"f1-score\": 0.8082848191261292,\n        \"specificity\": 0.976738691329956\n    },\n    \"Foreign Body\": {\n        \"precision\": 0.9377886652946472,\n        \"recall\": 0.9279569983482361,\n        \"f1-score\": 0.9328469038009644,\n        \"specificity\": 0.9932422637939453\n    },\n    \"Lymphangiectasia\": {\n        \"precision\": 0.9421666860580444,\n        \"recall\": 0.9268162250518799,\n        \"f1-score\": 0.9344284534454346,\n        \"specificity\": 0.993709921836853\n    },\n    \"Normal\": {\n        \"precision\": 0.8901939392089844,\n        \"recall\": 0.8709246516227722,\n        \"f1-score\": 0.880453884601593,\n        \"specificity\": 0.9881293177604675\n    },\n    \"Polyp\": {\n        \"precision\": 0.8248823881149292,\n        \"recall\": 0.8506738543510437,\n        \"f1-score\": 0.837579607963562,\n        \"specificity\": 0.9802342653274536\n    },\n    \"Ulcer\": {\n        \"precision\": 0.9777536392211914,\n        \"recall\": 0.9751082062721252,\n        \"f1-score\": 0.9764291644096375,\n        \"specificity\": 0.9975818991661072\n    },\n    \"Worms\": {\n        \"precision\": 0.9885880947113037,\n        \"recall\": 0.99042809009552,\n        \"f1-score\": 0.989507257938385,\n        \"specificity\": 0.9987295269966125\n    },\n    \"macro avg\": {\n        \"precision\": 0.8866562247276306,\n        \"recall\": 0.8859754800796509,\n        \"f1-score\": 0.8862534761428833,\n        \"specificity\": 0.9873332381248474\n    },\n    \"accuracy\": 0.8860052824020386,\n    \"auc_roc_scores\": {\n        \"Angioectasia\": 0.9893516302108765,\n        \"Bleeding\": 0.9965677261352539,\n        \"Erosion\": 0.9642264246940613,\n        \"Erythema\": 0.9843625426292419,\n        \"Foreign Body\": 0.9968963861465454,\n        \"Lymphangiectasia\": 0.9969668984413147,\n        \"Normal\": 0.9898259043693542,\n        \"Polyp\": 0.9883919358253479,\n        \"Ulcer\": 0.9995766878128052,\n        \"Worms\": 0.9998980164527893\n    },\n    \"mean_auc\": 0.990606427192688,\n    \"average_precision_scores\": {\n        \"Angioectasia\": 0.9414118528366089,\n        \"Bleeding\": 0.9760663509368896,\n        \"Erosion\": 0.8018608093261719,\n        \"Erythema\": 0.8855124115943909,\n        \"Foreign Body\": 0.9821979999542236,\n        \"Lymphangiectasia\": 0.9806804060935974,\n        \"Normal\": 0.9453139305114746,\n        \"Polyp\": 0.9157474040985107,\n        \"Ulcer\": 0.9964778423309326,\n        \"Worms\": 0.9993879199028015\n    },\n    \"mean_average_precision\": 0.9424657225608826,\n    \"mean_f1_score\": 0.8862534761428833,\n    \"mean_specificity\": 0.9873332381248474,\n    \"mean_sensitivity\": 0.8859754800796509,\n    \"balanced_accuracy\": 0.8859754800796509\n}",
    "test_metrics": "{\n    \"Angioectasia\": {\n        \"precision\": 0.6818181872367859,\n        \"recall\": 0.7545271515846252,\n        \"f1-score\": 0.7163323760032654,\n        \"specificity\": 0.9888071417808533\n    },\n    \"Bleeding\": {\n        \"precision\": 0.7408313155174255,\n        \"recall\": 0.844011127948761,\n        \"f1-score\": 0.7890625,\n        \"specificity\": 0.9932796359062195\n    },\n    \"Erosion\": {\n        \"precision\": 0.642790675163269,\n        \"recall\": 0.5982683897018433,\n        \"f1-score\": 0.6197309494018555,\n        \"specificity\": 0.9743607044219971\n    },\n    \"Erythema\": {\n        \"precision\": 0.3698884844779968,\n        \"recall\": 0.6700336933135986,\n        \"f1-score\": 0.4766467213630676,\n        \"specificity\": 0.9785917401313782\n    },\n    \"Foreign Body\": {\n        \"precision\": 0.5279187560081482,\n        \"recall\": 0.9176470637321472,\n        \"f1-score\": 0.6702470183372498,\n        \"specificity\": 0.9823328256607056\n    },\n    \"Lymphangiectasia\": {\n        \"precision\": 0.7293233275413513,\n        \"recall\": 0.8483964800834656,\n        \"f1-score\": 0.7843665480613708,\n        \"specificity\": 0.9931597709655762\n    },\n    \"Normal\": {\n        \"precision\": 0.9890491366386414,\n        \"recall\": 0.9041262865066528,\n        \"f1-score\": 0.9446830153465271,\n        \"specificity\": 0.968010425567627\n    },\n    \"Polyp\": {\n        \"precision\": 0.4304068386554718,\n        \"recall\": 0.8040000200271606,\n        \"f1-score\": 0.560669481754303,\n        \"specificity\": 0.9659672379493713\n    },\n    \"Ulcer\": {\n        \"precision\": 0.8338461518287659,\n        \"recall\": 0.9475524425506592,\n        \"f1-score\": 0.88707035779953,\n        \"specificity\": 0.9965922236442566\n    },\n    \"Worms\": {\n        \"precision\": 0.8607594966888428,\n        \"recall\": 1.0,\n        \"f1-score\": 0.9251700639724731,\n        \"specificity\": 0.9993152618408203\n    },\n    \"macro avg\": {\n        \"precision\": 0.6806632876396179,\n        \"recall\": 0.8288562893867493,\n        \"f1-score\": 0.7373979091644287,\n        \"specificity\": 0.984041690826416\n    },\n    \"accuracy\": 0.8691420555114746,\n    \"auc_roc_scores\": {\n        \"Angioectasia\": 0.9796173572540283,\n        \"Bleeding\": 0.9891166687011719,\n        \"Erosion\": 0.9473114013671875,\n        \"Erythema\": 0.9744820594787598,\n        \"Foreign Body\": 0.989159107208252,\n        \"Lymphangiectasia\": 0.9893340468406677,\n        \"Normal\": 0.9849563837051392,\n        \"Polyp\": 0.9774817228317261,\n        \"Ulcer\": 0.9991701245307922,\n        \"Worms\": 0.9999880790710449\n    },\n    \"mean_auc\": 0.9830617308616638,\n    \"average_precision_scores\": {\n        \"Angioectasia\": 0.8124879598617554,\n        \"Bleeding\": 0.8593126535415649,\n        \"Erosion\": 0.6709635257720947,\n        \"Erythema\": 0.5787842273712158,\n        \"Foreign Body\": 0.9005188941955566,\n        \"Lymphangiectasia\": 0.8677054047584534,\n        \"Normal\": 0.9953387379646301,\n        \"Polyp\": 0.6802211999893188,\n        \"Ulcer\": 0.9689032435417175,\n        \"Worms\": 0.9973106384277344\n    },\n    \"mean_average_precision\": 0.8331546783447266,\n    \"mean_f1_score\": 0.7373979091644287,\n    \"mean_specificity\": 0.984041690826416,\n    \"mean_sensitivity\": 0.8288562893867493,\n    \"balanced_accuracy\": 0.8288562893867493\n}"
}