{
    "epoch": 5,
    "train_metrics": "{\n    \"Angioectasia\": {\n        \"precision\": 0.9121372103691101,\n        \"recall\": 0.9009643197059631,\n        \"f1-score\": 0.9065163135528564,\n        \"specificity\": 0.9901391863822937\n    },\n    \"Bleeding\": {\n        \"precision\": 0.9297775626182556,\n        \"recall\": 0.9368079900741577,\n        \"f1-score\": 0.9332795143127441,\n        \"specificity\": 0.9922723174095154\n    },\n    \"Erosion\": {\n        \"precision\": 0.7836965322494507,\n        \"recall\": 0.7788770198822021,\n        \"f1-score\": 0.7812793254852295,\n        \"specificity\": 0.9762600660324097\n    },\n    \"Erythema\": {\n        \"precision\": 0.8551582098007202,\n        \"recall\": 0.8685654401779175,\n        \"f1-score\": 0.8618096709251404,\n        \"specificity\": 0.9833333492279053\n    },\n    \"Foreign Body\": {\n        \"precision\": 0.9581984877586365,\n        \"recall\": 0.954081654548645,\n        \"f1-score\": 0.956135630607605,\n        \"specificity\": 0.9954254627227783\n    },\n    \"Lymphangiectasia\": {\n        \"precision\": 0.9532392621040344,\n        \"recall\": 0.9492716193199158,\n        \"f1-score\": 0.9512513279914856,\n        \"specificity\": 0.9946983456611633\n    },\n    \"Normal\": {\n        \"precision\": 0.9138495326042175,\n        \"recall\": 0.9001073837280273,\n        \"f1-score\": 0.9069263935089111,\n        \"specificity\": 0.9906737804412842\n    },\n    \"Polyp\": {\n        \"precision\": 0.8745328187942505,\n        \"recall\": 0.8919139504432678,\n        \"f1-score\": 0.8831378817558289,\n        \"specificity\": 0.9861496090888977\n    },\n    \"Ulcer\": {\n        \"precision\": 0.986019492149353,\n        \"recall\": 0.9852398633956909,\n        \"f1-score\": 0.9856295585632324,\n        \"specificity\": 0.9984325766563416\n    },\n    \"Worms\": {\n        \"precision\": 0.9941192269325256,\n        \"recall\": 0.9941192269325256,\n        \"f1-score\": 0.9941192269325256,\n        \"specificity\": 0.999350368976593\n    },\n    \"macro avg\": {\n        \"precision\": 0.9160728454589844,\n        \"recall\": 0.9159948229789734,\n        \"f1-score\": 0.916008472442627,\n        \"specificity\": 0.9906734824180603\n    },\n    \"accuracy\": 0.9160528779029846,\n    \"auc_roc_scores\": {\n        \"Angioectasia\": 0.9946633577346802,\n        \"Bleeding\": 0.9979464411735535,\n        \"Erosion\": 0.9783580303192139,\n        \"Erythema\": 0.9920903444290161,\n        \"Foreign Body\": 0.998599648475647,\n        \"Lymphangiectasia\": 0.9984248876571655,\n        \"Normal\": 0.99298095703125,\n        \"Polyp\": 0.9934775233268738,\n        \"Ulcer\": 0.9996127486228943,\n        \"Worms\": 0.9999739527702332\n    },\n    \"mean_auc\": 0.9946128129959106,\n    \"average_precision_scores\": {\n        \"Angioectasia\": 0.9684110283851624,\n        \"Bleeding\": 0.9827926158905029,\n        \"Erosion\": 0.8685550689697266,\n        \"Erythema\": 0.9370627403259277,\n        \"Foreign Body\": 0.990588903427124,\n        \"Lymphangiectasia\": 0.9894495606422424,\n        \"Normal\": 0.963620662689209,\n        \"Polyp\": 0.9519678354263306,\n        \"Ulcer\": 0.9985113143920898,\n        \"Worms\": 0.9997724294662476\n    },\n    \"mean_average_precision\": 0.9650732278823853,\n    \"mean_f1_score\": 0.916008472442627,\n    \"mean_specificity\": 0.9906734824180603,\n    \"mean_sensitivity\": 0.9159948229789734,\n    \"balanced_accuracy\": 0.9159948229789734\n}",
    "test_metrics": "{\n    \"Angioectasia\": {\n        \"precision\": 0.5919540524482727,\n        \"recall\": 0.8289738297462463,\n        \"f1-score\": 0.6906957030296326,\n        \"specificity\": 0.9818356037139893\n    },\n    \"Bleeding\": {\n        \"precision\": 0.7456359267234802,\n        \"recall\": 0.8328690528869629,\n        \"f1-score\": 0.7868421077728271,\n        \"specificity\": 0.9935332536697388\n    },\n    \"Erosion\": {\n        \"precision\": 0.48230594396591187,\n        \"recall\": 0.7316017150878906,\n        \"f1-score\": 0.5813553333282471,\n        \"specificity\": 0.9394404888153076\n    },\n    \"Erythema\": {\n        \"precision\": 0.3801295757293701,\n        \"recall\": 0.5925925970077515,\n        \"f1-score\": 0.46315789222717285,\n        \"specificity\": 0.9818755984306335\n    },\n    \"Foreign Body\": {\n        \"precision\": 0.7122302055358887,\n        \"recall\": 0.8735294342041016,\n        \"f1-score\": 0.7846763730049133,\n        \"specificity\": 0.9924012422561646\n    },\n    \"Lymphangiectasia\": {\n        \"precision\": 0.7808219194412231,\n        \"recall\": 0.8309037685394287,\n        \"f1-score\": 0.805084764957428,\n        \"specificity\": 0.9949331879615784\n    },\n    \"Normal\": {\n        \"precision\": 0.9906921982765198,\n        \"recall\": 0.8922438621520996,\n        \"f1-score\": 0.9388943314552307,\n        \"specificity\": 0.973211944103241\n    },\n    \"Polyp\": {\n        \"precision\": 0.5896551609039307,\n        \"recall\": 0.6840000152587891,\n        \"f1-score\": 0.6333333253860474,\n        \"specificity\": 0.9847748279571533\n    },\n    \"Ulcer\": {\n        \"precision\": 0.8829113841056824,\n        \"recall\": 0.9755244851112366,\n        \"f1-score\": 0.9269102811813354,\n        \"specificity\": 0.9976650476455688\n    },\n    \"Worms\": {\n        \"precision\": 0.8947368264198303,\n        \"recall\": 1.0,\n        \"f1-score\": 0.9444444179534912,\n        \"specificity\": 0.9995020031929016\n    },\n    \"macro avg\": {\n        \"precision\": 0.7051073312759399,\n        \"recall\": 0.8242239356040955,\n        \"f1-score\": 0.7555394768714905,\n        \"specificity\": 0.9839173555374146\n    },\n    \"accuracy\": 0.865732729434967,\n    \"auc_roc_scores\": {\n        \"Angioectasia\": 0.9765519499778748,\n        \"Bleeding\": 0.9924286007881165,\n        \"Erosion\": 0.9428409337997437,\n        \"Erythema\": 0.9655453562736511,\n        \"Foreign Body\": 0.981952965259552,\n        \"Lymphangiectasia\": 0.9871113896369934,\n        \"Normal\": 0.9865089654922485,\n        \"Polyp\": 0.976793646812439,\n        \"Ulcer\": 0.9995630979537964,\n        \"Worms\": 0.999981701374054\n    },\n    \"mean_auc\": 0.9809278845787048,\n    \"average_precision_scores\": {\n        \"Angioectasia\": 0.8332965970039368,\n        \"Bleeding\": 0.8773593902587891,\n        \"Erosion\": 0.6677715182304382,\n        \"Erythema\": 0.5117654204368591,\n        \"Foreign Body\": 0.8916945457458496,\n        \"Lymphangiectasia\": 0.8700498342514038,\n        \"Normal\": 0.9957314133644104,\n        \"Polyp\": 0.7138599157333374,\n        \"Ulcer\": 0.9834516048431396,\n        \"Worms\": 0.9957083463668823\n    },\n    \"mean_average_precision\": 0.8340688943862915,\n    \"mean_f1_score\": 0.7555394768714905,\n    \"mean_specificity\": 0.9839173555374146,\n    \"mean_sensitivity\": 0.8242239356040955,\n    \"balanced_accuracy\": 0.8242239356040955\n}"
}