{
    "epoch": 19,
    "train_metrics": "{\n    \"Angioectasia\": {\n        \"precision\": 0.9702348709106445,\n        \"recall\": 0.9715613722801208,\n        \"f1-score\": 0.9708976745605469,\n        \"specificity\": 0.9967893958091736\n    },\n    \"Bleeding\": {\n        \"precision\": 0.9637778401374817,\n        \"recall\": 0.9768833518028259,\n        \"f1-score\": 0.9702863097190857,\n        \"specificity\": 0.9960212111473083\n    },\n    \"Erosion\": {\n        \"precision\": 0.9297917485237122,\n        \"recall\": 0.9132144451141357,\n        \"f1-score\": 0.9214285612106323,\n        \"specificity\": 0.9922173023223877\n    },\n    \"Erythema\": {\n        \"precision\": 0.9467690587043762,\n        \"recall\": 0.9610214829444885,\n        \"f1-score\": 0.953842043876648,\n        \"specificity\": 0.9940685033798218\n    },\n    \"Foreign Body\": {\n        \"precision\": 0.9763695001602173,\n        \"recall\": 0.9792620539665222,\n        \"f1-score\": 0.9778136610984802,\n        \"specificity\": 0.9974036812782288\n    },\n    \"Lymphangiectasia\": {\n        \"precision\": 0.9815488457679749,\n        \"recall\": 0.9805296063423157,\n        \"f1-score\": 0.9810389876365662,\n        \"specificity\": 0.9978966116905212\n    },\n    \"Normal\": {\n        \"precision\": 0.9703903198242188,\n        \"recall\": 0.9641615152359009,\n        \"f1-score\": 0.9672659039497375,\n        \"specificity\": 0.9967520833015442\n    },\n    \"Polyp\": {\n        \"precision\": 0.9707278609275818,\n        \"recall\": 0.9633603692054749,\n        \"f1-score\": 0.9670301079750061,\n        \"specificity\": 0.9967145919799805\n    },\n    \"Ulcer\": {\n        \"precision\": 0.9973340630531311,\n        \"recall\": 0.9973340630531311,\n        \"f1-score\": 0.9973340630531311,\n        \"specificity\": 0.9997046589851379\n    },\n    \"Worms\": {\n        \"precision\": 0.9984480142593384,\n        \"recall\": 0.9992234110832214,\n        \"f1-score\": 0.998835563659668,\n        \"specificity\": 0.999822199344635\n    },\n    \"macro avg\": {\n        \"precision\": 0.9705392122268677,\n        \"recall\": 0.9706551432609558,\n        \"f1-score\": 0.9705772399902344,\n        \"specificity\": 0.9967390298843384\n    },\n    \"accuracy\": 0.9706437587738037,\n    \"auc_roc_scores\": {\n        \"Angioectasia\": 0.9997014999389648,\n        \"Bleeding\": 0.9997105598449707,\n        \"Erosion\": 0.9972581267356873,\n        \"Erythema\": 0.9992548227310181,\n        \"Foreign Body\": 0.9998164176940918,\n        \"Lymphangiectasia\": 0.9998579025268555,\n        \"Normal\": 0.9992144107818604,\n        \"Polyp\": 0.9995527267456055,\n        \"Ulcer\": 0.9999948143959045,\n        \"Worms\": 0.9999992847442627\n    },\n    \"mean_auc\": 0.99943608045578,\n    \"average_precision_scores\": {\n        \"Angioectasia\": 0.9973913431167603,\n        \"Bleeding\": 0.9973390102386475,\n        \"Erosion\": 0.9799667596817017,\n        \"Erythema\": 0.9931541681289673,\n        \"Foreign Body\": 0.9983744621276855,\n        \"Lymphangiectasia\": 0.9988111257553101,\n        \"Normal\": 0.9944742321968079,\n        \"Polyp\": 0.9962144494056702,\n        \"Ulcer\": 0.9999531507492065,\n        \"Worms\": 0.9999933838844299\n    },\n    \"mean_average_precision\": 0.995567262172699,\n    \"mean_f1_score\": 0.9705772399902344,\n    \"mean_specificity\": 0.9967390298843384,\n    \"mean_sensitivity\": 0.9706551432609558,\n    \"balanced_accuracy\": 0.9706551432609558\n}",
    "test_metrics": "{\n    \"Angioectasia\": {\n        \"precision\": 0.7847357988357544,\n        \"recall\": 0.8068410754203796,\n        \"f1-score\": 0.795634925365448,\n        \"specificity\": 0.992964506149292\n    },\n    \"Bleeding\": {\n        \"precision\": 0.8301370143890381,\n        \"recall\": 0.844011127948761,\n        \"f1-score\": 0.8370165824890137,\n        \"specificity\": 0.9960692524909973\n    },\n    \"Erosion\": {\n        \"precision\": 0.6956856846809387,\n        \"recall\": 0.7818182110786438,\n        \"f1-score\": 0.736241340637207,\n        \"specificity\": 0.9736262559890747\n    },\n    \"Erythema\": {\n        \"precision\": 0.5854430198669434,\n        \"recall\": 0.6228955984115601,\n        \"f1-score\": 0.603588879108429,\n        \"specificity\": 0.9917271733283997\n    },\n    \"Foreign Body\": {\n        \"precision\": 0.8527777791023254,\n        \"recall\": 0.9029411673545837,\n        \"f1-score\": 0.8771428465843201,\n        \"specificity\": 0.9966438412666321\n    },\n    \"Lymphangiectasia\": {\n        \"precision\": 0.8219178318977356,\n        \"recall\": 0.8746355772018433,\n        \"f1-score\": 0.8474576473236084,\n        \"specificity\": 0.9958832263946533\n    },\n    \"Normal\": {\n        \"precision\": 0.9872362017631531,\n        \"recall\": 0.9631317853927612,\n        \"f1-score\": 0.9750350117683411,\n        \"specificity\": 0.9602080583572388\n    },\n    \"Polyp\": {\n        \"precision\": 0.682539701461792,\n        \"recall\": 0.7739999890327454,\n        \"f1-score\": 0.7253983020782471,\n        \"specificity\": 0.9884851574897766\n    },\n    \"Ulcer\": {\n        \"precision\": 0.965753436088562,\n        \"recall\": 0.9860140085220337,\n        \"f1-score\": 0.9757785201072693,\n        \"specificity\": 0.9993689060211182\n    },\n    \"Worms\": {\n        \"precision\": 0.9436619877815247,\n        \"recall\": 0.9852941036224365,\n        \"f1-score\": 0.9640287756919861,\n        \"specificity\": 0.9997509717941284\n    },\n    \"macro avg\": {\n        \"precision\": 0.814988911151886,\n        \"recall\": 0.8541582226753235,\n        \"f1-score\": 0.8337322473526001,\n        \"specificity\": 0.9894728064537048\n    },\n    \"accuracy\": 0.9279072880744934,\n    \"auc_roc_scores\": {\n        \"Angioectasia\": 0.9839926958084106,\n        \"Bleeding\": 0.989889919757843,\n        \"Erosion\": 0.9725084900856018,\n        \"Erythema\": 0.9750341773033142,\n        \"Foreign Body\": 0.9913356900215149,\n        \"Lymphangiectasia\": 0.9886883497238159,\n        \"Normal\": 0.9941848516464233,\n        \"Polyp\": 0.9820902347564697,\n        \"Ulcer\": 0.9992488622665405,\n        \"Worms\": 0.9999953508377075\n    },\n    \"mean_auc\": 0.9876968264579773,\n    \"average_precision_scores\": {\n        \"Angioectasia\": 0.8641805648803711,\n        \"Bleeding\": 0.8980159759521484,\n        \"Erosion\": 0.8190707564353943,\n        \"Erythema\": 0.6359437704086304,\n        \"Foreign Body\": 0.9396755695343018,\n        \"Lymphangiectasia\": 0.9060379862785339,\n        \"Normal\": 0.998197078704834,\n        \"Polyp\": 0.7836449146270752,\n        \"Ulcer\": 0.99031662940979,\n        \"Worms\": 0.9989927411079407\n    },\n    \"mean_average_precision\": 0.8834075927734375,\n    \"mean_f1_score\": 0.8337322473526001,\n    \"mean_specificity\": 0.9894728064537048,\n    \"mean_sensitivity\": 0.8541582226753235,\n    \"balanced_accuracy\": 0.8541582226753235\n}"
}