{
    "epoch": 18,
    "train_metrics": "{\n    \"Angioectasia\": {\n        \"precision\": 0.966844916343689,\n        \"recall\": 0.966844916343689,\n        \"f1-score\": 0.966844916343689,\n        \"specificity\": 0.9963386058807373\n    },\n    \"Bleeding\": {\n        \"precision\": 0.9638616442680359,\n        \"recall\": 0.9769753813743591,\n        \"f1-score\": 0.9703742265701294,\n        \"specificity\": 0.9958561658859253\n    },\n    \"Erosion\": {\n        \"precision\": 0.9336177110671997,\n        \"recall\": 0.9129301309585571,\n        \"f1-score\": 0.9231580495834351,\n        \"specificity\": 0.9926267862319946\n    },\n    \"Erythema\": {\n        \"precision\": 0.9447557926177979,\n        \"recall\": 0.9572741985321045,\n        \"f1-score\": 0.9509738087654114,\n        \"specificity\": 0.993895411491394\n    },\n    \"Foreign Body\": {\n        \"precision\": 0.9741784334182739,\n        \"recall\": 0.9826361536979675,\n        \"f1-score\": 0.9783890247344971,\n        \"specificity\": 0.9970715045928955\n    },\n    \"Lymphangiectasia\": {\n        \"precision\": 0.9823405146598816,\n        \"recall\": 0.9807894825935364,\n        \"f1-score\": 0.9815644025802612,\n        \"specificity\": 0.9980181455612183\n    },\n    \"Normal\": {\n        \"precision\": 0.9749472737312317,\n        \"recall\": 0.9622592329978943,\n        \"f1-score\": 0.9685617089271545,\n        \"specificity\": 0.9971864223480225\n    },\n    \"Polyp\": {\n        \"precision\": 0.9590834975242615,\n        \"recall\": 0.9611809849739075,\n        \"f1-score\": 0.960131049156189,\n        \"specificity\": 0.9955816268920898\n    },\n    \"Ulcer\": {\n        \"precision\": 0.9986475706100464,\n        \"recall\": 0.9983775019645691,\n        \"f1-score\": 0.9985125064849854,\n        \"specificity\": 0.9998525381088257\n    },\n    \"Worms\": {\n        \"precision\": 0.9991918206214905,\n        \"recall\": 0.9991918206214905,\n        \"f1-score\": 0.9991918206214905,\n        \"specificity\": 0.9999114871025085\n    },\n    \"macro avg\": {\n        \"precision\": 0.969747006893158,\n        \"recall\": 0.9698459506034851,\n        \"f1-score\": 0.9697701334953308,\n        \"specificity\": 0.9966339468955994\n    },\n    \"accuracy\": 0.9697130918502808,\n    \"auc_roc_scores\": {\n        \"Angioectasia\": 0.9995797872543335,\n        \"Bleeding\": 0.9996399879455566,\n        \"Erosion\": 0.9971370697021484,\n        \"Erythema\": 0.9991594552993774,\n        \"Foreign Body\": 0.9997748732566833,\n        \"Lymphangiectasia\": 0.9997290372848511,\n        \"Normal\": 0.9986547231674194,\n        \"Polyp\": 0.9994121789932251,\n        \"Ulcer\": 0.9999973773956299,\n        \"Worms\": 0.9999997615814209\n    },\n    \"mean_auc\": 0.9993084073066711,\n    \"average_precision_scores\": {\n        \"Angioectasia\": 0.9964823722839355,\n        \"Bleeding\": 0.996860682964325,\n        \"Erosion\": 0.9786779880523682,\n        \"Erythema\": 0.9923622012138367,\n        \"Foreign Body\": 0.9982380867004395,\n        \"Lymphangiectasia\": 0.9985019564628601,\n        \"Normal\": 0.9932602643966675,\n        \"Polyp\": 0.9944891929626465,\n        \"Ulcer\": 0.999975323677063,\n        \"Worms\": 0.9999982714653015\n    },\n    \"mean_average_precision\": 0.9948846697807312,\n    \"mean_f1_score\": 0.9697701334953308,\n    \"mean_specificity\": 0.9966339468955994,\n    \"mean_sensitivity\": 0.9698459506034851,\n    \"balanced_accuracy\": 0.9698459506034851\n}",
    "test_metrics": "{\n    \"Angioectasia\": {\n        \"precision\": 0.7654784321784973,\n        \"recall\": 0.8209255337715149,\n        \"f1-score\": 0.7922329902648926,\n        \"specificity\": 0.9920051097869873\n    },\n    \"Bleeding\": {\n        \"precision\": 0.7736318111419678,\n        \"recall\": 0.8662952780723572,\n        \"f1-score\": 0.8173456192016602,\n        \"specificity\": 0.9942306280136108\n    },\n    \"Erosion\": {\n        \"precision\": 0.681922197341919,\n        \"recall\": 0.7740259766578674,\n        \"f1-score\": 0.7250608205795288,\n        \"specificity\": 0.9721572995185852\n    },\n    \"Erythema\": {\n        \"precision\": 0.550561785697937,\n        \"recall\": 0.6599326729774475,\n        \"f1-score\": 0.6003062725067139,\n        \"specificity\": 0.9898958206176758\n    },\n    \"Foreign Body\": {\n        \"precision\": 0.8218085169792175,\n        \"recall\": 0.908823549747467,\n        \"f1-score\": 0.8631284832954407,\n        \"specificity\": 0.9957573413848877\n    },\n    \"Lymphangiectasia\": {\n        \"precision\": 0.8070651888847351,\n        \"recall\": 0.8658891916275024,\n        \"f1-score\": 0.8354430198669434,\n        \"specificity\": 0.9955031871795654\n    },\n    \"Normal\": {\n        \"precision\": 0.9868797063827515,\n        \"recall\": 0.9549930691719055,\n        \"f1-score\": 0.9706746339797974,\n        \"specificity\": 0.9594278335571289\n    },\n    \"Polyp\": {\n        \"precision\": 0.7051039934158325,\n        \"recall\": 0.7459999918937683,\n        \"f1-score\": 0.7249757051467896,\n        \"specificity\": 0.9900204539299011\n    },\n    \"Ulcer\": {\n        \"precision\": 0.9461279511451721,\n        \"recall\": 0.9825174808502197,\n        \"f1-score\": 0.9639794230461121,\n        \"specificity\": 0.9989902973175049\n    },\n    \"Worms\": {\n        \"precision\": 0.9428571462631226,\n        \"recall\": 0.970588207244873,\n        \"f1-score\": 0.95652174949646,\n        \"specificity\": 0.9997509717941284\n    },\n    \"macro avg\": {\n        \"precision\": 0.7981436848640442,\n        \"recall\": 0.8549990653991699,\n        \"f1-score\": 0.8249668478965759,\n        \"specificity\": 0.9887739419937134\n    },\n    \"accuracy\": 0.9217084050178528,\n    \"auc_roc_scores\": {\n        \"Angioectasia\": 0.9820647239685059,\n        \"Bleeding\": 0.9918345212936401,\n        \"Erosion\": 0.971532940864563,\n        \"Erythema\": 0.9788432121276855,\n        \"Foreign Body\": 0.9891855120658875,\n        \"Lymphangiectasia\": 0.9900851845741272,\n        \"Normal\": 0.9930640459060669,\n        \"Polyp\": 0.9778416156768799,\n        \"Ulcer\": 0.9996299147605896,\n        \"Worms\": 0.9999862909317017\n    },\n    \"mean_auc\": 0.9874067306518555,\n    \"average_precision_scores\": {\n        \"Angioectasia\": 0.8569873571395874,\n        \"Bleeding\": 0.8994114995002747,\n        \"Erosion\": 0.8031893968582153,\n        \"Erythema\": 0.6269311308860779,\n        \"Foreign Body\": 0.9321606159210205,\n        \"Lymphangiectasia\": 0.9046628475189209,\n        \"Normal\": 0.9978328943252563,\n        \"Polyp\": 0.7713161706924438,\n        \"Ulcer\": 0.9912786483764648,\n        \"Worms\": 0.9970933794975281\n    },\n    \"mean_average_precision\": 0.8780863881111145,\n    \"mean_f1_score\": 0.8249668478965759,\n    \"mean_specificity\": 0.9887739419937134,\n    \"mean_sensitivity\": 0.8549990653991699,\n    \"balanced_accuracy\": 0.8549990653991699\n}"
}