{
    "epoch": 6,
    "train_metrics": "{\n    \"Angioectasia\": {\n        \"precision\": 0.9220393896102905,\n        \"recall\": 0.922537088394165,\n        \"f1-score\": 0.922288179397583,\n        \"specificity\": 0.9914754033088684\n    },\n    \"Bleeding\": {\n        \"precision\": 0.9327890872955322,\n        \"recall\": 0.9427942633628845,\n        \"f1-score\": 0.9377650022506714,\n        \"specificity\": 0.9927290678024292\n    },\n    \"Erosion\": {\n        \"precision\": 0.8157327771186829,\n        \"recall\": 0.809192955493927,\n        \"f1-score\": 0.8124496936798096,\n        \"specificity\": 0.979802131652832\n    },\n    \"Erythema\": {\n        \"precision\": 0.8924148678779602,\n        \"recall\": 0.8949547410011292,\n        \"f1-score\": 0.8936830163002014,\n        \"specificity\": 0.9876415133476257\n    },\n    \"Foreign Body\": {\n        \"precision\": 0.9562697410583496,\n        \"recall\": 0.9545096158981323,\n        \"f1-score\": 0.9553888440132141,\n        \"specificity\": 0.9950893521308899\n    },\n    \"Lymphangiectasia\": {\n        \"precision\": 0.962578535079956,\n        \"recall\": 0.9563093781471252,\n        \"f1-score\": 0.9594337344169617,\n        \"specificity\": 0.9959613084793091\n    },\n    \"Normal\": {\n        \"precision\": 0.9222548604011536,\n        \"recall\": 0.9093782901763916,\n        \"f1-score\": 0.9157713055610657,\n        \"specificity\": 0.9913933277130127\n    },\n    \"Polyp\": {\n        \"precision\": 0.8988937735557556,\n        \"recall\": 0.9148991703987122,\n        \"f1-score\": 0.906825840473175,\n        \"specificity\": 0.9883686304092407\n    },\n    \"Ulcer\": {\n        \"precision\": 0.9886333346366882,\n        \"recall\": 0.9878499507904053,\n        \"f1-score\": 0.9882414937019348,\n        \"specificity\": 0.9987285733222961\n    },\n    \"Worms\": {\n        \"precision\": 0.9952216744422913,\n        \"recall\": 0.9944297075271606,\n        \"f1-score\": 0.994825541973114,\n        \"specificity\": 0.9994680285453796\n    },\n    \"macro avg\": {\n        \"precision\": 0.928682804107666,\n        \"recall\": 0.9286856055259705,\n        \"f1-score\": 0.9286672472953796,\n        \"specificity\": 0.9920657277107239\n    },\n    \"accuracy\": 0.9286037087440491,\n    \"auc_roc_scores\": {\n        \"Angioectasia\": 0.9967067837715149,\n        \"Bleeding\": 0.9983129501342773,\n        \"Erosion\": 0.9831161499023438,\n        \"Erythema\": 0.994502067565918,\n        \"Foreign Body\": 0.9988461136817932,\n        \"Lymphangiectasia\": 0.9988045692443848,\n        \"Normal\": 0.9944227337837219,\n        \"Polyp\": 0.9954276084899902,\n        \"Ulcer\": 0.9998283982276917,\n        \"Worms\": 0.9999852180480957\n    },\n    \"mean_auc\": 0.9959952235221863,\n    \"average_precision_scores\": {\n        \"Angioectasia\": 0.9777844548225403,\n        \"Bleeding\": 0.985537052154541,\n        \"Erosion\": 0.8981684446334839,\n        \"Erythema\": 0.9545409679412842,\n        \"Foreign Body\": 0.9915890693664551,\n        \"Lymphangiectasia\": 0.9919963479042053,\n        \"Normal\": 0.9698604941368103,\n        \"Polyp\": 0.9653018116950989,\n        \"Ulcer\": 0.9990053176879883,\n        \"Worms\": 0.9998692870140076\n    },\n    \"mean_average_precision\": 0.973365306854248,\n    \"mean_f1_score\": 0.9286672472953796,\n    \"mean_specificity\": 0.9920657277107239,\n    \"mean_sensitivity\": 0.9286856055259705,\n    \"balanced_accuracy\": 0.9286856055259705\n}",
    "test_metrics": "{\n    \"Angioectasia\": {\n        \"precision\": 0.6232339143753052,\n        \"recall\": 0.7987927794456482,\n        \"f1-score\": 0.7001763582229614,\n        \"specificity\": 0.9846498370170593\n    },\n    \"Bleeding\": {\n        \"precision\": 0.7185354828834534,\n        \"recall\": 0.8746517896652222,\n        \"f1-score\": 0.7889447212219238,\n        \"specificity\": 0.9922018647193909\n    },\n    \"Erosion\": {\n        \"precision\": 0.5916084051132202,\n        \"recall\": 0.732467532157898,\n        \"f1-score\": 0.6545454263687134,\n        \"specificity\": 0.9610068798065186\n    },\n    \"Erythema\": {\n        \"precision\": 0.3633093535900116,\n        \"recall\": 0.680134654045105,\n        \"f1-score\": 0.47362250089645386,\n        \"specificity\": 0.9776444435119629\n    },\n    \"Foreign Body\": {\n        \"precision\": 0.5950096249580383,\n        \"recall\": 0.9117646813392639,\n        \"f1-score\": 0.7200928926467896,\n        \"specificity\": 0.9866387844085693\n    },\n    \"Lymphangiectasia\": {\n        \"precision\": 0.5616438388824463,\n        \"recall\": 0.8367347121238708,\n        \"f1-score\": 0.6721311211585999,\n        \"specificity\": 0.9858129024505615\n    },\n    \"Normal\": {\n        \"precision\": 0.9920491576194763,\n        \"recall\": 0.893627405166626,\n        \"f1-score\": 0.9402697682380676,\n        \"specificity\": 0.9771131277084351\n    },\n    \"Polyp\": {\n        \"precision\": 0.5946428775787354,\n        \"recall\": 0.6660000085830688,\n        \"f1-score\": 0.6283018589019775,\n        \"specificity\": 0.9854785203933716\n    },\n    \"Ulcer\": {\n        \"precision\": 0.8368580341339111,\n        \"recall\": 0.9685314893722534,\n        \"f1-score\": 0.8978930115699768,\n        \"specificity\": 0.9965922236442566\n    },\n    \"Worms\": {\n        \"precision\": 0.8148148059844971,\n        \"recall\": 0.970588207244873,\n        \"f1-score\": 0.8859060406684875,\n        \"specificity\": 0.9990662336349487\n    },\n    \"macro avg\": {\n        \"precision\": 0.6691705584526062,\n        \"recall\": 0.8333293795585632,\n        \"f1-score\": 0.7361883521080017,\n        \"specificity\": 0.9846205115318298\n    },\n    \"accuracy\": 0.868584156036377,\n    \"auc_roc_scores\": {\n        \"Angioectasia\": 0.9766764640808105,\n        \"Bleeding\": 0.9917219877243042,\n        \"Erosion\": 0.9598658084869385,\n        \"Erythema\": 0.9618684649467468,\n        \"Foreign Body\": 0.9880382418632507,\n        \"Lymphangiectasia\": 0.9786902666091919,\n        \"Normal\": 0.9890849590301514,\n        \"Polyp\": 0.9746755361557007,\n        \"Ulcer\": 0.9982694387435913,\n        \"Worms\": 0.9999515414237976\n    },\n    \"mean_auc\": 0.9818843007087708,\n    \"average_precision_scores\": {\n        \"Angioectasia\": 0.8372540473937988,\n        \"Bleeding\": 0.8921003341674805,\n        \"Erosion\": 0.726220965385437,\n        \"Erythema\": 0.5401170253753662,\n        \"Foreign Body\": 0.9166904091835022,\n        \"Lymphangiectasia\": 0.8341464996337891,\n        \"Normal\": 0.9965679049491882,\n        \"Polyp\": 0.7036035656929016,\n        \"Ulcer\": 0.9809112548828125,\n        \"Worms\": 0.9898015856742859\n    },\n    \"mean_average_precision\": 0.8417413830757141,\n    \"mean_f1_score\": 0.7361883521080017,\n    \"mean_specificity\": 0.9846205115318298,\n    \"mean_sensitivity\": 0.8333293795585632,\n    \"balanced_accuracy\": 0.8333293795585632\n}"
}