{
    "epoch": 17,
    "train_metrics": "{\n    \"Angioectasia\": {\n        \"precision\": 0.9753215909004211,\n        \"recall\": 0.9717499613761902,\n        \"f1-score\": 0.973532497882843,\n        \"specificity\": 0.99721759557724\n    },\n    \"Bleeding\": {\n        \"precision\": 0.9641135334968567,\n        \"recall\": 0.9732360243797302,\n        \"f1-score\": 0.9686533212661743,\n        \"specificity\": 0.9960481524467468\n    },\n    \"Erosion\": {\n        \"precision\": 0.932671070098877,\n        \"recall\": 0.9152450561523438,\n        \"f1-score\": 0.9238759279251099,\n        \"specificity\": 0.9928053021430969\n    },\n    \"Erythema\": {\n        \"precision\": 0.9440083503723145,\n        \"recall\": 0.9600851535797119,\n        \"f1-score\": 0.951978862285614,\n        \"specificity\": 0.9936777949333191\n    },\n    \"Foreign Body\": {\n        \"precision\": 0.9723814725875854,\n        \"recall\": 0.9787569046020508,\n        \"f1-score\": 0.9755587577819824,\n        \"specificity\": 0.9968633651733398\n    },\n    \"Lymphangiectasia\": {\n        \"precision\": 0.980069100856781,\n        \"recall\": 0.9826804995536804,\n        \"f1-score\": 0.9813730716705322,\n        \"specificity\": 0.9977846145629883\n    },\n    \"Normal\": {\n        \"precision\": 0.9711642861366272,\n        \"recall\": 0.9578749537467957,\n        \"f1-score\": 0.9644738435745239,\n        \"specificity\": 0.996871292591095\n    },\n    \"Polyp\": {\n        \"precision\": 0.9639473557472229,\n        \"recall\": 0.9629337787628174,\n        \"f1-score\": 0.9634402990341187,\n        \"specificity\": 0.9959471225738525\n    },\n    \"Ulcer\": {\n        \"precision\": 0.9984148144721985,\n        \"recall\": 0.9986786246299744,\n        \"f1-score\": 0.9985467195510864,\n        \"specificity\": 0.9998226165771484\n    },\n    \"Worms\": {\n        \"precision\": 0.9989350438117981,\n        \"recall\": 0.999733567237854,\n        \"f1-score\": 0.9993341565132141,\n        \"specificity\": 0.9998818635940552\n    },\n    \"macro avg\": {\n        \"precision\": 0.9701027274131775,\n        \"recall\": 0.9700974822044373,\n        \"f1-score\": 0.9700767397880554,\n        \"specificity\": 0.996691882610321\n    },\n    \"accuracy\": 0.970218300819397,\n    \"auc_roc_scores\": {\n        \"Angioectasia\": 0.9996365308761597,\n        \"Bleeding\": 0.9996684789657593,\n        \"Erosion\": 0.9973965883255005,\n        \"Erythema\": 0.9990748763084412,\n        \"Foreign Body\": 0.9998074769973755,\n        \"Lymphangiectasia\": 0.9998775124549866,\n        \"Normal\": 0.9987715482711792,\n        \"Polyp\": 0.9994682669639587,\n        \"Ulcer\": 0.9999988079071045,\n        \"Worms\": 0.9999998211860657\n    },\n    \"mean_auc\": 0.9993700385093689,\n    \"average_precision_scores\": {\n        \"Angioectasia\": 0.9971824288368225,\n        \"Bleeding\": 0.996945858001709,\n        \"Erosion\": 0.9800820350646973,\n        \"Erythema\": 0.9915350675582886,\n        \"Foreign Body\": 0.9983094334602356,\n        \"Lymphangiectasia\": 0.9989238381385803,\n        \"Normal\": 0.9931082725524902,\n        \"Polyp\": 0.995539665222168,\n        \"Ulcer\": 0.9999887943267822,\n        \"Worms\": 0.9999986290931702\n    },\n    \"mean_average_precision\": 0.9951614737510681,\n    \"mean_f1_score\": 0.9700767397880554,\n    \"mean_specificity\": 0.996691882610321,\n    \"mean_sensitivity\": 0.9700974822044373,\n    \"balanced_accuracy\": 0.9700974822044373\n}",
    "test_metrics": "{\n    \"Angioectasia\": {\n        \"precision\": 0.7290552854537964,\n        \"recall\": 0.8229376077651978,\n        \"f1-score\": 0.7731568813323975,\n        \"specificity\": 0.9902782440185547\n    },\n    \"Bleeding\": {\n        \"precision\": 0.8095238208770752,\n        \"recall\": 0.8523676991462708,\n        \"f1-score\": 0.8303934931755066,\n        \"specificity\": 0.9954352378845215\n    },\n    \"Erosion\": {\n        \"precision\": 0.6825989484786987,\n        \"recall\": 0.79134202003479,\n        \"f1-score\": 0.7329590916633606,\n        \"specificity\": 0.9716231822967529\n    },\n    \"Erythema\": {\n        \"precision\": 0.5696969628334045,\n        \"recall\": 0.6329966187477112,\n        \"f1-score\": 0.59968101978302,\n        \"specificity\": 0.9910325407981873\n    },\n    \"Foreign Body\": {\n        \"precision\": 0.8052631616592407,\n        \"recall\": 0.8999999761581421,\n        \"f1-score\": 0.8500000238418579,\n        \"specificity\": 0.9953140616416931\n    },\n    \"Lymphangiectasia\": {\n        \"precision\": 0.7800511717796326,\n        \"recall\": 0.8892128467559814,\n        \"f1-score\": 0.8310626745223999,\n        \"specificity\": 0.9945531487464905\n    },\n    \"Normal\": {\n        \"precision\": 0.9897011518478394,\n        \"recall\": 0.9541792273521423,\n        \"f1-score\": 0.9716156125068665,\n        \"specificity\": 0.968270480632782\n    },\n    \"Polyp\": {\n        \"precision\": 0.6758241653442383,\n        \"recall\": 0.7379999756813049,\n        \"f1-score\": 0.7055449485778809,\n        \"specificity\": 0.9886770844459534\n    },\n    \"Ulcer\": {\n        \"precision\": 0.969072163105011,\n        \"recall\": 0.9860140085220337,\n        \"f1-score\": 0.9774696826934814,\n        \"specificity\": 0.9994320273399353\n    },\n    \"Worms\": {\n        \"precision\": 0.9571428298950195,\n        \"recall\": 0.9852941036224365,\n        \"f1-score\": 0.9710144996643066,\n        \"specificity\": 0.9998132586479187\n    },\n    \"macro avg\": {\n        \"precision\": 0.7967929840087891,\n        \"recall\": 0.8552343249320984,\n        \"f1-score\": 0.8242897987365723,\n        \"specificity\": 0.9894429445266724\n    },\n    \"accuracy\": 0.9217703938484192,\n    \"auc_roc_scores\": {\n        \"Angioectasia\": 0.9782088398933411,\n        \"Bleeding\": 0.9884622097015381,\n        \"Erosion\": 0.9713186621665955,\n        \"Erythema\": 0.9718858003616333,\n        \"Foreign Body\": 0.9879016280174255,\n        \"Lymphangiectasia\": 0.9887212514877319,\n        \"Normal\": 0.993718683719635,\n        \"Polyp\": 0.9801156520843506,\n        \"Ulcer\": 0.9991317391395569,\n        \"Worms\": 0.9999908804893494\n    },\n    \"mean_auc\": 0.9859455227851868,\n    \"average_precision_scores\": {\n        \"Angioectasia\": 0.8433913588523865,\n        \"Bleeding\": 0.8959670066833496,\n        \"Erosion\": 0.8061343431472778,\n        \"Erythema\": 0.6307445764541626,\n        \"Foreign Body\": 0.9290475249290466,\n        \"Lymphangiectasia\": 0.9118826389312744,\n        \"Normal\": 0.9980320930480957,\n        \"Polyp\": 0.757663369178772,\n        \"Ulcer\": 0.9917964935302734,\n        \"Worms\": 0.9978500604629517\n    },\n    \"mean_average_precision\": 0.8762510418891907,\n    \"mean_f1_score\": 0.8242897987365723,\n    \"mean_specificity\": 0.9894429445266724,\n    \"mean_sensitivity\": 0.8552343249320984,\n    \"balanced_accuracy\": 0.8552343249320984\n}"
}