{
    "epoch": 10,
    "train_metrics": "{\n    \"Angioectasia\": {\n        \"precision\": 0.9479054808616638,\n        \"recall\": 0.9451137781143188,\n        \"f1-score\": 0.9465075731277466,\n        \"specificity\": 0.9942725300788879\n    },\n    \"Bleeding\": {\n        \"precision\": 0.9501181244850159,\n        \"recall\": 0.9589295387268066,\n        \"f1-score\": 0.9545034766197205,\n        \"specificity\": 0.9943841695785522\n    },\n    \"Erosion\": {\n        \"precision\": 0.8681055307388306,\n        \"recall\": 0.8655685186386108,\n        \"f1-score\": 0.8668351769447327,\n        \"specificity\": 0.9853736162185669\n    },\n    \"Erythema\": {\n        \"precision\": 0.9218876957893372,\n        \"recall\": 0.9271685481071472,\n        \"f1-score\": 0.9245206117630005,\n        \"specificity\": 0.9915146827697754\n    },\n    \"Foreign Body\": {\n        \"precision\": 0.9639037251472473,\n        \"recall\": 0.9677852392196655,\n        \"f1-score\": 0.9658405780792236,\n        \"specificity\": 0.9960156083106995\n    },\n    \"Lymphangiectasia\": {\n        \"precision\": 0.9688498377799988,\n        \"recall\": 0.9673046469688416,\n        \"f1-score\": 0.9680765867233276,\n        \"specificity\": 0.9965430498123169\n    },\n    \"Normal\": {\n        \"precision\": 0.94716876745224,\n        \"recall\": 0.9307774305343628,\n        \"f1-score\": 0.9389015436172485,\n        \"specificity\": 0.9942394495010376\n    },\n    \"Polyp\": {\n        \"precision\": 0.9357439875602722,\n        \"recall\": 0.9426100850105286,\n        \"f1-score\": 0.9391645193099976,\n        \"specificity\": 0.99269038438797\n    },\n    \"Ulcer\": {\n        \"precision\": 0.9945468902587891,\n        \"recall\": 0.9937726855278015,\n        \"f1-score\": 0.9941596388816833,\n        \"specificity\": 0.9993778467178345\n    },\n    \"Worms\": {\n        \"precision\": 0.9981343150138855,\n        \"recall\": 0.9973368644714355,\n        \"f1-score\": 0.9977354407310486,\n        \"specificity\": 0.9997932314872742\n    },\n    \"macro avg\": {\n        \"precision\": 0.9496364593505859,\n        \"recall\": 0.9496367573738098,\n        \"f1-score\": 0.9496245384216309,\n        \"specificity\": 0.9944204688072205\n    },\n    \"accuracy\": 0.9497699737548828,\n    \"auc_roc_scores\": {\n        \"Angioectasia\": 0.998531699180603,\n        \"Bleeding\": 0.9992695450782776,\n        \"Erosion\": 0.9918258786201477,\n        \"Erythema\": 0.9975747466087341,\n        \"Foreign Body\": 0.9995536804199219,\n        \"Lymphangiectasia\": 0.9995068311691284,\n        \"Normal\": 0.9971815347671509,\n        \"Polyp\": 0.9981419444084167,\n        \"Ulcer\": 0.9999743700027466,\n        \"Worms\": 0.9999961853027344\n    },\n    \"mean_auc\": 0.9981555938720703,\n    \"average_precision_scores\": {\n        \"Angioectasia\": 0.9890492558479309,\n        \"Bleeding\": 0.9934659004211426,\n        \"Erosion\": 0.9461450576782227,\n        \"Erythema\": 0.9782881736755371,\n        \"Foreign Body\": 0.9960782527923584,\n        \"Lymphangiectasia\": 0.9961206912994385,\n        \"Normal\": 0.9832952618598938,\n        \"Polyp\": 0.9857041239738464,\n        \"Ulcer\": 0.9997769594192505,\n        \"Worms\": 0.9999660849571228\n    },\n    \"mean_average_precision\": 0.9867889285087585,\n    \"mean_f1_score\": 0.9496245384216309,\n    \"mean_specificity\": 0.9944204688072205,\n    \"mean_sensitivity\": 0.9496367573738098,\n    \"balanced_accuracy\": 0.9496367573738098\n}",
    "test_metrics": "{\n    \"Angioectasia\": {\n        \"precision\": 0.7766599655151367,\n        \"recall\": 0.7766599655151367,\n        \"f1-score\": 0.7766599655151367,\n        \"specificity\": 0.992900550365448\n    },\n    \"Bleeding\": {\n        \"precision\": 0.787564754486084,\n        \"recall\": 0.8467966318130493,\n        \"f1-score\": 0.8161073923110962,\n        \"specificity\": 0.9948012232780457\n    },\n    \"Erosion\": {\n        \"precision\": 0.6526315808296204,\n        \"recall\": 0.7515151500701904,\n        \"f1-score\": 0.6985915303230286,\n        \"specificity\": 0.9691526889801025\n    },\n    \"Erythema\": {\n        \"precision\": 0.4700239896774292,\n        \"recall\": 0.6599326729774475,\n        \"f1-score\": 0.5490196347236633,\n        \"specificity\": 0.9860435724258423\n    },\n    \"Foreign Body\": {\n        \"precision\": 0.756157636642456,\n        \"recall\": 0.9029411673545837,\n        \"f1-score\": 0.8230562806129456,\n        \"specificity\": 0.9937310218811035\n    },\n    \"Lymphangiectasia\": {\n        \"precision\": 0.6630434989929199,\n        \"recall\": 0.8892128467559814,\n        \"f1-score\": 0.7596513032913208,\n        \"specificity\": 0.9901830554008484\n    },\n    \"Normal\": {\n        \"precision\": 0.9931292533874512,\n        \"recall\": 0.9293562173843384,\n        \"f1-score\": 0.9601849913597107,\n        \"specificity\": 0.9794538617134094\n    },\n    \"Polyp\": {\n        \"precision\": 0.5038363337516785,\n        \"recall\": 0.7879999876022339,\n        \"f1-score\": 0.614664614200592,\n        \"specificity\": 0.975179135799408\n    },\n    \"Ulcer\": {\n        \"precision\": 0.9787985682487488,\n        \"recall\": 0.9685314893722534,\n        \"f1-score\": 0.9736379384994507,\n        \"specificity\": 0.9996213316917419\n    },\n    \"Worms\": {\n        \"precision\": 0.931506872177124,\n        \"recall\": 1.0,\n        \"f1-score\": 0.9645389914512634,\n        \"specificity\": 0.9996887445449829\n    },\n    \"macro avg\": {\n        \"precision\": 0.7513353228569031,\n        \"recall\": 0.8512946367263794,\n        \"f1-score\": 0.7936112284660339,\n        \"specificity\": 0.9880755543708801\n    },\n    \"accuracy\": 0.9003223180770874,\n    \"auc_roc_scores\": {\n        \"Angioectasia\": 0.9803060293197632,\n        \"Bleeding\": 0.9893289804458618,\n        \"Erosion\": 0.9712494611740112,\n        \"Erythema\": 0.9715127944946289,\n        \"Foreign Body\": 0.9892953634262085,\n        \"Lymphangiectasia\": 0.9858648180961609,\n        \"Normal\": 0.9917023777961731,\n        \"Polyp\": 0.9820753335952759,\n        \"Ulcer\": 0.9985264539718628,\n        \"Worms\": 0.9999917149543762\n    },\n    \"mean_auc\": 0.9859853982925415,\n    \"average_precision_scores\": {\n        \"Angioectasia\": 0.837382972240448,\n        \"Bleeding\": 0.9069604873657227,\n        \"Erosion\": 0.7793554067611694,\n        \"Erythema\": 0.6167781949043274,\n        \"Foreign Body\": 0.9257363080978394,\n        \"Lymphangiectasia\": 0.8851578831672668,\n        \"Normal\": 0.9974631071090698,\n        \"Polyp\": 0.7151272296905518,\n        \"Ulcer\": 0.990426778793335,\n        \"Worms\": 0.997994601726532\n    },\n    \"mean_average_precision\": 0.8652383685112,\n    \"mean_f1_score\": 0.7936112284660339,\n    \"mean_specificity\": 0.9880755543708801,\n    \"mean_sensitivity\": 0.8512946367263794,\n    \"balanced_accuracy\": 0.8512946367263794\n}"
}