{
    "epoch": 8,
    "train_metrics": "{\n    \"Angioectasia\": {\n        \"precision\": 0.9404255151748657,\n        \"recall\": 0.9327354431152344,\n        \"f1-score\": 0.9365646839141846,\n        \"specificity\": 0.9933758974075317\n    },\n    \"Bleeding\": {\n        \"precision\": 0.9450405836105347,\n        \"recall\": 0.9557967185974121,\n        \"f1-score\": 0.9503881931304932,\n        \"specificity\": 0.9937922954559326\n    },\n    \"Erosion\": {\n        \"precision\": 0.8566685318946838,\n        \"recall\": 0.8399348855018616,\n        \"f1-score\": 0.8482191562652588,\n        \"specificity\": 0.9847292304039001\n    },\n    \"Erythema\": {\n        \"precision\": 0.8980891704559326,\n        \"recall\": 0.9087003469467163,\n        \"f1-score\": 0.9033635854721069,\n        \"specificity\": 0.9886668920516968\n    },\n    \"Foreign Body\": {\n        \"precision\": 0.9613642692565918,\n        \"recall\": 0.9654803276062012,\n        \"f1-score\": 0.9634178876876831,\n        \"specificity\": 0.9957188963890076\n    },\n    \"Lymphangiectasia\": {\n        \"precision\": 0.9654079675674438,\n        \"recall\": 0.9666842818260193,\n        \"f1-score\": 0.9660457372665405,\n        \"specificity\": 0.9961271286010742\n    },\n    \"Normal\": {\n        \"precision\": 0.9361245036125183,\n        \"recall\": 0.9222633242607117,\n        \"f1-score\": 0.9291422367095947,\n        \"specificity\": 0.9929637908935547\n    },\n    \"Polyp\": {\n        \"precision\": 0.9171907901763916,\n        \"recall\": 0.9313464760780334,\n        \"f1-score\": 0.9242144227027893,\n        \"specificity\": 0.9906644225120544\n    },\n    \"Ulcer\": {\n        \"precision\": 0.9938303232192993,\n        \"recall\": 0.9920451641082764,\n        \"f1-score\": 0.9929369688034058,\n        \"specificity\": 0.999288022518158\n    },\n    \"Worms\": {\n        \"precision\": 0.9970043301582336,\n        \"recall\": 0.9970043301582336,\n        \"f1-score\": 0.9970043301582336,\n        \"specificity\": 0.9996758699417114\n    },\n    \"macro avg\": {\n        \"precision\": 0.941114604473114,\n        \"recall\": 0.9411991238594055,\n        \"f1-score\": 0.9411296844482422,\n        \"specificity\": 0.9935002326965332\n    },\n    \"accuracy\": 0.941473662853241,\n    \"auc_roc_scores\": {\n        \"Angioectasia\": 0.9975728988647461,\n        \"Bleeding\": 0.9988260269165039,\n        \"Erosion\": 0.9886994361877441,\n        \"Erythema\": 0.9959601759910583,\n        \"Foreign Body\": 0.9991648197174072,\n        \"Lymphangiectasia\": 0.9993181228637695,\n        \"Normal\": 0.9956818222999573,\n        \"Polyp\": 0.9973899722099304,\n        \"Ulcer\": 0.9999585151672363,\n        \"Worms\": 0.9999947547912598\n    },\n    \"mean_auc\": 0.9972566962242126,\n    \"average_precision_scores\": {\n        \"Angioectasia\": 0.9837154746055603,\n        \"Bleeding\": 0.9903218746185303,\n        \"Erosion\": 0.9269859194755554,\n        \"Erythema\": 0.9631420373916626,\n        \"Foreign Body\": 0.9943687915802002,\n        \"Lymphangiectasia\": 0.9947894215583801,\n        \"Normal\": 0.9774900674819946,\n        \"Polyp\": 0.978134274482727,\n        \"Ulcer\": 0.9996421337127686,\n        \"Worms\": 0.9999510049819946\n    },\n    \"mean_average_precision\": 0.9808540344238281,\n    \"mean_f1_score\": 0.9411296844482422,\n    \"mean_specificity\": 0.9935002326965332,\n    \"mean_sensitivity\": 0.9411991238594055,\n    \"balanced_accuracy\": 0.9411991238594055\n}",
    "test_metrics": "{\n    \"Angioectasia\": {\n        \"precision\": 0.720588207244873,\n        \"recall\": 0.7887324094772339,\n        \"f1-score\": 0.7531219720840454,\n        \"specificity\": 0.9902782440185547\n    },\n    \"Bleeding\": {\n        \"precision\": 0.8191781044006348,\n        \"recall\": 0.8328690528869629,\n        \"f1-score\": 0.8259668350219727,\n        \"specificity\": 0.995815634727478\n    },\n    \"Erosion\": {\n        \"precision\": 0.5726384520530701,\n        \"recall\": 0.7610389590263367,\n        \"f1-score\": 0.6535316109657288,\n        \"specificity\": 0.9561995267868042\n    },\n    \"Erythema\": {\n        \"precision\": 0.463087260723114,\n        \"recall\": 0.6969696879386902,\n        \"f1-score\": 0.5564516186714172,\n        \"specificity\": 0.9848436713218689\n    },\n    \"Foreign Body\": {\n        \"precision\": 0.7882652878761292,\n        \"recall\": 0.908823549747467,\n        \"f1-score\": 0.8442623019218445,\n        \"specificity\": 0.9947441816329956\n    },\n    \"Lymphangiectasia\": {\n        \"precision\": 0.7285714149475098,\n        \"recall\": 0.8921282887458801,\n        \"f1-score\": 0.802096962928772,\n        \"specificity\": 0.9927797913551331\n    },\n    \"Normal\": {\n        \"precision\": 0.9918763041496277,\n        \"recall\": 0.9241474866867065,\n        \"f1-score\": 0.9568148255348206,\n        \"specificity\": 0.9758127331733704\n    },\n    \"Polyp\": {\n        \"precision\": 0.5823817253112793,\n        \"recall\": 0.7139999866485596,\n        \"f1-score\": 0.6415094137191772,\n        \"specificity\": 0.9836233258247375\n    },\n    \"Ulcer\": {\n        \"precision\": 0.9429529905319214,\n        \"recall\": 0.9825174808502197,\n        \"f1-score\": 0.9623287916183472,\n        \"specificity\": 0.9989271759986877\n    },\n    \"Worms\": {\n        \"precision\": 0.9571428298950195,\n        \"recall\": 0.9852941036224365,\n        \"f1-score\": 0.9710144996643066,\n        \"specificity\": 0.9998132586479187\n    },\n    \"macro avg\": {\n        \"precision\": 0.7566682696342468,\n        \"recall\": 0.8486520648002625,\n        \"f1-score\": 0.7967099547386169,\n        \"specificity\": 0.9872837066650391\n    },\n    \"accuracy\": 0.8958591818809509,\n    \"auc_roc_scores\": {\n        \"Angioectasia\": 0.9728221893310547,\n        \"Bleeding\": 0.9920161962509155,\n        \"Erosion\": 0.9636042714118958,\n        \"Erythema\": 0.9753504991531372,\n        \"Foreign Body\": 0.9899435043334961,\n        \"Lymphangiectasia\": 0.987535834312439,\n        \"Normal\": 0.9913209676742554,\n        \"Polyp\": 0.9751203060150146,\n        \"Ulcer\": 0.9993559122085571,\n        \"Worms\": 0.9999432563781738\n    },\n    \"mean_auc\": 0.9847013354301453,\n    \"average_precision_scores\": {\n        \"Angioectasia\": 0.8396769762039185,\n        \"Bleeding\": 0.9017608761787415,\n        \"Erosion\": 0.7565373182296753,\n        \"Erythema\": 0.6119514107704163,\n        \"Foreign Body\": 0.9282885789871216,\n        \"Lymphangiectasia\": 0.8991010785102844,\n        \"Normal\": 0.997329592704773,\n        \"Polyp\": 0.7249809503555298,\n        \"Ulcer\": 0.9869905710220337,\n        \"Worms\": 0.9916401505470276\n    },\n    \"mean_average_precision\": 0.863825798034668,\n    \"mean_f1_score\": 0.7967099547386169,\n    \"mean_specificity\": 0.9872837066650391,\n    \"mean_sensitivity\": 0.8486520648002625,\n    \"balanced_accuracy\": 0.8486520648002625\n}"
}