{
    "epoch": 15,
    "train_metrics": "{\n    \"Angioectasia\": {\n        \"precision\": 0.9711999893188477,\n        \"recall\": 0.9665604829788208,\n        \"f1-score\": 0.9688746929168701,\n        \"specificity\": 0.9968084096908569\n    },\n    \"Bleeding\": {\n        \"precision\": 0.9610490798950195,\n        \"recall\": 0.9703723192214966,\n        \"f1-score\": 0.965688169002533,\n        \"specificity\": 0.9955611824989319\n    },\n    \"Erosion\": {\n        \"precision\": 0.928855836391449,\n        \"recall\": 0.9116727709770203,\n        \"f1-score\": 0.9201840758323669,\n        \"specificity\": 0.9920637011528015\n    },\n    \"Erythema\": {\n        \"precision\": 0.9396063685417175,\n        \"recall\": 0.9550561904907227,\n        \"f1-score\": 0.9472683072090149,\n        \"specificity\": 0.9934036135673523\n    },\n    \"Foreign Body\": {\n        \"precision\": 0.9726500511169434,\n        \"recall\": 0.9736841917037964,\n        \"f1-score\": 0.973166823387146,\n        \"specificity\": 0.9969567060470581\n    },\n    \"Lymphangiectasia\": {\n        \"precision\": 0.9818918704986572,\n        \"recall\": 0.9800377488136292,\n        \"f1-score\": 0.980963945388794,\n        \"specificity\": 0.9980235695838928\n    },\n    \"Normal\": {\n        \"precision\": 0.9686391949653625,\n        \"recall\": 0.9587044715881348,\n        \"f1-score\": 0.9636462330818176,\n        \"specificity\": 0.9966078400611877\n    },\n    \"Polyp\": {\n        \"precision\": 0.9569190740585327,\n        \"recall\": 0.9629532098770142,\n        \"f1-score\": 0.9599266648292542,\n        \"specificity\": 0.9951184988021851\n    },\n    \"Ulcer\": {\n        \"precision\": 0.9963312149047852,\n        \"recall\": 0.9981622695922852,\n        \"f1-score\": 0.9972459077835083,\n        \"specificity\": 0.999585747718811\n    },\n    \"Worms\": {\n        \"precision\": 0.9992002248764038,\n        \"recall\": 0.9997332692146301,\n        \"f1-score\": 0.9994666576385498,\n        \"specificity\": 0.999911367893219\n    },\n    \"macro avg\": {\n        \"precision\": 0.9676343202590942,\n        \"recall\": 0.9676937460899353,\n        \"f1-score\": 0.9676432013511658,\n        \"specificity\": 0.9964041113853455\n    },\n    \"accuracy\": 0.9676390290260315,\n    \"auc_roc_scores\": {\n        \"Angioectasia\": 0.9995628595352173,\n        \"Bleeding\": 0.9996172189712524,\n        \"Erosion\": 0.9969476461410522,\n        \"Erythema\": 0.9989783763885498,\n        \"Foreign Body\": 0.9997413754463196,\n        \"Lymphangiectasia\": 0.9998503923416138,\n        \"Normal\": 0.998345673084259,\n        \"Polyp\": 0.9991679787635803,\n        \"Ulcer\": 0.9999938607215881,\n        \"Worms\": 0.9999999403953552\n    },\n    \"mean_auc\": 0.9992205500602722,\n    \"average_precision_scores\": {\n        \"Angioectasia\": 0.9963695406913757,\n        \"Bleeding\": 0.9966619610786438,\n        \"Erosion\": 0.9779307246208191,\n        \"Erythema\": 0.9904991984367371,\n        \"Foreign Body\": 0.9977280497550964,\n        \"Lymphangiectasia\": 0.9987256526947021,\n        \"Normal\": 0.9911381602287292,\n        \"Polyp\": 0.9931688904762268,\n        \"Ulcer\": 0.999947190284729,\n        \"Worms\": 0.9999991655349731\n    },\n    \"mean_average_precision\": 0.9942168593406677,\n    \"mean_f1_score\": 0.9676432013511658,\n    \"mean_specificity\": 0.9964041113853455,\n    \"mean_sensitivity\": 0.9676937460899353,\n    \"balanced_accuracy\": 0.9676937460899353\n}",
    "test_metrics": "{\n    \"Angioectasia\": {\n        \"precision\": 0.7221206426620483,\n        \"recall\": 0.7947686314582825,\n        \"f1-score\": 0.7567049860954285,\n        \"specificity\": 0.9902782440185547\n    },\n    \"Bleeding\": {\n        \"precision\": 0.7948051691055298,\n        \"recall\": 0.8523676991462708,\n        \"f1-score\": 0.8225806355476379,\n        \"specificity\": 0.9949914216995239\n    },\n    \"Erosion\": {\n        \"precision\": 0.6826849579811096,\n        \"recall\": 0.7748917937278748,\n        \"f1-score\": 0.7258718609809875,\n        \"specificity\": 0.9722240567207336\n    },\n    \"Erythema\": {\n        \"precision\": 0.5515320301055908,\n        \"recall\": 0.6666666865348816,\n        \"f1-score\": 0.6036585569381714,\n        \"specificity\": 0.9898326396942139\n    },\n    \"Foreign Body\": {\n        \"precision\": 0.7969151735305786,\n        \"recall\": 0.9117646813392639,\n        \"f1-score\": 0.8504801392555237,\n        \"specificity\": 0.9949974417686462\n    },\n    \"Lymphangiectasia\": {\n        \"precision\": 0.8085106611251831,\n        \"recall\": 0.8862974047660828,\n        \"f1-score\": 0.8456189036369324,\n        \"specificity\": 0.995439887046814\n    },\n    \"Normal\": {\n        \"precision\": 0.9873684048652649,\n        \"recall\": 0.9542605876922607,\n        \"f1-score\": 0.970532238483429,\n        \"specificity\": 0.9609882831573486\n    },\n    \"Polyp\": {\n        \"precision\": 0.6754221320152283,\n        \"recall\": 0.7200000286102295,\n        \"f1-score\": 0.6969990134239197,\n        \"specificity\": 0.9889329671859741\n    },\n    \"Ulcer\": {\n        \"precision\": 0.9685314893722534,\n        \"recall\": 0.9685314893722534,\n        \"f1-score\": 0.9685314893722534,\n        \"specificity\": 0.9994320273399353\n    },\n    \"Worms\": {\n        \"precision\": 0.9436619877815247,\n        \"recall\": 0.9852941036224365,\n        \"f1-score\": 0.9640287756919861,\n        \"specificity\": 0.9997509717941284\n    },\n    \"macro avg\": {\n        \"precision\": 0.793155312538147,\n        \"recall\": 0.8514842987060547,\n        \"f1-score\": 0.8205006718635559,\n        \"specificity\": 0.988686740398407\n    },\n    \"accuracy\": 0.9197247624397278,\n    \"auc_roc_scores\": {\n        \"Angioectasia\": 0.9776029586791992,\n        \"Bleeding\": 0.9920365810394287,\n        \"Erosion\": 0.9717637300491333,\n        \"Erythema\": 0.9692980647087097,\n        \"Foreign Body\": 0.9901790618896484,\n        \"Lymphangiectasia\": 0.9908747673034668,\n        \"Normal\": 0.9929050207138062,\n        \"Polyp\": 0.977047324180603,\n        \"Ulcer\": 0.9991330504417419,\n        \"Worms\": 0.9998077154159546\n    },\n    \"mean_auc\": 0.9860648512840271,\n    \"average_precision_scores\": {\n        \"Angioectasia\": 0.8499140739440918,\n        \"Bleeding\": 0.9002199172973633,\n        \"Erosion\": 0.8015931844711304,\n        \"Erythema\": 0.6233139634132385,\n        \"Foreign Body\": 0.9338445067405701,\n        \"Lymphangiectasia\": 0.9088536500930786,\n        \"Normal\": 0.9977926015853882,\n        \"Polyp\": 0.7490745782852173,\n        \"Ulcer\": 0.9889703392982483,\n        \"Worms\": 0.9878943562507629\n    },\n    \"mean_average_precision\": 0.8741471171379089,\n    \"mean_f1_score\": 0.8205006718635559,\n    \"mean_specificity\": 0.988686740398407,\n    \"mean_sensitivity\": 0.8514842987060547,\n    \"balanced_accuracy\": 0.8514842987060547\n}"
}