{
    "epoch": 20,
    "train_metrics": "{\n    \"Angioectasia\": {\n        \"precision\": 0.9761447906494141,\n        \"recall\": 0.9645082354545593,\n        \"f1-score\": 0.9702916145324707,\n        \"specificity\": 0.9974348545074463\n    },\n    \"Bleeding\": {\n        \"precision\": 0.9706823229789734,\n        \"recall\": 0.9779806733131409,\n        \"f1-score\": 0.9743177890777588,\n        \"specificity\": 0.9967535138130188\n    },\n    \"Erosion\": {\n        \"precision\": 0.9411605000495911,\n        \"recall\": 0.9177683591842651,\n        \"f1-score\": 0.9293172955513,\n        \"specificity\": 0.9935846328735352\n    },\n    \"Erythema\": {\n        \"precision\": 0.9419572949409485,\n        \"recall\": 0.9635249972343445,\n        \"f1-score\": 0.9526191353797913,\n        \"specificity\": 0.9934123158454895\n    },\n    \"Foreign Body\": {\n        \"precision\": 0.9765708446502686,\n        \"recall\": 0.9783942103385925,\n        \"f1-score\": 0.9774816632270813,\n        \"specificity\": 0.9974009394645691\n    },\n    \"Lymphangiectasia\": {\n        \"precision\": 0.9810290932655334,\n        \"recall\": 0.9807742238044739,\n        \"f1-score\": 0.9809016585350037,\n        \"specificity\": 0.9978375434875488\n    },\n    \"Normal\": {\n        \"precision\": 0.9741952419281006,\n        \"recall\": 0.9698092937469482,\n        \"f1-score\": 0.9719973206520081,\n        \"specificity\": 0.9971327781677246\n    },\n    \"Polyp\": {\n        \"precision\": 0.9616596698760986,\n        \"recall\": 0.971352756023407,\n        \"f1-score\": 0.9664819240570068,\n        \"specificity\": 0.9956852197647095\n    },\n    \"Ulcer\": {\n        \"precision\": 0.9981427192687988,\n        \"recall\": 0.9981427192687988,\n        \"f1-score\": 0.9981427192687988,\n        \"specificity\": 0.9997931122779846\n    },\n    \"Worms\": {\n        \"precision\": 0.999732494354248,\n        \"recall\": 0.9989307522773743,\n        \"f1-score\": 0.9993314743041992,\n        \"specificity\": 0.9999704957008362\n    },\n    \"macro avg\": {\n        \"precision\": 0.9721275568008423,\n        \"recall\": 0.9721185564994812,\n        \"f1-score\": 0.9720882773399353,\n        \"specificity\": 0.9969005584716797\n    },\n    \"accuracy\": 0.9721062779426575,\n    \"auc_roc_scores\": {\n        \"Angioectasia\": 0.9996320009231567,\n        \"Bleeding\": 0.9997326731681824,\n        \"Erosion\": 0.9974291920661926,\n        \"Erythema\": 0.9991315007209778,\n        \"Foreign Body\": 0.9998197555541992,\n        \"Lymphangiectasia\": 0.9998675584793091,\n        \"Normal\": 0.9989105463027954,\n        \"Polyp\": 0.9995393753051758,\n        \"Ulcer\": 0.999997615814209,\n        \"Worms\": 0.9999997019767761\n    },\n    \"mean_auc\": 0.9994059801101685,\n    \"average_precision_scores\": {\n        \"Angioectasia\": 0.9969388246536255,\n        \"Bleeding\": 0.9975056052207947,\n        \"Erosion\": 0.9812894463539124,\n        \"Erythema\": 0.9920907020568848,\n        \"Foreign Body\": 0.9984170794487,\n        \"Lymphangiectasia\": 0.998881459236145,\n        \"Normal\": 0.9940467476844788,\n        \"Polyp\": 0.9959615468978882,\n        \"Ulcer\": 0.9999778866767883,\n        \"Worms\": 0.9999972581863403\n    },\n    \"mean_average_precision\": 0.9955106973648071,\n    \"mean_f1_score\": 0.9720882773399353,\n    \"mean_specificity\": 0.9969005584716797,\n    \"mean_sensitivity\": 0.9721185564994812,\n    \"balanced_accuracy\": 0.9721185564994812\n}",
    "test_metrics": "{\n    \"Angioectasia\": {\n        \"precision\": 0.7392086386680603,\n        \"recall\": 0.8269617557525635,\n        \"f1-score\": 0.7806267738342285,\n        \"specificity\": 0.9907259345054626\n    },\n    \"Bleeding\": {\n        \"precision\": 0.8269230723381042,\n        \"recall\": 0.8384401202201843,\n        \"f1-score\": 0.8326417803764343,\n        \"specificity\": 0.9960058331489563\n    },\n    \"Erosion\": {\n        \"precision\": 0.7178861498832703,\n        \"recall\": 0.7645021677017212,\n        \"f1-score\": 0.7404612302780151,\n        \"specificity\": 0.9768311381340027\n    },\n    \"Erythema\": {\n        \"precision\": 0.5747126340866089,\n        \"recall\": 0.6734007000923157,\n        \"f1-score\": 0.6201550364494324,\n        \"specificity\": 0.9906536340713501\n    },\n    \"Foreign Body\": {\n        \"precision\": 0.8575419187545776,\n        \"recall\": 0.9029411673545837,\n        \"f1-score\": 0.8796561360359192,\n        \"specificity\": 0.9967705011367798\n    },\n    \"Lymphangiectasia\": {\n        \"precision\": 0.8296089172363281,\n        \"recall\": 0.8658891916275024,\n        \"f1-score\": 0.8473609089851379,\n        \"specificity\": 0.9961365461349487\n    },\n    \"Normal\": {\n        \"precision\": 0.9847715497016907,\n        \"recall\": 0.9631317853927612,\n        \"f1-score\": 0.9738314747810364,\n        \"specificity\": 0.9524057507514954\n    },\n    \"Polyp\": {\n        \"precision\": 0.6734693646430969,\n        \"recall\": 0.7260000109672546,\n        \"f1-score\": 0.698748767375946,\n        \"specificity\": 0.9887410402297974\n    },\n    \"Ulcer\": {\n        \"precision\": 0.9557822942733765,\n        \"recall\": 0.9825174808502197,\n        \"f1-score\": 0.9689655303955078,\n        \"specificity\": 0.9991796016693115\n    },\n    \"Worms\": {\n        \"precision\": 0.9852941036224365,\n        \"recall\": 0.9852941036224365,\n        \"f1-score\": 0.9852941036224365,\n        \"specificity\": 0.9999377727508545\n    },\n    \"macro avg\": {\n        \"precision\": 0.8145198822021484,\n        \"recall\": 0.8529078364372253,\n        \"f1-score\": 0.8327741622924805,\n        \"specificity\": 0.9887388348579407\n    },\n    \"accuracy\": 0.9263575673103333,\n    \"auc_roc_scores\": {\n        \"Angioectasia\": 0.9818043112754822,\n        \"Bleeding\": 0.990064263343811,\n        \"Erosion\": 0.9710850119590759,\n        \"Erythema\": 0.9775623679161072,\n        \"Foreign Body\": 0.9870643019676208,\n        \"Lymphangiectasia\": 0.9901801347732544,\n        \"Normal\": 0.993409276008606,\n        \"Polyp\": 0.977116584777832,\n        \"Ulcer\": 0.9990906715393066,\n        \"Worms\": 0.9999963641166687\n    },\n    \"mean_auc\": 0.9867372512817383,\n    \"average_precision_scores\": {\n        \"Angioectasia\": 0.8575871586799622,\n        \"Bleeding\": 0.8949617743492126,\n        \"Erosion\": 0.8054618239402771,\n        \"Erythema\": 0.642316460609436,\n        \"Foreign Body\": 0.9281734228134155,\n        \"Lymphangiectasia\": 0.9044687747955322,\n        \"Normal\": 0.9979480504989624,\n        \"Polyp\": 0.7575032711029053,\n        \"Ulcer\": 0.9889923334121704,\n        \"Worms\": 0.999182939529419\n    },\n    \"mean_average_precision\": 0.8776596188545227,\n    \"mean_f1_score\": 0.8327741622924805,\n    \"mean_specificity\": 0.9887388348579407,\n    \"mean_sensitivity\": 0.8529078364372253,\n    \"balanced_accuracy\": 0.8529078364372253\n}"
}