{
    "epoch": 1,
    "train_metrics": "{\n    \"Angioectasia\": {\n        \"precision\": 0.6338531374931335,\n        \"recall\": 0.5115364193916321,\n        \"f1-score\": 0.5661636590957642,\n        \"specificity\": 0.9666498899459839\n    },\n    \"Bleeding\": {\n        \"precision\": 0.703213632106781,\n        \"recall\": 0.678655207157135,\n        \"f1-score\": 0.6907162070274353,\n        \"specificity\": 0.9674563407897949\n    },\n    \"Erosion\": {\n        \"precision\": 0.3616704046726227,\n        \"recall\": 0.3840063214302063,\n        \"f1-score\": 0.3725038468837738,\n        \"specificity\": 0.9240640997886658\n    },\n    \"Erythema\": {\n        \"precision\": 0.45051103830337524,\n        \"recall\": 0.4475020170211792,\n        \"f1-score\": 0.4490014612674713,\n        \"specificity\": 0.9396704435348511\n    },\n    \"Foreign Body\": {\n        \"precision\": 0.730942964553833,\n        \"recall\": 0.6836546063423157,\n        \"f1-score\": 0.7065083980560303,\n        \"specificity\": 0.9718214273452759\n    },\n    \"Lymphangiectasia\": {\n        \"precision\": 0.7646297812461853,\n        \"recall\": 0.6378101110458374,\n        \"f1-score\": 0.6954859495162964,\n        \"specificity\": 0.9785244464874268\n    },\n    \"Normal\": {\n        \"precision\": 0.5652498006820679,\n        \"recall\": 0.6081839799880981,\n        \"f1-score\": 0.5859314799308777,\n        \"specificity\": 0.9483583569526672\n    },\n    \"Polyp\": {\n        \"precision\": 0.4541020095348358,\n        \"recall\": 0.54935622215271,\n        \"f1-score\": 0.4972080588340759,\n        \"specificity\": 0.9273295998573303\n    },\n    \"Ulcer\": {\n        \"precision\": 0.8001049160957336,\n        \"recall\": 0.8094480037689209,\n        \"f1-score\": 0.8047493696212769,\n        \"specificity\": 0.9774816036224365\n    },\n    \"Worms\": {\n        \"precision\": 0.8104750514030457,\n        \"recall\": 0.9006497263908386,\n        \"f1-score\": 0.853186309337616,\n        \"specificity\": 0.9770589470863342\n    },\n    \"macro avg\": {\n        \"precision\": 0.6274752616882324,\n        \"recall\": 0.6210802793502808,\n        \"f1-score\": 0.6221454739570618,\n        \"specificity\": 0.9578415155410767\n    },\n    \"accuracy\": 0.6205759644508362,\n    \"auc_roc_scores\": {\n        \"Angioectasia\": 0.894345760345459,\n        \"Bleeding\": 0.9404362440109253,\n        \"Erosion\": 0.8269187211990356,\n        \"Erythema\": 0.8808053135871887,\n        \"Foreign Body\": 0.9444724917411804,\n        \"Lymphangiectasia\": 0.9394461512565613,\n        \"Normal\": 0.902696430683136,\n        \"Polyp\": 0.8986139297485352,\n        \"Ulcer\": 0.9733726978302002,\n        \"Worms\": 0.9911757707595825\n    },\n    \"mean_auc\": 0.9192283749580383,\n    \"average_precision_scores\": {\n        \"Angioectasia\": 0.6412051320075989,\n        \"Bleeding\": 0.7675223350524902,\n        \"Erosion\": 0.3512226939201355,\n        \"Erythema\": 0.4824109673500061,\n        \"Foreign Body\": 0.7870746850967407,\n        \"Lymphangiectasia\": 0.7752243280410767,\n        \"Normal\": 0.6331412196159363,\n        \"Polyp\": 0.5243602395057678,\n        \"Ulcer\": 0.8805290460586548,\n        \"Worms\": 0.9451593160629272\n    },\n    \"mean_average_precision\": 0.6787850260734558,\n    \"mean_f1_score\": 0.6221454739570618,\n    \"mean_specificity\": 0.9578415155410767,\n    \"mean_sensitivity\": 0.6210802793502808,\n    \"balanced_accuracy\": 0.6210802793502808\n}",
    "test_metrics": "{\n    \"Angioectasia\": {\n        \"precision\": 0.39789196848869324,\n        \"recall\": 0.6076458692550659,\n        \"f1-score\": 0.48089173436164856,\n        \"specificity\": 0.9707707166671753\n    },\n    \"Bleeding\": {\n        \"precision\": 0.4421052634716034,\n        \"recall\": 0.8189415335655212,\n        \"f1-score\": 0.57421875,\n        \"specificity\": 0.9764788150787354\n    },\n    \"Erosion\": {\n        \"precision\": 0.34780022501945496,\n        \"recall\": 0.5064935088157654,\n        \"f1-score\": 0.41240745782852173,\n        \"specificity\": 0.926754355430603\n    },\n    \"Erythema\": {\n        \"precision\": 0.1677243858575821,\n        \"recall\": 0.6228955984115601,\n        \"f1-score\": 0.26428571343421936,\n        \"specificity\": 0.9420271515846252\n    },\n    \"Foreign Body\": {\n        \"precision\": 0.4489465057849884,\n        \"recall\": 0.8147059082984924,\n        \"f1-score\": 0.5788923501968384,\n        \"specificity\": 0.9784700870513916\n    },\n    \"Lymphangiectasia\": {\n        \"precision\": 0.6424999833106995,\n        \"recall\": 0.7492711544036865,\n        \"f1-score\": 0.6917900443077087,\n        \"specificity\": 0.9909430742263794\n    },\n    \"Normal\": {\n        \"precision\": 0.9841424226760864,\n        \"recall\": 0.7424920797348022,\n        \"f1-score\": 0.8464071750640869,\n        \"specificity\": 0.9617685079574585\n    },\n    \"Polyp\": {\n        \"precision\": 0.31096911430358887,\n        \"recall\": 0.5839999914169312,\n        \"f1-score\": 0.40583738684654236,\n        \"specificity\": 0.9586105346679688\n    },\n    \"Ulcer\": {\n        \"precision\": 0.4458042085170746,\n        \"recall\": 0.8916084170341492,\n        \"f1-score\": 0.5944055914878845,\n        \"specificity\": 0.9799949526786804\n    },\n    \"Worms\": {\n        \"precision\": 0.5120000243186951,\n        \"recall\": 0.9411764740943909,\n        \"f1-score\": 0.6632124185562134,\n        \"specificity\": 0.9962027072906494\n    },\n    \"macro avg\": {\n        \"precision\": 0.4699884355068207,\n        \"recall\": 0.7279230952262878,\n        \"f1-score\": 0.5512348413467407,\n        \"specificity\": 0.9682021141052246\n    },\n    \"accuracy\": 0.7211753129959106,\n    \"auc_roc_scores\": {\n        \"Angioectasia\": 0.9019318222999573,\n        \"Bleeding\": 0.9820365905761719,\n        \"Erosion\": 0.8631899356842041,\n        \"Erythema\": 0.9352229833602905,\n        \"Foreign Body\": 0.9781084060668945,\n        \"Lymphangiectasia\": 0.9700211882591248,\n        \"Normal\": 0.9465306997299194,\n        \"Polyp\": 0.9472105503082275,\n        \"Ulcer\": 0.9871218204498291,\n        \"Worms\": 0.9992905259132385\n    },\n    \"mean_auc\": 0.9510664343833923,\n    \"average_precision_scores\": {\n        \"Angioectasia\": 0.5686892867088318,\n        \"Bleeding\": 0.7627663612365723,\n        \"Erosion\": 0.39835578203201294,\n        \"Erythema\": 0.2540408968925476,\n        \"Foreign Body\": 0.777732253074646,\n        \"Lymphangiectasia\": 0.7655230760574341,\n        \"Normal\": 0.9818806648254395,\n        \"Polyp\": 0.41542890667915344,\n        \"Ulcer\": 0.8410303592681885,\n        \"Worms\": 0.9160709381103516\n    },\n    \"mean_average_precision\": 0.66815185546875,\n    \"mean_f1_score\": 0.5512348413467407,\n    \"mean_specificity\": 0.9682021141052246,\n    \"mean_sensitivity\": 0.7279230952262878,\n    \"balanced_accuracy\": 0.7279230952262878\n}"
}