{
    "epoch": 2,
    "train_metrics": "{\n    \"Angioectasia\": {\n        \"precision\": 0.7615168690681458,\n        \"recall\": 0.7080177664756775,\n        \"f1-score\": 0.7337934970855713,\n        \"specificity\": 0.9748653173446655\n    },\n    \"Bleeding\": {\n        \"precision\": 0.8246920108795166,\n        \"recall\": 0.8338956832885742,\n        \"f1-score\": 0.8292682766914368,\n        \"specificity\": 0.9797653555870056\n    },\n    \"Erosion\": {\n        \"precision\": 0.4848156273365021,\n        \"recall\": 0.49269771575927734,\n        \"f1-score\": 0.48872488737106323,\n        \"specificity\": 0.9440814852714539\n    },\n    \"Erythema\": {\n        \"precision\": 0.614852249622345,\n        \"recall\": 0.6241556406021118,\n        \"f1-score\": 0.6194690465927124,\n        \"specificity\": 0.9573231935501099\n    },\n    \"Foreign Body\": {\n        \"precision\": 0.8679245114326477,\n        \"recall\": 0.846549391746521,\n        \"f1-score\": 0.857103705406189,\n        \"specificity\": 0.9859636425971985\n    },\n    \"Lymphangiectasia\": {\n        \"precision\": 0.8825522065162659,\n        \"recall\": 0.8457792401313782,\n        \"f1-score\": 0.8637745380401611,\n        \"specificity\": 0.9877325892448425\n    },\n    \"Normal\": {\n        \"precision\": 0.776409387588501,\n        \"recall\": 0.7541201710700989,\n        \"f1-score\": 0.7651025056838989,\n        \"specificity\": 0.9758605360984802\n    },\n    \"Polyp\": {\n        \"precision\": 0.6370231509208679,\n        \"recall\": 0.7070130109786987,\n        \"f1-score\": 0.6701957583427429,\n        \"specificity\": 0.9540539979934692\n    },\n    \"Ulcer\": {\n        \"precision\": 0.9346370100975037,\n        \"recall\": 0.9316421747207642,\n        \"f1-score\": 0.9331371784210205,\n        \"specificity\": 0.9927942752838135\n    },\n    \"Worms\": {\n        \"precision\": 0.9633333086967468,\n        \"recall\": 0.9766051173210144,\n        \"f1-score\": 0.9699238538742065,\n        \"specificity\": 0.9957641959190369\n    },\n    \"macro avg\": {\n        \"precision\": 0.7747756838798523,\n        \"recall\": 0.7720476388931274,\n        \"f1-score\": 0.7730493545532227,\n        \"specificity\": 0.9748205542564392\n    },\n    \"accuracy\": 0.7732868790626526,\n    \"auc_roc_scores\": {\n        \"Angioectasia\": 0.9601797461509705,\n        \"Bleeding\": 0.9842866659164429,\n        \"Erosion\": 0.8999733924865723,\n        \"Erythema\": 0.94643634557724,\n        \"Foreign Body\": 0.9873000383377075,\n        \"Lymphangiectasia\": 0.9856358170509338,\n        \"Normal\": 0.9630687236785889,\n        \"Polyp\": 0.9568700194358826,\n        \"Ulcer\": 0.9969370365142822,\n        \"Worms\": 0.9995326995849609\n    },\n    \"mean_auc\": 0.9680220484733582,\n    \"average_precision_scores\": {\n        \"Angioectasia\": 0.830684244632721,\n        \"Bleeding\": 0.9121789932250977,\n        \"Erosion\": 0.511310338973999,\n        \"Erythema\": 0.675701379776001,\n        \"Foreign Body\": 0.9311509132385254,\n        \"Lymphangiectasia\": 0.9299735426902771,\n        \"Normal\": 0.8317919969558716,\n        \"Polyp\": 0.7355877161026001,\n        \"Ulcer\": 0.9806067943572998,\n        \"Worms\": 0.995960533618927\n    },\n    \"mean_average_precision\": 0.8334946632385254,\n    \"mean_f1_score\": 0.7730493545532227,\n    \"mean_specificity\": 0.9748205542564392,\n    \"mean_sensitivity\": 0.7720476388931274,\n    \"balanced_accuracy\": 0.7720476388931274\n}",
    "test_metrics": "{\n    \"Angioectasia\": {\n        \"precision\": 0.3834080696105957,\n        \"recall\": 0.6881287693977356,\n        \"f1-score\": 0.4924406111240387,\n        \"specificity\": 0.96482253074646\n    },\n    \"Bleeding\": {\n        \"precision\": 0.5008183121681213,\n        \"recall\": 0.8523676991462708,\n        \"f1-score\": 0.6309278607368469,\n        \"specificity\": 0.9806631803512573\n    },\n    \"Erosion\": {\n        \"precision\": 0.43683409690856934,\n        \"recall\": 0.49696969985961914,\n        \"f1-score\": 0.4649655818939209,\n        \"specificity\": 0.9505909085273743\n    },\n    \"Erythema\": {\n        \"precision\": 0.2314356416463852,\n        \"recall\": 0.6296296119689941,\n        \"f1-score\": 0.3384615480899811,\n        \"specificity\": 0.960783064365387\n    },\n    \"Foreign Body\": {\n        \"precision\": 0.43328550457954407,\n        \"recall\": 0.8882352709770203,\n        \"f1-score\": 0.5824493765830994,\n        \"specificity\": 0.9749873280525208\n    },\n    \"Lymphangiectasia\": {\n        \"precision\": 0.4759615361690521,\n        \"recall\": 0.8658891916275024,\n        \"f1-score\": 0.6142709255218506,\n        \"specificity\": 0.9792893528938293\n    },\n    \"Normal\": {\n        \"precision\": 0.989833652973175,\n        \"recall\": 0.7844876646995544,\n        \"f1-score\": 0.875278115272522,\n        \"specificity\": 0.9742522835731506\n    },\n    \"Polyp\": {\n        \"precision\": 0.3299284875392914,\n        \"recall\": 0.6460000276565552,\n        \"f1-score\": 0.4367816150188446,\n        \"specificity\": 0.9580348134040833\n    },\n    \"Ulcer\": {\n        \"precision\": 0.7085561752319336,\n        \"recall\": 0.9265734553337097,\n        \"f1-score\": 0.8030303120613098,\n        \"specificity\": 0.9931212663650513\n    },\n    \"Worms\": {\n        \"precision\": 0.7052631378173828,\n        \"recall\": 0.9852941036224365,\n        \"f1-score\": 0.8220859169960022,\n        \"specificity\": 0.9982569813728333\n    },\n    \"macro avg\": {\n        \"precision\": 0.5195324420928955,\n        \"recall\": 0.7763575911521912,\n        \"f1-score\": 0.6060692071914673,\n        \"specificity\": 0.973480224609375\n    },\n    \"accuracy\": 0.7625836730003357,\n    \"auc_roc_scores\": {\n        \"Angioectasia\": 0.9331720471382141,\n        \"Bleeding\": 0.9848098158836365,\n        \"Erosion\": 0.8925180435180664,\n        \"Erythema\": 0.9495596885681152,\n        \"Foreign Body\": 0.9846369028091431,\n        \"Lymphangiectasia\": 0.9829869270324707,\n        \"Normal\": 0.9659804105758667,\n        \"Polyp\": 0.956196665763855,\n        \"Ulcer\": 0.9953382015228271,\n        \"Worms\": 0.9998599290847778\n    },\n    \"mean_auc\": 0.9645058512687683,\n    \"average_precision_scores\": {\n        \"Angioectasia\": 0.6360384225845337,\n        \"Bleeding\": 0.8062708377838135,\n        \"Erosion\": 0.48017817735671997,\n        \"Erythema\": 0.3982143998146057,\n        \"Foreign Body\": 0.8471295833587646,\n        \"Lymphangiectasia\": 0.8178106546401978,\n        \"Normal\": 0.9889994859695435,\n        \"Polyp\": 0.5293567180633545,\n        \"Ulcer\": 0.9269609451293945,\n        \"Worms\": 0.9672476649284363\n    },\n    \"mean_average_precision\": 0.739820659160614,\n    \"mean_f1_score\": 0.6060692071914673,\n    \"mean_specificity\": 0.973480224609375,\n    \"mean_sensitivity\": 0.7763575911521912,\n    \"balanced_accuracy\": 0.7763575911521912\n}"
}