{
    "epoch": 9,
    "train_metrics": "{\n    \"Angioectasia\": {\n        \"precision\": 0.9050095677375793,\n        \"recall\": 0.8884708285331726,\n        \"f1-score\": 0.8966639637947083,\n        \"specificity\": 0.9897598028182983\n    },\n    \"Bleeding\": {\n        \"precision\": 0.9325498342514038,\n        \"recall\": 0.9412068128585815,\n        \"f1-score\": 0.9368582963943481,\n        \"specificity\": 0.99217289686203\n    },\n    \"Erosion\": {\n        \"precision\": 0.7728947401046753,\n        \"recall\": 0.7755479216575623,\n        \"f1-score\": 0.7742190361022949,\n        \"specificity\": 0.974482536315918\n    },\n    \"Erythema\": {\n        \"precision\": 0.8599895238876343,\n        \"recall\": 0.8814834952354431,\n        \"f1-score\": 0.8706038594245911,\n        \"specificity\": 0.9842413067817688\n    },\n    \"Foreign Body\": {\n        \"precision\": 0.954724907875061,\n        \"recall\": 0.9517186880111694,\n        \"f1-score\": 0.953219473361969,\n        \"specificity\": 0.9949106574058533\n    },\n    \"Lymphangiectasia\": {\n        \"precision\": 0.9514485001564026,\n        \"recall\": 0.9446071982383728,\n        \"f1-score\": 0.9480155110359192,\n        \"specificity\": 0.9946532249450684\n    },\n    \"Normal\": {\n        \"precision\": 0.9104519486427307,\n        \"recall\": 0.8748642802238464,\n        \"f1-score\": 0.8923034071922302,\n        \"specificity\": 0.9906553030014038\n    },\n    \"Polyp\": {\n        \"precision\": 0.8724332451820374,\n        \"recall\": 0.897307276725769,\n        \"f1-score\": 0.8846954703330994,\n        \"specificity\": 0.9853041172027588\n    },\n    \"Ulcer\": {\n        \"precision\": 0.9837765693664551,\n        \"recall\": 0.9837765693664551,\n        \"f1-score\": 0.9837765693664551,\n        \"specificity\": 0.9981977939605713\n    },\n    \"Worms\": {\n        \"precision\": 0.9945989847183228,\n        \"recall\": 0.9948676228523254,\n        \"f1-score\": 0.9947332739830017,\n        \"specificity\": 0.999410092830658\n    },\n    \"macro avg\": {\n        \"precision\": 0.913787841796875,\n        \"recall\": 0.9133850932121277,\n        \"f1-score\": 0.9135088920593262,\n        \"specificity\": 0.9903787970542908\n    },\n    \"accuracy\": 0.9134203791618347,\n    \"auc_roc_scores\": {\n        \"Angioectasia\": 0.9947240948677063,\n        \"Bleeding\": 0.9976825714111328,\n        \"Erosion\": 0.9764726161956787,\n        \"Erythema\": 0.9930062294006348,\n        \"Foreign Body\": 0.9985767006874084,\n        \"Lymphangiectasia\": 0.9985178112983704,\n        \"Normal\": 0.990058183670044,\n        \"Polyp\": 0.993921160697937,\n        \"Ulcer\": 0.9996574521064758,\n        \"Worms\": 0.9999692440032959\n    },\n    \"mean_auc\": 0.9942587018013,\n    \"average_precision_scores\": {\n        \"Angioectasia\": 0.9651192426681519,\n        \"Bleeding\": 0.9823974370956421,\n        \"Erosion\": 0.8580688238143921,\n        \"Erythema\": 0.9402503967285156,\n        \"Foreign Body\": 0.9904505014419556,\n        \"Lymphangiectasia\": 0.9885998368263245,\n        \"Normal\": 0.9523141384124756,\n        \"Polyp\": 0.9559022784233093,\n        \"Ulcer\": 0.9980624914169312,\n        \"Worms\": 0.9997361898422241\n    },\n    \"mean_average_precision\": 0.9630901217460632,\n    \"mean_f1_score\": 0.9135088920593262,\n    \"mean_specificity\": 0.9903787970542908,\n    \"mean_sensitivity\": 0.9133850932121277,\n    \"balanced_accuracy\": 0.9133850932121277\n}",
    "test_metrics": "{\n    \"Angioectasia\": {\n        \"precision\": 0.543055534362793,\n        \"recall\": 0.786720335483551,\n        \"f1-score\": 0.6425637006759644,\n        \"specificity\": 0.97895747423172\n    },\n    \"Bleeding\": {\n        \"precision\": 0.7146226167678833,\n        \"recall\": 0.844011127948761,\n        \"f1-score\": 0.7739463448524475,\n        \"specificity\": 0.9923286437988281\n    },\n    \"Erosion\": {\n        \"precision\": 0.6137123703956604,\n        \"recall\": 0.6354978084564209,\n        \"f1-score\": 0.6244151592254639,\n        \"specificity\": 0.9691526889801025\n    },\n    \"Erythema\": {\n        \"precision\": 0.46192893385887146,\n        \"recall\": 0.6127946376800537,\n        \"f1-score\": 0.5267727971076965,\n        \"specificity\": 0.9866119623184204\n    },\n    \"Foreign Body\": {\n        \"precision\": 0.7279411554336548,\n        \"recall\": 0.8735294342041016,\n        \"f1-score\": 0.7941176295280457,\n        \"specificity\": 0.9929711222648621\n    },\n    \"Lymphangiectasia\": {\n        \"precision\": 0.6052104234695435,\n        \"recall\": 0.8804664611816406,\n        \"f1-score\": 0.7173396944999695,\n        \"specificity\": 0.9875229597091675\n    },\n    \"Normal\": {\n        \"precision\": 0.9876554012298584,\n        \"recall\": 0.9116138815879822,\n        \"f1-score\": 0.948112428188324,\n        \"specificity\": 0.963589072227478\n    },\n    \"Polyp\": {\n        \"precision\": 0.48399487137794495,\n        \"recall\": 0.7559999823570251,\n        \"f1-score\": 0.5901639461517334,\n        \"specificity\": 0.974219560623169\n    },\n    \"Ulcer\": {\n        \"precision\": 0.9349315166473389,\n        \"recall\": 0.9545454382896423,\n        \"f1-score\": 0.9446367025375366,\n        \"specificity\": 0.9988009333610535\n    },\n    \"Worms\": {\n        \"precision\": 0.8831169009208679,\n        \"recall\": 1.0,\n        \"f1-score\": 0.9379310607910156,\n        \"specificity\": 0.9994397163391113\n    },\n    \"macro avg\": {\n        \"precision\": 0.6956169605255127,\n        \"recall\": 0.8255179524421692,\n        \"f1-score\": 0.7499999403953552,\n        \"specificity\": 0.9843593835830688\n    },\n    \"accuracy\": 0.8758368492126465,\n    \"auc_roc_scores\": {\n        \"Angioectasia\": 0.9699844121932983,\n        \"Bleeding\": 0.989330530166626,\n        \"Erosion\": 0.9502010345458984,\n        \"Erythema\": 0.9679224491119385,\n        \"Foreign Body\": 0.9836546778678894,\n        \"Lymphangiectasia\": 0.9876232147216797,\n        \"Normal\": 0.9838628768920898,\n        \"Polyp\": 0.9760946035385132,\n        \"Ulcer\": 0.9994741678237915,\n        \"Worms\": 0.9999706745147705\n    },\n    \"mean_auc\": 0.9808118939399719,\n    \"average_precision_scores\": {\n        \"Angioectasia\": 0.7809019684791565,\n        \"Bleeding\": 0.865931510925293,\n        \"Erosion\": 0.6896680593490601,\n        \"Erythema\": 0.5399211049079895,\n        \"Foreign Body\": 0.8850564956665039,\n        \"Lymphangiectasia\": 0.872675895690918,\n        \"Normal\": 0.9949743747711182,\n        \"Polyp\": 0.679223895072937,\n        \"Ulcer\": 0.9807087182998657,\n        \"Worms\": 0.993424654006958\n    },\n    \"mean_average_precision\": 0.8282486796379089,\n    \"mean_f1_score\": 0.7499999403953552,\n    \"mean_specificity\": 0.9843593835830688,\n    \"mean_sensitivity\": 0.8255179524421692,\n    \"balanced_accuracy\": 0.8255179524421692\n}"
}