{
    "epoch": 11,
    "train_metrics": "{\n    \"Angioectasia\": {\n        \"precision\": 0.9221243858337402,\n        \"recall\": 0.9091155529022217,\n        \"f1-score\": 0.91557377576828,\n        \"specificity\": 0.9916570782661438\n    },\n    \"Bleeding\": {\n        \"precision\": 0.9396060109138489,\n        \"recall\": 0.9449948072433472,\n        \"f1-score\": 0.9422926902770996,\n        \"specificity\": 0.9931005835533142\n    },\n    \"Erosion\": {\n        \"precision\": 0.7975217700004578,\n        \"recall\": 0.7962621450424194,\n        \"f1-score\": 0.796891450881958,\n        \"specificity\": 0.9772834777832031\n    },\n    \"Erythema\": {\n        \"precision\": 0.8841102123260498,\n        \"recall\": 0.8965787291526794,\n        \"f1-score\": 0.8903008103370667,\n        \"specificity\": 0.9866777062416077\n    },\n    \"Foreign Body\": {\n        \"precision\": 0.9568554759025574,\n        \"recall\": 0.9578696489334106,\n        \"f1-score\": 0.9573622941970825,\n        \"specificity\": 0.99518221616745\n    },\n    \"Lymphangiectasia\": {\n        \"precision\": 0.9607843160629272,\n        \"recall\": 0.9566160440444946,\n        \"f1-score\": 0.958695650100708,\n        \"specificity\": 0.995754599571228\n    },\n    \"Normal\": {\n        \"precision\": 0.9161841869354248,\n        \"recall\": 0.8935197591781616,\n        \"f1-score\": 0.904710054397583,\n        \"specificity\": 0.9910292625427246\n    },\n    \"Polyp\": {\n        \"precision\": 0.8867147564888,\n        \"recall\": 0.9087071418762207,\n        \"f1-score\": 0.8975762128829956,\n        \"specificity\": 0.9869887828826904\n    },\n    \"Ulcer\": {\n        \"precision\": 0.9905174970626831,\n        \"recall\": 0.988909900188446,\n        \"f1-score\": 0.9897130727767944,\n        \"specificity\": 0.9989678263664246\n    },\n    \"Worms\": {\n        \"precision\": 0.9955109357833862,\n        \"recall\": 0.9949854612350464,\n        \"f1-score\": 0.9952481389045715,\n        \"specificity\": 0.9994972944259644\n    },\n    \"macro avg\": {\n        \"precision\": 0.9249929785728455,\n        \"recall\": 0.924755871295929,\n        \"f1-score\": 0.9248363375663757,\n        \"specificity\": 0.9916138648986816\n    },\n    \"accuracy\": 0.9245619177818298,\n    \"auc_roc_scores\": {\n        \"Angioectasia\": 0.9961404800415039,\n        \"Bleeding\": 0.9983552694320679,\n        \"Erosion\": 0.98215651512146,\n        \"Erythema\": 0.9951212406158447,\n        \"Foreign Body\": 0.9992001056671143,\n        \"Lymphangiectasia\": 0.9989076852798462,\n        \"Normal\": 0.9929201602935791,\n        \"Polyp\": 0.9950002431869507,\n        \"Ulcer\": 0.9999329447746277,\n        \"Worms\": 0.9999825358390808\n    },\n    \"mean_auc\": 0.9957718253135681,\n    \"average_precision_scores\": {\n        \"Angioectasia\": 0.9738932251930237,\n        \"Bleeding\": 0.9859946370124817,\n        \"Erosion\": 0.8882551789283752,\n        \"Erythema\": 0.9584496021270752,\n        \"Foreign Body\": 0.9931871891021729,\n        \"Lymphangiectasia\": 0.9920823574066162,\n        \"Normal\": 0.9635182619094849,\n        \"Polyp\": 0.9631316661834717,\n        \"Ulcer\": 0.9994221925735474,\n        \"Worms\": 0.9998428821563721\n    },\n    \"mean_average_precision\": 0.9717777371406555,\n    \"mean_f1_score\": 0.9248363375663757,\n    \"mean_specificity\": 0.9916138648986816,\n    \"mean_sensitivity\": 0.924755871295929,\n    \"balanced_accuracy\": 0.924755871295929\n}",
    "test_metrics": "{\n    \"Angioectasia\": {\n        \"precision\": 0.5791855454444885,\n        \"recall\": 0.772635817527771,\n        \"f1-score\": 0.6620689630508423,\n        \"specificity\": 0.982155442237854\n    },\n    \"Bleeding\": {\n        \"precision\": 0.7615384459495544,\n        \"recall\": 0.8272980451583862,\n        \"f1-score\": 0.793057382106781,\n        \"specificity\": 0.9941038489341736\n    },\n    \"Erosion\": {\n        \"precision\": 0.5919540524482727,\n        \"recall\": 0.7134199142456055,\n        \"f1-score\": 0.6470357179641724,\n        \"specificity\": 0.9620751738548279\n    },\n    \"Erythema\": {\n        \"precision\": 0.4521963894367218,\n        \"recall\": 0.5892255902290344,\n        \"f1-score\": 0.511695921421051,\n        \"specificity\": 0.9866119623184204\n    },\n    \"Foreign Body\": {\n        \"precision\": 0.7338129281997681,\n        \"recall\": 0.8999999761581421,\n        \"f1-score\": 0.8084544539451599,\n        \"specificity\": 0.9929711222648621\n    },\n    \"Lymphangiectasia\": {\n        \"precision\": 0.7068557739257812,\n        \"recall\": 0.8717201352119446,\n        \"f1-score\": 0.7806788682937622,\n        \"specificity\": 0.9921464323997498\n    },\n    \"Normal\": {\n        \"precision\": 0.9880610108375549,\n        \"recall\": 0.9227638840675354,\n        \"f1-score\": 0.9542967677116394,\n        \"specificity\": 0.9643692970275879\n    },\n    \"Polyp\": {\n        \"precision\": 0.5529801249504089,\n        \"recall\": 0.6679999828338623,\n        \"f1-score\": 0.6050724387168884,\n        \"specificity\": 0.9827277660369873\n    },\n    \"Ulcer\": {\n        \"precision\": 0.905537486076355,\n        \"recall\": 0.9720279574394226,\n        \"f1-score\": 0.9376053810119629,\n        \"specificity\": 0.9981698989868164\n    },\n    \"Worms\": {\n        \"precision\": 0.9054054021835327,\n        \"recall\": 0.9852941036224365,\n        \"f1-score\": 0.9436619877815247,\n        \"specificity\": 0.9995642304420471\n    },\n    \"macro avg\": {\n        \"precision\": 0.7177527546882629,\n        \"recall\": 0.822238564491272,\n        \"f1-score\": 0.7643628120422363,\n        \"specificity\": 0.9854894876480103\n    },\n    \"accuracy\": 0.88656085729599,\n    \"auc_roc_scores\": {\n        \"Angioectasia\": 0.975298285484314,\n        \"Bleeding\": 0.9902031421661377,\n        \"Erosion\": 0.9578156471252441,\n        \"Erythema\": 0.966286838054657,\n        \"Foreign Body\": 0.990667998790741,\n        \"Lymphangiectasia\": 0.9886731505393982,\n        \"Normal\": 0.9865435361862183,\n        \"Polyp\": 0.9760597944259644,\n        \"Ulcer\": 0.9972398281097412,\n        \"Worms\": 0.999967098236084\n    },\n    \"mean_auc\": 0.982875645160675,\n    \"average_precision_scores\": {\n        \"Angioectasia\": 0.7948192954063416,\n        \"Bleeding\": 0.8599120378494263,\n        \"Erosion\": 0.7122260332107544,\n        \"Erythema\": 0.5480194091796875,\n        \"Foreign Body\": 0.9091334342956543,\n        \"Lymphangiectasia\": 0.8787789344787598,\n        \"Normal\": 0.9958239793777466,\n        \"Polyp\": 0.6632564067840576,\n        \"Ulcer\": 0.981410026550293,\n        \"Worms\": 0.9930834770202637\n    },\n    \"mean_average_precision\": 0.833646297454834,\n    \"mean_f1_score\": 0.7643628120422363,\n    \"mean_specificity\": 0.9854894876480103,\n    \"mean_sensitivity\": 0.822238564491272,\n    \"balanced_accuracy\": 0.822238564491272\n}"
}