{
    "epoch": 7,
    "train_metrics": "{\n    \"Angioectasia\": {\n        \"precision\": 0.8789286613464355,\n        \"recall\": 0.8571428656578064,\n        \"f1-score\": 0.8678990602493286,\n        \"specificity\": 0.9869147539138794\n    },\n    \"Bleeding\": {\n        \"precision\": 0.9210863709449768,\n        \"recall\": 0.9306238889694214,\n        \"f1-score\": 0.9258305430412292,\n        \"specificity\": 0.9908724427223206\n    },\n    \"Erosion\": {\n        \"precision\": 0.7281870245933533,\n        \"recall\": 0.7178456783294678,\n        \"f1-score\": 0.7229793667793274,\n        \"specificity\": 0.9704797267913818\n    },\n    \"Erythema\": {\n        \"precision\": 0.8300996422767639,\n        \"recall\": 0.8440415859222412,\n        \"f1-score\": 0.837012529373169,\n        \"specificity\": 0.9808601140975952\n    },\n    \"Foreign Body\": {\n        \"precision\": 0.9403186440467834,\n        \"recall\": 0.9436314105987549,\n        \"f1-score\": 0.9419721364974976,\n        \"specificity\": 0.9934840798377991\n    },\n    \"Lymphangiectasia\": {\n        \"precision\": 0.9447004795074463,\n        \"recall\": 0.9413265585899353,\n        \"f1-score\": 0.9430104494094849,\n        \"specificity\": 0.9935880303382874\n    },\n    \"Normal\": {\n        \"precision\": 0.8940156698226929,\n        \"recall\": 0.8706427216529846,\n        \"f1-score\": 0.8821743726730347,\n        \"specificity\": 0.9888315796852112\n    },\n    \"Polyp\": {\n        \"precision\": 0.8268733620643616,\n        \"recall\": 0.856531023979187,\n        \"f1-score\": 0.8414409756660461,\n        \"specificity\": 0.9802190661430359\n    },\n    \"Ulcer\": {\n        \"precision\": 0.9826270341873169,\n        \"recall\": 0.9831445813179016,\n        \"f1-score\": 0.9828857183456421,\n        \"specificity\": 0.9980478882789612\n    },\n    \"Worms\": {\n        \"precision\": 0.9916170835494995,\n        \"recall\": 0.9926908612251282,\n        \"f1-score\": 0.9921537041664124,\n        \"specificity\": 0.9990859031677246\n    },\n    \"macro avg\": {\n        \"precision\": 0.8938453793525696,\n        \"recall\": 0.8937621116638184,\n        \"f1-score\": 0.8937358856201172,\n        \"specificity\": 0.9882383346557617\n    },\n    \"accuracy\": 0.8941154479980469,\n    \"auc_roc_scores\": {\n        \"Angioectasia\": 0.9913403987884521,\n        \"Bleeding\": 0.9973232746124268,\n        \"Erosion\": 0.968384861946106,\n        \"Erythema\": 0.9897001385688782,\n        \"Foreign Body\": 0.9980835914611816,\n        \"Lymphangiectasia\": 0.9979695677757263,\n        \"Normal\": 0.9889181852340698,\n        \"Polyp\": 0.9894779920578003,\n        \"Ulcer\": 0.9998243451118469,\n        \"Worms\": 0.9999738931655884\n    },\n    \"mean_auc\": 0.9920997023582458,\n    \"average_precision_scores\": {\n        \"Angioectasia\": 0.9475093483924866,\n        \"Bleeding\": 0.9800636768341064,\n        \"Erosion\": 0.8122341632843018,\n        \"Erythema\": 0.9171756505966187,\n        \"Foreign Body\": 0.9861419200897217,\n        \"Lymphangiectasia\": 0.9863551259040833,\n        \"Normal\": 0.9455071687698364,\n        \"Polyp\": 0.9263695478439331,\n        \"Ulcer\": 0.9984386563301086,\n        \"Worms\": 0.9997641444206238\n    },\n    \"mean_average_precision\": 0.949955940246582,\n    \"mean_f1_score\": 0.8937358856201172,\n    \"mean_specificity\": 0.9882383346557617,\n    \"mean_sensitivity\": 0.8937621116638184,\n    \"balanced_accuracy\": 0.8937621116638184\n}",
    "test_metrics": "{\n    \"Angioectasia\": {\n        \"precision\": 0.5668202638626099,\n        \"recall\": 0.7424547076225281,\n        \"f1-score\": 0.6428571343421936,\n        \"specificity\": 0.9819635152816772\n    },\n    \"Bleeding\": {\n        \"precision\": 0.649789035320282,\n        \"recall\": 0.8579387068748474,\n        \"f1-score\": 0.7394958138465881,\n        \"specificity\": 0.989475667476654\n    },\n    \"Erosion\": {\n        \"precision\": 0.5640220046043396,\n        \"recall\": 0.6216450333595276,\n        \"f1-score\": 0.5914332866668701,\n        \"specificity\": 0.9629431962966919\n    },\n    \"Erythema\": {\n        \"precision\": 0.3356282413005829,\n        \"recall\": 0.6565656661987305,\n        \"f1-score\": 0.4441913366317749,\n        \"specificity\": 0.975623607635498\n    },\n    \"Foreign Body\": {\n        \"precision\": 0.7356608510017395,\n        \"recall\": 0.8676470518112183,\n        \"f1-score\": 0.7962213158607483,\n        \"specificity\": 0.9932877421379089\n    },\n    \"Lymphangiectasia\": {\n        \"precision\": 0.6734234094619751,\n        \"recall\": 0.8717201352119446,\n        \"f1-score\": 0.7598475217819214,\n        \"specificity\": 0.9908164143562317\n    },\n    \"Normal\": {\n        \"precision\": 0.9890158772468567,\n        \"recall\": 0.9013591408729553,\n        \"f1-score\": 0.9431552290916443,\n        \"specificity\": 0.968010425567627\n    },\n    \"Polyp\": {\n        \"precision\": 0.4750692546367645,\n        \"recall\": 0.6859999895095825,\n        \"f1-score\": 0.5613747835159302,\n        \"specificity\": 0.9757548570632935\n    },\n    \"Ulcer\": {\n        \"precision\": 0.8906752467155457,\n        \"recall\": 0.9685314893722534,\n        \"f1-score\": 0.927973210811615,\n        \"specificity\": 0.9978543519973755\n    },\n    \"Worms\": {\n        \"precision\": 0.8831169009208679,\n        \"recall\": 1.0,\n        \"f1-score\": 0.9379310607910156,\n        \"specificity\": 0.9994397163391113\n    },\n    \"macro avg\": {\n        \"precision\": 0.6763221025466919,\n        \"recall\": 0.817386269569397,\n        \"f1-score\": 0.7344480752944946,\n        \"specificity\": 0.9835168719291687\n    },\n    \"accuracy\": 0.8645549416542053,\n    \"auc_roc_scores\": {\n        \"Angioectasia\": 0.9709489345550537,\n        \"Bleeding\": 0.9893697500228882,\n        \"Erosion\": 0.9440008401870728,\n        \"Erythema\": 0.9623918533325195,\n        \"Foreign Body\": 0.9877189993858337,\n        \"Lymphangiectasia\": 0.989539384841919,\n        \"Normal\": 0.9834926128387451,\n        \"Polyp\": 0.9747257232666016,\n        \"Ulcer\": 0.9996299743652344,\n        \"Worms\": 0.9999935626983643\n    },\n    \"mean_auc\": 0.9801811575889587,\n    \"average_precision_scores\": {\n        \"Angioectasia\": 0.7785804271697998,\n        \"Bleeding\": 0.8542030453681946,\n        \"Erosion\": 0.6542268395423889,\n        \"Erythema\": 0.4757150709629059,\n        \"Foreign Body\": 0.8897722959518433,\n        \"Lymphangiectasia\": 0.8698602318763733,\n        \"Normal\": 0.9949407577514648,\n        \"Polyp\": 0.6583329439163208,\n        \"Ulcer\": 0.9780277013778687,\n        \"Worms\": 0.9985100626945496\n    },\n    \"mean_average_precision\": 0.8152169585227966,\n    \"mean_f1_score\": 0.7344480752944946,\n    \"mean_specificity\": 0.9835168719291687,\n    \"mean_sensitivity\": 0.817386269569397,\n    \"balanced_accuracy\": 0.817386269569397\n}"
}