{
    "epoch": 4,
    "train_metrics": "{\n    \"Angioectasia\": {\n        \"precision\": 0.8312447667121887,\n        \"recall\": 0.7994108200073242,\n        \"f1-score\": 0.81501704454422,\n        \"specificity\": 0.9821096658706665\n    },\n    \"Bleeding\": {\n        \"precision\": 0.8855734467506409,\n        \"recall\": 0.89228755235672,\n        \"f1-score\": 0.8889178037643433,\n        \"specificity\": 0.9869456887245178\n    },\n    \"Erosion\": {\n        \"precision\": 0.6150442361831665,\n        \"recall\": 0.6234828233718872,\n        \"f1-score\": 0.6192348003387451,\n        \"specificity\": 0.9562646150588989\n    },\n    \"Erythema\": {\n        \"precision\": 0.7444981336593628,\n        \"recall\": 0.7562704682350159,\n        \"f1-score\": 0.7503381371498108,\n        \"specificity\": 0.9719496965408325\n    },\n    \"Foreign Body\": {\n        \"precision\": 0.9234135746955872,\n        \"recall\": 0.9116932153701782,\n        \"f1-score\": 0.9175159931182861,\n        \"specificity\": 0.9917413592338562\n    },\n    \"Lymphangiectasia\": {\n        \"precision\": 0.9237918257713318,\n        \"recall\": 0.9083551168441772,\n        \"f1-score\": 0.9160084128379822,\n        \"specificity\": 0.991503119468689\n    },\n    \"Normal\": {\n        \"precision\": 0.8526848554611206,\n        \"recall\": 0.8212835192680359,\n        \"f1-score\": 0.8366896510124207,\n        \"specificity\": 0.9845491647720337\n    },\n    \"Polyp\": {\n        \"precision\": 0.7518888711929321,\n        \"recall\": 0.796129047870636,\n        \"f1-score\": 0.7733767628669739,\n        \"specificity\": 0.9698209166526794\n    },\n    \"Ulcer\": {\n        \"precision\": 0.9699490070343018,\n        \"recall\": 0.971513032913208,\n        \"f1-score\": 0.9707304239273071,\n        \"specificity\": 0.996694803237915\n    },\n    \"Worms\": {\n        \"precision\": 0.985733151435852,\n        \"recall\": 0.990180492401123,\n        \"f1-score\": 0.9879518151283264,\n        \"specificity\": 0.9984042048454285\n    },\n    \"macro avg\": {\n        \"precision\": 0.8483821749687195,\n        \"recall\": 0.8470606207847595,\n        \"f1-score\": 0.8475781679153442,\n        \"specificity\": 0.9829983115196228\n    },\n    \"accuracy\": 0.8470231890678406,\n    \"auc_roc_scores\": {\n        \"Angioectasia\": 0.9818524122238159,\n        \"Bleeding\": 0.9935727119445801,\n        \"Erosion\": 0.940985918045044,\n        \"Erythema\": 0.9757516384124756,\n        \"Foreign Body\": 0.9955680966377258,\n        \"Lymphangiectasia\": 0.9948856234550476,\n        \"Normal\": 0.9814960360527039,\n        \"Polyp\": 0.9791596531867981,\n        \"Ulcer\": 0.9991940259933472,\n        \"Worms\": 0.9998864531517029\n    },\n    \"mean_auc\": 0.9842352271080017,\n    \"average_precision_scores\": {\n        \"Angioectasia\": 0.9053385257720947,\n        \"Bleeding\": 0.9558573961257935,\n        \"Erosion\": 0.6934157609939575,\n        \"Erythema\": 0.8246477246284485,\n        \"Foreign Body\": 0.9717870950698853,\n        \"Lymphangiectasia\": 0.9702943563461304,\n        \"Normal\": 0.9114155173301697,\n        \"Polyp\": 0.8635488748550415,\n        \"Ulcer\": 0.9954162240028381,\n        \"Worms\": 0.9989585876464844\n    },\n    \"mean_average_precision\": 0.9090680480003357,\n    \"mean_f1_score\": 0.8475781679153442,\n    \"mean_specificity\": 0.9829983115196228,\n    \"mean_sensitivity\": 0.8470606207847595,\n    \"balanced_accuracy\": 0.8470606207847595\n}",
    "test_metrics": "{\n    \"Angioectasia\": {\n        \"precision\": 0.4920863211154938,\n        \"recall\": 0.6881287693977356,\n        \"f1-score\": 0.573825478553772,\n        \"specificity\": 0.9774224758148193\n    },\n    \"Bleeding\": {\n        \"precision\": 0.688524603843689,\n        \"recall\": 0.8189415335655212,\n        \"f1-score\": 0.7480915784835815,\n        \"specificity\": 0.991567850112915\n    },\n    \"Erosion\": {\n        \"precision\": 0.5416036248207092,\n        \"recall\": 0.6199133992195129,\n        \"f1-score\": 0.5781186819076538,\n        \"specificity\": 0.9595379829406738\n    },\n    \"Erythema\": {\n        \"precision\": 0.34824901819229126,\n        \"recall\": 0.6026936173439026,\n        \"f1-score\": 0.44143033027648926,\n        \"specificity\": 0.9788443446159363\n    },\n    \"Foreign Body\": {\n        \"precision\": 0.5775193572044373,\n        \"recall\": 0.8764705657958984,\n        \"f1-score\": 0.6962617039680481,\n        \"specificity\": 0.9861955642700195\n    },\n    \"Lymphangiectasia\": {\n        \"precision\": 0.6229507923126221,\n        \"recall\": 0.8862974047660828,\n        \"f1-score\": 0.7316486239433289,\n        \"specificity\": 0.9883463382720947\n    },\n    \"Normal\": {\n        \"precision\": 0.9839616417884827,\n        \"recall\": 0.8688044548034668,\n        \"f1-score\": 0.9228042960166931,\n        \"specificity\": 0.954746425151825\n    },\n    \"Polyp\": {\n        \"precision\": 0.3935135006904602,\n        \"recall\": 0.7279999852180481,\n        \"f1-score\": 0.5108771920204163,\n        \"specificity\": 0.9641121029853821\n    },\n    \"Ulcer\": {\n        \"precision\": 0.8473520278930664,\n        \"recall\": 0.9510489702224731,\n        \"f1-score\": 0.8962108492851257,\n        \"specificity\": 0.9969077110290527\n    },\n    \"Worms\": {\n        \"precision\": 0.8933333158493042,\n        \"recall\": 0.9852941036224365,\n        \"f1-score\": 0.9370629191398621,\n        \"specificity\": 0.9995020031929016\n    },\n    \"macro avg\": {\n        \"precision\": 0.6389093995094299,\n        \"recall\": 0.8025593161582947,\n        \"f1-score\": 0.703633189201355,\n        \"specificity\": 0.9797183275222778\n    },\n    \"accuracy\": 0.837527871131897,\n    \"auc_roc_scores\": {\n        \"Angioectasia\": 0.951542854309082,\n        \"Bleeding\": 0.9898405075073242,\n        \"Erosion\": 0.9418967962265015,\n        \"Erythema\": 0.9585504531860352,\n        \"Foreign Body\": 0.981961727142334,\n        \"Lymphangiectasia\": 0.9902356863021851,\n        \"Normal\": 0.974638819694519,\n        \"Polyp\": 0.9711543321609497,\n        \"Ulcer\": 0.9991665482521057,\n        \"Worms\": 0.9999880790710449\n    },\n    \"mean_auc\": 0.9758976101875305,\n    \"average_precision_scores\": {\n        \"Angioectasia\": 0.6782568693161011,\n        \"Bleeding\": 0.8381975889205933,\n        \"Erosion\": 0.6317145824432373,\n        \"Erythema\": 0.4630531370639801,\n        \"Foreign Body\": 0.8648304343223572,\n        \"Lymphangiectasia\": 0.871572732925415,\n        \"Normal\": 0.9919500350952148,\n        \"Polyp\": 0.6075668334960938,\n        \"Ulcer\": 0.9629001617431641,\n        \"Worms\": 0.9973374009132385\n    },\n    \"mean_average_precision\": 0.790738046169281,\n    \"mean_f1_score\": 0.703633189201355,\n    \"mean_specificity\": 0.9797183275222778,\n    \"mean_sensitivity\": 0.8025593161582947,\n    \"balanced_accuracy\": 0.8025593161582947\n}"
}