{
    "epoch": 12,
    "train_metrics": "{\n    \"Angioectasia\": {\n        \"precision\": 0.925125241279602,\n        \"recall\": 0.9190675616264343,\n        \"f1-score\": 0.9220864772796631,\n        \"specificity\": 0.9915949106216431\n    },\n    \"Bleeding\": {\n        \"precision\": 0.9392250776290894,\n        \"recall\": 0.9487935900688171,\n        \"f1-score\": 0.9439850449562073,\n        \"specificity\": 0.993240237236023\n    },\n    \"Erosion\": {\n        \"precision\": 0.8054635524749756,\n        \"recall\": 0.8014826774597168,\n        \"f1-score\": 0.8034682273864746,\n        \"specificity\": 0.9792433381080627\n    },\n    \"Erythema\": {\n        \"precision\": 0.8879402279853821,\n        \"recall\": 0.8977609872817993,\n        \"f1-score\": 0.8928236365318298,\n        \"specificity\": 0.9876106381416321\n    },\n    \"Foreign Body\": {\n        \"precision\": 0.9595879316329956,\n        \"recall\": 0.9580696225166321,\n        \"f1-score\": 0.9588282108306885,\n        \"specificity\": 0.9954753518104553\n    },\n    \"Lymphangiectasia\": {\n        \"precision\": 0.9558587670326233,\n        \"recall\": 0.954072117805481,\n        \"f1-score\": 0.9549645781517029,\n        \"specificity\": 0.995127260684967\n    },\n    \"Normal\": {\n        \"precision\": 0.9292299151420593,\n        \"recall\": 0.9039831161499023,\n        \"f1-score\": 0.9164326786994934,\n        \"specificity\": 0.9922817349433899\n    },\n    \"Polyp\": {\n        \"precision\": 0.8896053433418274,\n        \"recall\": 0.9078704714775085,\n        \"f1-score\": 0.8986451029777527,\n        \"specificity\": 0.9873402714729309\n    },\n    \"Ulcer\": {\n        \"precision\": 0.9905188083648682,\n        \"recall\": 0.988956093788147,\n        \"f1-score\": 0.9897368550300598,\n        \"specificity\": 0.9989350438117981\n    },\n    \"Worms\": {\n        \"precision\": 0.9952481389045715,\n        \"recall\": 0.9973545074462891,\n        \"f1-score\": 0.996300220489502,\n        \"specificity\": 0.9994679093360901\n    },\n    \"macro avg\": {\n        \"precision\": 0.9277803301811218,\n        \"recall\": 0.9277410507202148,\n        \"f1-score\": 0.9277271628379822,\n        \"specificity\": 0.9920316934585571\n    },\n    \"accuracy\": 0.928231418132782,\n    \"auc_roc_scores\": {\n        \"Angioectasia\": 0.9969385266304016,\n        \"Bleeding\": 0.9986591339111328,\n        \"Erosion\": 0.9833228588104248,\n        \"Erythema\": 0.9950742721557617,\n        \"Foreign Body\": 0.9988377094268799,\n        \"Lymphangiectasia\": 0.9987900853157043,\n        \"Normal\": 0.9937013387680054,\n        \"Polyp\": 0.9952296614646912,\n        \"Ulcer\": 0.9998059272766113,\n        \"Worms\": 0.9999909400939941\n    },\n    \"mean_auc\": 0.9960350394248962,\n    \"average_precision_scores\": {\n        \"Angioectasia\": 0.9790919423103333,\n        \"Bleeding\": 0.9884258508682251,\n        \"Erosion\": 0.8943253755569458,\n        \"Erythema\": 0.957089900970459,\n        \"Foreign Body\": 0.9928135871887207,\n        \"Lymphangiectasia\": 0.9914307594299316,\n        \"Normal\": 0.9676564335823059,\n        \"Polyp\": 0.9644711017608643,\n        \"Ulcer\": 0.9990594387054443,\n        \"Worms\": 0.9999191761016846\n    },\n    \"mean_average_precision\": 0.9734283685684204,\n    \"mean_f1_score\": 0.9277271628379822,\n    \"mean_specificity\": 0.9920316934585571,\n    \"mean_sensitivity\": 0.9277410507202148,\n    \"balanced_accuracy\": 0.9277410507202148\n}",
    "test_metrics": "{\n    \"Angioectasia\": {\n        \"precision\": 0.5558823347091675,\n        \"recall\": 0.7605633735656738,\n        \"f1-score\": 0.6423109769821167,\n        \"specificity\": 0.9806843400001526\n    },\n    \"Bleeding\": {\n        \"precision\": 0.7412060499191284,\n        \"recall\": 0.8217270374298096,\n        \"f1-score\": 0.7793923616409302,\n        \"specificity\": 0.9934698343276978\n    },\n    \"Erosion\": {\n        \"precision\": 0.6257166266441345,\n        \"recall\": 0.6614718437194824,\n        \"f1-score\": 0.6430976390838623,\n        \"specificity\": 0.9694865345954895\n    },\n    \"Erythema\": {\n        \"precision\": 0.42791762948036194,\n        \"recall\": 0.6296296119689941,\n        \"f1-score\": 0.5095368027687073,\n        \"specificity\": 0.9842121601104736\n    },\n    \"Foreign Body\": {\n        \"precision\": 0.801630437374115,\n        \"recall\": 0.8676470518112183,\n        \"f1-score\": 0.8333333134651184,\n        \"specificity\": 0.9953774213790894\n    },\n    \"Lymphangiectasia\": {\n        \"precision\": 0.621052622795105,\n        \"recall\": 0.8600583076477051,\n        \"f1-score\": 0.7212713956832886,\n        \"specificity\": 0.9885996580123901\n    },\n    \"Normal\": {\n        \"precision\": 0.9856438636779785,\n        \"recall\": 0.9275656938552856,\n        \"f1-score\": 0.9557232856750488,\n        \"specificity\": 0.9568270444869995\n    },\n    \"Polyp\": {\n        \"precision\": 0.5272436141967773,\n        \"recall\": 0.6579999923706055,\n        \"f1-score\": 0.5854092240333557,\n        \"specificity\": 0.981128454208374\n    },\n    \"Ulcer\": {\n        \"precision\": 0.9518900513648987,\n        \"recall\": 0.9685314893722534,\n        \"f1-score\": 0.9601386189460754,\n        \"specificity\": 0.9991164803504944\n    },\n    \"Worms\": {\n        \"precision\": 0.8799999952316284,\n        \"recall\": 0.970588207244873,\n        \"f1-score\": 0.9230769276618958,\n        \"specificity\": 0.9994397163391113\n    },\n    \"macro avg\": {\n        \"precision\": 0.7118183374404907,\n        \"recall\": 0.8125782012939453,\n        \"f1-score\": 0.7553290724754333,\n        \"specificity\": 0.9848341345787048\n    },\n    \"accuracy\": 0.8853830695152283,\n    \"auc_roc_scores\": {\n        \"Angioectasia\": 0.9723281264305115,\n        \"Bleeding\": 0.9859546422958374,\n        \"Erosion\": 0.953993558883667,\n        \"Erythema\": 0.9628843069076538,\n        \"Foreign Body\": 0.9909522533416748,\n        \"Lymphangiectasia\": 0.9855616092681885,\n        \"Normal\": 0.9865778684616089,\n        \"Polyp\": 0.9746395349502563,\n        \"Ulcer\": 0.9972963333129883,\n        \"Worms\": 0.9999442100524902\n    },\n    \"mean_auc\": 0.981013298034668,\n    \"average_precision_scores\": {\n        \"Angioectasia\": 0.7769917845726013,\n        \"Bleeding\": 0.8654822111129761,\n        \"Erosion\": 0.699840784072876,\n        \"Erythema\": 0.5452723503112793,\n        \"Foreign Body\": 0.9058811664581299,\n        \"Lymphangiectasia\": 0.8658277988433838,\n        \"Normal\": 0.9958187341690063,\n        \"Polyp\": 0.6554608941078186,\n        \"Ulcer\": 0.9797953963279724,\n        \"Worms\": 0.9905352592468262\n    },\n    \"mean_average_precision\": 0.8280906677246094,\n    \"mean_f1_score\": 0.7553290724754333,\n    \"mean_specificity\": 0.9848341345787048,\n    \"mean_sensitivity\": 0.8125782012939453,\n    \"balanced_accuracy\": 0.8125782012939453\n}"
}