{
    "epoch": 6,
    "train_metrics": "{\n    \"Angioectasia\": {\n        \"precision\": 0.8705152273178101,\n        \"recall\": 0.8550609350204468,\n        \"f1-score\": 0.8627188801765442,\n        \"specificity\": 0.9858126640319824\n    },\n    \"Bleeding\": {\n        \"precision\": 0.9077869057655334,\n        \"recall\": 0.9219563007354736,\n        \"f1-score\": 0.9148167371749878,\n        \"specificity\": 0.9893374443054199\n    },\n    \"Erosion\": {\n        \"precision\": 0.6978998184204102,\n        \"recall\": 0.695092499256134,\n        \"f1-score\": 0.6964933276176453,\n        \"specificity\": 0.9668811559677124\n    },\n    \"Erythema\": {\n        \"precision\": 0.8059778213500977,\n        \"recall\": 0.8235913515090942,\n        \"f1-score\": 0.8146893978118896,\n        \"specificity\": 0.9777278304100037\n    },\n    \"Foreign Body\": {\n        \"precision\": 0.9357237815856934,\n        \"recall\": 0.9302878379821777,\n        \"f1-score\": 0.9329978823661804,\n        \"specificity\": 0.9928444623947144\n    },\n    \"Lymphangiectasia\": {\n        \"precision\": 0.9374664425849915,\n        \"recall\": 0.927263081073761,\n        \"f1-score\": 0.9323368668556213,\n        \"specificity\": 0.9931146502494812\n    },\n    \"Normal\": {\n        \"precision\": 0.8896570801734924,\n        \"recall\": 0.8560404181480408,\n        \"f1-score\": 0.8725250959396362,\n        \"specificity\": 0.9882123470306396\n    },\n    \"Polyp\": {\n        \"precision\": 0.8141076564788818,\n        \"recall\": 0.8447991013526917,\n        \"f1-score\": 0.8291694521903992,\n        \"specificity\": 0.9793659448623657\n    },\n    \"Ulcer\": {\n        \"precision\": 0.98281329870224,\n        \"recall\": 0.9822938442230225,\n        \"f1-score\": 0.9825535416603088,\n        \"specificity\": 0.9980782270431519\n    },\n    \"Worms\": {\n        \"precision\": 0.9901096224784851,\n        \"recall\": 0.9924973249435425,\n        \"f1-score\": 0.9913020133972168,\n        \"specificity\": 0.998907744884491\n    },\n    \"macro avg\": {\n        \"precision\": 0.8832058310508728,\n        \"recall\": 0.8828883171081543,\n        \"f1-score\": 0.882960319519043,\n        \"specificity\": 0.9870283007621765\n    },\n    \"accuracy\": 0.883213222026825,\n    \"auc_roc_scores\": {\n        \"Angioectasia\": 0.9900981187820435,\n        \"Bleeding\": 0.9966667890548706,\n        \"Erosion\": 0.9617586135864258,\n        \"Erythema\": 0.9867678880691528,\n        \"Foreign Body\": 0.9969218969345093,\n        \"Lymphangiectasia\": 0.9963231086730957,\n        \"Normal\": 0.9856998920440674,\n        \"Polyp\": 0.9879076480865479,\n        \"Ulcer\": 0.9998022317886353,\n        \"Worms\": 0.999957799911499\n    },\n    \"mean_auc\": 0.9901904463768005,\n    \"average_precision_scores\": {\n        \"Angioectasia\": 0.9428081512451172,\n        \"Bleeding\": 0.9743409156799316,\n        \"Erosion\": 0.7813024520874023,\n        \"Erythema\": 0.8996647000312805,\n        \"Foreign Body\": 0.9804363250732422,\n        \"Lymphangiectasia\": 0.9781748056411743,\n        \"Normal\": 0.9358590245246887,\n        \"Polyp\": 0.9106024503707886,\n        \"Ulcer\": 0.9982776641845703,\n        \"Worms\": 0.9996278285980225\n    },\n    \"mean_average_precision\": 0.9401094317436218,\n    \"mean_f1_score\": 0.882960319519043,\n    \"mean_specificity\": 0.9870283007621765,\n    \"mean_sensitivity\": 0.8828883171081543,\n    \"balanced_accuracy\": 0.8828883171081543\n}",
    "test_metrics": "{\n    \"Angioectasia\": {\n        \"precision\": 0.6032786965370178,\n        \"recall\": 0.7404426336288452,\n        \"f1-score\": 0.6648600101470947,\n        \"specificity\": 0.9845219254493713\n    },\n    \"Bleeding\": {\n        \"precision\": 0.6896551847457886,\n        \"recall\": 0.835654616355896,\n        \"f1-score\": 0.755667507648468,\n        \"specificity\": 0.9914410710334778\n    },\n    \"Erosion\": {\n        \"precision\": 0.5201090574264526,\n        \"recall\": 0.6606060862541199,\n        \"f1-score\": 0.5819984674453735,\n        \"specificity\": 0.9529945850372314\n    },\n    \"Erythema\": {\n        \"precision\": 0.3684210479259491,\n        \"recall\": 0.6599326729774475,\n        \"f1-score\": 0.47285887598991394,\n        \"specificity\": 0.9787811636924744\n    },\n    \"Foreign Body\": {\n        \"precision\": 0.681922197341919,\n        \"recall\": 0.8764705657958984,\n        \"f1-score\": 0.7670527696609497,\n        \"specificity\": 0.9911980628967285\n    },\n    \"Lymphangiectasia\": {\n        \"precision\": 0.6379310488700867,\n        \"recall\": 0.8629737496376038,\n        \"f1-score\": 0.7335811853408813,\n        \"specificity\": 0.9893596768379211\n    },\n    \"Normal\": {\n        \"precision\": 0.9902806878089905,\n        \"recall\": 0.887279212474823,\n        \"f1-score\": 0.9359546899795532,\n        \"specificity\": 0.9721716642379761\n    },\n    \"Polyp\": {\n        \"precision\": 0.46073299646377563,\n        \"recall\": 0.7039999961853027,\n        \"f1-score\": 0.5569620132446289,\n        \"specificity\": 0.9736437797546387\n    },\n    \"Ulcer\": {\n        \"precision\": 0.826747715473175,\n        \"recall\": 0.9510489702224731,\n        \"f1-score\": 0.8845528364181519,\n        \"specificity\": 0.9964028596878052\n    },\n    \"Worms\": {\n        \"precision\": 0.7882353067398071,\n        \"recall\": 0.9852941036224365,\n        \"f1-score\": 0.8758170008659363,\n        \"specificity\": 0.9988794922828674\n    },\n    \"macro avg\": {\n        \"precision\": 0.6567314267158508,\n        \"recall\": 0.8163703083992004,\n        \"f1-score\": 0.7229305505752563,\n        \"specificity\": 0.9829393625259399\n    },\n    \"accuracy\": 0.8563104271888733,\n    \"auc_roc_scores\": {\n        \"Angioectasia\": 0.9676589965820312,\n        \"Bleeding\": 0.9877848625183105,\n        \"Erosion\": 0.9406512975692749,\n        \"Erythema\": 0.9653161764144897,\n        \"Foreign Body\": 0.9903557300567627,\n        \"Lymphangiectasia\": 0.9859205484390259,\n        \"Normal\": 0.9811441898345947,\n        \"Polyp\": 0.9728184938430786,\n        \"Ulcer\": 0.9991784691810608,\n        \"Worms\": 0.9999111294746399\n    },\n    \"mean_auc\": 0.9790740013122559,\n    \"average_precision_scores\": {\n        \"Angioectasia\": 0.776793897151947,\n        \"Bleeding\": 0.8486382365226746,\n        \"Erosion\": 0.6378614902496338,\n        \"Erythema\": 0.5458278656005859,\n        \"Foreign Body\": 0.8915247321128845,\n        \"Lymphangiectasia\": 0.8738343119621277,\n        \"Normal\": 0.9941520690917969,\n        \"Polyp\": 0.6278659701347351,\n        \"Ulcer\": 0.9644945859909058,\n        \"Worms\": 0.9842770099639893\n    },\n    \"mean_average_precision\": 0.8145270347595215,\n    \"mean_f1_score\": 0.7229305505752563,\n    \"mean_specificity\": 0.9829393625259399,\n    \"mean_sensitivity\": 0.8163703083992004,\n    \"balanced_accuracy\": 0.8163703083992004\n}"
}