{
    "epoch": 3,
    "train_metrics": "{\n    \"Angioectasia\": {\n        \"precision\": 0.8099599480628967,\n        \"recall\": 0.7601396441459656,\n        \"f1-score\": 0.7842593789100647,\n        \"specificity\": 0.98040372133255\n    },\n    \"Bleeding\": {\n        \"precision\": 0.8642324209213257,\n        \"recall\": 0.8678027391433716,\n        \"f1-score\": 0.8660138845443726,\n        \"specificity\": 0.9843481183052063\n    },\n    \"Erosion\": {\n        \"precision\": 0.5493748188018799,\n        \"recall\": 0.5647953748703003,\n        \"f1-score\": 0.5569784045219421,\n        \"specificity\": 0.9477437734603882\n    },\n    \"Erythema\": {\n        \"precision\": 0.6953186988830566,\n        \"recall\": 0.6999467611312866,\n        \"f1-score\": 0.6976250410079956,\n        \"specificity\": 0.9659684896469116\n    },\n    \"Foreign Body\": {\n        \"precision\": 0.9035850167274475,\n        \"recall\": 0.8893343806266785,\n        \"f1-score\": 0.8964030742645264,\n        \"specificity\": 0.9895175099372864\n    },\n    \"Lymphangiectasia\": {\n        \"precision\": 0.8995124697685242,\n        \"recall\": 0.8776426911354065,\n        \"f1-score\": 0.8884429931640625,\n        \"specificity\": 0.9890311360359192\n    },\n    \"Normal\": {\n        \"precision\": 0.8143826127052307,\n        \"recall\": 0.7937053442001343,\n        \"f1-score\": 0.8039110898971558,\n        \"specificity\": 0.9797788858413696\n    },\n    \"Polyp\": {\n        \"precision\": 0.7054590582847595,\n        \"recall\": 0.7599572539329529,\n        \"f1-score\": 0.731694757938385,\n        \"specificity\": 0.9649500846862793\n    },\n    \"Ulcer\": {\n        \"precision\": 0.9552602767944336,\n        \"recall\": 0.9575971961021423,\n        \"f1-score\": 0.9564273357391357,\n        \"specificity\": 0.9951367378234863\n    },\n    \"Worms\": {\n        \"precision\": 0.9762476682662964,\n        \"recall\": 0.9841269850730896,\n        \"f1-score\": 0.9801715016365051,\n        \"specificity\": 0.9973738789558411\n    },\n    \"macro avg\": {\n        \"precision\": 0.8173333406448364,\n        \"recall\": 0.8155048489570618,\n        \"f1-score\": 0.8161927461624146,\n        \"specificity\": 0.9794252514839172\n    },\n    \"accuracy\": 0.8149014711380005,\n    \"auc_roc_scores\": {\n        \"Angioectasia\": 0.9742028713226318,\n        \"Bleeding\": 0.9900326728820801,\n        \"Erosion\": 0.9227992296218872,\n        \"Erythema\": 0.9645950794219971,\n        \"Foreign Body\": 0.9933339357376099,\n        \"Lymphangiectasia\": 0.9916982054710388,\n        \"Normal\": 0.9733803868293762,\n        \"Polyp\": 0.9712597131729126,\n        \"Ulcer\": 0.9988311529159546,\n        \"Worms\": 0.9997590780258179\n    },\n    \"mean_auc\": 0.9779891967773438,\n    \"average_precision_scores\": {\n        \"Angioectasia\": 0.8751056790351868,\n        \"Bleeding\": 0.939581573009491,\n        \"Erosion\": 0.6070788502693176,\n        \"Erythema\": 0.7717304229736328,\n        \"Foreign Body\": 0.960984468460083,\n        \"Lymphangiectasia\": 0.9538123607635498,\n        \"Normal\": 0.8804261684417725,\n        \"Polyp\": 0.8107823729515076,\n        \"Ulcer\": 0.9919681549072266,\n        \"Worms\": 0.9979425072669983\n    },\n    \"mean_average_precision\": 0.8789412379264832,\n    \"mean_f1_score\": 0.8161927461624146,\n    \"mean_specificity\": 0.9794252514839172,\n    \"mean_sensitivity\": 0.8155048489570618,\n    \"balanced_accuracy\": 0.8155048489570618\n}",
    "test_metrics": "{\n    \"Angioectasia\": {\n        \"precision\": 0.43550294637680054,\n        \"recall\": 0.7404426336288452,\n        \"f1-score\": 0.5484351515769958,\n        \"specificity\": 0.9694915413856506\n    },\n    \"Bleeding\": {\n        \"precision\": 0.5185810923576355,\n        \"recall\": 0.8551532030105591,\n        \"f1-score\": 0.6456362009048462,\n        \"specificity\": 0.9819311499595642\n    },\n    \"Erosion\": {\n        \"precision\": 0.4871794879436493,\n        \"recall\": 0.5757575631141663,\n        \"f1-score\": 0.5277777910232544,\n        \"specificity\": 0.95326167345047\n    },\n    \"Erythema\": {\n        \"precision\": 0.25757575035095215,\n        \"recall\": 0.6868686676025391,\n        \"f1-score\": 0.3746556341648102,\n        \"specificity\": 0.9628670811653137\n    },\n    \"Foreign Body\": {\n        \"precision\": 0.5340501666069031,\n        \"recall\": 0.8764705657958984,\n        \"f1-score\": 0.6636971235275269,\n        \"specificity\": 0.9835359454154968\n    },\n    \"Lymphangiectasia\": {\n        \"precision\": 0.6490825414657593,\n        \"recall\": 0.8250728845596313,\n        \"f1-score\": 0.7265725135803223,\n        \"specificity\": 0.9903097152709961\n    },\n    \"Normal\": {\n        \"precision\": 0.9910696744918823,\n        \"recall\": 0.8219256401062012,\n        \"f1-score\": 0.8986074924468994,\n        \"specificity\": 0.9763329029083252\n    },\n    \"Polyp\": {\n        \"precision\": 0.3861047923564911,\n        \"recall\": 0.6779999732971191,\n        \"f1-score\": 0.4920174181461334,\n        \"specificity\": 0.9655194282531738\n    },\n    \"Ulcer\": {\n        \"precision\": 0.7150395512580872,\n        \"recall\": 0.9475524425506592,\n        \"f1-score\": 0.8150376081466675,\n        \"specificity\": 0.9931843876838684\n    },\n    \"Worms\": {\n        \"precision\": 0.6907216310501099,\n        \"recall\": 0.9852941036224365,\n        \"f1-score\": 0.8121212124824524,\n        \"specificity\": 0.9981324672698975\n    },\n    \"macro avg\": {\n        \"precision\": 0.5664907693862915,\n        \"recall\": 0.7992537617683411,\n        \"f1-score\": 0.6504558324813843,\n        \"specificity\": 0.9774566888809204\n    },\n    \"accuracy\": 0.7997148633003235,\n    \"auc_roc_scores\": {\n        \"Angioectasia\": 0.9466618895530701,\n        \"Bleeding\": 0.9861944913864136,\n        \"Erosion\": 0.916815996170044,\n        \"Erythema\": 0.9496269822120667,\n        \"Foreign Body\": 0.9836443662643433,\n        \"Lymphangiectasia\": 0.9811070561408997,\n        \"Normal\": 0.9727919101715088,\n        \"Polyp\": 0.9656602144241333,\n        \"Ulcer\": 0.9980162978172302,\n        \"Worms\": 0.9998883008956909\n    },\n    \"mean_auc\": 0.9700407385826111,\n    \"average_precision_scores\": {\n        \"Angioectasia\": 0.6884398460388184,\n        \"Bleeding\": 0.8109234571456909,\n        \"Erosion\": 0.5666989684104919,\n        \"Erythema\": 0.3866596817970276,\n        \"Foreign Body\": 0.8498072028160095,\n        \"Lymphangiectasia\": 0.8367185592651367,\n        \"Normal\": 0.9914103746414185,\n        \"Polyp\": 0.5807827115058899,\n        \"Ulcer\": 0.9490579962730408,\n        \"Worms\": 0.9768403768539429\n    },\n    \"mean_average_precision\": 0.7637339234352112,\n    \"mean_f1_score\": 0.6504558324813843,\n    \"mean_specificity\": 0.9774566888809204,\n    \"mean_sensitivity\": 0.7992537617683411,\n    \"balanced_accuracy\": 0.7992537617683411\n}"
}