{
    "epoch": 10,
    "train_metrics": "{\n    \"Angioectasia\": {\n        \"precision\": 0.9211215972900391,\n        \"recall\": 0.9129869937896729,\n        \"f1-score\": 0.917036235332489,\n        \"specificity\": 0.9910833239555359\n    },\n    \"Bleeding\": {\n        \"precision\": 0.9335591197013855,\n        \"recall\": 0.942398726940155,\n        \"f1-score\": 0.9379581212997437,\n        \"specificity\": 0.9924567341804504\n    },\n    \"Erosion\": {\n        \"precision\": 0.7937662601470947,\n        \"recall\": 0.7933540940284729,\n        \"f1-score\": 0.7935600876808167,\n        \"specificity\": 0.9764775633811951\n    },\n    \"Erythema\": {\n        \"precision\": 0.884324312210083,\n        \"recall\": 0.8915531039237976,\n        \"f1-score\": 0.8879240155220032,\n        \"specificity\": 0.9873883724212646\n    },\n    \"Foreign Body\": {\n        \"precision\": 0.9530617594718933,\n        \"recall\": 0.9492208361625671,\n        \"f1-score\": 0.9511374235153198,\n        \"specificity\": 0.9948650002479553\n    },\n    \"Lymphangiectasia\": {\n        \"precision\": 0.9569313526153564,\n        \"recall\": 0.9551316499710083,\n        \"f1-score\": 0.9560306668281555,\n        \"specificity\": 0.9952781200408936\n    },\n    \"Normal\": {\n        \"precision\": 0.9237862825393677,\n        \"recall\": 0.896079957485199,\n        \"f1-score\": 0.9097222089767456,\n        \"specificity\": 0.9916878938674927\n    },\n    \"Polyp\": {\n        \"precision\": 0.8756490349769592,\n        \"recall\": 0.897790789604187,\n        \"f1-score\": 0.8865816593170166,\n        \"specificity\": 0.9858493208885193\n    },\n    \"Ulcer\": {\n        \"precision\": 0.9865951538085938,\n        \"recall\": 0.9868597388267517,\n        \"f1-score\": 0.9867274165153503,\n        \"specificity\": 0.9985241293907166\n    },\n    \"Worms\": {\n        \"precision\": 0.993803858757019,\n        \"recall\": 0.9964883923530579,\n        \"f1-score\": 0.9951443076133728,\n        \"specificity\": 0.9993216395378113\n    },\n    \"macro avg\": {\n        \"precision\": 0.9222599267959595,\n        \"recall\": 0.9221864938735962,\n        \"f1-score\": 0.9221822619438171,\n        \"specificity\": 0.9912931323051453\n    },\n    \"accuracy\": 0.9216901063919067,\n    \"auc_roc_scores\": {\n        \"Angioectasia\": 0.9956197738647461,\n        \"Bleeding\": 0.9982869625091553,\n        \"Erosion\": 0.9791982769966125,\n        \"Erythema\": 0.9943864345550537,\n        \"Foreign Body\": 0.9988839626312256,\n        \"Lymphangiectasia\": 0.9988268613815308,\n        \"Normal\": 0.9925388097763062,\n        \"Polyp\": 0.9941612482070923,\n        \"Ulcer\": 0.9998708367347717,\n        \"Worms\": 0.9999852776527405\n    },\n    \"mean_auc\": 0.9951757788658142,\n    \"average_precision_scores\": {\n        \"Angioectasia\": 0.9728661775588989,\n        \"Bleeding\": 0.9856355786323547,\n        \"Erosion\": 0.8770242929458618,\n        \"Erythema\": 0.9528672099113464,\n        \"Foreign Body\": 0.9906295537948608,\n        \"Lymphangiectasia\": 0.9914544820785522,\n        \"Normal\": 0.9625517129898071,\n        \"Polyp\": 0.9556220769882202,\n        \"Ulcer\": 0.9989444017410278,\n        \"Worms\": 0.9998652935028076\n    },\n    \"mean_average_precision\": 0.9687461256980896,\n    \"mean_f1_score\": 0.9221822619438171,\n    \"mean_specificity\": 0.9912931323051453,\n    \"mean_sensitivity\": 0.9221864938735962,\n    \"balanced_accuracy\": 0.9221864938735962\n}",
    "test_metrics": "{\n    \"Angioectasia\": {\n        \"precision\": 0.5309972763061523,\n        \"recall\": 0.7927565574645996,\n        \"f1-score\": 0.6359967589378357,\n        \"specificity\": 0.9777422547340393\n    },\n    \"Bleeding\": {\n        \"precision\": 0.7046511769294739,\n        \"recall\": 0.844011127948761,\n        \"f1-score\": 0.7680608630180359,\n        \"specificity\": 0.9919482469558716\n    },\n    \"Erosion\": {\n        \"precision\": 0.5620490908622742,\n        \"recall\": 0.6744588613510132,\n        \"f1-score\": 0.6131444573402405,\n        \"specificity\": 0.9594711661338806\n    },\n    \"Erythema\": {\n        \"precision\": 0.4285714328289032,\n        \"recall\": 0.6363636255264282,\n        \"f1-score\": 0.5121951103210449,\n        \"specificity\": 0.9840858578681946\n    },\n    \"Foreign Body\": {\n        \"precision\": 0.7592592835426331,\n        \"recall\": 0.8441176414489746,\n        \"f1-score\": 0.7994428873062134,\n        \"specificity\": 0.9942376017570496\n    },\n    \"Lymphangiectasia\": {\n        \"precision\": 0.6892523169517517,\n        \"recall\": 0.8600583076477051,\n        \"f1-score\": 0.765239953994751,\n        \"specificity\": 0.9915764331817627\n    },\n    \"Normal\": {\n        \"precision\": 0.9887381196022034,\n        \"recall\": 0.9074631929397583,\n        \"f1-score\": 0.946358859539032,\n        \"specificity\": 0.9669700860977173\n    },\n    \"Polyp\": {\n        \"precision\": 0.5150150060653687,\n        \"recall\": 0.6859999895095825,\n        \"f1-score\": 0.588336169719696,\n        \"specificity\": 0.9793372750282288\n    },\n    \"Ulcer\": {\n        \"precision\": 0.8785942196846008,\n        \"recall\": 0.9615384340286255,\n        \"f1-score\": 0.918196976184845,\n        \"specificity\": 0.9976019263267517\n    },\n    \"Worms\": {\n        \"precision\": 0.9436619877815247,\n        \"recall\": 0.9852941036224365,\n        \"f1-score\": 0.9640287756919861,\n        \"specificity\": 0.9997509717941284\n    },\n    \"macro avg\": {\n        \"precision\": 0.7000790238380432,\n        \"recall\": 0.819206178188324,\n        \"f1-score\": 0.7511000633239746,\n        \"specificity\": 0.9842721819877625\n    },\n    \"accuracy\": 0.8729233741760254,\n    \"auc_roc_scores\": {\n        \"Angioectasia\": 0.9710123538970947,\n        \"Bleeding\": 0.9888696074485779,\n        \"Erosion\": 0.9438442587852478,\n        \"Erythema\": 0.9610607624053955,\n        \"Foreign Body\": 0.985231876373291,\n        \"Lymphangiectasia\": 0.9858062863349915,\n        \"Normal\": 0.9858369827270508,\n        \"Polyp\": 0.9704660773277283,\n        \"Ulcer\": 0.999345064163208,\n        \"Worms\": 0.9999734163284302\n    },\n    \"mean_auc\": 0.9791446924209595,\n    \"average_precision_scores\": {\n        \"Angioectasia\": 0.7793797850608826,\n        \"Bleeding\": 0.8617124557495117,\n        \"Erosion\": 0.6729031205177307,\n        \"Erythema\": 0.567591667175293,\n        \"Foreign Body\": 0.8858206272125244,\n        \"Lymphangiectasia\": 0.8654292821884155,\n        \"Normal\": 0.9956284761428833,\n        \"Polyp\": 0.6638460755348206,\n        \"Ulcer\": 0.9787887930870056,\n        \"Worms\": 0.9939395785331726\n    },\n    \"mean_average_precision\": 0.8265039324760437,\n    \"mean_f1_score\": 0.7511000633239746,\n    \"mean_specificity\": 0.9842721819877625,\n    \"mean_sensitivity\": 0.819206178188324,\n    \"balanced_accuracy\": 0.819206178188324\n}"
}