{
    "epoch": 5,
    "train_metrics": "{\n    \"Angioectasia\": {\n        \"precision\": 0.8645948767662048,\n        \"recall\": 0.8280627131462097,\n        \"f1-score\": 0.8459345698356628,\n        \"specificity\": 0.9855809211730957\n    },\n    \"Bleeding\": {\n        \"precision\": 0.9036175608634949,\n        \"recall\": 0.9128165245056152,\n        \"f1-score\": 0.9081937670707703,\n        \"specificity\": 0.98895663022995\n    },\n    \"Erosion\": {\n        \"precision\": 0.6534627079963684,\n        \"recall\": 0.6575379371643066,\n        \"f1-score\": 0.655493974685669,\n        \"specificity\": 0.9620861411094666\n    },\n    \"Erythema\": {\n        \"precision\": 0.787564754486084,\n        \"recall\": 0.803170382976532,\n        \"f1-score\": 0.7952910661697388,\n        \"specificity\": 0.9757554531097412\n    },\n    \"Foreign Body\": {\n        \"precision\": 0.9361759424209595,\n        \"recall\": 0.9252583980560303,\n        \"f1-score\": 0.9306851625442505,\n        \"specificity\": 0.9929656386375427\n    },\n    \"Lymphangiectasia\": {\n        \"precision\": 0.9275758266448975,\n        \"recall\": 0.9197831749916077,\n        \"f1-score\": 0.9236630797386169,\n        \"specificity\": 0.9921867847442627\n    },\n    \"Normal\": {\n        \"precision\": 0.8700626492500305,\n        \"recall\": 0.8501464128494263,\n        \"f1-score\": 0.8599892258644104,\n        \"specificity\": 0.9859084486961365\n    },\n    \"Polyp\": {\n        \"precision\": 0.7924816012382507,\n        \"recall\": 0.8286852836608887,\n        \"f1-score\": 0.8101791739463806,\n        \"specificity\": 0.9758583903312683\n    },\n    \"Ulcer\": {\n        \"precision\": 0.9742187261581421,\n        \"recall\": 0.9777835607528687,\n        \"f1-score\": 0.9759979248046875,\n        \"specificity\": 0.9970693588256836\n    },\n    \"Worms\": {\n        \"precision\": 0.9922168254852295,\n        \"recall\": 0.9914186000823975,\n        \"f1-score\": 0.9918175935745239,\n        \"specificity\": 0.9991439580917358\n    },\n    \"macro avg\": {\n        \"precision\": 0.8701971173286438,\n        \"recall\": 0.8694663047790527,\n        \"f1-score\": 0.8697245717048645,\n        \"specificity\": 0.9855511784553528\n    },\n    \"accuracy\": 0.8699178099632263,\n    \"auc_roc_scores\": {\n        \"Angioectasia\": 0.9869544506072998,\n        \"Bleeding\": 0.9951170682907104,\n        \"Erosion\": 0.9526368379592896,\n        \"Erythema\": 0.9825294613838196,\n        \"Foreign Body\": 0.9969466328620911,\n        \"Lymphangiectasia\": 0.9960080981254578,\n        \"Normal\": 0.9855707287788391,\n        \"Polyp\": 0.9842864274978638,\n        \"Ulcer\": 0.9995249509811401,\n        \"Worms\": 0.999932050704956\n    },\n    \"mean_auc\": 0.9879507422447205,\n    \"average_precision_scores\": {\n        \"Angioectasia\": 0.9262497425079346,\n        \"Bleeding\": 0.9662258625030518,\n        \"Erosion\": 0.7364372611045837,\n        \"Erythema\": 0.8717175126075745,\n        \"Foreign Body\": 0.9804956912994385,\n        \"Lymphangiectasia\": 0.975558876991272,\n        \"Normal\": 0.9285582304000854,\n        \"Polyp\": 0.8905131220817566,\n        \"Ulcer\": 0.99673992395401,\n        \"Worms\": 0.9993802309036255\n    },\n    \"mean_average_precision\": 0.9271876215934753,\n    \"mean_f1_score\": 0.8697245717048645,\n    \"mean_specificity\": 0.9855511784553528,\n    \"mean_sensitivity\": 0.8694663047790527,\n    \"balanced_accuracy\": 0.8694663047790527\n}",
    "test_metrics": "{\n    \"Angioectasia\": {\n        \"precision\": 0.45496535301208496,\n        \"recall\": 0.7927565574645996,\n        \"f1-score\": 0.5781364440917969,\n        \"specificity\": 0.9698113203048706\n    },\n    \"Bleeding\": {\n        \"precision\": 0.647311806678772,\n        \"recall\": 0.8384401202201843,\n        \"f1-score\": 0.7305825352668762,\n        \"specificity\": 0.9896025061607361\n    },\n    \"Erosion\": {\n        \"precision\": 0.6129971146583557,\n        \"recall\": 0.5471861362457275,\n        \"f1-score\": 0.5782250761985779,\n        \"specificity\": 0.9733591675758362\n    },\n    \"Erythema\": {\n        \"precision\": 0.3870967626571655,\n        \"recall\": 0.6464646458625793,\n        \"f1-score\": 0.48423707485198975,\n        \"specificity\": 0.9808019995689392\n    },\n    \"Foreign Body\": {\n        \"precision\": 0.7215496301651001,\n        \"recall\": 0.8764705657958984,\n        \"f1-score\": 0.7915006875991821,\n        \"specificity\": 0.9927178025245667\n    },\n    \"Lymphangiectasia\": {\n        \"precision\": 0.6745283007621765,\n        \"recall\": 0.8338192701339722,\n        \"f1-score\": 0.7457627058029175,\n        \"specificity\": 0.991259753704071\n    },\n    \"Normal\": {\n        \"precision\": 0.9841340184211731,\n        \"recall\": 0.9036380052566528,\n        \"f1-score\": 0.9421697854995728,\n        \"specificity\": 0.9534460306167603\n    },\n    \"Polyp\": {\n        \"precision\": 0.4458930790424347,\n        \"recall\": 0.6840000152587891,\n        \"f1-score\": 0.5398579239845276,\n        \"specificity\": 0.9728121757507324\n    },\n    \"Ulcer\": {\n        \"precision\": 0.9189189076423645,\n        \"recall\": 0.9510489702224731,\n        \"f1-score\": 0.9347078800201416,\n        \"specificity\": 0.9984854459762573\n    },\n    \"Worms\": {\n        \"precision\": 0.739130437374115,\n        \"recall\": 1.0,\n        \"f1-score\": 0.8500000238418579,\n        \"specificity\": 0.9985059499740601\n    },\n    \"macro avg\": {\n        \"precision\": 0.6586525440216064,\n        \"recall\": 0.8073824048042297,\n        \"f1-score\": 0.7175180315971375,\n        \"specificity\": 0.9820802807807922\n    },\n    \"accuracy\": 0.8608976006507874,\n    \"auc_roc_scores\": {\n        \"Angioectasia\": 0.9674134254455566,\n        \"Bleeding\": 0.9898087382316589,\n        \"Erosion\": 0.946184515953064,\n        \"Erythema\": 0.9647347927093506,\n        \"Foreign Body\": 0.9855345487594604,\n        \"Lymphangiectasia\": 0.9871675968170166,\n        \"Normal\": 0.9799209237098694,\n        \"Polyp\": 0.9688265323638916,\n        \"Ulcer\": 0.9996436238288879,\n        \"Worms\": 0.9999752640724182\n    },\n    \"mean_auc\": 0.9789209365844727,\n    \"average_precision_scores\": {\n        \"Angioectasia\": 0.762110710144043,\n        \"Bleeding\": 0.8510117530822754,\n        \"Erosion\": 0.6573021411895752,\n        \"Erythema\": 0.5088039636611938,\n        \"Foreign Body\": 0.8906066417694092,\n        \"Lymphangiectasia\": 0.861054539680481,\n        \"Normal\": 0.9937777519226074,\n        \"Polyp\": 0.604676365852356,\n        \"Ulcer\": 0.9804392457008362,\n        \"Worms\": 0.9942170977592468\n    },\n    \"mean_average_precision\": 0.8104000091552734,\n    \"mean_f1_score\": 0.7175180315971375,\n    \"mean_specificity\": 0.9820802807807922,\n    \"mean_sensitivity\": 0.8073824048042297,\n    \"balanced_accuracy\": 0.8073824048042297\n}"
}