{
    "epoch": 13,
    "train_metrics": "{\n    \"Angioectasia\": {\n        \"precision\": 0.9320987462997437,\n        \"recall\": 0.9241617918014526,\n        \"f1-score\": 0.9281132817268372,\n        \"specificity\": 0.9925256371498108\n    },\n    \"Bleeding\": {\n        \"precision\": 0.9479708671569824,\n        \"recall\": 0.9579390287399292,\n        \"f1-score\": 0.9529288411140442,\n        \"specificity\": 0.9940833449363708\n    },\n    \"Erosion\": {\n        \"precision\": 0.8297644257545471,\n        \"recall\": 0.8194554448127747,\n        \"f1-score\": 0.8245777487754822,\n        \"specificity\": 0.9811967611312866\n    },\n    \"Erythema\": {\n        \"precision\": 0.8931456804275513,\n        \"recall\": 0.9097424745559692,\n        \"f1-score\": 0.901367723941803,\n        \"specificity\": 0.9878841638565063\n    },\n    \"Foreign Body\": {\n        \"precision\": 0.9657405018806458,\n        \"recall\": 0.9592711925506592,\n        \"f1-score\": 0.962494969367981,\n        \"specificity\": 0.9962509274482727\n    },\n    \"Lymphangiectasia\": {\n        \"precision\": 0.9605055451393127,\n        \"recall\": 0.9610115885734558,\n        \"f1-score\": 0.9607585072517395,\n        \"specificity\": 0.9955635666847229\n    },\n    \"Normal\": {\n        \"precision\": 0.9277302026748657,\n        \"recall\": 0.9152363538742065,\n        \"f1-score\": 0.9214408993721008,\n        \"specificity\": 0.9920165538787842\n    },\n    \"Polyp\": {\n        \"precision\": 0.9031224846839905,\n        \"recall\": 0.9148418307304382,\n        \"f1-score\": 0.9089444279670715,\n        \"specificity\": 0.9892945885658264\n    },\n    \"Ulcer\": {\n        \"precision\": 0.992299497127533,\n        \"recall\": 0.9915096759796143,\n        \"f1-score\": 0.9919044375419617,\n        \"specificity\": 0.9991430044174194\n    },\n    \"Worms\": {\n        \"precision\": 0.9967654943466187,\n        \"recall\": 0.9962284564971924,\n        \"f1-score\": 0.9964969158172607,\n        \"specificity\": 0.9996459484100342\n    },\n    \"macro avg\": {\n        \"precision\": 0.9349144101142883,\n        \"recall\": 0.9349398016929626,\n        \"f1-score\": 0.9349027872085571,\n        \"specificity\": 0.9927604794502258\n    },\n    \"accuracy\": 0.9348525404930115,\n    \"auc_roc_scores\": {\n        \"Angioectasia\": 0.9971840381622314,\n        \"Bleeding\": 0.9989491701126099,\n        \"Erosion\": 0.9857436418533325,\n        \"Erythema\": 0.9959205985069275,\n        \"Foreign Body\": 0.9990488886833191,\n        \"Lymphangiectasia\": 0.9992151260375977,\n        \"Normal\": 0.9947289228439331,\n        \"Polyp\": 0.9961721897125244,\n        \"Ulcer\": 0.9999414086341858,\n        \"Worms\": 0.9999951124191284\n    },\n    \"mean_auc\": 0.9966899156570435,\n    \"average_precision_scores\": {\n        \"Angioectasia\": 0.9801103472709656,\n        \"Bleeding\": 0.9914548397064209,\n        \"Erosion\": 0.9107335805892944,\n        \"Erythema\": 0.9644774794578552,\n        \"Foreign Body\": 0.9930813908576965,\n        \"Lymphangiectasia\": 0.9940623044967651,\n        \"Normal\": 0.9719018340110779,\n        \"Polyp\": 0.9699074029922485,\n        \"Ulcer\": 0.9994774460792542,\n        \"Worms\": 0.9999567270278931\n    },\n    \"mean_average_precision\": 0.9775163531303406,\n    \"mean_f1_score\": 0.9349027872085571,\n    \"mean_specificity\": 0.9927604794502258,\n    \"mean_sensitivity\": 0.9349398016929626,\n    \"balanced_accuracy\": 0.9349398016929626\n}",
    "test_metrics": "{\n    \"Angioectasia\": {\n        \"precision\": 0.577151358127594,\n        \"recall\": 0.7826961874961853,\n        \"f1-score\": 0.664389431476593,\n        \"specificity\": 0.9817716479301453\n    },\n    \"Bleeding\": {\n        \"precision\": 0.7369726896286011,\n        \"recall\": 0.8272980451583862,\n        \"f1-score\": 0.7795275449752808,\n        \"specificity\": 0.9932796359062195\n    },\n    \"Erosion\": {\n        \"precision\": 0.5570032596588135,\n        \"recall\": 0.7402597665786743,\n        \"f1-score\": 0.6356877088546753,\n        \"specificity\": 0.9545970559120178\n    },\n    \"Erythema\": {\n        \"precision\": 0.5072463750839233,\n        \"recall\": 0.5892255902290344,\n        \"f1-score\": 0.545171320438385,\n        \"specificity\": 0.9892643094062805\n    },\n    \"Foreign Body\": {\n        \"precision\": 0.7823834419250488,\n        \"recall\": 0.8882352709770203,\n        \"f1-score\": 0.8319559097290039,\n        \"specificity\": 0.9946808218955994\n    },\n    \"Lymphangiectasia\": {\n        \"precision\": 0.7256857752799988,\n        \"recall\": 0.8483964800834656,\n        \"f1-score\": 0.7822580933570862,\n        \"specificity\": 0.9930331110954285\n    },\n    \"Normal\": {\n        \"precision\": 0.9908499121665955,\n        \"recall\": 0.916578471660614,\n        \"f1-score\": 0.9522681832313538,\n        \"specificity\": 0.9729518890380859\n    },\n    \"Polyp\": {\n        \"precision\": 0.5266362428665161,\n        \"recall\": 0.6919999718666077,\n        \"f1-score\": 0.5980985164642334,\n        \"specificity\": 0.980104923248291\n    },\n    \"Ulcer\": {\n        \"precision\": 0.938144326210022,\n        \"recall\": 0.9545454382896423,\n        \"f1-score\": 0.9462738037109375,\n        \"specificity\": 0.9988640546798706\n    },\n    \"Worms\": {\n        \"precision\": 0.9189189076423645,\n        \"recall\": 1.0,\n        \"f1-score\": 0.9577465057373047,\n        \"specificity\": 0.9996265172958374\n    },\n    \"macro avg\": {\n        \"precision\": 0.7260991930961609,\n        \"recall\": 0.8239235281944275,\n        \"f1-score\": 0.7693376541137695,\n        \"specificity\": 0.9858173727989197\n    },\n    \"accuracy\": 0.8838333487510681,\n    \"auc_roc_scores\": {\n        \"Angioectasia\": 0.9693511724472046,\n        \"Bleeding\": 0.9852584600448608,\n        \"Erosion\": 0.9512606859207153,\n        \"Erythema\": 0.9655070304870605,\n        \"Foreign Body\": 0.9902260303497314,\n        \"Lymphangiectasia\": 0.9890882968902588,\n        \"Normal\": 0.9873713254928589,\n        \"Polyp\": 0.9727516174316406,\n        \"Ulcer\": 0.9968905448913574,\n        \"Worms\": 0.9999844431877136\n    },\n    \"mean_auc\": 0.9807689785957336,\n    \"average_precision_scores\": {\n        \"Angioectasia\": 0.7818825244903564,\n        \"Bleeding\": 0.8597514033317566,\n        \"Erosion\": 0.7002818584442139,\n        \"Erythema\": 0.5471082925796509,\n        \"Foreign Body\": 0.9037613272666931,\n        \"Lymphangiectasia\": 0.8604480028152466,\n        \"Normal\": 0.9961129426956177,\n        \"Polyp\": 0.668472170829773,\n        \"Ulcer\": 0.9806338548660278,\n        \"Worms\": 0.9963964223861694\n    },\n    \"mean_average_precision\": 0.8294849395751953,\n    \"mean_f1_score\": 0.7693376541137695,\n    \"mean_specificity\": 0.9858173727989197,\n    \"mean_sensitivity\": 0.8239235281944275,\n    \"balanced_accuracy\": 0.8239235281944275\n}"
}